{
  "position_info": {
    "part": 11,
    "rank": 8,
    "global_position": 2344,
    "move_coordinate": "G2",
    "turn_number": 1,
    "npz_file": "76F9EC3EB6A76AA0.npz",
    "board_tensor_file": "pos_2344/board.npy",
    "sgf_file": "pos_2344/game.sgf"
  },
  "nmf_analysis": {
    "activation_strength": 0.1228654757142067,
    "rank_in_part": 8,
    "activation_in_other_parts": [
      0.061713531613349915,
      0.04754773899912834,
      0.0,
      0.0120514165610075,
      0.01690644584596157,
      0.03503570333123207,
      0.12036546319723129,
      0.010718796402215958,
      0.0,
      0.12116563320159912,
      0.0011346619576215744,
      0.1228654757142067,
      0.06729249656200409,
      0.012409952469170094,
      0.0,
      0.1620860993862152,
      0.004070440772920847,
      0.0003454341203905642,
      0.0006367170135490596,
      0.017342466861009598,
      0.0,
      0.08525022119283676,
      0.0,
      0.004352409392595291,
      0.14351147413253784,
      0.0009757856605574489,
      0.0,
      0.005114271305501461,
      0.22802704572677612,
      0.21216632425785065,
      0.05464332550764084,
      0.08569448441267014,
      0.04817868396639824,
      0.2500588297843933,
      0.19708645343780518,
      0.0,
      0.19787463545799255,
      0.07940381020307541,
      0.016982372850179672,
      0.07481912523508072,
      0.06624411791563034,
      0.12810643017292023,
      0.0,
      0.10807229578495026,
      0.15513747930526733,
      0.17432832717895508,
      0.00026402153889648616,
      0.20980215072631836,
      0.3786951005458832,
      0.1924833357334137
    ],
    "channel_activity": [
      49,
      7,
      11,
      0,
      3,
      4,
      0,
      0,
      0,
      1,
      1,
      1,
      1,
      1,
      2,
      1,
      4,
      0,
      0,
      0,
      0,
      0
    ],
    "top_active_channels": [
      [
        0,
        49
      ],
      [
        2,
        11
      ],
      [
        1,
        7
      ],
      [
        5,
        4
      ],
      [
        16,
        4
      ]
    ],
    "total_board_activity": 86
  },
  "go_pattern_analysis": {
    "move_type": "corner",
    "game_phase": "opening",
    "turn_number": 1,
    "policy_entropy": 0.2779894652011928,
    "policy_confidence": 0.9600725952813067,
    "top_policy_moves": [
      {
        "coord": "(1,6)",
        "percentage": 96.0,
        "count": 529
      },
      {
        "coord": "(1,5)",
        "percentage": 2.7,
        "count": 15
      },
      {
        "coord": "(3,6)",
        "percentage": 1.3,
        "count": 7
      }
    ],
    "total_policy_counts": 551
  },
  "part_comparison": {
    "uniqueness_score": 0.24496637284755707,
    "similar_positions": [
      1536,
      6524,
      623,
      6523,
      1729
    ],
    "part_rank": 8,
    "max_other_part_activation": 0.3786951005458832,
    "activation_percentile": 99.87884295017416
  }
}