{
  "position_info": {
    "part": 1,
    "rank": 9,
    "global_position": 6059,
    "move_coordinate": "C4",
    "turn_number": 4,
    "npz_file": "E3CD9898B9AFF870.npz",
    "board_tensor_file": "pos_6059/board.npy",
    "sgf_file": "pos_6059/game.sgf"
  },
  "nmf_analysis": {
    "activation_strength": 952.6425170898438,
    "rank_in_part": 9,
    "activation_in_other_parts": [
      567.154541015625,
      952.6425170898438,
      44.45132064819336,
      106.90564727783203,
      0.0,
      0.5723515748977661,
      0.0,
      0.0,
      0.027308300137519836,
      0.05555314943194389,
      0.0,
      0.17061689496040344,
      0.0,
      0.14869193732738495,
      0.0,
      0.011447526514530182,
      0.0,
      0.0,
      0.0,
      0.2037900984287262,
      0.0,
      0.0,
      0.0,
      0.0,
      0.00282963365316391
    ],
    "channel_activity": [
      49,
      1,
      1,
      0,
      0,
      2,
      0,
      0,
      0,
      1,
      1,
      0,
      0,
      0,
      0,
      0,
      0,
      0,
      0,
      0,
      0,
      0
    ],
    "top_active_channels": [
      [
        0,
        49
      ],
      [
        5,
        2
      ],
      [
        1,
        1
      ],
      [
        2,
        1
      ],
      [
        9,
        1
      ]
    ],
    "total_board_activity": 55
  },
  "go_pattern_analysis": {
    "move_type": "side",
    "game_phase": "opening",
    "turn_number": 4,
    "policy_entropy": -0.0,
    "policy_confidence": 1.0,
    "top_policy_moves": [
      {
        "coord": "(3,2)",
        "percentage": 100.0,
        "count": 99
      }
    ],
    "total_policy_counts": 99
  },
  "part_comparison": {
    "uniqueness_score": 0.6268221735954285,
    "similar_positions": [
      3841,
      1424,
      5462,
      5625,
      5626
    ],
    "part_rank": 9,
    "max_other_part_activation": 567.154541015625,
    "activation_percentile": 99.86369831894594
  }
}