{
  "position_info": {
    "part": 30,
    "rank": 11,
    "global_position": 2762,
    "move_coordinate": "E5",
    "turn_number": 1,
    "npz_file": "76F9EC3EB6A76AA0.npz",
    "board_tensor_file": "pos_2762/board.npy",
    "sgf_file": "pos_2762/game.sgf"
  },
  "nmf_analysis": {
    "activation_strength": 0.5506098866462708,
    "rank_in_component": 11,
    "activation_in_other_components": [
      0.15671977400779724,
      0.03772251680493355,
      0.0,
      0.02021290548145771,
      0.011624805629253387,
      0.023112641647458076,
      0.008847580291330814,
      0.022172775119543076,
      0.03747059777379036,
      0.005992289632558823,
      0.049540769308805466,
      0.002906479872763157,
      0.0,
      0.010768920183181763,
      0.02590118534862995,
      0.015204409137368202,
      0.005730181001126766,
      0.0003394446393940598,
      0.008775139227509499,
      0.014542960561811924,
      0.031631916761398315,
      0.0,
      0.028506861999630928,
      0.004650805611163378,
      0.0,
      0.0030118953436613083,
      0.007264852989464998,
      0.0,
      0.27662527561187744,
      0.05657413974404335,
      0.5506098866462708,
      0.10534709692001343,
      0.12744806706905365,
      0.0,
      0.0008489425526931882,
      0.024972818791866302,
      0.0,
      0.028204474598169327,
      0.1882743090391159,
      0.0,
      0.22314637899398804,
      0.23660437762737274,
      0.25444725155830383,
      0.013630269095301628,
      0.0,
      0.0,
      0.15991435945034027,
      0.0,
      0.293436199426651,
      0.27164921164512634
    ],
    "channel_activity": [
      49,
      6,
      7,
      0,
      1,
      1,
      0,
      0,
      0,
      1,
      1,
      1,
      1,
      1,
      1,
      1,
      0,
      0,
      0,
      0,
      0,
      0
    ],
    "top_active_channels": [
      [
        0,
        49
      ],
      [
        2,
        7
      ],
      [
        1,
        6
      ],
      [
        4,
        1
      ],
      [
        5,
        1
      ]
    ],
    "total_board_activity": 71
  },
  "go_pattern_analysis": {
    "move_type": "corner",
    "game_phase": "opening",
    "turn_number": 1,
    "policy_entropy": 0.03977841806875233,
    "policy_confidence": 0.9962049335863378,
    "top_policy_moves": [
      {
        "coord": "(4,4)",
        "percentage": 99.6,
        "count": 525
      },
      {
        "coord": "(2,5)",
        "percentage": 0.2,
        "count": 1
      },
      {
        "coord": "(6,1)",
        "percentage": 0.2,
        "count": 1
      }
    ],
    "total_policy_counts": 527
  },
  "component_comparison": {
    "uniqueness_score": 0.6523457169532776,
    "similar_positions": [
      4526,
      1588,
      74,
      1050,
      3124
    ],
    "component_rank": 11,
    "max_other_component_activation": 0.293436199426651,
    "activation_percentile": 99.83340905648947
  }
}