{
  "position_info": {
    "part": 6,
    "rank": 18,
    "global_position": 4021,
    "move_coordinate": "G6",
    "turn_number": 1,
    "npz_file": "AAE4EE8DC9A92FFF.npz",
    "board_tensor_file": "pos_4021/board.npy",
    "sgf_file": "pos_4021/game.sgf"
  },
  "nmf_analysis": {
    "activation_strength": 0.6863723397254944,
    "rank_in_part": 18,
    "activation_in_other_parts": [
      3130.4658203125,
      0.0,
      87.6376953125,
      0.0,
      85.26141357421875,
      0.0,
      0.6863723397254944,
      0.0,
      0.0,
      0.12801584601402283,
      0.0,
      0.0,
      0.0,
      0.04481697082519531,
      69.69795989990234,
      0.0,
      0.0,
      0.01051151193678379,
      0.140333890914917,
      0.0,
      0.0491609051823616,
      0.0,
      0.0,
      0.1869436502456665,
      0.0
    ],
    "channel_activity": [
      49,
      12,
      12,
      5,
      4,
      10,
      0,
      0,
      0,
      1,
      1,
      1,
      1,
      1,
      2,
      1,
      1,
      0,
      0,
      0,
      0,
      0
    ],
    "top_active_channels": [
      [
        0,
        49
      ],
      [
        1,
        12
      ],
      [
        2,
        12
      ],
      [
        5,
        10
      ],
      [
        3,
        5
      ]
    ],
    "total_board_activity": 101
  },
  "go_pattern_analysis": {
    "move_type": "corner",
    "game_phase": "opening",
    "turn_number": 1,
    "policy_entropy": -0.0,
    "policy_confidence": 1.0,
    "top_policy_moves": [
      {
        "coord": "(5,6)",
        "percentage": 100.0,
        "count": 170
      }
    ],
    "total_policy_counts": 170
  },
  "part_comparison": {
    "uniqueness_score": 0.0002192076062783599,
    "similar_positions": [
      4952,
      4246,
      2058,
      2499,
      2498
    ],
    "part_rank": 18,
    "max_other_part_activation": 3130.4658203125,
    "activation_percentile": 99.72739663789186
  }
}