{
  "position_info": {
    "part": 6,
    "rank": 13,
    "global_position": 4236,
    "move_coordinate": "C6",
    "turn_number": 21,
    "npz_file": "B330F9C802154800.npz",
    "board_tensor_file": "pos_4236/board.npy",
    "sgf_file": "pos_4236/game.sgf"
  },
  "nmf_analysis": {
    "activation_strength": 0.8326249122619629,
    "rank_in_part": 13,
    "activation_in_other_parts": [
      2711.01904296875,
      97.15618896484375,
      0.0,
      146.77980041503906,
      204.34576416015625,
      0.0,
      0.8326249122619629,
      0.4034896194934845,
      0.0,
      0.0611674040555954,
      0.0,
      0.22649602591991425,
      0.0,
      0.4568929970264435,
      0.0,
      0.0,
      0.0,
      0.0,
      0.0,
      0.09994768351316452,
      0.0,
      0.0,
      0.6133419275283813,
      0.0,
      0.7504132390022278
    ],
    "channel_activity": [
      49,
      6,
      7,
      1,
      1,
      1,
      0,
      0,
      0,
      1,
      1,
      1,
      1,
      1,
      0,
      0,
      0,
      0,
      6,
      7,
      0,
      0
    ],
    "top_active_channels": [
      [
        0,
        49
      ],
      [
        2,
        7
      ],
      [
        19,
        7
      ],
      [
        1,
        6
      ],
      [
        18,
        6
      ]
    ],
    "total_board_activity": 83
  },
  "go_pattern_analysis": {
    "move_type": "corner",
    "game_phase": "opening",
    "turn_number": 21,
    "policy_entropy": -0.0,
    "policy_confidence": 1.0,
    "top_policy_moves": [
      {
        "coord": "(5,2)",
        "percentage": 100.0,
        "count": 535
      }
    ],
    "total_policy_counts": 535
  },
  "part_comparison": {
    "uniqueness_score": 0.0003070318780373782,
    "similar_positions": [
      4150,
      3862,
      5833,
      5834,
      4238
    ],
    "part_rank": 13,
    "max_other_part_activation": 2711.01904296875,
    "activation_percentile": 99.80311979403301
  }
}