{
  "position_info": {
    "part": 6,
    "rank": 10,
    "global_position": 4236,
    "move_coordinate": "C6",
    "turn_number": 21,
    "npz_file": "B330F9C802154800.npz",
    "board_tensor_file": "pos_4236/board.npy",
    "sgf_file": "pos_4236/game.sgf"
  },
  "nmf_analysis": {
    "activation_strength": 0.8911740779876709,
    "rank_in_part": 10,
    "activation_in_other_parts": [
      3150.215576171875,
      469.848388671875,
      0.0,
      166.1320037841797,
      0.0,
      0.0,
      0.8911740779876709,
      0.0,
      0.0,
      0.0,
      0.0,
      0.0,
      0.0,
      0.42502185702323914,
      0.25687503814697266,
      0.0,
      0.0,
      0.0,
      0.0,
      0.12730523943901062,
      0.017775529995560646,
      0.0,
      0.0400095209479332,
      0.7657054662704468,
      0.0
    ],
    "channel_activity": [
      49,
      6,
      7,
      1,
      1,
      1,
      0,
      0,
      0,
      1,
      1,
      1,
      1,
      1,
      0,
      0,
      0,
      0,
      6,
      7,
      0,
      0
    ],
    "top_active_channels": [
      [
        0,
        49
      ],
      [
        2,
        7
      ],
      [
        19,
        7
      ],
      [
        1,
        6
      ],
      [
        18,
        6
      ]
    ],
    "total_board_activity": 83
  },
  "go_pattern_analysis": {
    "move_type": "corner",
    "game_phase": "opening",
    "turn_number": 21,
    "policy_entropy": -0.0,
    "policy_confidence": 1.0,
    "top_policy_moves": [
      {
        "coord": "(5,2)",
        "percentage": 100.0,
        "count": 535
      }
    ],
    "total_policy_counts": 535
  },
  "part_comparison": {
    "uniqueness_score": 0.00028281303821131587,
    "similar_positions": [
      4237,
      5832,
      6357,
      6356,
      252
    ],
    "part_rank": 10,
    "max_other_part_activation": 3150.215576171875,
    "activation_percentile": 99.8485536877177
  }
}