{
  "position_info": {
    "part": 22,
    "rank": 6,
    "global_position": 3913,
    "move_coordinate": "F6",
    "turn_number": 9,
    "npz_file": "AAE4EE8DC9A92FFF.npz",
    "board_tensor_file": "pos_3913/board.npy",
    "sgf_file": "pos_3913/game.sgf"
  },
  "nmf_analysis": {
    "activation_strength": 0.32107388973236084,
    "rank_in_part": 6,
    "activation_in_other_parts": [
      0.005409767385572195,
      0.12885025143623352,
      0.07451450824737549,
      0.07368291169404984,
      0.15738548338413239,
      0.32953959703445435,
      0.4140554666519165,
      0.06433983147144318,
      0.048093706369400024,
      0.3615504801273346,
      0.16382333636283875,
      0.16446411609649658,
      0.3545849621295929,
      0.0,
      0.05776166543364525,
      0.013237410224974155,
      0.09277308732271194,
      0.0,
      0.0,
      0.0,
      0.040307242423295975,
      0.010147863067686558,
      0.32107388973236084,
      0.08209624141454697,
      0.38962867856025696
    ],
    "channel_activity": [
      49,
      3,
      3,
      0,
      0,
      0,
      0,
      0,
      0,
      1,
      1,
      1,
      1,
      1,
      0,
      0,
      0,
      0,
      3,
      3,
      0,
      0
    ],
    "top_active_channels": [
      [
        0,
        49
      ],
      [
        1,
        3
      ],
      [
        2,
        3
      ],
      [
        18,
        3
      ],
      [
        19,
        3
      ]
    ],
    "total_board_activity": 66
  },
  "go_pattern_analysis": {
    "move_type": "corner",
    "game_phase": "opening",
    "turn_number": 9,
    "policy_entropy": 0.8686126698231418,
    "policy_confidence": 0.7100840336134454,
    "top_policy_moves": [
      {
        "coord": "(5,5)",
        "percentage": 71.0,
        "count": 169
      },
      {
        "coord": "(3,1)",
        "percentage": 29.0,
        "count": 69
      }
    ],
    "total_policy_counts": 238
  },
  "part_comparison": {
    "uniqueness_score": 0.4367583692073822,
    "similar_positions": [
      709,
      3232,
      2477,
      815,
      590
    ],
    "part_rank": 6,
    "max_other_part_activation": 0.4140554666519165,
    "activation_percentile": 99.90913221263062
  }
}