{
  "position_info": {
    "part": 43,
    "rank": 14,
    "global_position": 3642,
    "move_coordinate": "B4",
    "turn_number": 1,
    "npz_file": "AAE4EE8DC9A92FFF.npz",
    "board_tensor_file": "pos_3642/board.npy",
    "sgf_file": "pos_3642/game.sgf"
  },
  "nmf_analysis": {
    "activation_strength": 0.24499358236789703,
    "rank_in_part": 14,
    "activation_in_other_parts": [
      0.0,
      0.0013898179167881608,
      0.0,
      0.007153340615332127,
      0.012598969042301178,
      0.0012957428116351366,
      0.02283792570233345,
      0.0,
      0.004154150374233723,
      0.005699112080037594,
      0.0,
      0.0,
      0.0008007843280211091,
      0.0026382741052657366,
      0.001412879559211433,
      0.0,
      0.003963695839047432,
      8.655207057017833e-05,
      0.010030456818640232,
      0.002531454898416996,
      0.005092951003462076,
      0.008233054541051388,
      0.00253278948366642,
      0.015650445595383644,
      0.0,
      0.0025709865149110556,
      0.0009205394308082759,
      0.029248010367155075,
      0.0,
      0.3249196708202362,
      0.0025211682077497244,
      0.04610647261142731,
      0.16924168169498444,
      0.03307100757956505,
      0.0,
      0.4317128360271454,
      0.0,
      0.07005131989717484,
      0.4485895335674286,
      0.0,
      0.3871752917766571,
      0.0,
      0.13146206736564636,
      0.24499358236789703,
      0.0,
      0.00509810633957386,
      0.0,
      0.06508810073137283,
      0.2418799251317978,
      0.36540910601615906
    ],
    "channel_activity": [
      49,
      4,
      4,
      0,
      1,
      1,
      0,
      0,
      0,
      1,
      1,
      1,
      1,
      1,
      1,
      0,
      0,
      0,
      4,
      4,
      0,
      0
    ],
    "top_active_channels": [
      [
        0,
        49
      ],
      [
        1,
        4
      ],
      [
        2,
        4
      ],
      [
        18,
        4
      ],
      [
        19,
        4
      ]
    ],
    "total_board_activity": 73
  },
  "go_pattern_analysis": {
    "move_type": "side",
    "game_phase": "opening",
    "turn_number": 1,
    "policy_entropy": 0.7710682209828685,
    "policy_confidence": 0.7739463601532567,
    "top_policy_moves": [
      {
        "coord": "(3,1)",
        "percentage": 77.4,
        "count": 202
      },
      {
        "coord": "(2,1)",
        "percentage": 22.6,
        "count": 59
      }
    ],
    "total_policy_counts": 261
  },
  "part_comparison": {
    "uniqueness_score": 0.3532288670539856,
    "similar_positions": [
      2571,
      3279,
      2799,
      4365,
      2077
    ],
    "part_rank": 14,
    "max_other_part_activation": 0.4485895335674286,
    "activation_percentile": 99.78797516280478
  }
}