{
  "position_info": {
    "part": 20,
    "rank": 9,
    "global_position": 504,
    "move_coordinate": "PASS",
    "turn_number": 1,
    "npz_file": "1906C337F5CDAFA9.npz",
    "board_tensor_file": "pos_504/board.npy",
    "sgf_file": "pos_504/game.sgf"
  },
  "nmf_analysis": {
    "activation_strength": 0.3707634508609772,
    "rank_in_part": 9,
    "activation_in_other_parts": [
      0.23996847867965698,
      0.045391082763671875,
      0.20140035450458527,
      0.19903141260147095,
      0.06990986317396164,
      0.2866708040237427,
      0.010642626322805882,
      0.036503590643405914,
      0.0,
      0.0862606093287468,
      0.32741329073905945,
      0.0,
      0.13142003118991852,
      0.25824159383773804,
      0.1461486667394638,
      0.16210970282554626,
      0.03848467022180557,
      0.1607700139284134,
      0.04488414153456688,
      0.10412638634443283,
      0.3707634508609772,
      0.0,
      0.10323411226272583,
      0.3282817602157593,
      0.07767542451620102
    ],
    "channel_activity": [
      49,
      9,
      8,
      0,
      0,
      2,
      0,
      0,
      0,
      0,
      1,
      1,
      1,
      1,
      0,
      0,
      0,
      0,
      0,
      0,
      0,
      0
    ],
    "top_active_channels": [
      [
        0,
        49
      ],
      [
        1,
        9
      ],
      [
        2,
        8
      ],
      [
        5,
        2
      ],
      [
        10,
        1
      ]
    ],
    "total_board_activity": 72
  },
  "go_pattern_analysis": {
    "move_type": "pass",
    "game_phase": "opening",
    "turn_number": 1,
    "policy_entropy": -0.0,
    "policy_confidence": 1.0,
    "top_policy_moves": [
      {
        "coord": "PASS",
        "percentage": 100.0,
        "count": 477
      }
    ],
    "total_policy_counts": 477
  },
  "part_comparison": {
    "uniqueness_score": 0.5303855538368225,
    "similar_positions": [
      3843,
      3842,
      5355,
      6573,
      5699
    ],
    "part_rank": 9,
    "max_other_part_activation": 0.3282817602157593,
    "activation_percentile": 99.86369831894594
  }
}