{
  "position_info": {
    "part": 12,
    "rank": 16,
    "global_position": 5951,
    "move_coordinate": "C3",
    "turn_number": 5,
    "npz_file": "E3CD9898B9AFF870.npz",
    "board_tensor_file": "pos_5951/board.npy",
    "sgf_file": "pos_5951/game.sgf"
  },
  "nmf_analysis": {
    "activation_strength": 0.07414569705724716,
    "rank_in_component": 16,
    "activation_in_other_components": [
      0.012223323807120323,
      0.015794234350323677,
      0.0,
      0.0010287030600011349,
      0.0026707963552325964,
      0.00033114664256572723,
      0.18549221754074097,
      0.007847537286579609,
      0.03999148681759834,
      0.11381720751523972,
      0.0697912722826004,
      0.03646622225642204,
      0.07414569705724716,
      0.0,
      0.009119647555053234,
      0.05390254408121109,
      0.0012986536603420973,
      0.0001395537838106975,
      0.0015957243740558624,
      0.002722637029364705,
      0.01313981506973505,
      0.07578220218420029,
      0.015464174561202526,
      0.014255539514124393,
      0.12303109467029572,
      0.000416948227211833,
      0.00855208933353424,
      0.0,
      0.0,
      0.012627331539988518,
      0.0637793019413948,
      0.20348329842090607,
      0.13988706469535828,
      0.0,
      0.0,
      0.12012045085430145,
      0.0,
      0.0,
      0.626235842704773,
      0.0,
      0.07845167070627213,
      0.0009125713841058314,
      0.0,
      0.03713884949684143,
      0.10904896259307861,
      0.19400490820407867,
      0.0,
      0.038984574377536774,
      0.18606436252593994,
      0.4833722710609436
    ],
    "channel_activity": [
      49,
      2,
      2,
      0,
      2,
      2,
      0,
      0,
      0,
      1,
      1,
      1,
      1,
      0,
      0,
      0,
      0,
      0,
      0,
      0,
      0,
      0
    ],
    "top_active_channels": [
      [
        0,
        49
      ],
      [
        1,
        2
      ],
      [
        2,
        2
      ],
      [
        4,
        2
      ],
      [
        5,
        2
      ]
    ],
    "total_board_activity": 61
  },
  "go_pattern_analysis": {
    "move_type": "corner",
    "game_phase": "opening",
    "turn_number": 5,
    "policy_entropy": -0.0,
    "policy_confidence": 1.0,
    "top_policy_moves": [
      {
        "coord": "(2,2)",
        "percentage": 100.0,
        "count": 529
      }
    ],
    "total_policy_counts": 529
  },
  "component_comparison": {
    "uniqueness_score": 0.10586472600698471,
    "similar_positions": [
      3178,
      1081,
      2963,
      480,
      4798
    ],
    "component_rank": 16,
    "max_other_component_activation": 0.626235842704773,
    "activation_percentile": 99.75768590034832
  }
}