{
  "position_info": {
    "part": 8,
    "rank": 13,
    "global_position": 3926,
    "move_coordinate": "C5",
    "turn_number": 7,
    "npz_file": "AAE4EE8DC9A92FFF.npz",
    "board_tensor_file": "pos_3926/board.npy",
    "sgf_file": "pos_3926/game.sgf"
  },
  "nmf_analysis": {
    "activation_strength": 0.5030595064163208,
    "rank_in_part": 13,
    "activation_in_other_parts": [
      0.06913985311985016,
      0.076400026679039,
      0.08968949317932129,
      0.2189912497997284,
      0.0937454029917717,
      0.0,
      0.08887103945016861,
      0.23538023233413696,
      0.5030595064163208,
      0.12216593325138092,
      0.03671172261238098,
      0.12335936725139618,
      0.13640442490577698,
      0.0,
      0.1610613465309143,
      0.2429800033569336,
      0.3425928056240082,
      0.0,
      0.1592784970998764,
      0.0,
      0.18015243113040924,
      0.0,
      0.03616322576999664,
      0.04291852191090584,
      0.4092389941215515
    ],
    "channel_activity": [
      49,
      6,
      7,
      0,
      1,
      1,
      0,
      0,
      0,
      1,
      1,
      1,
      1,
      1,
      1,
      1,
      0,
      0,
      6,
      7,
      0,
      0
    ],
    "top_active_channels": [
      [
        0,
        49
      ],
      [
        2,
        7
      ],
      [
        19,
        7
      ],
      [
        1,
        6
      ],
      [
        18,
        6
      ]
    ],
    "total_board_activity": 84
  },
  "go_pattern_analysis": {
    "move_type": "corner",
    "game_phase": "opening",
    "turn_number": 7,
    "policy_entropy": 0.07623580160499088,
    "policy_confidence": 0.9923518164435946,
    "top_policy_moves": [
      {
        "coord": "(4,2)",
        "percentage": 99.2,
        "count": 519
      },
      {
        "coord": "(1,3)",
        "percentage": 0.4,
        "count": 2
      },
      {
        "coord": "(1,0)",
        "percentage": 0.2,
        "count": 1
      },
      {
        "coord": "(5,4)",
        "percentage": 0.2,
        "count": 1
      }
    ],
    "total_policy_counts": 523
  },
  "part_comparison": {
    "uniqueness_score": 0.5514198541641235,
    "similar_positions": [
      1909,
      4911,
      3071,
      5154,
      3124
    ],
    "part_rank": 12,
    "max_other_part_activation": 0.4092389941215515,
    "activation_percentile": 99.81826442526125
  }
}