{
  "position_info": {
    "part": 2,
    "rank": 8,
    "global_position": 2199,
    "move_coordinate": "C2",
    "turn_number": 8,
    "npz_file": "76F9EC3EB6A76AA0.npz",
    "board_tensor_file": "pos_2199/board.npy",
    "sgf_file": "pos_2199/game.sgf"
  },
  "nmf_analysis": {
    "activation_strength": 0.0,
    "rank_in_component": 8,
    "activation_in_other_components": [
      0.03598029538989067,
      0.04970704764127731,
      0.0,
      0.012169960886240005,
      0.018359046429395676,
      0.012686608359217644,
      0.14344167709350586,
      0.012954376637935638,
      0.04435008764266968,
      0.06579302996397018,
      0.04047621786594391,
      0.029577890411019325,
      0.03590291365981102,
      0.005292240530252457,
      0.01820058375597,
      0.01779349148273468,
      0.0,
      0.00024699169443920255,
      0.0003789146721828729,
      0.00795015413314104,
      0.027881912887096405,
      0.044542890042066574,
      0.02309909090399742,
      0.04156740382313728,
      0.06623147428035736,
      0.0,
      0.005119674373418093,
      0.010166588239371777,
      0.3515721261501312,
      0.2460048496723175,
      0.35117027163505554,
      0.01887117512524128,
      0.17268052697181702,
      0.09662070870399475,
      0.09849212318658829,
      0.028855742886662483,
      0.12735050916671753,
      0.0,
      0.04102204740047455,
      0.009998352266848087,
      0.005289103370159864,
      0.1960316002368927,
      0.05756276473402977,
      0.059704672545194626,
      0.08011501282453537,
      0.10289488732814789,
      0.006073731929063797,
      0.21521033346652985,
      0.3052487373352051,
      0.3020310401916504
    ],
    "channel_activity": [
      49,
      10,
      11,
      2,
      9,
      0,
      0,
      0,
      0,
      1,
      1,
      1,
      1,
      1,
      3,
      7,
      3,
      0,
      10,
      11,
      0,
      0
    ],
    "top_active_channels": [
      [
        0,
        49
      ],
      [
        2,
        11
      ],
      [
        19,
        11
      ],
      [
        1,
        10
      ],
      [
        18,
        10
      ]
    ],
    "total_board_activity": 120
  },
  "go_pattern_analysis": {
    "move_type": "corner",
    "game_phase": "opening",
    "turn_number": 8,
    "policy_entropy": 1.5700422006157213,
    "policy_confidence": 0.4986149584487535,
    "top_policy_moves": [
      {
        "coord": "(1,2)",
        "percentage": 49.9,
        "count": 180
      },
      {
        "coord": "(0,3)",
        "percentage": 37.1,
        "count": 134
      },
      {
        "coord": "(1,5)",
        "percentage": 8.9,
        "count": 32
      },
      {
        "coord": "(0,5)",
        "percentage": 2.8,
        "count": 10
      },
      {
        "coord": "(0,4)",
        "percentage": 1.4,
        "count": 5
      }
    ],
    "total_policy_counts": 361
  },
  "component_comparison": {
    "uniqueness_score": 0.0,
    "similar_positions": [
      6602,
      2204,
      2194,
      2195,
      2196
    ],
    "component_rank": 1,
    "max_other_component_activation": 0.3515721261501312,
    "activation_percentile": 99.98485536877178
  }
}