{
  "position_info": {
    "part": 47,
    "rank": 8,
    "global_position": 1404,
    "move_coordinate": "A5",
    "turn_number": 1,
    "npz_file": "1D638D50844BD930.npz",
    "board_tensor_file": "pos_1404/board.npy",
    "sgf_file": "pos_1404/game.sgf"
  },
  "nmf_analysis": {
    "activation_strength": 0.33896440267562866,
    "rank_in_component": 8,
    "activation_in_other_components": [
      0.036053288727998734,
      0.12968014180660248,
      0.0,
      0.0008698288002051413,
      0.004042242653667927,
      0.011210611090064049,
      0.09440653771162033,
      0.043006837368011475,
      0.031434815376996994,
      0.05109165981411934,
      0.04653547331690788,
      0.0028498938772827387,
      0.020691709592938423,
      0.026629287749528885,
      0.014046509750187397,
      0.01329234428703785,
      0.003543796017765999,
      0.0007965643890202045,
      0.004832316190004349,
      0.027278702706098557,
      0.018179014325141907,
      0.014619103632867336,
      0.01563449390232563,
      0.021402712911367416,
      0.010260804556310177,
      0.0016271710628643632,
      0.005466404836624861,
      0.005711779929697514,
      0.040249455720186234,
      0.20894786715507507,
      0.20319464802742004,
      0.06319446116685867,
      0.15236710011959076,
      0.19625712931156158,
      0.07367502897977829,
      0.07094834744930267,
      0.12850770354270935,
      0.08004990220069885,
      0.12890616059303284,
      0.15970291197299957,
      0.07618733495473862,
      0.1985076665878296,
      0.0,
      0.025723561644554138,
      0.18825140595436096,
      0.0,
      0.0560162290930748,
      0.33896440267562866,
      0.12138001620769501,
      0.4113306999206543
    ],
    "channel_activity": [
      49,
      11,
      11,
      0,
      9,
      0,
      0,
      0,
      0,
      1,
      1,
      1,
      1,
      1,
      7,
      3,
      7,
      3,
      11,
      11,
      0,
      0
    ],
    "top_active_channels": [
      [
        0,
        49
      ],
      [
        1,
        11
      ],
      [
        2,
        11
      ],
      [
        18,
        11
      ],
      [
        19,
        11
      ]
    ],
    "total_board_activity": 127
  },
  "go_pattern_analysis": {
    "move_type": "corner",
    "game_phase": "opening",
    "turn_number": 1,
    "policy_entropy": 2.4387172184658605,
    "policy_confidence": 0.452,
    "top_policy_moves": [
      {
        "coord": "(4,0)",
        "percentage": 45.2,
        "count": 113
      },
      {
        "coord": "(5,0)",
        "percentage": 19.6,
        "count": 49
      },
      {
        "coord": "(3,1)",
        "percentage": 11.2,
        "count": 28
      },
      {
        "coord": "(6,2)",
        "percentage": 5.2,
        "count": 13
      },
      {
        "coord": "(1,5)",
        "percentage": 4.8,
        "count": 12
      }
    ],
    "total_policy_counts": 250
  },
  "component_comparison": {
    "uniqueness_score": 0.4517747759819031,
    "similar_positions": [
      4663,
      6024,
      550,
      5873,
      3849
    ],
    "component_rank": 8,
    "max_other_component_activation": 0.4113306999206543,
    "activation_percentile": 99.87884295017416
  }
}