{
  "position_info": {
    "part": 18,
    "rank": 20,
    "global_position": 3290,
    "move_coordinate": "B6",
    "turn_number": 11,
    "npz_file": "AAE4EE8DC9A92FFF.npz",
    "board_tensor_file": "pos_3290/board.npy",
    "sgf_file": "pos_3290/game.sgf"
  },
  "nmf_analysis": {
    "activation_strength": 0.997175931930542,
    "rank_in_part": 20,
    "activation_in_other_parts": [
      1681.0467529296875,
      519.2870483398438,
      268.330322265625,
      0.0,
      51.748382568359375,
      0.0,
      0.0,
      0.18971028923988342,
      0.0,
      0.0029702037572860718,
      0.3909679651260376,
      0.18535779416561127,
      0.17783452570438385,
      0.0,
      0.46061092615127563,
      0.33170056343078613,
      0.0,
      0.0,
      0.997175931930542,
      0.13532623648643494,
      0.053037405014038086,
      0.0,
      0.1575162410736084,
      0.0,
      0.0
    ],
    "channel_activity": [
      49,
      4,
      4,
      0,
      0,
      2,
      0,
      0,
      0,
      1,
      1,
      1,
      1,
      1,
      0,
      0,
      0,
      0,
      0,
      0,
      0,
      0
    ],
    "top_active_channels": [
      [
        0,
        49
      ],
      [
        1,
        4
      ],
      [
        2,
        4
      ],
      [
        5,
        2
      ],
      [
        9,
        1
      ]
    ],
    "total_board_activity": 64
  },
  "go_pattern_analysis": {
    "move_type": "corner",
    "game_phase": "opening",
    "turn_number": 11,
    "policy_entropy": -0.0,
    "policy_confidence": 1.0,
    "top_policy_moves": [
      {
        "coord": "(5,1)",
        "percentage": 100.0,
        "count": 533
      }
    ],
    "total_policy_counts": 533
  },
  "part_comparison": {
    "uniqueness_score": 0.0005928358295932412,
    "similar_positions": [
      5507,
      5812,
      6126,
      460,
      3628
    ],
    "part_rank": 20,
    "max_other_part_activation": 1681.0467529296875,
    "activation_percentile": 99.69710737543541
  }
}