{
  "position_info": {
    "part": 32,
    "rank": 19,
    "global_position": 3435,
    "move_coordinate": "D5",
    "turn_number": 6,
    "npz_file": "AAE4EE8DC9A92FFF.npz",
    "board_tensor_file": "pos_3435/board.npy",
    "sgf_file": "pos_3435/game.sgf"
  },
  "nmf_analysis": {
    "activation_strength": 0.4569869041442871,
    "rank_in_part": 19,
    "activation_in_other_parts": [
      0.0,
      0.04368087276816368,
      0.0,
      0.0,
      0.0,
      0.0,
      0.22744345664978027,
      0.03921515867114067,
      0.0007409208919852972,
      0.105147585272789,
      0.0,
      0.03522486984729767,
      0.026813320815563202,
      0.008008052594959736,
      0.0,
      0.03010398894548416,
      0.0,
      0.0,
      0.0,
      0.03478673845529556,
      0.0,
      0.04382115975022316,
      0.0,
      0.056793782860040665,
      0.07085926830768585,
      0.0,
      0.0,
      0.03265666589140892,
      0.046418145298957825,
      0.04107500612735748,
      0.0,
      0.31950879096984863,
      0.4569869041442871,
      0.09285668283700943,
      0.0,
      0.30894654989242554,
      0.0,
      0.014082571491599083,
      0.43893522024154663,
      0.03572315350174904,
      0.0,
      0.0,
      0.03619997203350067,
      0.05936668813228607,
      0.18298247456550598,
      0.20131590962409973,
      0.021282602101564407,
      0.01948455162346363,
      0.1589888334274292,
      0.2926447093486786
    ],
    "channel_activity": [
      49,
      1,
      1,
      0,
      0,
      0,
      0,
      0,
      0,
      1,
      1,
      0,
      0,
      0,
      0,
      0,
      0,
      0,
      1,
      1,
      0,
      0
    ],
    "top_active_channels": [
      [
        0,
        49
      ],
      [
        1,
        1
      ],
      [
        2,
        1
      ],
      [
        9,
        1
      ],
      [
        10,
        1
      ]
    ],
    "total_board_activity": 55
  },
  "go_pattern_analysis": {
    "move_type": "side",
    "game_phase": "opening",
    "turn_number": 6,
    "policy_entropy": 1.130772816695798,
    "policy_confidence": 0.8029465930018416,
    "top_policy_moves": [
      {
        "coord": "(4,3)",
        "percentage": 80.3,
        "count": 436
      },
      {
        "coord": "(2,3)",
        "percentage": 9.6,
        "count": 52
      },
      {
        "coord": "(3,4)",
        "percentage": 5.3,
        "count": 29
      },
      {
        "coord": "(4,2)",
        "percentage": 2.0,
        "count": 11
      },
      {
        "coord": "(2,4)",
        "percentage": 0.7,
        "count": 4
      }
    ],
    "total_policy_counts": 543
  },
  "part_comparison": {
    "uniqueness_score": 0.5100743770599365,
    "similar_positions": [
      2356,
      4266,
      1365,
      2353,
      4460
    ],
    "part_rank": 19,
    "max_other_part_activation": 0.43893522024154663,
    "activation_percentile": 99.71225200666363
  }
}