{
  "position_info": {
    "part": 45,
    "rank": 13,
    "global_position": 6037,
    "move_coordinate": "D5",
    "turn_number": 4,
    "npz_file": "E3CD9898B9AFF870.npz",
    "board_tensor_file": "pos_6037/board.npy",
    "sgf_file": "pos_6037/game.sgf"
  },
  "nmf_analysis": {
    "activation_strength": 0.4061615467071533,
    "rank_in_component": 13,
    "activation_in_other_components": [
      0.0,
      0.03656144067645073,
      0.0,
      0.0,
      0.0,
      0.0,
      0.1210285872220993,
      0.04623795673251152,
      0.0,
      0.16567109525203705,
      0.0,
      0.068874791264534,
      0.04575830698013306,
      0.0028498133178800344,
      0.0,
      0.13567133247852325,
      0.001819336786866188,
      0.0,
      0.0,
      0.029219554737210274,
      0.0,
      0.07101326435804367,
      0.0,
      0.0,
      0.08982525020837784,
      0.0010593412443995476,
      0.0,
      0.0,
      0.0,
      0.0,
      0.0,
      0.2973862588405609,
      0.2007390707731247,
      0.0,
      0.0,
      0.18806514143943787,
      0.0,
      0.0,
      0.7335758209228516,
      0.0,
      0.0,
      0.0,
      0.11736453324556351,
      0.05962179973721504,
      0.0,
      0.4061615467071533,
      0.0059318020939826965,
      0.0,
      0.0,
      0.4278107285499573
    ],
    "channel_activity": [
      49,
      0,
      0,
      0,
      0,
      0,
      0,
      0,
      0,
      0,
      0,
      0,
      0,
      0,
      0,
      0,
      0,
      0,
      0,
      0,
      0,
      0
    ],
    "top_active_channels": [
      [
        0,
        49
      ],
      [
        1,
        0
      ],
      [
        2,
        0
      ],
      [
        3,
        0
      ],
      [
        4,
        0
      ]
    ],
    "total_board_activity": 49
  },
  "go_pattern_analysis": {
    "move_type": "side",
    "game_phase": "opening",
    "turn_number": 4,
    "policy_entropy": 1.9681989181362494,
    "policy_confidence": 0.3440453686200378,
    "top_policy_moves": [
      {
        "coord": "(4,3)",
        "percentage": 34.4,
        "count": 182
      },
      {
        "coord": "(2,3)",
        "percentage": 22.3,
        "count": 118
      },
      {
        "coord": "(3,4)",
        "percentage": 21.7,
        "count": 115
      },
      {
        "coord": "(3,2)",
        "percentage": 21.6,
        "count": 114
      }
    ],
    "total_policy_counts": 529
  },
  "component_comparison": {
    "uniqueness_score": 0.3563641607761383,
    "similar_positions": [
      4832,
      1316,
      3083,
      1491,
      5614
    ],
    "component_rank": 13,
    "max_other_component_activation": 0.7335758209228516,
    "activation_percentile": 99.80311979403301
  }
}