{
  "position_info": {
    "part": 34,
    "rank": 12,
    "global_position": 6127,
    "move_coordinate": "PASS",
    "turn_number": 1,
    "npz_file": "E3CD9898B9AFF870.npz",
    "board_tensor_file": "pos_6127/board.npy",
    "sgf_file": "pos_6127/game.sgf"
  },
  "nmf_analysis": {
    "activation_strength": 0.6489247679710388,
    "rank_in_part": 12,
    "activation_in_other_parts": [
      0.07640967518091202,
      0.022541213780641556,
      0.0,
      0.02099321037530899,
      0.025328539311885834,
      0.026139361783862114,
      0.0,
      0.0,
      0.007663289085030556,
      0.07499246299266815,
      0.01188082154840231,
      0.021098081022500992,
      0.04831543192267418,
      0.007169020362198353,
      0.0025000469759106636,
      0.0,
      0.0023350785486400127,
      0.000408722524298355,
      0.006661217659711838,
      0.0,
      0.007058021612465382,
      0.06488046795129776,
      0.004628482740372419,
      0.0,
      0.09750936925411224,
      0.00145696010440588,
      0.0,
      0.0,
      0.1949852705001831,
      0.23054319620132446,
      0.0,
      0.06814853101968765,
      0.005769113544374704,
      0.353346049785614,
      0.6489247679710388,
      0.0,
      0.11890600621700287,
      0.0,
      0.0,
      0.0,
      0.0,
      0.07556866854429245,
      0.0,
      0.07868519425392151,
      0.0,
      0.09619493037462234,
      0.008495503105223179,
      0.11698458343744278,
      0.21453846991062164,
      0.4183756709098816
    ],
    "channel_activity": [
      49,
      9,
      17,
      0,
      0,
      0,
      0,
      0,
      0,
      1,
      0,
      1,
      0,
      1,
      0,
      0,
      0,
      0,
      20,
      29,
      11,
      12
    ],
    "top_active_channels": [
      [
        0,
        49
      ],
      [
        19,
        29
      ],
      [
        18,
        20
      ],
      [
        2,
        17
      ],
      [
        21,
        12
      ]
    ],
    "total_board_activity": 150
  },
  "go_pattern_analysis": {
    "move_type": "pass",
    "game_phase": "opening",
    "turn_number": 1,
    "policy_entropy": 3.0657943592202663,
    "policy_confidence": 0.4298957126303592,
    "top_policy_moves": [
      {
        "coord": "PASS",
        "percentage": 43.0,
        "count": 371
      },
      {
        "coord": "(0,0)",
        "percentage": 14.3,
        "count": 123
      },
      {
        "coord": "(6,1)",
        "percentage": 6.0,
        "count": 52
      },
      {
        "coord": "(4,5)",
        "percentage": 6.0,
        "count": 52
      },
      {
        "coord": "(0,3)",
        "percentage": 4.6,
        "count": 40
      }
    ],
    "total_policy_counts": 863
  },
  "part_comparison": {
    "uniqueness_score": 0.608005702495575,
    "similar_positions": [
      5507,
      2387,
      1466,
      460,
      2776
    ],
    "part_rank": 12,
    "max_other_part_activation": 0.4183756709098816,
    "activation_percentile": 99.81826442526125
  }
}