{
  "position_info": {
    "part": 1,
    "rank": 19,
    "global_position": 5764,
    "move_coordinate": "A5",
    "turn_number": 14,
    "npz_file": "E3CD9898B9AFF870.npz",
    "board_tensor_file": "pos_5764/board.npy",
    "sgf_file": "pos_5764/game.sgf"
  },
  "nmf_analysis": {
    "activation_strength": 0.19145281612873077,
    "rank_in_part": 19,
    "activation_in_other_parts": [
      0.03668985888361931,
      0.19145281612873077,
      0.0,
      0.0,
      0.00017836372717283666,
      0.031478334218263626,
      0.017863482236862183,
      0.0786912590265274,
      0.01106780394911766,
      0.09754788130521774,
      0.0121587123721838,
      0.0,
      0.009863238781690598,
      0.04494357481598854,
      0.008011222817003727,
      0.0,
      0.0,
      0.0011983452131971717,
      0.0,
      0.05754983425140381,
      0.011230913922190666,
      0.009008382447063923,
      0.009319672361016273,
      0.0017098841490224004,
      0.0,
      0.0,
      0.0029338630847632885,
      0.0,
      0.11931178718805313,
      0.07291115820407867,
      0.21477611362934113,
      0.06395545601844788,
      0.1253189742565155,
      0.15072305500507355,
      0.010110202245414257,
      0.11550577729940414,
      0.26110225915908813,
      0.006592444609850645,
      0.10683363676071167,
      0.26916366815567017,
      0.14272484183311462,
      0.2503798007965088,
      0.00469115749001503,
      0.005813563242554665,
      0.1407696008682251,
      0.03121495619416237,
      0.10527792572975159,
      0.26839208602905273,
      0.12664254009723663,
      0.39008209109306335
    ],
    "channel_activity": [
      49,
      10,
      10,
      0,
      6,
      6,
      0,
      0,
      0,
      1,
      1,
      1,
      1,
      1,
      0,
      0,
      0,
      0,
      0,
      0,
      0,
      0
    ],
    "top_active_channels": [
      [
        0,
        49
      ],
      [
        1,
        10
      ],
      [
        2,
        10
      ],
      [
        4,
        6
      ],
      [
        5,
        6
      ]
    ],
    "total_board_activity": 86
  },
  "go_pattern_analysis": {
    "move_type": "corner",
    "game_phase": "opening",
    "turn_number": 14,
    "policy_entropy": 1.5153156519382236,
    "policy_confidence": 0.7327823691460055,
    "top_policy_moves": [
      {
        "coord": "(4,0)",
        "percentage": 73.3,
        "count": 266
      },
      {
        "coord": "(0,5)",
        "percentage": 10.2,
        "count": 37
      },
      {
        "coord": "(1,2)",
        "percentage": 5.5,
        "count": 20
      },
      {
        "coord": "(1,6)",
        "percentage": 3.3,
        "count": 12
      },
      {
        "coord": "(2,6)",
        "percentage": 2.2,
        "count": 8
      }
    ],
    "total_policy_counts": 363
  },
  "part_comparison": {
    "uniqueness_score": 0.3292198181152344,
    "similar_positions": [
      4536,
      6120,
      6121,
      262,
      536
    ],
    "part_rank": 19,
    "max_other_part_activation": 0.39008209109306335,
    "activation_percentile": 99.71225200666363
  }
}