{
  "position_info": {
    "part": 16,
    "rank": 11,
    "global_position": 3487,
    "move_coordinate": "A2",
    "turn_number": 1,
    "npz_file": "AAE4EE8DC9A92FFF.npz",
    "board_tensor_file": "pos_3487/board.npy",
    "sgf_file": "pos_3487/game.sgf"
  },
  "nmf_analysis": {
    "activation_strength": 0.5288412570953369,
    "rank_in_part": 11,
    "activation_in_other_parts": [
      1580.9200439453125,
      270.87139892578125,
      15.9391450881958,
      99.21710968017578,
      3.9692254066467285,
      30.95868682861328,
      0.0,
      5.946030139923096,
      0.0,
      0.0,
      1.6840914487838745,
      0.0,
      0.0,
      0.0,
      29.254106521606445,
      0.394964337348938,
      0.5288412570953369,
      0.0,
      0.0,
      0.0,
      0.0,
      0.0,
      0.0,
      0.0,
      0.17431068420410156
    ],
    "channel_activity": [
      49,
      7,
      7,
      0,
      1,
      1,
      0,
      0,
      0,
      1,
      1,
      1,
      1,
      1,
      1,
      0,
      0,
      0,
      0,
      0,
      0,
      0
    ],
    "top_active_channels": [
      [
        0,
        49
      ],
      [
        1,
        7
      ],
      [
        2,
        7
      ],
      [
        4,
        1
      ],
      [
        5,
        1
      ]
    ],
    "total_board_activity": 71
  },
  "go_pattern_analysis": {
    "move_type": "corner",
    "game_phase": "opening",
    "turn_number": 1,
    "policy_entropy": -0.0,
    "policy_confidence": 1.0,
    "top_policy_moves": [
      {
        "coord": "(1,0)",
        "percentage": 100.0,
        "count": 233
      }
    ],
    "total_policy_counts": 233
  },
  "part_comparison": {
    "uniqueness_score": 0.00033440301194787025,
    "similar_positions": [
      2322,
      4331,
      6010,
      5518,
      4882
    ],
    "part_rank": 11,
    "max_other_part_activation": 1580.9200439453125,
    "activation_percentile": 99.83340905648947
  }
}