{
  "position_info": {
    "part": 42,
    "rank": 4,
    "global_position": 4972,
    "move_coordinate": "B5",
    "turn_number": 14,
    "npz_file": "B330F9C802154800.npz",
    "board_tensor_file": "pos_4972/board.npy",
    "sgf_file": "pos_4972/game.sgf"
  },
  "nmf_analysis": {
    "activation_strength": 0.39312034845352173,
    "rank_in_component": 4,
    "activation_in_other_components": [
      0.03956001251935959,
      0.03820691630244255,
      0.0,
      0.013041474856436253,
      0.017252812162041664,
      0.0,
      0.08849115669727325,
      0.023554785177111626,
      0.00019535410683602095,
      0.0318136066198349,
      0.0,
      0.05142833665013313,
      0.0,
      0.0,
      0.006604771129786968,
      0.10144013911485672,
      0.007799522951245308,
      0.0,
      0.009215086698532104,
      0.010210167616605759,
      0.0036022153217345476,
      0.00729297986254096,
      0.0011559457052499056,
      0.006658056750893593,
      0.0,
      0.0034691840410232544,
      0.0,
      0.0,
      0.14369000494480133,
      0.16499446332454681,
      0.2358807474374771,
      0.3042674958705902,
      0.2610522508621216,
      0.053936440497636795,
      0.0284738689661026,
      0.10569313168525696,
      0.0,
      0.1186261773109436,
      0.2553396224975586,
      0.040864184498786926,
      0.07393285632133484,
      0.0,
      0.39312034845352173,
      0.04912402108311653,
      0.0,
      0.0704306960105896,
      0.0,
      0.0,
      0.5377958416938782,
      0.052289772778749466
    ],
    "channel_activity": [
      49,
      2,
      3,
      0,
      0,
      0,
      0,
      0,
      0,
      1,
      1,
      1,
      1,
      1,
      0,
      0,
      0,
      0,
      0,
      0,
      0,
      0
    ],
    "top_active_channels": [
      [
        0,
        49
      ],
      [
        2,
        3
      ],
      [
        1,
        2
      ],
      [
        9,
        1
      ],
      [
        10,
        1
      ]
    ],
    "total_board_activity": 59
  },
  "go_pattern_analysis": {
    "move_type": "corner",
    "game_phase": "opening",
    "turn_number": 14,
    "policy_entropy": 0.9992715362761877,
    "policy_confidence": 0.5158878504672897,
    "top_policy_moves": [
      {
        "coord": "(4,1)",
        "percentage": 51.6,
        "count": 276
      },
      {
        "coord": "(4,5)",
        "percentage": 48.4,
        "count": 259
      }
    ],
    "total_policy_counts": 535
  },
  "component_comparison": {
    "uniqueness_score": 0.422294020652771,
    "similar_positions": [
      3644,
      722,
      2662,
      4306,
      157
    ],
    "component_rank": 4,
    "max_other_component_activation": 0.5377958416938782,
    "activation_percentile": 99.93942147508709
  }
}