{
  "position_info": {
    "part": 5,
    "rank": 12,
    "global_position": 3857,
    "move_coordinate": "D5",
    "turn_number": 6,
    "npz_file": "AAE4EE8DC9A92FFF.npz",
    "board_tensor_file": "pos_3857/board.npy",
    "sgf_file": "pos_3857/game.sgf"
  },
  "nmf_analysis": {
    "activation_strength": 256.6144714355469,
    "rank_in_part": 12,
    "activation_in_other_parts": [
      0.0,
      6.357944488525391,
      9.220842361450195,
      2.6557698249816895,
      0.08343274891376495,
      256.6144714355469,
      0.0,
      4.947097301483154,
      0.0,
      0.0,
      53.9210205078125,
      0.0,
      0.025385934859514236,
      0.0,
      0.0,
      0.0,
      0.0,
      0.0,
      0.0,
      0.0,
      0.0,
      0.0,
      0.0,
      0.03243887424468994,
      0.08289724588394165
    ],
    "channel_activity": [
      49,
      0,
      0,
      0,
      0,
      0,
      0,
      0,
      0,
      0,
      0,
      0,
      0,
      0,
      0,
      0,
      0,
      0,
      0,
      0,
      0,
      0
    ],
    "top_active_channels": [
      [
        0,
        49
      ],
      [
        1,
        0
      ],
      [
        2,
        0
      ],
      [
        3,
        0
      ],
      [
        4,
        0
      ]
    ],
    "total_board_activity": 49
  },
  "go_pattern_analysis": {
    "move_type": "side",
    "game_phase": "opening",
    "turn_number": 6,
    "policy_entropy": 1.9624102180292802,
    "policy_confidence": 0.3523809523809524,
    "top_policy_moves": [
      {
        "coord": "(4,3)",
        "percentage": 35.2,
        "count": 222
      },
      {
        "coord": "(3,4)",
        "percentage": 22.2,
        "count": 140
      },
      {
        "coord": "(2,3)",
        "percentage": 21.4,
        "count": 135
      },
      {
        "coord": "(3,2)",
        "percentage": 21.1,
        "count": 133
      }
    ],
    "total_policy_counts": 630
  },
  "part_comparison": {
    "uniqueness_score": 0.8263611793518066,
    "similar_positions": [
      3921,
      5446,
      11,
      2529,
      2530
    ],
    "part_rank": 12,
    "max_other_part_activation": 53.9210205078125,
    "activation_percentile": 99.81826442526125
  }
}