{
  "position_info": {
    "part": 34,
    "rank": 14,
    "global_position": 1465,
    "move_coordinate": "PASS",
    "turn_number": 1,
    "npz_file": "1D638D50844BD930.npz",
    "board_tensor_file": "pos_1465/board.npy",
    "sgf_file": "pos_1465/game.sgf"
  },
  "nmf_analysis": {
    "activation_strength": 0.6450338959693909,
    "rank_in_part": 14,
    "activation_in_other_parts": [
      0.08650656044483185,
      0.04531097039580345,
      0.0,
      0.02160806581377983,
      0.026493079960346222,
      0.03192855417728424,
      0.0,
      0.009464246220886707,
      0.023294683545827866,
      0.09927728772163391,
      0.021343009546399117,
      0.013236356899142265,
      0.049543824046850204,
      0.011369396932423115,
      0.007055642083287239,
      0.0,
      0.0031597851775586605,
      0.0005079472903162241,
      0.00855099968612194,
      0.009212643839418888,
      0.01617008075118065,
      0.06765834242105484,
      0.011766983196139336,
      0.006296309642493725,
      0.09262052178382874,
      0.0021087457425892353,
      0.0010598290245980024,
      0.005395301152020693,
      0.19604499638080597,
      0.2673272490501404,
      0.013510892167687416,
      0.029002079740166664,
      0.0030869406182318926,
      0.3602747321128845,
      0.6450338959693909,
      0.0,
      0.15407727658748627,
      0.0,
      0.0,
      0.0,
      0.0,
      0.12381450831890106,
      0.007208758965134621,
      0.06463206559419632,
      0.0,
      0.04571410268545151,
      0.0,
      0.09570726007223129,
      0.20850808918476105,
      0.38943424820899963
    ],
    "channel_activity": [
      49,
      11,
      17,
      1,
      0,
      0,
      0,
      0,
      0,
      0,
      1,
      0,
      1,
      1,
      1,
      1,
      1,
      0,
      8,
      29,
      11,
      12
    ],
    "top_active_channels": [
      [
        0,
        49
      ],
      [
        19,
        29
      ],
      [
        2,
        17
      ],
      [
        21,
        12
      ],
      [
        1,
        11
      ]
    ],
    "total_board_activity": 144
  },
  "go_pattern_analysis": {
    "move_type": "pass",
    "game_phase": "opening",
    "turn_number": 1,
    "policy_entropy": 2.5832994145514294,
    "policy_confidence": 0.61198738170347,
    "top_policy_moves": [
      {
        "coord": "PASS",
        "percentage": 61.2,
        "count": 194
      },
      {
        "coord": "(1,6)",
        "percentage": 3.8,
        "count": 12
      },
      {
        "coord": "(4,6)",
        "percentage": 3.5,
        "count": 11
      },
      {
        "coord": "(0,1)",
        "percentage": 2.8,
        "count": 9
      },
      {
        "coord": "(6,0)",
        "percentage": 2.8,
        "count": 9
      }
    ],
    "total_policy_counts": 317
  },
  "part_comparison": {
    "uniqueness_score": 0.623541533946991,
    "similar_positions": [
      5507,
      2387,
      1466,
      460,
      2776
    ],
    "part_rank": 14,
    "max_other_part_activation": 0.38943424820899963,
    "activation_percentile": 99.78797516280478
  }
}