{
  "position_info": {
    "part": 24,
    "rank": 10,
    "global_position": 3224,
    "move_coordinate": "D5",
    "turn_number": 13,
    "npz_file": "AAE4EE8DC9A92FFF.npz",
    "board_tensor_file": "pos_3224/board.npy",
    "sgf_file": "pos_3224/game.sgf"
  },
  "nmf_analysis": {
    "activation_strength": 0.535317063331604,
    "rank_in_part": 10,
    "activation_in_other_parts": [
      0.16082319617271423,
      0.08016269654035568,
      0.05977460369467735,
      0.042767345905303955,
      0.04562759026885033,
      0.15897522866725922,
      0.09483416378498077,
      0.04460877552628517,
      0.05598530173301697,
      0.2610636055469513,
      0.24003416299819946,
      0.1539234071969986,
      0.2966117262840271,
      0.05829885974526405,
      0.04932935908436775,
      0.14212700724601746,
      0.07060505449771881,
      0.1548374742269516,
      0.0,
      0.006863312795758247,
      0.01301935501396656,
      0.08387091755867004,
      0.20789217948913574,
      0.16226376593112946,
      0.535317063331604
    ],
    "channel_activity": [
      49,
      5,
      5,
      0,
      1,
      3,
      0,
      0,
      0,
      1,
      1,
      1,
      1,
      1,
      1,
      0,
      0,
      0,
      0,
      0,
      0,
      0
    ],
    "top_active_channels": [
      [
        0,
        49
      ],
      [
        1,
        5
      ],
      [
        2,
        5
      ],
      [
        5,
        3
      ],
      [
        4,
        1
      ]
    ],
    "total_board_activity": 69
  },
  "go_pattern_analysis": {
    "move_type": "side",
    "game_phase": "opening",
    "turn_number": 13,
    "policy_entropy": -0.0,
    "policy_confidence": 1.0,
    "top_policy_moves": [
      {
        "coord": "(4,3)",
        "percentage": 100.0,
        "count": 532
      }
    ],
    "total_policy_counts": 532
  },
  "part_comparison": {
    "uniqueness_score": 0.643464982509613,
    "similar_positions": [
      3326,
      6265,
      2925,
      6312,
      1641
    ],
    "part_rank": 10,
    "max_other_part_activation": 0.2966117262840271,
    "activation_percentile": 99.8485536877177
  }
}