{
  "position_info": {
    "part": 6,
    "rank": 5,
    "global_position": 2498,
    "move_coordinate": "A6",
    "turn_number": 1,
    "npz_file": "76F9EC3EB6A76AA0.npz",
    "board_tensor_file": "pos_2498/board.npy",
    "sgf_file": "pos_2498/game.sgf"
  },
  "nmf_analysis": {
    "activation_strength": 0.8481943607330322,
    "rank_in_part": 5,
    "activation_in_other_parts": [
      3487.7666015625,
      0.0,
      0.0,
      50.28130340576172,
      117.29117584228516,
      0.0,
      0.8481943607330322,
      8.113595008850098,
      0.2270258367061615,
      0.0,
      0.0,
      0.0,
      0.0,
      0.0,
      17.497390747070312,
      0.0,
      0.0,
      0.019704490900039673,
      0.0,
      0.0,
      0.27838677167892456,
      0.0,
      0.1841302216053009,
      0.0,
      0.0
    ],
    "channel_activity": [
      49,
      16,
      17,
      3,
      13,
      11,
      0,
      0,
      0,
      1,
      1,
      1,
      1,
      1,
      12,
      2,
      3,
      3,
      16,
      17,
      0,
      0
    ],
    "top_active_channels": [
      [
        0,
        49
      ],
      [
        2,
        17
      ],
      [
        19,
        17
      ],
      [
        1,
        16
      ],
      [
        18,
        16
      ]
    ],
    "total_board_activity": 167
  },
  "go_pattern_analysis": {
    "move_type": "corner",
    "game_phase": "opening",
    "turn_number": 1,
    "policy_entropy": 0.032230355211769486,
    "policy_confidence": 0.9966666666666667,
    "top_policy_moves": [
      {
        "coord": "(5,0)",
        "percentage": 99.7,
        "count": 299
      },
      {
        "coord": "(1,6)",
        "percentage": 0.3,
        "count": 1
      }
    ],
    "total_policy_counts": 300
  },
  "part_comparison": {
    "uniqueness_score": 0.0002431321336189285,
    "similar_positions": [
      4952,
      4246,
      2058,
      2499,
      3180
    ],
    "part_rank": 5,
    "max_other_part_activation": 3487.7666015625,
    "activation_percentile": 99.92427684385885
  }
}