{
  "position_info": {
    "part": 37,
    "rank": 16,
    "global_position": 6580,
    "move_coordinate": "A4",
    "turn_number": 32,
    "npz_file": "E3CD9898B9AFF870.npz",
    "board_tensor_file": "pos_6580/board.npy",
    "sgf_file": "pos_6580/game.sgf"
  },
  "nmf_analysis": {
    "activation_strength": 0.30192503333091736,
    "rank_in_part": 16,
    "activation_in_other_parts": [
      0.046694908291101456,
      0.057976752519607544,
      0.0,
      0.006814982742071152,
      0.012941274791955948,
      0.0,
      0.0775195062160492,
      0.01769811101257801,
      0.0,
      0.012904815375804901,
      0.0,
      0.007565471343696117,
      0.008588157594203949,
      0.007632591295987368,
      0.0,
      0.024754079058766365,
      0.006259643938392401,
      0.0001414480502717197,
      0.01263312716037035,
      0.00795817468315363,
      0.0,
      0.0070679886266589165,
      0.0,
      0.0,
      0.02127975970506668,
      0.0041293613612651825,
      0.0,
      0.002276306739076972,
      0.1891234666109085,
      0.019325068220496178,
      0.07934381067752838,
      0.030144719406962395,
      0.017228160053491592,
      0.2552008032798767,
      0.07028476893901825,
      0.09534674137830734,
      0.10989992320537567,
      0.30192503333091736,
      0.09742584824562073,
      0.17040316760540009,
      0.16135019063949585,
      0.04981766641139984,
      0.03698819503188133,
      0.05187465623021126,
      0.16077929735183716,
      0.06575199216604233,
      0.2902766764163971,
      0.21854685246944427,
      0.16219373047351837,
      0.41103535890579224
    ],
    "channel_activity": [
      49,
      8,
      8,
      0,
      2,
      0,
      0,
      0,
      0,
      1,
      1,
      1,
      1,
      1,
      0,
      1,
      1,
      0,
      0,
      0,
      0,
      0
    ],
    "top_active_channels": [
      [
        0,
        49
      ],
      [
        1,
        8
      ],
      [
        2,
        8
      ],
      [
        4,
        2
      ],
      [
        9,
        1
      ]
    ],
    "total_board_activity": 74
  },
  "go_pattern_analysis": {
    "move_type": "side",
    "game_phase": "middle_game",
    "turn_number": 32,
    "policy_entropy": 0.5223775380991718,
    "policy_confidence": 0.914396887159533,
    "top_policy_moves": [
      {
        "coord": "(3,0)",
        "percentage": 91.4,
        "count": 235
      },
      {
        "coord": "(4,6)",
        "percentage": 5.8,
        "count": 15
      },
      {
        "coord": "(1,3)",
        "percentage": 1.9,
        "count": 5
      },
      {
        "coord": "(1,5)",
        "percentage": 0.8,
        "count": 2
      }
    ],
    "total_policy_counts": 257
  },
  "part_comparison": {
    "uniqueness_score": 0.4234808087348938,
    "similar_positions": [
      6255,
      4369,
      4370,
      4709,
      2517
    ],
    "part_rank": 16,
    "max_other_part_activation": 0.41103535890579224,
    "activation_percentile": 99.75768590034832
  }
}