{
  "position_info": {
    "part": 9,
    "rank": 14,
    "global_position": 2653,
    "move_coordinate": "A2",
    "turn_number": 1,
    "npz_file": "76F9EC3EB6A76AA0.npz",
    "board_tensor_file": "pos_2653/board.npy",
    "sgf_file": "pos_2653/game.sgf"
  },
  "nmf_analysis": {
    "activation_strength": 0.904341995716095,
    "rank_in_part": 14,
    "activation_in_other_parts": [
      855.6083374023438,
      417.1100769042969,
      83.31082153320312,
      243.41148376464844,
      76.28075408935547,
      0.0,
      0.0,
      0.0,
      0.5779258608818054,
      0.904341995716095,
      0.01288323849439621,
      0.0,
      0.0,
      0.0,
      0.0,
      0.0,
      0.26332712173461914,
      0.0,
      0.0,
      0.0,
      0.06660568714141846,
      0.0,
      0.4036112427711487,
      0.0,
      0.2313641756772995
    ],
    "channel_activity": [
      49,
      8,
      8,
      0,
      0,
      6,
      0,
      0,
      0,
      1,
      1,
      1,
      1,
      1,
      0,
      0,
      0,
      0,
      0,
      0,
      0,
      0
    ],
    "top_active_channels": [
      [
        0,
        49
      ],
      [
        1,
        8
      ],
      [
        2,
        8
      ],
      [
        5,
        6
      ],
      [
        9,
        1
      ]
    ],
    "total_board_activity": 76
  },
  "go_pattern_analysis": {
    "move_type": "corner",
    "game_phase": "opening",
    "turn_number": 1,
    "policy_entropy": 0.020958540409756084,
    "policy_confidence": 0.9979838709677419,
    "top_policy_moves": [
      {
        "coord": "(1,0)",
        "percentage": 99.8,
        "count": 495
      },
      {
        "coord": "(2,5)",
        "percentage": 0.2,
        "count": 1
      }
    ],
    "total_policy_counts": 496
  },
  "part_comparison": {
    "uniqueness_score": 0.0010558419162407517,
    "similar_positions": [
      421,
      145,
      3783,
      4943,
      3685
    ],
    "part_rank": 14,
    "max_other_part_activation": 855.6083374023438,
    "activation_percentile": 99.78797516280478
  }
}