{
  "position_info": {
    "part": 22,
    "rank": 4,
    "global_position": 584,
    "move_coordinate": "D7",
    "turn_number": 1,
    "npz_file": "1906C337F5CDAFA9.npz",
    "board_tensor_file": "pos_584/board.npy",
    "sgf_file": "pos_584/game.sgf"
  },
  "nmf_analysis": {
    "activation_strength": 0.9546741843223572,
    "rank_in_part": 4,
    "activation_in_other_parts": [
      1325.0894775390625,
      421.4797058105469,
      417.9696044921875,
      25.612470626831055,
      0.0,
      0.0,
      0.4273701608181,
      0.5434607267379761,
      0.0,
      0.0,
      0.3140503466129303,
      0.17548397183418274,
      0.0,
      0.0,
      0.4232288897037506,
      0.027161747217178345,
      0.0,
      0.4535903036594391,
      0.0,
      0.0,
      0.16714665293693542,
      0.03908509761095047,
      0.9546741843223572,
      0.07251092046499252,
      0.4181615710258484
    ],
    "channel_activity": [
      49,
      7,
      8,
      0,
      5,
      1,
      0,
      0,
      0,
      1,
      1,
      1,
      1,
      1,
      1,
      1,
      0,
      1,
      0,
      0,
      0,
      0
    ],
    "top_active_channels": [
      [
        0,
        49
      ],
      [
        2,
        8
      ],
      [
        1,
        7
      ],
      [
        4,
        5
      ],
      [
        5,
        1
      ]
    ],
    "total_board_activity": 78
  },
  "go_pattern_analysis": {
    "move_type": "side",
    "game_phase": "opening",
    "turn_number": 1,
    "policy_entropy": 0.089664045623774,
    "policy_confidence": 0.9901477832512315,
    "top_policy_moves": [
      {
        "coord": "(6,3)",
        "percentage": 99.0,
        "count": 201
      },
      {
        "coord": "(5,1)",
        "percentage": 0.5,
        "count": 1
      },
      {
        "coord": "(4,2)",
        "percentage": 0.5,
        "count": 1
      }
    ],
    "total_policy_counts": 203
  },
  "part_comparison": {
    "uniqueness_score": 0.0007199414540082216,
    "similar_positions": [
      4023,
      4890,
      6484,
      3874,
      970
    ],
    "part_rank": 4,
    "max_other_part_activation": 1325.0894775390625,
    "activation_percentile": 99.93942147508709
  }
}