{
  "position_info": {
    "part": 21,
    "rank": 3,
    "global_position": 1372,
    "move_coordinate": "E2",
    "turn_number": 5,
    "npz_file": "1D638D50844BD930.npz",
    "board_tensor_file": "pos_1372/board.npy",
    "sgf_file": "pos_1372/game.sgf"
  },
  "nmf_analysis": {
    "activation_strength": 1.3961206674575806,
    "rank_in_part": 3,
    "activation_in_other_parts": [
      974.923095703125,
      33.440818786621094,
      257.9394226074219,
      167.3460235595703,
      185.09268188476562,
      0.0,
      0.0,
      0.0,
      0.9056077599525452,
      0.0,
      0.0,
      0.344463974237442,
      0.0,
      0.0,
      0.0,
      0.0,
      0.33912986516952515,
      0.2778182625770569,
      0.0,
      0.17273493111133575,
      0.05265018343925476,
      1.3961206674575806,
      0.0,
      0.0,
      0.0
    ],
    "channel_activity": [
      49,
      10,
      11,
      1,
      6,
      4,
      0,
      0,
      0,
      1,
      1,
      1,
      1,
      1,
      3,
      1,
      1,
      0,
      10,
      11,
      0,
      0
    ],
    "top_active_channels": [
      [
        0,
        49
      ],
      [
        2,
        11
      ],
      [
        19,
        11
      ],
      [
        1,
        10
      ],
      [
        18,
        10
      ]
    ],
    "total_board_activity": 112
  },
  "go_pattern_analysis": {
    "move_type": "corner",
    "game_phase": "opening",
    "turn_number": 5,
    "policy_entropy": -0.0,
    "policy_confidence": 1.0,
    "top_policy_moves": [
      {
        "coord": "(1,4)",
        "percentage": 100.0,
        "count": 519
      }
    ],
    "total_policy_counts": 519
  },
  "part_comparison": {
    "uniqueness_score": 0.0014299837639555335,
    "similar_positions": [
      773,
      774,
      4796,
      772,
      1370
    ],
    "part_rank": 3,
    "max_other_part_activation": 974.923095703125,
    "activation_percentile": 99.95456610631531
  }
}