{
  "position_info": {
    "part": 22,
    "rank": 6,
    "global_position": 1372,
    "move_coordinate": "E2",
    "turn_number": 5,
    "npz_file": "1D638D50844BD930.npz",
    "board_tensor_file": "pos_1372/board.npy",
    "sgf_file": "pos_1372/game.sgf"
  },
  "nmf_analysis": {
    "activation_strength": 0.5320838689804077,
    "rank_in_part": 6,
    "activation_in_other_parts": [
      2229.48046875,
      0.0,
      98.23277282714844,
      4.273838520050049,
      128.42555236816406,
      0.0,
      0.2339358776807785,
      0.0,
      0.0,
      0.0,
      0.0,
      0.0,
      0.0,
      0.0,
      34.52395248413086,
      0.0,
      0.0,
      0.0,
      0.0,
      0.0,
      0.13571284711360931,
      0.0,
      0.5320838689804077,
      0.1405017077922821,
      0.0
    ],
    "channel_activity": [
      49,
      10,
      11,
      1,
      6,
      4,
      0,
      0,
      0,
      1,
      1,
      1,
      1,
      1,
      3,
      1,
      1,
      0,
      10,
      11,
      0,
      0
    ],
    "top_active_channels": [
      [
        0,
        49
      ],
      [
        2,
        11
      ],
      [
        19,
        11
      ],
      [
        1,
        10
      ],
      [
        18,
        10
      ]
    ],
    "total_board_activity": 112
  },
  "go_pattern_analysis": {
    "move_type": "corner",
    "game_phase": "opening",
    "turn_number": 5,
    "policy_entropy": -0.0,
    "policy_confidence": 1.0,
    "top_policy_moves": [
      {
        "coord": "(1,4)",
        "percentage": 100.0,
        "count": 519
      }
    ],
    "total_policy_counts": 519
  },
  "part_comparison": {
    "uniqueness_score": 0.00023860129294916987,
    "similar_positions": [
      6422,
      772,
      4627,
      4624,
      1370
    ],
    "part_rank": 6,
    "max_other_part_activation": 2229.48046875,
    "activation_percentile": 99.90913221263062
  }
}