{
  "position_info": {
    "part": 23,
    "rank": 20,
    "global_position": 5038,
    "move_coordinate": "A1",
    "turn_number": 1,
    "npz_file": "B330F9C802154800.npz",
    "board_tensor_file": "pos_5038/board.npy",
    "sgf_file": "pos_5038/game.sgf"
  },
  "nmf_analysis": {
    "activation_strength": 0.10806965827941895,
    "rank_in_component": 20,
    "activation_in_other_components": [
      0.004286397714167833,
      0.036105744540691376,
      0.0,
      0.0,
      8.374990284210071e-05,
      0.0,
      0.29173263907432556,
      0.016151996329426765,
      0.04847130924463272,
      0.016328265890479088,
      0.02915598824620247,
      0.07480256259441376,
      0.0,
      0.0,
      0.013527271337807178,
      0.12275838851928711,
      0.005934271961450577,
      0.0,
      0.002527390606701374,
      0.010765881277620792,
      0.019242607057094574,
      0.0,
      0.015143339522182941,
      0.10806965827941895,
      0.014244145713746548,
      0.0021415576338768005,
      0.0010392849799245596,
      0.05015529319643974,
      0.3861648440361023,
      0.1910741776227951,
      0.0516434982419014,
      0.35500800609588623,
      0.4185912013053894,
      0.04182495176792145,
      0.06570231169462204,
      0.06342284381389618,
      0.018392443656921387,
      0.05177965760231018,
      0.15009182691574097,
      0.0,
      0.0,
      0.0,
      0.1620073914527893,
      0.011572541669011116,
      0.14099471271038055,
      0.03649382293224335,
      0.009438810870051384,
      0.0010591826867312193,
      0.5513794422149658,
      0.0124719999730587
    ],
    "channel_activity": [
      49,
      2,
      3,
      0,
      0,
      3,
      0,
      0,
      0,
      1,
      1,
      1,
      1,
      1,
      0,
      0,
      0,
      0,
      2,
      3,
      0,
      0
    ],
    "top_active_channels": [
      [
        0,
        49
      ],
      [
        2,
        3
      ],
      [
        5,
        3
      ],
      [
        19,
        3
      ],
      [
        1,
        2
      ]
    ],
    "total_board_activity": 67
  },
  "go_pattern_analysis": {
    "move_type": "corner",
    "game_phase": "opening",
    "turn_number": 1,
    "policy_entropy": 5.643856189774725,
    "policy_confidence": 0.02,
    "top_policy_moves": [
      {
        "coord": "PASS",
        "percentage": 2.0,
        "count": 1
      },
      {
        "coord": "(1,5)",
        "percentage": 2.0,
        "count": 1
      },
      {
        "coord": "(3,1)",
        "percentage": 2.0,
        "count": 1
      },
      {
        "coord": "(3,0)",
        "percentage": 2.0,
        "count": 1
      },
      {
        "coord": "(2,6)",
        "percentage": 2.0,
        "count": 1
      }
    ],
    "total_policy_counts": 50
  },
  "component_comparison": {
    "uniqueness_score": 0.1638786941766739,
    "similar_positions": [
      4333,
      4684,
      5036,
      3374,
      4685
    ],
    "component_rank": 20,
    "max_other_component_activation": 0.5513794422149658,
    "activation_percentile": 99.69710737543541
  }
}