{
  "position_info": {
    "part": 9,
    "rank": 17,
    "global_position": 3097,
    "move_coordinate": "B6",
    "turn_number": 11,
    "npz_file": "76F9EC3EB6A76AA0.npz",
    "board_tensor_file": "pos_3097/board.npy",
    "sgf_file": "pos_3097/game.sgf"
  },
  "nmf_analysis": {
    "activation_strength": 0.6298199892044067,
    "rank_in_part": 17,
    "activation_in_other_parts": [
      2334.87890625,
      190.37222290039062,
      19.583515167236328,
      70.85462188720703,
      0.0,
      10.767313957214355,
      0.0,
      21.356029510498047,
      0.24280045926570892,
      0.6298199892044067,
      27.152402877807617,
      0.0,
      0.0,
      0.0,
      25.575685501098633,
      0.0,
      0.0,
      0.0,
      0.0,
      0.0,
      0.0,
      0.09415767341852188,
      0.06148959696292877,
      0.12068391591310501,
      0.07391663640737534
    ],
    "channel_activity": [
      49,
      8,
      6,
      0,
      0,
      4,
      0,
      0,
      0,
      1,
      1,
      1,
      1,
      1,
      0,
      0,
      0,
      0,
      0,
      0,
      0,
      0
    ],
    "top_active_channels": [
      [
        0,
        49
      ],
      [
        1,
        8
      ],
      [
        2,
        6
      ],
      [
        5,
        4
      ],
      [
        9,
        1
      ]
    ],
    "total_board_activity": 72
  },
  "go_pattern_analysis": {
    "move_type": "corner",
    "game_phase": "opening",
    "turn_number": 11,
    "policy_entropy": 0.1689737103671143,
    "policy_confidence": 0.9767441860465116,
    "top_policy_moves": [
      {
        "coord": "(5,1)",
        "percentage": 97.7,
        "count": 504
      },
      {
        "coord": "(2,1)",
        "percentage": 2.1,
        "count": 11
      },
      {
        "coord": "(4,0)",
        "percentage": 0.2,
        "count": 1
      }
    ],
    "total_policy_counts": 516
  },
  "part_comparison": {
    "uniqueness_score": 0.0002696714363992214,
    "similar_positions": [
      5518,
      4598,
      3374,
      3597,
      5967
    ],
    "part_rank": 16,
    "max_other_part_activation": 2334.87890625,
    "activation_percentile": 99.75768590034832
  }
}