{
  "position_info": {
    "part": 9,
    "rank": 15,
    "global_position": 1512,
    "move_coordinate": "E7",
    "turn_number": 20,
    "npz_file": "1D638D50844BD930.npz",
    "board_tensor_file": "pos_1512/board.npy",
    "sgf_file": "pos_1512/game.sgf"
  },
  "nmf_analysis": {
    "activation_strength": 1.3047820329666138,
    "rank_in_part": 15,
    "activation_in_other_parts": [
      3219.663330078125,
      301.4580383300781,
      160.2822265625,
      98.09601593017578,
      28.08731460571289,
      0.0,
      0.0,
      0.21686173975467682,
      0.016514524817466736,
      1.3047820329666138,
      0.0,
      0.0,
      0.2139478325843811,
      0.0,
      0.27953872084617615,
      0.7421049475669861,
      0.0,
      0.7338961362838745,
      0.0,
      0.0,
      0.343375027179718,
      0.0,
      0.24999044835567474,
      0.6361380219459534,
      0.0
    ],
    "channel_activity": [
      49,
      13,
      13,
      5,
      8,
      0,
      0,
      0,
      0,
      1,
      1,
      1,
      1,
      1,
      2,
      7,
      1,
      0,
      0,
      0,
      0,
      0
    ],
    "top_active_channels": [
      [
        0,
        49
      ],
      [
        1,
        13
      ],
      [
        2,
        13
      ],
      [
        4,
        8
      ],
      [
        15,
        7
      ]
    ],
    "total_board_activity": 103
  },
  "go_pattern_analysis": {
    "move_type": "corner",
    "game_phase": "opening",
    "turn_number": 20,
    "policy_entropy": 0.8344714767337181,
    "policy_confidence": 0.8220858895705522,
    "top_policy_moves": [
      {
        "coord": "(6,4)",
        "percentage": 82.2,
        "count": 134
      },
      {
        "coord": "(4,1)",
        "percentage": 12.3,
        "count": 20
      },
      {
        "coord": "(6,5)",
        "percentage": 5.5,
        "count": 9
      }
    ],
    "total_policy_counts": 163
  },
  "part_comparison": {
    "uniqueness_score": 0.00040509001701138914,
    "similar_positions": [
      3783,
      145,
      421,
      3785,
      4387
    ],
    "part_rank": 15,
    "max_other_part_activation": 3219.663330078125,
    "activation_percentile": 99.77283053157655
  }
}