{
  "position_info": {
    "part": 21,
    "rank": 17,
    "global_position": 2066,
    "move_coordinate": "C5",
    "turn_number": 9,
    "npz_file": "565285905A9A0C14.npz",
    "board_tensor_file": "pos_2066/board.npy",
    "sgf_file": "pos_2066/game.sgf"
  },
  "nmf_analysis": {
    "activation_strength": 0.4301729202270508,
    "rank_in_part": 17,
    "activation_in_other_parts": [
      666.1870727539062,
      304.3735656738281,
      1.4647948741912842,
      53.35847473144531,
      16.139385223388672,
      106.3633804321289,
      0.03396547585725784,
      0.0,
      0.0,
      0.0,
      8.792688369750977,
      0.008980125188827515,
      0.0,
      0.16256879270076752,
      35.897560119628906,
      0.0,
      0.0,
      0.0,
      0.0,
      0.09210224449634552,
      0.0,
      0.4301729202270508,
      0.0,
      0.0,
      0.0022254586219787598
    ],
    "channel_activity": [
      49,
      3,
      3,
      0,
      0,
      1,
      0,
      0,
      0,
      1,
      1,
      1,
      1,
      1,
      0,
      0,
      0,
      0,
      0,
      0,
      0,
      0
    ],
    "top_active_channels": [
      [
        0,
        49
      ],
      [
        1,
        3
      ],
      [
        2,
        3
      ],
      [
        5,
        1
      ],
      [
        9,
        1
      ]
    ],
    "total_board_activity": 61
  },
  "go_pattern_analysis": {
    "move_type": "corner",
    "game_phase": "opening",
    "turn_number": 9,
    "policy_entropy": -0.0,
    "policy_confidence": 1.0,
    "top_policy_moves": [
      {
        "coord": "(4,2)",
        "percentage": 100.0,
        "count": 530
      }
    ],
    "total_policy_counts": 530
  },
  "part_comparison": {
    "uniqueness_score": 0.0006453072419390082,
    "similar_positions": [
      2298,
      5535,
      776,
      5533,
      5534
    ],
    "part_rank": 17,
    "max_other_part_activation": 666.1870727539062,
    "activation_percentile": 99.7425412691201
  }
}