{
  "position_info": {
    "part": 10,
    "rank": 2,
    "global_position": 3536,
    "move_coordinate": "C4",
    "turn_number": 1,
    "npz_file": "AAE4EE8DC9A92FFF.npz",
    "board_tensor_file": "pos_3536/board.npy",
    "sgf_file": "pos_3536/game.sgf"
  },
  "nmf_analysis": {
    "activation_strength": 267.633544921875,
    "rank_in_part": 2,
    "activation_in_other_parts": [
      0.0,
      90.54155731201172,
      0.0,
      0.0,
      7.530348777770996,
      21.167268753051758,
      0.0,
      4.283271789550781,
      0.428716242313385,
      0.0,
      267.633544921875,
      0.048031389713287354,
      0.0,
      0.15767665207386017,
      0.0,
      0.2487674206495285,
      0.0,
      0.0,
      0.0,
      0.10795657336711884,
      0.0761149674654007,
      0.0,
      0.06015386804938316,
      0.0,
      0.0
    ],
    "channel_activity": [
      49,
      0,
      1,
      0,
      0,
      0,
      0,
      0,
      0,
      1,
      0,
      0,
      0,
      0,
      0,
      0,
      0,
      0,
      0,
      49,
      0,
      0
    ],
    "top_active_channels": [
      [
        0,
        49
      ],
      [
        19,
        49
      ],
      [
        2,
        1
      ],
      [
        9,
        1
      ],
      [
        1,
        0
      ]
    ],
    "total_board_activity": 100
  },
  "go_pattern_analysis": {
    "move_type": "side",
    "game_phase": "opening",
    "turn_number": 1,
    "policy_entropy": 1.9929093672231906,
    "policy_confidence": 0.2925170068027211,
    "top_policy_moves": [
      {
        "coord": "(3,2)",
        "percentage": 29.3,
        "count": 43
      },
      {
        "coord": "(3,4)",
        "percentage": 24.5,
        "count": 36
      },
      {
        "coord": "(4,2)",
        "percentage": 23.1,
        "count": 34
      },
      {
        "coord": "(4,4)",
        "percentage": 23.1,
        "count": 34
      }
    ],
    "total_policy_counts": 147
  },
  "part_comparison": {
    "uniqueness_score": 0.7472142577171326,
    "similar_positions": [
      779,
      1724,
      3835,
      6323,
      3821
    ],
    "part_rank": 2,
    "max_other_part_activation": 90.54155731201172,
    "activation_percentile": 99.96971073754354
  }
}