{
  "position_info": {
    "part": 11,
    "rank": 15,
    "global_position": 1934,
    "move_coordinate": "G6",
    "turn_number": 1,
    "npz_file": "1D638D50844BD930.npz",
    "board_tensor_file": "pos_1934/board.npy",
    "sgf_file": "pos_1934/game.sgf"
  },
  "nmf_analysis": {
    "activation_strength": 0.8372911810874939,
    "rank_in_part": 15,
    "activation_in_other_parts": [
      0.0,
      121.03595733642578,
      83.91344451904297,
      309.3314208984375,
      217.35675048828125,
      0.0,
      0.0,
      0.0,
      0.0,
      0.0,
      0.0,
      0.8372911810874939,
      0.44217628240585327,
      0.0,
      0.0390385240316391,
      0.0,
      0.0,
      0.22560152411460876,
      0.3191823363304138,
      0.0004679486155509949,
      0.6094608306884766,
      0.19323691725730896,
      0.0,
      0.0,
      0.10001480579376221
    ],
    "channel_activity": [
      49,
      6,
      7,
      2,
      0,
      6,
      0,
      0,
      0,
      1,
      1,
      1,
      1,
      1,
      0,
      1,
      1,
      0,
      0,
      0,
      0,
      0
    ],
    "top_active_channels": [
      [
        0,
        49
      ],
      [
        2,
        7
      ],
      [
        1,
        6
      ],
      [
        5,
        6
      ],
      [
        3,
        2
      ]
    ],
    "total_board_activity": 77
  },
  "go_pattern_analysis": {
    "move_type": "corner",
    "game_phase": "opening",
    "turn_number": 1,
    "policy_entropy": 0.06816352451247974,
    "policy_confidence": 0.9928057553956835,
    "top_policy_moves": [
      {
        "coord": "(5,6)",
        "percentage": 99.3,
        "count": 414
      },
      {
        "coord": "(2,0)",
        "percentage": 0.5,
        "count": 2
      },
      {
        "coord": "PASS",
        "percentage": 0.2,
        "count": 1
      }
    ],
    "total_policy_counts": 417
  },
  "part_comparison": {
    "uniqueness_score": 0.0026994701474905014,
    "similar_positions": [
      770,
      2664,
      3363,
      4243,
      771
    ],
    "part_rank": 15,
    "max_other_part_activation": 309.3314208984375,
    "activation_percentile": 99.77283053157655
  }
}