{
  "position_info": {
    "part": 22,
    "rank": 11,
    "global_position": 430,
    "move_coordinate": "D7",
    "turn_number": 19,
    "npz_file": "1906C337F5CDAFA9.npz",
    "board_tensor_file": "pos_430/board.npy",
    "sgf_file": "pos_430/game.sgf"
  },
  "nmf_analysis": {
    "activation_strength": 0.891524612903595,
    "rank_in_part": 11,
    "activation_in_other_parts": [
      1244.0689697265625,
      420.5587158203125,
      438.3928527832031,
      24.26675796508789,
      0.0,
      0.0,
      0.5402034521102905,
      0.5497803092002869,
      0.0,
      0.0,
      0.25268667936325073,
      0.26836568117141724,
      0.0,
      0.0,
      0.11377709358930588,
      0.09872573614120483,
      0.07159873843193054,
      0.49431222677230835,
      0.0,
      0.0,
      0.03458250313997269,
      0.0,
      0.891524612903595,
      0.0,
      0.5831390023231506
    ],
    "channel_activity": [
      49,
      8,
      8,
      0,
      6,
      2,
      0,
      0,
      0,
      1,
      1,
      1,
      1,
      1,
      1,
      1,
      0,
      1,
      10,
      10,
      0,
      0
    ],
    "top_active_channels": [
      [
        0,
        49
      ],
      [
        18,
        10
      ],
      [
        19,
        10
      ],
      [
        1,
        8
      ],
      [
        2,
        8
      ]
    ],
    "total_board_activity": 101
  },
  "go_pattern_analysis": {
    "move_type": "side",
    "game_phase": "opening",
    "turn_number": 19,
    "policy_entropy": -0.0,
    "policy_confidence": 1.0,
    "top_policy_moves": [
      {
        "coord": "(6,3)",
        "percentage": 100.0,
        "count": 178
      }
    ],
    "total_policy_counts": 178
  },
  "part_comparison": {
    "uniqueness_score": 0.0007161067915149033,
    "similar_positions": [
      4023,
      4890,
      6484,
      584,
      3874
    ],
    "part_rank": 11,
    "max_other_part_activation": 1244.0689697265625,
    "activation_percentile": 99.83340905648947
  }
}