{
  "position_info": {
    "part": 25,
    "rank": 15,
    "global_position": 1137,
    "move_coordinate": "A1",
    "turn_number": 1,
    "npz_file": "1D638D50844BD930.npz",
    "board_tensor_file": "pos_1137/board.npy",
    "sgf_file": "pos_1137/game.sgf"
  },
  "nmf_analysis": {
    "activation_strength": 0.013317303732037544,
    "rank_in_part": 15,
    "activation_in_other_parts": [
      0.10103824734687805,
      0.0,
      0.0,
      0.020688962191343307,
      0.025016164407134056,
      0.0,
      0.0,
      0.0,
      0.0788881927728653,
      0.0,
      0.05662161484360695,
      0.004837358370423317,
      0.012790418229997158,
      0.0,
      0.04410888999700546,
      0.0,
      0.025089694187045097,
      2.174589280912187e-05,
      0.042138297110795975,
      0.0,
      0.0489245280623436,
      0.0,
      0.042367517948150635,
      0.054857902228832245,
      0.0,
      0.013317303732037544,
      0.011427018791437149,
      0.0,
      0.044930651783943176,
      0.26698288321495056,
      0.0,
      0.09277136623859406,
      0.0,
      0.590507984161377,
      0.4031347334384918,
      0.0,
      0.10296875983476639,
      0.09733106195926666,
      0.0002672440023161471,
      0.0769401267170906,
      0.0,
      0.13494114577770233,
      0.1464168280363083,
      0.040120936930179596,
      0.0,
      0.0,
      0.0727819874882698,
      0.03063150867819786,
      0.019538937136530876,
      0.5158403515815735
    ],
    "channel_activity": [
      49,
      21,
      11,
      0,
      0,
      0,
      0,
      0,
      0,
      0,
      1,
      0,
      1,
      0,
      0,
      0,
      0,
      0,
      29,
      20,
      0,
      0
    ],
    "top_active_channels": [
      [
        0,
        49
      ],
      [
        18,
        29
      ],
      [
        1,
        21
      ],
      [
        19,
        20
      ],
      [
        2,
        11
      ]
    ],
    "total_board_activity": 132
  },
  "go_pattern_analysis": {
    "move_type": "corner",
    "game_phase": "opening",
    "turn_number": 1,
    "policy_entropy": 5.643856189774725,
    "policy_confidence": 0.02,
    "top_policy_moves": [
      {
        "coord": "PASS",
        "percentage": 2.0,
        "count": 1
      },
      {
        "coord": "(1,5)",
        "percentage": 2.0,
        "count": 1
      },
      {
        "coord": "(3,1)",
        "percentage": 2.0,
        "count": 1
      },
      {
        "coord": "(3,0)",
        "percentage": 2.0,
        "count": 1
      },
      {
        "coord": "(2,6)",
        "percentage": 2.0,
        "count": 1
      }
    ],
    "total_policy_counts": 50
  },
  "part_comparison": {
    "uniqueness_score": 0.022054895758628845,
    "similar_positions": [
      1177,
      776,
      6571,
      1562,
      5602
    ],
    "part_rank": 15,
    "max_other_part_activation": 0.590507984161377,
    "activation_percentile": 99.77283053157655
  }
}