{
  "position_info": {
    "part": 20,
    "rank": 1,
    "global_position": 6482,
    "move_coordinate": "B3",
    "turn_number": 17,
    "npz_file": "E3CD9898B9AFF870.npz",
    "board_tensor_file": "pos_6482/board.npy",
    "sgf_file": "pos_6482/game.sgf"
  },
  "nmf_analysis": {
    "activation_strength": 1.0430889129638672,
    "rank_in_part": 1,
    "activation_in_other_parts": [
      101.49652862548828,
      219.26046752929688,
      137.63938903808594,
      180.5762939453125,
      264.91455078125,
      0.0,
      0.0,
      0.0,
      0.0,
      0.0,
      0.011892259120941162,
      0.22417297959327698,
      0.3439664840698242,
      0.01558883860707283,
      0.0,
      0.17015492916107178,
      0.0,
      0.12537311017513275,
      0.0,
      0.0,
      1.0430889129638672,
      0.17801469564437866,
      0.24680115282535553,
      0.0,
      0.0
    ],
    "channel_activity": [
      49,
      3,
      4,
      0,
      2,
      2,
      0,
      0,
      0,
      1,
      1,
      1,
      1,
      1,
      2,
      0,
      0,
      1,
      3,
      4,
      0,
      0
    ],
    "top_active_channels": [
      [
        0,
        49
      ],
      [
        2,
        4
      ],
      [
        19,
        4
      ],
      [
        1,
        3
      ],
      [
        18,
        3
      ]
    ],
    "total_board_activity": 75
  },
  "go_pattern_analysis": {
    "move_type": "corner",
    "game_phase": "opening",
    "turn_number": 17,
    "policy_entropy": -0.0,
    "policy_confidence": 1.0,
    "top_policy_moves": [
      {
        "coord": "(2,1)",
        "percentage": 100.0,
        "count": 541
      }
    ],
    "total_policy_counts": 541
  },
  "part_comparison": {
    "uniqueness_score": 0.003922011237591505,
    "similar_positions": [
      560,
      5115,
      3119,
      4930,
      5113
    ],
    "part_rank": 1,
    "max_other_part_activation": 264.91455078125,
    "activation_percentile": 99.98485536877178
  }
}