{
  "position_info": {
    "part": 6,
    "rank": 16,
    "global_position": 3344,
    "move_coordinate": "B4",
    "turn_number": 18,
    "npz_file": "AAE4EE8DC9A92FFF.npz",
    "board_tensor_file": "pos_3344/board.npy",
    "sgf_file": "pos_3344/game.sgf"
  },
  "nmf_analysis": {
    "activation_strength": 0.4746842086315155,
    "rank_in_part": 16,
    "activation_in_other_parts": [
      0.018892943859100342,
      0.14159326255321503,
      0.0715598315000534,
      0.09619501978158951,
      0.08648806065320969,
      0.30122607946395874,
      0.4746842086315155,
      0.05365213379263878,
      0.013534235768020153,
      0.3894723355770111,
      0.14192910492420197,
      0.14730162918567657,
      0.3660111129283905,
      0.04159209504723549,
      0.0541662722826004,
      0.050617896020412445,
      0.057359058409929276,
      0.004162489902228117,
      0.0,
      0.0,
      0.009139984846115112,
      0.004091328009963036,
      0.27211880683898926,
      0.057656675577163696,
      0.44547873735427856
    ],
    "channel_activity": [
      49,
      4,
      4,
      0,
      1,
      1,
      0,
      0,
      0,
      1,
      1,
      1,
      1,
      1,
      1,
      0,
      0,
      0,
      0,
      0,
      0,
      0
    ],
    "top_active_channels": [
      [
        0,
        49
      ],
      [
        1,
        4
      ],
      [
        2,
        4
      ],
      [
        4,
        1
      ],
      [
        5,
        1
      ]
    ],
    "total_board_activity": 65
  },
  "go_pattern_analysis": {
    "move_type": "side",
    "game_phase": "opening",
    "turn_number": 18,
    "policy_entropy": 0.8673914036622622,
    "policy_confidence": 0.7110266159695817,
    "top_policy_moves": [
      {
        "coord": "(3,1)",
        "percentage": 71.1,
        "count": 187
      },
      {
        "coord": "(2,1)",
        "percentage": 28.9,
        "count": 76
      }
    ],
    "total_policy_counts": 263
  },
  "part_comparison": {
    "uniqueness_score": 0.5158697366714478,
    "similar_positions": [
      5479,
      4516,
      4603,
      2431,
      4920
    ],
    "part_rank": 16,
    "max_other_part_activation": 0.44547873735427856,
    "activation_percentile": 99.75768590034832
  }
}