{
  "position_info": {
    "part": 46,
    "rank": 17,
    "global_position": 6240,
    "move_coordinate": "PASS",
    "turn_number": 1,
    "npz_file": "E3CD9898B9AFF870.npz",
    "board_tensor_file": "pos_6240/board.npy",
    "sgf_file": "pos_6240/game.sgf"
  },
  "nmf_analysis": {
    "activation_strength": 0.32813000679016113,
    "rank_in_part": 17,
    "activation_in_other_parts": [
      0.09485061466693878,
      0.0,
      0.0,
      0.003965358249843121,
      1.3253651559352875e-05,
      0.003005017526447773,
      0.02874620445072651,
      0.004393949173390865,
      0.0006647324189543724,
      0.0028726188465952873,
      0.014860779047012329,
      0.0,
      0.005493603181093931,
      0.008438090793788433,
      0.00956276711076498,
      0.0,
      0.0096671674400568,
      0.0002202523173764348,
      0.01593554951250553,
      0.01542733609676361,
      0.0008616914856247604,
      0.005563914775848389,
      0.003847510553896427,
      0.0036835218779742718,
      0.009211019612848759,
      0.005978693719953299,
      0.003571960376575589,
      0.008142582140862942,
      0.14342957735061646,
      0.0,
      0.008073443546891212,
      0.10624691098928452,
      0.028003521263599396,
      0.27723461389541626,
      0.14479365944862366,
      0.1927095651626587,
      0.09899454563856125,
      0.2356281280517578,
      0.03604860231280327,
      0.22488752007484436,
      0.0746956393122673,
      0.0,
      0.08249777555465698,
      0.08831382542848587,
      0.10076446831226349,
      0.14189419150352478,
      0.32813000679016113,
      0.18570363521575928,
      0.1792152225971222,
      0.4326219856739044
    ],
    "channel_activity": [
      49,
      8,
      8,
      0,
      0,
      0,
      0,
      0,
      0,
      1,
      1,
      1,
      1,
      1,
      0,
      0,
      1,
      0,
      8,
      20,
      0,
      0
    ],
    "top_active_channels": [
      [
        0,
        49
      ],
      [
        19,
        20
      ],
      [
        1,
        8
      ],
      [
        2,
        8
      ],
      [
        18,
        8
      ]
    ],
    "total_board_activity": 99
  },
  "go_pattern_analysis": {
    "move_type": "pass",
    "game_phase": "opening",
    "turn_number": 1,
    "policy_entropy": -0.0,
    "policy_confidence": 1.0,
    "top_policy_moves": [
      {
        "coord": "PASS",
        "percentage": 100.0,
        "count": 551
      }
    ],
    "total_policy_counts": 551
  },
  "part_comparison": {
    "uniqueness_score": 0.43132326006889343,
    "similar_positions": [
      2526,
      3558,
      4802,
      4395,
      4238
    ],
    "part_rank": 17,
    "max_other_part_activation": 0.4326219856739044,
    "activation_percentile": 99.7425412691201
  }
}