{
  "position_info": {
    "part": 32,
    "rank": 8,
    "global_position": 2056,
    "move_coordinate": "B6",
    "turn_number": 11,
    "npz_file": "565285905A9A0C14.npz",
    "board_tensor_file": "pos_2056/board.npy",
    "sgf_file": "pos_2056/game.sgf"
  },
  "nmf_analysis": {
    "activation_strength": 0.47672680020332336,
    "rank_in_part": 8,
    "activation_in_other_parts": [
      0.13656958937644958,
      0.08057369291782379,
      0.0,
      0.011449948884546757,
      0.0026774583384394646,
      0.03693380579352379,
      0.048608072102069855,
      0.04574963077902794,
      0.01129943784326315,
      0.049783747643232346,
      0.007564363535493612,
      0.01061196718364954,
      0.001800374942831695,
      0.03250949829816818,
      0.003389356890693307,
      0.002521426882594824,
      0.005129204597324133,
      0.0003982103371527046,
      0.007278187200427055,
      0.05165007337927818,
      0.007692971266806126,
      0.010211674496531487,
      0.006204200442880392,
      0.023208091035485268,
      0.01800372637808323,
      0.0031990609131753445,
      0.0006440845318138599,
      0.009518114849925041,
      0.13754262030124664,
      0.0,
      0.23531408607959747,
      0.056028589606285095,
      0.47672680020332336,
      0.03972941264510155,
      0.0,
      0.11343225091695786,
      0.0,
      0.050557754933834076,
      0.17293038964271545,
      0.14935748279094696,
      0.1670125424861908,
      0.30856624245643616,
      0.02126293256878853,
      0.05798226222395897,
      0.1680590659379959,
      0.011549821123480797,
      0.05369269847869873,
      0.1811516284942627,
      0.1259952038526535,
      0.4384446144104004
    ],
    "channel_activity": [
      49,
      7,
      7,
      0,
      2,
      0,
      0,
      0,
      0,
      1,
      1,
      1,
      1,
      1,
      1,
      2,
      1,
      1,
      7,
      7,
      0,
      0
    ],
    "top_active_channels": [
      [
        0,
        49
      ],
      [
        1,
        7
      ],
      [
        2,
        7
      ],
      [
        18,
        7
      ],
      [
        19,
        7
      ]
    ],
    "total_board_activity": 89
  },
  "go_pattern_analysis": {
    "move_type": "corner",
    "game_phase": "opening",
    "turn_number": 11,
    "policy_entropy": 0.3327795598700386,
    "policy_confidence": 0.9386503067484663,
    "top_policy_moves": [
      {
        "coord": "(5,1)",
        "percentage": 93.9,
        "count": 459
      },
      {
        "coord": "(1,4)",
        "percentage": 6.1,
        "count": 30
      }
    ],
    "total_policy_counts": 489
  },
  "part_comparison": {
    "uniqueness_score": 0.5209153294563293,
    "similar_positions": [
      2356,
      4266,
      1365,
      2353,
      4460
    ],
    "part_rank": 8,
    "max_other_part_activation": 0.4384446144104004,
    "activation_percentile": 99.87884295017416
  }
}