{
  "position_info": {
    "part": 6,
    "rank": 9,
    "global_position": 1797,
    "move_coordinate": "C6",
    "turn_number": 17,
    "npz_file": "1D638D50844BD930.npz",
    "board_tensor_file": "pos_1797/board.npy",
    "sgf_file": "pos_1797/game.sgf"
  },
  "nmf_analysis": {
    "activation_strength": 0.8449927568435669,
    "rank_in_part": 9,
    "activation_in_other_parts": [
      2712.16650390625,
      96.21536254882812,
      0.0,
      147.32398986816406,
      203.13131713867188,
      0.0,
      0.8449927568435669,
      0.39974579215049744,
      0.0,
      0.05935603380203247,
      0.0,
      0.21781404316425323,
      0.0,
      0.45094725489616394,
      0.0,
      0.0,
      0.0,
      0.0,
      0.0,
      0.16568559408187866,
      0.0,
      0.0,
      0.5592019557952881,
      0.0,
      0.8517671823501587
    ],
    "channel_activity": [
      49,
      6,
      7,
      1,
      1,
      1,
      0,
      0,
      0,
      1,
      1,
      1,
      1,
      1,
      0,
      0,
      0,
      0,
      0,
      0,
      0,
      0
    ],
    "top_active_channels": [
      [
        0,
        49
      ],
      [
        2,
        7
      ],
      [
        1,
        6
      ],
      [
        3,
        1
      ],
      [
        4,
        1
      ]
    ],
    "total_board_activity": 70
  },
  "go_pattern_analysis": {
    "move_type": "corner",
    "game_phase": "opening",
    "turn_number": 17,
    "policy_entropy": 1.1730773795562248,
    "policy_confidence": 0.7299771167048055,
    "top_policy_moves": [
      {
        "coord": "(5,2)",
        "percentage": 73.0,
        "count": 319
      },
      {
        "coord": "(5,1)",
        "percentage": 18.3,
        "count": 80
      },
      {
        "coord": "(4,2)",
        "percentage": 4.6,
        "count": 20
      },
      {
        "coord": "(6,1)",
        "percentage": 4.1,
        "count": 18
      }
    ],
    "total_policy_counts": 437
  },
  "part_comparison": {
    "uniqueness_score": 0.00031145932734943926,
    "similar_positions": [
      4150,
      3862,
      5833,
      5834,
      4238
    ],
    "part_rank": 9,
    "max_other_part_activation": 2712.16650390625,
    "activation_percentile": 99.86369831894594
  }
}