{
  "position_info": {
    "part": 14,
    "rank": 11,
    "global_position": 1110,
    "move_coordinate": "PASS",
    "turn_number": 1,
    "npz_file": "1D638D50844BD930.npz",
    "board_tensor_file": "pos_1110/board.npy",
    "sgf_file": "pos_1110/game.sgf"
  },
  "nmf_analysis": {
    "activation_strength": 0.9967927932739258,
    "rank_in_part": 11,
    "activation_in_other_parts": [
      3931.72314453125,
      7.1607232093811035,
      35.80886459350586,
      103.54437255859375,
      139.06723022460938,
      0.19940906763076782,
      0.6779359579086304,
      0.0,
      0.0,
      0.21801486611366272,
      0.0,
      0.3639613687992096,
      0.0,
      0.0,
      0.9967927932739258,
      0.18095293641090393,
      0.0,
      0.22971969842910767,
      0.04171391949057579,
      0.0,
      0.0,
      0.0,
      0.0,
      0.0,
      0.0
    ],
    "channel_activity": [
      49,
      8,
      9,
      0,
      1,
      2,
      0,
      0,
      0,
      1,
      1,
      1,
      1,
      1,
      0,
      0,
      0,
      0,
      0,
      0,
      0,
      0
    ],
    "top_active_channels": [
      [
        0,
        49
      ],
      [
        2,
        9
      ],
      [
        1,
        8
      ],
      [
        5,
        2
      ],
      [
        4,
        1
      ]
    ],
    "total_board_activity": 74
  },
  "go_pattern_analysis": {
    "move_type": "pass",
    "game_phase": "opening",
    "turn_number": 1,
    "policy_entropy": 0.15557613402633444,
    "policy_confidence": 0.9806451612903225,
    "top_policy_moves": [
      {
        "coord": "PASS",
        "percentage": 98.1,
        "count": 152
      },
      {
        "coord": "(3,5)",
        "percentage": 1.3,
        "count": 2
      },
      {
        "coord": "(4,6)",
        "percentage": 0.6,
        "count": 1
      }
    ],
    "total_policy_counts": 155
  },
  "part_comparison": {
    "uniqueness_score": 0.00025346141774207354,
    "similar_positions": [
      4041,
      4704,
      1824,
      45,
      1825
    ],
    "part_rank": 11,
    "max_other_part_activation": 3931.72314453125,
    "activation_percentile": 99.83340905648947
  }
}