{
  "position_info": {
    "part": 17,
    "rank": 15,
    "global_position": 2707,
    "move_coordinate": "B4",
    "turn_number": 15,
    "npz_file": "76F9EC3EB6A76AA0.npz",
    "board_tensor_file": "pos_2707/board.npy",
    "sgf_file": "pos_2707/game.sgf"
  },
  "nmf_analysis": {
    "activation_strength": 0.9924609661102295,
    "rank_in_part": 15,
    "activation_in_other_parts": [
      159.62356567382812,
      455.2150573730469,
      388.94061279296875,
      78.3509292602539,
      57.293968200683594,
      0.0,
      0.35922396183013916,
      0.3995058834552765,
      0.1572658121585846,
      0.0,
      0.40031781792640686,
      0.0,
      0.0,
      0.0,
      0.499744176864624,
      0.0,
      0.345856249332428,
      0.9924609661102295,
      0.14264337718486786,
      0.0,
      0.07103129476308823,
      0.04893508553504944,
      0.0,
      0.0,
      0.10921800136566162
    ],
    "channel_activity": [
      49,
      6,
      6,
      0,
      1,
      1,
      0,
      0,
      0,
      1,
      1,
      1,
      1,
      1,
      1,
      0,
      1,
      1,
      6,
      6,
      0,
      0
    ],
    "top_active_channels": [
      [
        0,
        49
      ],
      [
        1,
        6
      ],
      [
        2,
        6
      ],
      [
        18,
        6
      ],
      [
        19,
        6
      ]
    ],
    "total_board_activity": 83
  },
  "go_pattern_analysis": {
    "move_type": "side",
    "game_phase": "opening",
    "turn_number": 15,
    "policy_entropy": -0.0,
    "policy_confidence": 1.0,
    "top_policy_moves": [
      {
        "coord": "(3,1)",
        "percentage": 100.0,
        "count": 352
      }
    ],
    "total_policy_counts": 352
  },
  "part_comparison": {
    "uniqueness_score": 0.0021754594054073095,
    "similar_positions": [
      1944,
      1943,
      260,
      259,
      2940
    ],
    "part_rank": 15,
    "max_other_part_activation": 455.2150573730469,
    "activation_percentile": 99.77283053157655
  }
}