{
  "position_info": {
    "part": 42,
    "rank": 8,
    "global_position": 1171,
    "move_coordinate": "C6",
    "turn_number": 8,
    "npz_file": "1D638D50844BD930.npz",
    "board_tensor_file": "pos_1171/board.npy",
    "sgf_file": "pos_1171/game.sgf"
  },
  "nmf_analysis": {
    "activation_strength": 0.38488948345184326,
    "rank_in_part": 8,
    "activation_in_other_parts": [
      0.033378660678863525,
      0.05192188173532486,
      0.0,
      0.0016094585880637169,
      0.0016858275048434734,
      0.0,
      0.10309644043445587,
      0.020286714658141136,
      0.00889457669109106,
      0.0,
      0.01225244253873825,
      0.06488551944494247,
      0.0,
      0.00019225035794079304,
      0.0037533955182880163,
      0.12594005465507507,
      0.005483446177095175,
      9.062552999239415e-05,
      0.0024710337165743113,
      0.004685523454099894,
      0.0021421494893729687,
      0.0,
      0.0020037151407450438,
      0.02018454298377037,
      0.0,
      0.002577114850282669,
      0.0,
      0.011610235087573528,
      0.12374542653560638,
      0.2546127736568451,
      0.312202513217926,
      0.22532130777835846,
      0.23763898015022278,
      0.01762959361076355,
      0.07987188547849655,
      0.12006306648254395,
      0.013760940171778202,
      0.08049392700195312,
      0.23016738891601562,
      0.0,
      0.053168363869190216,
      0.0010766985360533,
      0.38488948345184326,
      0.022208480164408684,
      0.0,
      0.0318310409784317,
      0.026612618938088417,
      0.0,
      0.5421304702758789,
      0.08359664678573608
    ],
    "channel_activity": [
      49,
      3,
      4,
      0,
      0,
      1,
      0,
      0,
      0,
      1,
      1,
      1,
      1,
      1,
      0,
      0,
      0,
      0,
      3,
      4,
      0,
      0
    ],
    "top_active_channels": [
      [
        0,
        49
      ],
      [
        2,
        4
      ],
      [
        19,
        4
      ],
      [
        1,
        3
      ],
      [
        18,
        3
      ]
    ],
    "total_board_activity": 69
  },
  "go_pattern_analysis": {
    "move_type": "corner",
    "game_phase": "opening",
    "turn_number": 8,
    "policy_entropy": 1.7776658396364597,
    "policy_confidence": 0.460655737704918,
    "top_policy_moves": [
      {
        "coord": "(5,2)",
        "percentage": 46.1,
        "count": 281
      },
      {
        "coord": "(1,3)",
        "percentage": 36.7,
        "count": 224
      },
      {
        "coord": "(5,3)",
        "percentage": 11.8,
        "count": 72
      },
      {
        "coord": "(5,4)",
        "percentage": 2.0,
        "count": 12
      },
      {
        "coord": "(0,2)",
        "percentage": 1.0,
        "count": 6
      }
    ],
    "total_policy_counts": 610
  },
  "part_comparison": {
    "uniqueness_score": 0.41519007086753845,
    "similar_positions": [
      3644,
      722,
      2662,
      4972,
      4306
    ],
    "part_rank": 8,
    "max_other_part_activation": 0.5421304702758789,
    "activation_percentile": 99.87884295017416
  }
}