{
  "position_info": {
    "part": 28,
    "rank": 7,
    "global_position": 1231,
    "move_coordinate": "A1",
    "turn_number": 1,
    "npz_file": "1D638D50844BD930.npz",
    "board_tensor_file": "pos_1231/board.npy",
    "sgf_file": "pos_1231/game.sgf"
  },
  "nmf_analysis": {
    "activation_strength": 0.539871096611023,
    "rank_in_component": 7,
    "activation_in_other_components": [
      0.028787989169359207,
      0.08952753245830536,
      0.0,
      0.008077864535152912,
      0.014094020240008831,
      0.020863255485892296,
      0.05820441618561745,
      0.029193518683314323,
      0.009730805642902851,
      0.030437421053647995,
      0.0,
      0.016493314877152443,
      0.01318154577165842,
      0.018707584589719772,
      0.007442098576575518,
      0.004578289110213518,
      0.0,
      0.00038222724106162786,
      0.0,
      0.022590583190321922,
      0.0077702347189188,
      0.016995325684547424,
      0.00508723221719265,
      0.02910066395998001,
      0.031077509745955467,
      0.0,
      0.0,
      0.0149362962692976,
      0.539871096611023,
      0.17674985527992249,
      0.05211624875664711,
      0.0,
      0.12145544588565826,
      0.12114498764276505,
      0.26222577691078186,
      0.003045574761927128,
      0.28291821479797363,
      0.1562461107969284,
      0.0,
      0.10138214379549026,
      0.0,
      0.13139325380325317,
      0.00303560309112072,
      0.05823282152414322,
      0.05010406672954559,
      0.133244127035141,
      0.0850030854344368,
      0.12421621382236481,
      0.21261629462242126,
      0.32689523696899414
    ],
    "channel_activity": [
      49,
      12,
      13,
      0,
      1,
      7,
      0,
      0,
      0,
      1,
      1,
      1,
      0,
      0,
      0,
      0,
      0,
      0,
      0,
      0,
      0,
      0
    ],
    "top_active_channels": [
      [
        0,
        49
      ],
      [
        2,
        13
      ],
      [
        1,
        12
      ],
      [
        5,
        7
      ],
      [
        4,
        1
      ]
    ],
    "total_board_activity": 85
  },
  "go_pattern_analysis": {
    "move_type": "corner",
    "game_phase": "opening",
    "turn_number": 1,
    "policy_entropy": 5.643856189774725,
    "policy_confidence": 0.02,
    "top_policy_moves": [
      {
        "coord": "PASS",
        "percentage": 2.0,
        "count": 1
      },
      {
        "coord": "(1,5)",
        "percentage": 2.0,
        "count": 1
      },
      {
        "coord": "(3,1)",
        "percentage": 2.0,
        "count": 1
      },
      {
        "coord": "(3,0)",
        "percentage": 2.0,
        "count": 1
      },
      {
        "coord": "(2,6)",
        "percentage": 2.0,
        "count": 1
      }
    ],
    "total_policy_counts": 50
  },
  "component_comparison": {
    "uniqueness_score": 0.6228565573692322,
    "similar_positions": [
      1568,
      1567,
      1566,
      1565,
      1569
    ],
    "component_rank": 7,
    "max_other_component_activation": 0.32689523696899414,
    "activation_percentile": 99.89398758140238
  }
}