{
  "position_info": {
    "part": 11,
    "rank": 14,
    "global_position": 4456,
    "move_coordinate": "C4",
    "turn_number": 4,
    "npz_file": "B330F9C802154800.npz",
    "board_tensor_file": "pos_4456/board.npy",
    "sgf_file": "pos_4456/game.sgf"
  },
  "nmf_analysis": {
    "activation_strength": 0.42820093035697937,
    "rank_in_part": 14,
    "activation_in_other_parts": [
      0.0,
      0.03131046146154404,
      0.1476527452468872,
      0.09870114922523499,
      0.5020738840103149,
      0.564773440361023,
      0.13614521920681,
      0.021712301298975945,
      0.02978593111038208,
      0.3215535283088684,
      0.0,
      0.42820093035697937,
      0.3342423141002655,
      0.0,
      0.09743613749742508,
      0.014300347305834293,
      0.04245626553893089,
      0.0,
      0.21080142259597778,
      0.0,
      0.012480325065553188,
      0.012332912534475327,
      0.0,
      0.0,
      0.2796643376350403
    ],
    "channel_activity": [
      49,
      1,
      1,
      0,
      0,
      2,
      0,
      0,
      0,
      1,
      1,
      0,
      0,
      0,
      0,
      0,
      0,
      0,
      0,
      0,
      0,
      0
    ],
    "top_active_channels": [
      [
        0,
        49
      ],
      [
        5,
        2
      ],
      [
        1,
        1
      ],
      [
        2,
        1
      ],
      [
        9,
        1
      ]
    ],
    "total_board_activity": 55
  },
  "go_pattern_analysis": {
    "move_type": "side",
    "game_phase": "opening",
    "turn_number": 4,
    "policy_entropy": -0.0,
    "policy_confidence": 1.0,
    "top_policy_moves": [
      {
        "coord": "(3,2)",
        "percentage": 100.0,
        "count": 157
      }
    ],
    "total_policy_counts": 157
  },
  "part_comparison": {
    "uniqueness_score": 0.4312305748462677,
    "similar_positions": [
      4832,
      4266,
      5032,
      5421,
      5031
    ],
    "part_rank": 14,
    "max_other_part_activation": 0.564773440361023,
    "activation_percentile": 99.78797516280478
  }
}