{
  "position_info": {
    "part": 24,
    "rank": 8,
    "global_position": 2848,
    "move_coordinate": "B5",
    "turn_number": 1,
    "npz_file": "76F9EC3EB6A76AA0.npz",
    "board_tensor_file": "pos_2848/board.npy",
    "sgf_file": "pos_2848/game.sgf"
  },
  "nmf_analysis": {
    "activation_strength": 0.9879149198532104,
    "rank_in_part": 8,
    "activation_in_other_parts": [
      432.3226318359375,
      219.4846954345703,
      5.875056266784668,
      234.91049194335938,
      254.94383239746094,
      0.0,
      0.0,
      0.026934154331684113,
      0.0,
      0.0,
      0.577743649482727,
      0.08414413034915924,
      0.1981828659772873,
      0.0,
      0.0,
      0.14861981570720673,
      0.0,
      0.1582724004983902,
      0.0,
      0.0,
      0.23707953095436096,
      0.0,
      0.14132356643676758,
      0.0,
      0.9879149198532104
    ],
    "channel_activity": [
      49,
      3,
      4,
      0,
      1,
      1,
      0,
      0,
      0,
      1,
      1,
      1,
      1,
      1,
      1,
      0,
      0,
      0,
      0,
      0,
      0,
      0
    ],
    "top_active_channels": [
      [
        0,
        49
      ],
      [
        2,
        4
      ],
      [
        1,
        3
      ],
      [
        4,
        1
      ],
      [
        5,
        1
      ]
    ],
    "total_board_activity": 64
  },
  "go_pattern_analysis": {
    "move_type": "corner",
    "game_phase": "opening",
    "turn_number": 1,
    "policy_entropy": 1.6855239187593578,
    "policy_confidence": 0.5188679245283019,
    "top_policy_moves": [
      {
        "coord": "(4,1)",
        "percentage": 51.9,
        "count": 165
      },
      {
        "coord": "(4,5)",
        "percentage": 22.0,
        "count": 70
      },
      {
        "coord": "(3,1)",
        "percentage": 19.8,
        "count": 63
      },
      {
        "coord": "(2,1)",
        "percentage": 6.3,
        "count": 20
      }
    ],
    "total_policy_counts": 318
  },
  "part_comparison": {
    "uniqueness_score": 0.0022799235302954912,
    "similar_positions": [
      4553,
      88,
      1578,
      4715,
      4714
    ],
    "part_rank": 8,
    "max_other_part_activation": 432.3226318359375,
    "activation_percentile": 99.87884295017416
  }
}