{
  "position_info": {
    "part": 3,
    "rank": 16,
    "global_position": 3152,
    "move_coordinate": "G3",
    "turn_number": 1,
    "npz_file": "76F9EC3EB6A76AA0.npz",
    "board_tensor_file": "pos_3152/board.npy",
    "sgf_file": "pos_3152/game.sgf"
  },
  "nmf_analysis": {
    "activation_strength": 0.4102591276168823,
    "rank_in_part": 16,
    "activation_in_other_parts": [
      0.24806752800941467,
      0.03029327094554901,
      0.03814953565597534,
      0.4102591276168823,
      0.06728044152259827,
      0.12896056473255157,
      0.009641289710998535,
      0.32739055156707764,
      0.2594958245754242,
      0.07594075053930283,
      0.13695000112056732,
      0.2990260124206543,
      0.0069412961602211,
      0.06766200810670853,
      0.0,
      0.0,
      0.08242587000131607,
      0.3145418167114258,
      0.2732286751270294,
      0.03913696110248566,
      0.09237673133611679,
      0.12380906939506531,
      0.11776154488325119,
      0.01131508406251669,
      0.3522171378135681
    ],
    "channel_activity": [
      49,
      10,
      10,
      1,
      3,
      6,
      0,
      0,
      0,
      1,
      1,
      1,
      1,
      1,
      1,
      1,
      1,
      0,
      10,
      10,
      0,
      0
    ],
    "top_active_channels": [
      [
        0,
        49
      ],
      [
        1,
        10
      ],
      [
        2,
        10
      ],
      [
        18,
        10
      ],
      [
        19,
        10
      ]
    ],
    "total_board_activity": 107
  },
  "go_pattern_analysis": {
    "move_type": "corner",
    "game_phase": "opening",
    "turn_number": 1,
    "policy_entropy": -0.0,
    "policy_confidence": 1.0,
    "top_policy_moves": [
      {
        "coord": "(2,6)",
        "percentage": 100.0,
        "count": 397
      }
    ],
    "total_policy_counts": 397
  },
  "part_comparison": {
    "uniqueness_score": 0.5380614995956421,
    "similar_positions": [
      1384,
      776,
      1950,
      6214,
      64
    ],
    "part_rank": 16,
    "max_other_part_activation": 0.3522171378135681,
    "activation_percentile": 99.75768590034832
  }
}