{
  "position_info": {
    "part": 8,
    "rank": 5,
    "global_position": 1529,
    "move_coordinate": "E4",
    "turn_number": 7,
    "npz_file": "1D638D50844BD930.npz",
    "board_tensor_file": "pos_1529/board.npy",
    "sgf_file": "pos_1529/game.sgf"
  },
  "nmf_analysis": {
    "activation_strength": 0.1271207630634308,
    "rank_in_part": 5,
    "activation_in_other_parts": [
      0.006419971119612455,
      0.018255796283483505,
      0.0,
      0.0,
      0.0,
      0.0027141564060002565,
      0.10913446545600891,
      0.0,
      0.1271207630634308,
      0.0,
      0.13549387454986572,
      0.06085805222392082,
      0.0,
      0.0,
      0.05968990921974182,
      0.08730670809745789,
      0.01607494056224823,
      0.0006265849806368351,
      0.009788651019334793,
      0.0,
      0.07007356733083725,
      0.0,
      0.06604409217834473,
      0.10000830888748169,
      0.0,
      0.005753685720264912,
      0.020096691325306892,
      0.006667375098913908,
      0.30231228470802307,
      0.2315191924571991,
      0.0,
      0.6957001686096191,
      0.4709354341030121,
      0.004694641102105379,
      0.03382549434900284,
      0.0,
      0.00438804691657424,
      0.0,
      0.3297961950302124,
      0.03584735840559006,
      0.0,
      0.017982466146349907,
      0.23186776041984558,
      0.0,
      0.015051031485199928,
      0.0,
      0.0,
      0.0,
      0.36247366666793823,
      0.0
    ],
    "channel_activity": [
      49,
      1,
      2,
      0,
      1,
      2,
      0,
      0,
      0,
      1,
      1,
      1,
      0,
      0,
      0,
      0,
      0,
      0,
      1,
      2,
      0,
      0
    ],
    "top_active_channels": [
      [
        0,
        49
      ],
      [
        2,
        2
      ],
      [
        5,
        2
      ],
      [
        19,
        2
      ],
      [
        1,
        1
      ]
    ],
    "total_board_activity": 61
  },
  "go_pattern_analysis": {
    "move_type": "side",
    "game_phase": "opening",
    "turn_number": 7,
    "policy_entropy": 0.6351080400673726,
    "policy_confidence": 0.9193245778611632,
    "top_policy_moves": [
      {
        "coord": "(3,4)",
        "percentage": 91.9,
        "count": 490
      },
      {
        "coord": "(4,3)",
        "percentage": 2.4,
        "count": 13
      },
      {
        "coord": "(2,2)",
        "percentage": 1.9,
        "count": 10
      },
      {
        "coord": "(1,4)",
        "percentage": 0.9,
        "count": 5
      },
      {
        "coord": "(2,4)",
        "percentage": 0.8,
        "count": 4
      }
    ],
    "total_policy_counts": 533
  },
  "part_comparison": {
    "uniqueness_score": 0.15449383854866028,
    "similar_positions": [
      988,
      1663,
      4684,
      2356,
      1941
    ],
    "part_rank": 5,
    "max_other_part_activation": 0.6957001686096191,
    "activation_percentile": 99.92427684385885
  }
}