{
  "position_info": {
    "part": 12,
    "rank": 14,
    "global_position": 4188,
    "move_coordinate": "F2",
    "turn_number": 9,
    "npz_file": "B330F9C802154800.npz",
    "board_tensor_file": "pos_4188/board.npy",
    "sgf_file": "pos_4188/game.sgf"
  },
  "nmf_analysis": {
    "activation_strength": 0.4805033802986145,
    "rank_in_part": 14,
    "activation_in_other_parts": [
      0.041129548102617264,
      0.13471217453479767,
      0.0,
      0.0,
      0.2247951626777649,
      0.1477750986814499,
      0.29997918009757996,
      0.0007194396457634866,
      0.006364612374454737,
      0.34312859177589417,
      0.20979705452919006,
      0.0,
      0.4805033802986145,
      0.09450916200876236,
      0.06700970977544785,
      0.05985802412033081,
      0.09656951576471329,
      0.006263424642384052,
      0.10063117742538452,
      0.0,
      0.05403809994459152,
      0.0,
      0.2457248717546463,
      0.04722738265991211,
      0.45788782835006714
    ],
    "channel_activity": [
      49,
      3,
      3,
      0,
      0,
      0,
      0,
      0,
      0,
      1,
      1,
      1,
      1,
      1,
      0,
      0,
      0,
      0,
      0,
      0,
      0,
      0
    ],
    "top_active_channels": [
      [
        0,
        49
      ],
      [
        1,
        3
      ],
      [
        2,
        3
      ],
      [
        9,
        1
      ],
      [
        10,
        1
      ]
    ],
    "total_board_activity": 60
  },
  "go_pattern_analysis": {
    "move_type": "corner",
    "game_phase": "opening",
    "turn_number": 9,
    "policy_entropy": 1.3095773842959861,
    "policy_confidence": 0.5939849624060151,
    "top_policy_moves": [
      {
        "coord": "(1,5)",
        "percentage": 59.4,
        "count": 79
      },
      {
        "coord": "(3,5)",
        "percentage": 30.1,
        "count": 40
      },
      {
        "coord": "(3,1)",
        "percentage": 10.5,
        "count": 14
      }
    ],
    "total_policy_counts": 133
  },
  "part_comparison": {
    "uniqueness_score": 0.5120501518249512,
    "similar_positions": [
      747,
      3184,
      1425,
      1301,
      6471
    ],
    "part_rank": 14,
    "max_other_part_activation": 0.45788782835006714,
    "activation_percentile": 99.78797516280478
  }
}