{
  "position_info": {
    "part": 11,
    "rank": 9,
    "global_position": 4188,
    "move_coordinate": "F2",
    "turn_number": 9,
    "npz_file": "B330F9C802154800.npz",
    "board_tensor_file": "pos_4188/board.npy",
    "sgf_file": "pos_4188/game.sgf"
  },
  "nmf_analysis": {
    "activation_strength": 0.745398759841919,
    "rank_in_part": 9,
    "activation_in_other_parts": [
      0.0,
      434.184326171875,
      2.6440911293029785,
      43.42085266113281,
      0.0,
      96.8467788696289,
      0.0,
      8.976459503173828,
      0.0,
      0.0,
      8.030861854553223,
      0.745398759841919,
      0.0,
      0.026484128087759018,
      23.110816955566406,
      0.0,
      0.0,
      0.0,
      0.0,
      0.0,
      0.022359279915690422,
      0.0,
      0.0,
      0.0,
      0.0
    ],
    "channel_activity": [
      49,
      3,
      3,
      0,
      0,
      0,
      0,
      0,
      0,
      1,
      1,
      1,
      1,
      1,
      0,
      0,
      0,
      0,
      0,
      0,
      0,
      0
    ],
    "top_active_channels": [
      [
        0,
        49
      ],
      [
        1,
        3
      ],
      [
        2,
        3
      ],
      [
        9,
        1
      ],
      [
        10,
        1
      ]
    ],
    "total_board_activity": 60
  },
  "go_pattern_analysis": {
    "move_type": "corner",
    "game_phase": "opening",
    "turn_number": 9,
    "policy_entropy": 1.3095773842959861,
    "policy_confidence": 0.5939849624060151,
    "top_policy_moves": [
      {
        "coord": "(1,5)",
        "percentage": 59.4,
        "count": 79
      },
      {
        "coord": "(3,5)",
        "percentage": 30.1,
        "count": 40
      },
      {
        "coord": "(3,1)",
        "percentage": 10.5,
        "count": 14
      }
    ],
    "total_policy_counts": 133
  },
  "part_comparison": {
    "uniqueness_score": 0.0017138372641056776,
    "similar_positions": [
      5851,
      5785,
      3402,
      4189,
      6579
    ],
    "part_rank": 9,
    "max_other_part_activation": 434.184326171875,
    "activation_percentile": 99.86369831894594
  }
}