{
  "position_info": {
    "part": 40,
    "rank": 7,
    "global_position": 4188,
    "move_coordinate": "F2",
    "turn_number": 9,
    "npz_file": "B330F9C802154800.npz",
    "board_tensor_file": "pos_4188/board.npy",
    "sgf_file": "pos_4188/game.sgf"
  },
  "nmf_analysis": {
    "activation_strength": 0.47755172848701477,
    "rank_in_component": 7,
    "activation_in_other_components": [
      0.007578345946967602,
      0.022603671997785568,
      0.0,
      0.010693108662962914,
      0.017379645258188248,
      0.00010080506035592407,
      0.0416083037853241,
      0.00246035004965961,
      0.004435322713106871,
      0.0,
      0.005010415334254503,
      0.0,
      0.0017268911469727755,
      6.866835610708222e-05,
      0.008395673707127571,
      0.006110306363552809,
      0.0031978252809494734,
      0.00025718117831274867,
      0.010779956355690956,
      0.0,
      0.009992885403335094,
      0.0021113366819918156,
      0.006983059458434582,
      0.001066263415850699,
      0.0044209957122802734,
      0.0018021927680820227,
      0.003407054813578725,
      0.024467846378684044,
      0.0,
      0.2082962840795517,
      0.04560055583715439,
      0.16644053161144257,
      0.0,
      0.010752080008387566,
      0.018418854102492332,
      0.2540658414363861,
      0.0,
      0.17124731838703156,
      0.48224201798439026,
      0.01279585063457489,
      0.47755172848701477,
      0.0,
      0.13582533597946167,
      0.1303735077381134,
      0.0,
      0.0,
      0.005483160726726055,
      0.0751645565032959,
      0.21139968931674957,
      0.3595595061779022
    ],
    "channel_activity": [
      49,
      3,
      3,
      0,
      0,
      0,
      0,
      0,
      0,
      1,
      1,
      1,
      1,
      1,
      0,
      0,
      0,
      0,
      0,
      0,
      0,
      0
    ],
    "top_active_channels": [
      [
        0,
        49
      ],
      [
        1,
        3
      ],
      [
        2,
        3
      ],
      [
        9,
        1
      ],
      [
        10,
        1
      ]
    ],
    "total_board_activity": 60
  },
  "go_pattern_analysis": {
    "move_type": "corner",
    "game_phase": "opening",
    "turn_number": 9,
    "policy_entropy": 1.3095773842959861,
    "policy_confidence": 0.5939849624060151,
    "top_policy_moves": [
      {
        "coord": "(1,5)",
        "percentage": 59.4,
        "count": 79
      },
      {
        "coord": "(3,5)",
        "percentage": 30.1,
        "count": 40
      },
      {
        "coord": "(3,1)",
        "percentage": 10.5,
        "count": 14
      }
    ],
    "total_policy_counts": 133
  },
  "component_comparison": {
    "uniqueness_score": 0.4975566267967224,
    "similar_positions": [
      1757,
      4189,
      3451,
      747,
      6471
    ],
    "component_rank": 7,
    "max_other_component_activation": 0.48224201798439026,
    "activation_percentile": 99.89398758140238
  }
}