{
  "position_info": {
    "part": 48,
    "rank": 4,
    "global_position": 1350,
    "move_coordinate": "E6",
    "turn_number": 13,
    "npz_file": "1D638D50844BD930.npz",
    "board_tensor_file": "pos_1350/board.npy",
    "sgf_file": "pos_1350/game.sgf"
  },
  "nmf_analysis": {
    "activation_strength": 0.5920102596282959,
    "rank_in_component": 4,
    "activation_in_other_components": [
      0.2418474406003952,
      0.0,
      0.0,
      0.025509746745228767,
      0.012933154590427876,
      0.053028278052806854,
      0.07207567244768143,
      0.0,
      0.08041854947805405,
      0.07464819401502609,
      0.1105155497789383,
      0.02076350525021553,
      0.046670734882354736,
      0.006608861032873392,
      0.037707820534706116,
      0.011462973430752754,
      0.01586730219423771,
      0.0005330562125891447,
      0.023715583607554436,
      0.014625071547925472,
      0.047959886491298676,
      0.05680486187338829,
      0.04705643281340599,
      0.055095087736845016,
      0.09510143101215363,
      0.007477214094251394,
      0.017406364902853966,
      0.01148788258433342,
      0.07864827662706375,
      0.051556192338466644,
      0.023633692413568497,
      0.49759405851364136,
      0.21465569734573364,
      0.023861896246671677,
      0.040684040635824203,
      0.004330602008849382,
      0.033092137426137924,
      0.0,
      0.30040931701660156,
      0.025718331336975098,
      0.16253997385501862,
      0.10609235614538193,
      0.04362977296113968,
      0.03437286987900734,
      0.013502501882612705,
      0.0,
      0.0042981659062206745,
      0.0,
      0.5920102596282959,
      0.10069206357002258
    ],
    "channel_activity": [
      49,
      2,
      3,
      0,
      1,
      2,
      0,
      0,
      0,
      1,
      1,
      1,
      1,
      1,
      0,
      0,
      0,
      0,
      0,
      0,
      0,
      0
    ],
    "top_active_channels": [
      [
        0,
        49
      ],
      [
        2,
        3
      ],
      [
        1,
        2
      ],
      [
        5,
        2
      ],
      [
        4,
        1
      ]
    ],
    "total_board_activity": 62
  },
  "go_pattern_analysis": {
    "move_type": "corner",
    "game_phase": "opening",
    "turn_number": 13,
    "policy_entropy": -0.0,
    "policy_confidence": 1.0,
    "top_policy_moves": [
      {
        "coord": "(5,4)",
        "percentage": 100.0,
        "count": 464
      }
    ],
    "total_policy_counts": 464
  },
  "component_comparison": {
    "uniqueness_score": 0.5433259010314941,
    "similar_positions": [
      1564,
      1569,
      6497,
      4809,
      4248
    ],
    "component_rank": 4,
    "max_other_component_activation": 0.49759405851364136,
    "activation_percentile": 99.93942147508709
  }
}