{
  "position_info": {
    "part": 9,
    "rank": 7,
    "global_position": 398,
    "move_coordinate": "E4",
    "turn_number": 3,
    "npz_file": "1906C337F5CDAFA9.npz",
    "board_tensor_file": "pos_398/board.npy",
    "sgf_file": "pos_398/game.sgf"
  },
  "nmf_analysis": {
    "activation_strength": 0.5238256454467773,
    "rank_in_part": 7,
    "activation_in_other_parts": [
      0.2300117015838623,
      0.15031641721725464,
      0.18978212773799896,
      0.13700442016124725,
      0.5261885523796082,
      0.0,
      0.1947704702615738,
      0.0033945622853934765,
      0.06821601837873459,
      0.5238256454467773,
      0.0,
      0.16950879991054535,
      0.0,
      0.0,
      0.059174634516239166,
      0.06486798822879791,
      0.6959814429283142,
      0.0,
      0.01380959153175354,
      0.13938596844673157,
      0.0,
      0.020144419744610786,
      0.0,
      0.0,
      0.05832931771874428
    ],
    "channel_activity": [
      49,
      1,
      2,
      0,
      1,
      2,
      0,
      0,
      0,
      1,
      1,
      1,
      0,
      0,
      0,
      0,
      0,
      0,
      0,
      0,
      0,
      0
    ],
    "top_active_channels": [
      [
        0,
        49
      ],
      [
        2,
        2
      ],
      [
        5,
        2
      ],
      [
        1,
        1
      ],
      [
        4,
        1
      ]
    ],
    "total_board_activity": 58
  },
  "go_pattern_analysis": {
    "move_type": "side",
    "game_phase": "opening",
    "turn_number": 3,
    "policy_entropy": 0.04915669755001399,
    "policy_confidence": 0.9945054945054945,
    "top_policy_moves": [
      {
        "coord": "(3,4)",
        "percentage": 99.5,
        "count": 362
      },
      {
        "coord": "(3,1)",
        "percentage": 0.5,
        "count": 2
      }
    ],
    "total_policy_counts": 364
  },
  "part_comparison": {
    "uniqueness_score": 0.4294331669807434,
    "similar_positions": [
      988,
      1663,
      3429,
      1802,
      6427
    ],
    "part_rank": 7,
    "max_other_part_activation": 0.6959814429283142,
    "activation_percentile": 99.89398758140238
  }
}