{
  "position_info": {
    "part": 21,
    "rank": 18,
    "global_position": 3372,
    "move_coordinate": "C1",
    "turn_number": 1,
    "npz_file": "AAE4EE8DC9A92FFF.npz",
    "board_tensor_file": "pos_3372/board.npy",
    "sgf_file": "pos_3372/game.sgf"
  },
  "nmf_analysis": {
    "activation_strength": 0.3082975745201111,
    "rank_in_part": 18,
    "activation_in_other_parts": [
      0.1194516196846962,
      0.1703958660364151,
      0.25919508934020996,
      0.0,
      0.18864773213863373,
      0.08571825176477432,
      0.25298967957496643,
      0.2462092787027359,
      0.0683378055691719,
      0.027025843039155006,
      0.21466434001922607,
      0.0,
      0.0,
      0.2654445469379425,
      0.1581616997718811,
      0.20173314213752747,
      0.05303456261754036,
      0.16166718304157257,
      0.15368366241455078,
      0.16171380877494812,
      0.074253611266613,
      0.3082975745201111,
      0.09765317291021347,
      0.22719751298427582,
      0.12422854453325272
    ],
    "channel_activity": [
      49,
      8,
      10,
      0,
      2,
      4,
      0,
      0,
      0,
      1,
      1,
      1,
      1,
      1,
      0,
      0,
      0,
      0,
      0,
      0,
      0,
      0
    ],
    "top_active_channels": [
      [
        0,
        49
      ],
      [
        2,
        10
      ],
      [
        1,
        8
      ],
      [
        5,
        4
      ],
      [
        4,
        2
      ]
    ],
    "total_board_activity": 78
  },
  "go_pattern_analysis": {
    "move_type": "corner",
    "game_phase": "opening",
    "turn_number": 1,
    "policy_entropy": 0.5771873251692685,
    "policy_confidence": 0.8626760563380281,
    "top_policy_moves": [
      {
        "coord": "(0,2)",
        "percentage": 86.3,
        "count": 245
      },
      {
        "coord": "(6,5)",
        "percentage": 13.7,
        "count": 39
      }
    ],
    "total_policy_counts": 284
  },
  "part_comparison": {
    "uniqueness_score": 0.5373451709747314,
    "similar_positions": [
      5384,
      284,
      6524,
      898,
      1705
    ],
    "part_rank": 18,
    "max_other_part_activation": 0.2654445469379425,
    "activation_percentile": 99.72739663789186
  }
}