{
  "position_info": {
    "part": 1,
    "rank": 20,
    "global_position": 1434,
    "move_coordinate": "E3",
    "turn_number": 1,
    "npz_file": "1D638D50844BD930.npz",
    "board_tensor_file": "pos_1434/board.npy",
    "sgf_file": "pos_1434/game.sgf"
  },
  "nmf_analysis": {
    "activation_strength": 949.447509765625,
    "rank_in_part": 20,
    "activation_in_other_parts": [
      326.2903747558594,
      949.447509765625,
      159.01478576660156,
      45.02415466308594,
      0.0,
      0.5993152260780334,
      0.041627831757068634,
      0.0,
      0.12530626356601715,
      0.0,
      0.0,
      0.4602644443511963,
      0.0,
      0.06785012781620026,
      0.0,
      0.0,
      0.03462107479572296,
      0.1407475620508194,
      0.2248317301273346,
      0.0,
      0.0,
      0.0,
      0.0,
      0.0,
      0.0
    ],
    "channel_activity": [
      49,
      1,
      1,
      0,
      0,
      2,
      0,
      0,
      0,
      1,
      1,
      0,
      0,
      0,
      0,
      0,
      0,
      0,
      1,
      1,
      0,
      0
    ],
    "top_active_channels": [
      [
        0,
        49
      ],
      [
        5,
        2
      ],
      [
        1,
        1
      ],
      [
        2,
        1
      ],
      [
        9,
        1
      ]
    ],
    "total_board_activity": 57
  },
  "go_pattern_analysis": {
    "move_type": "corner",
    "game_phase": "opening",
    "turn_number": 1,
    "policy_entropy": 0.1858030790723033,
    "policy_confidence": 0.9716981132075472,
    "top_policy_moves": [
      {
        "coord": "(2,4)",
        "percentage": 97.2,
        "count": 103
      },
      {
        "coord": "(2,3)",
        "percentage": 2.8,
        "count": 3
      }
    ],
    "total_policy_counts": 106
  },
  "part_comparison": {
    "uniqueness_score": 0.7442339658737183,
    "similar_positions": [
      3841,
      1424,
      5462,
      5625,
      5626
    ],
    "part_rank": 20,
    "max_other_part_activation": 326.2903747558594,
    "activation_percentile": 99.69710737543541
  }
}