{
  "position_info": {
    "part": 39,
    "rank": 9,
    "global_position": 1444,
    "move_coordinate": "PASS",
    "turn_number": 1,
    "npz_file": "1D638D50844BD930.npz",
    "board_tensor_file": "pos_1444/board.npy",
    "sgf_file": "pos_1444/game.sgf"
  },
  "nmf_analysis": {
    "activation_strength": 0.32204365730285645,
    "rank_in_component": 9,
    "activation_in_other_components": [
      0.020952608436346054,
      0.07935748994350433,
      0.0,
      0.00358914234675467,
      0.007971739396452904,
      0.013672079890966415,
      0.08332208544015884,
      0.03809022903442383,
      0.037012286484241486,
      0.05191398784518242,
      0.016601908951997757,
      0.0,
      0.0,
      0.020609356462955475,
      0.024983957409858704,
      0.0,
      0.004632843658328056,
      0.0005435144994407892,
      0.008662676438689232,
      0.032872866839170456,
      0.03154703974723816,
      0.0004906571703031659,
      0.025011343881487846,
      0.04814053699374199,
      0.0,
      0.0018362109549343586,
      0.0064310659654438496,
      0.019348032772541046,
      0.1606963574886322,
      0.050566621124744415,
      0.056734390556812286,
      0.07513215392827988,
      0.02669413574039936,
      0.3034990429878235,
      0.12756548821926117,
      0.16558054089546204,
      0.2960625886917114,
      0.07312598079442978,
      0.017535962164402008,
      0.32204365730285645,
      0.03474774211645126,
      0.11261661350727081,
      0.044687483459711075,
      0.039998143911361694,
      0.0,
      0.05164190009236336,
      0.08565260469913483,
      0.20791204273700714,
      0.10424100607633591,
      0.45631489157676697
    ],
    "channel_activity": [
      49,
      12,
      11,
      0,
      10,
      7,
      0,
      0,
      0,
      0,
      1,
      1,
      1,
      1,
      4,
      4,
      0,
      2,
      0,
      0,
      0,
      0
    ],
    "top_active_channels": [
      [
        0,
        49
      ],
      [
        1,
        12
      ],
      [
        2,
        11
      ],
      [
        4,
        10
      ],
      [
        5,
        7
      ]
    ],
    "total_board_activity": 103
  },
  "go_pattern_analysis": {
    "move_type": "pass",
    "game_phase": "opening",
    "turn_number": 1,
    "policy_entropy": 3.030276606021646,
    "policy_confidence": 0.4064516129032258,
    "top_policy_moves": [
      {
        "coord": "PASS",
        "percentage": 40.6,
        "count": 126
      },
      {
        "coord": "(5,2)",
        "percentage": 11.0,
        "count": 34
      },
      {
        "coord": "(6,4)",
        "percentage": 6.5,
        "count": 20
      },
      {
        "coord": "(4,0)",
        "percentage": 6.1,
        "count": 19
      },
      {
        "coord": "(5,1)",
        "percentage": 5.5,
        "count": 17
      }
    ],
    "total_policy_counts": 310
  },
  "component_comparison": {
    "uniqueness_score": 0.4137471616268158,
    "similar_positions": [
      6554,
      1145,
      1443,
      1254,
      6456
    ],
    "component_rank": 9,
    "max_other_component_activation": 0.45631489157676697,
    "activation_percentile": 99.86369831894594
  }
}