{
  "position_info": {
    "part": 42,
    "rank": 7,
    "global_position": 966,
    "move_coordinate": "F5",
    "turn_number": 13,
    "npz_file": "1906C337F5CDAFA9.npz",
    "board_tensor_file": "pos_966/board.npy",
    "sgf_file": "pos_966/game.sgf"
  },
  "nmf_analysis": {
    "activation_strength": 0.3854651153087616,
    "rank_in_part": 7,
    "activation_in_other_parts": [
      0.003284760983660817,
      0.0374322310090065,
      0.0,
      0.010870777070522308,
      0.016172174364328384,
      0.0,
      0.1485406458377838,
      0.017668839544057846,
      0.007111648563295603,
      0.01431259885430336,
      0.0,
      0.0,
      0.0,
      0.0,
      0.0077628083527088165,
      0.018482185900211334,
      0.0,
      0.0,
      0.0010245433077216148,
      0.006209922023117542,
      0.006887189578264952,
      0.0027333744801580906,
      0.003331816755235195,
      0.030223757028579712,
      0.0,
      0.0,
      0.0,
      0.008676541969180107,
      0.16890239715576172,
      0.18423794209957123,
      0.22541096806526184,
      0.28291481733322144,
      0.3161119818687439,
      0.06866292655467987,
      0.05028703436255455,
      0.10411927849054337,
      0.0,
      0.12096759676933289,
      0.247818261384964,
      0.0018213095609098673,
      0.04438171163201332,
      0.0,
      0.3854651153087616,
      0.017353840172290802,
      0.0,
      0.07057376950979233,
      0.0,
      0.0,
      0.5504645705223083,
      0.05814892426133156
    ],
    "channel_activity": [
      49,
      2,
      3,
      0,
      0,
      0,
      0,
      0,
      0,
      1,
      1,
      1,
      1,
      1,
      0,
      0,
      0,
      0,
      2,
      3,
      0,
      0
    ],
    "top_active_channels": [
      [
        0,
        49
      ],
      [
        2,
        3
      ],
      [
        19,
        3
      ],
      [
        1,
        2
      ],
      [
        18,
        2
      ]
    ],
    "total_board_activity": 64
  },
  "go_pattern_analysis": {
    "move_type": "corner",
    "game_phase": "opening",
    "turn_number": 13,
    "policy_entropy": 0.9841384199083044,
    "policy_confidence": 0.6245487364620939,
    "top_policy_moves": [
      {
        "coord": "(4,5)",
        "percentage": 62.5,
        "count": 346
      },
      {
        "coord": "(4,1)",
        "percentage": 37.2,
        "count": 206
      },
      {
        "coord": "(3,1)",
        "percentage": 0.4,
        "count": 2
      }
    ],
    "total_policy_counts": 554
  },
  "part_comparison": {
    "uniqueness_score": 0.4118526577949524,
    "similar_positions": [
      3644,
      722,
      2662,
      4972,
      4306
    ],
    "part_rank": 7,
    "max_other_part_activation": 0.5504645705223083,
    "activation_percentile": 99.89398758140238
  }
}