{
  "position_info": {
    "part": 21,
    "rank": 16,
    "global_position": 3171,
    "move_coordinate": "C6",
    "turn_number": 29,
    "npz_file": "76F9EC3EB6A76AA0.npz",
    "board_tensor_file": "pos_3171/board.npy",
    "sgf_file": "pos_3171/game.sgf"
  },
  "nmf_analysis": {
    "activation_strength": 0.9344879984855652,
    "rank_in_part": 16,
    "activation_in_other_parts": [
      996.8732299804688,
      89.92058563232422,
      232.06935119628906,
      88.65619659423828,
      264.0512390136719,
      0.0,
      0.055586278438568115,
      0.0,
      0.6794810891151428,
      0.0,
      0.0,
      0.0,
      0.05669894814491272,
      0.0,
      0.30081847310066223,
      0.3943977653980255,
      0.10295695066452026,
      0.32531726360321045,
      0.0,
      0.0,
      0.19757384061813354,
      0.9344879984855652,
      0.14439170062541962,
      0.17896363139152527,
      0.0
    ],
    "channel_activity": [
      49,
      5,
      6,
      0,
      3,
      6,
      0,
      0,
      0,
      1,
      1,
      1,
      1,
      1,
      1,
      2,
      1,
      0,
      5,
      6,
      0,
      0
    ],
    "top_active_channels": [
      [
        0,
        49
      ],
      [
        2,
        6
      ],
      [
        5,
        6
      ],
      [
        19,
        6
      ],
      [
        1,
        5
      ]
    ],
    "total_board_activity": 89
  },
  "go_pattern_analysis": {
    "move_type": "corner",
    "game_phase": "opening",
    "turn_number": 29,
    "policy_entropy": 0.2059251983208481,
    "policy_confidence": 0.9742574257425742,
    "top_policy_moves": [
      {
        "coord": "(5,2)",
        "percentage": 97.4,
        "count": 492
      },
      {
        "coord": "(2,5)",
        "percentage": 1.4,
        "count": 7
      },
      {
        "coord": "(1,2)",
        "percentage": 1.0,
        "count": 5
      },
      {
        "coord": "(3,4)",
        "percentage": 0.2,
        "count": 1
      }
    ],
    "total_policy_counts": 505
  },
  "part_comparison": {
    "uniqueness_score": 0.0009365411242470145,
    "similar_positions": [
      773,
      774,
      1372,
      4796,
      772
    ],
    "part_rank": 16,
    "max_other_part_activation": 996.8732299804688,
    "activation_percentile": 99.75768590034832
  }
}