{
  "position_info": {
    "part": 6,
    "rank": 10,
    "global_position": 4237,
    "move_coordinate": "E1",
    "turn_number": 1,
    "npz_file": "B330F9C802154800.npz",
    "board_tensor_file": "pos_4237/board.npy",
    "sgf_file": "pos_4237/game.sgf"
  },
  "nmf_analysis": {
    "activation_strength": 0.8443310856819153,
    "rank_in_part": 10,
    "activation_in_other_parts": [
      3119.33740234375,
      58.74723815917969,
      0.0,
      166.7053680419922,
      164.8042449951172,
      0.0,
      0.8443310856819153,
      0.4394063353538513,
      0.0,
      0.0,
      0.0,
      0.05063554644584656,
      0.0,
      0.6788079142570496,
      0.3109174370765686,
      0.0,
      0.0,
      0.0,
      0.2467866688966751,
      0.15892261266708374,
      0.0,
      0.0,
      0.6145904660224915,
      0.0,
      0.29338860511779785
    ],
    "channel_activity": [
      49,
      7,
      8,
      0,
      0,
      1,
      0,
      0,
      0,
      1,
      1,
      1,
      1,
      1,
      0,
      1,
      0,
      0,
      7,
      8,
      0,
      0
    ],
    "top_active_channels": [
      [
        0,
        49
      ],
      [
        2,
        8
      ],
      [
        19,
        8
      ],
      [
        1,
        7
      ],
      [
        18,
        7
      ]
    ],
    "total_board_activity": 86
  },
  "go_pattern_analysis": {
    "move_type": "corner",
    "game_phase": "opening",
    "turn_number": 1,
    "policy_entropy": 0.03491870568141903,
    "policy_confidence": 0.9963369963369964,
    "top_policy_moves": [
      {
        "coord": "(0,4)",
        "percentage": 99.6,
        "count": 544
      },
      {
        "coord": "(0,3)",
        "percentage": 0.4,
        "count": 2
      }
    ],
    "total_policy_counts": 546
  },
  "part_comparison": {
    "uniqueness_score": 0.00027060319553129375,
    "similar_positions": [
      4150,
      3862,
      5833,
      5834,
      4238
    ],
    "part_rank": 10,
    "max_other_part_activation": 3119.33740234375,
    "activation_percentile": 99.8485536877177
  }
}