{
  "position_info": {
    "part": 5,
    "rank": 17,
    "global_position": 292,
    "move_coordinate": "E4",
    "turn_number": 1,
    "npz_file": "1906C337F5CDAFA9.npz",
    "board_tensor_file": "pos_292/board.npy",
    "sgf_file": "pos_292/game.sgf"
  },
  "nmf_analysis": {
    "activation_strength": 0.5763847827911377,
    "rank_in_part": 17,
    "activation_in_other_parts": [
      0.011820568703114986,
      0.0,
      0.13387995958328247,
      0.07522757351398468,
      0.6466850638389587,
      0.5763847827911377,
      0.0506395548582077,
      0.0,
      0.03168096765875816,
      0.24599188566207886,
      4.077562698512338e-05,
      0.4061661958694458,
      0.28567689657211304,
      0.03421969339251518,
      0.02496511861681938,
      0.014112730510532856,
      0.05394372716546059,
      0.008466610684990883,
      0.14580559730529785,
      0.0,
      0.03964032232761383,
      0.0,
      0.027482805773615837,
      0.06029719486832619,
      0.26826852560043335
    ],
    "channel_activity": [
      49,
      0,
      0,
      0,
      0,
      0,
      0,
      0,
      0,
      0,
      0,
      0,
      0,
      0,
      0,
      0,
      0,
      0,
      0,
      0,
      0,
      0
    ],
    "top_active_channels": [
      [
        0,
        49
      ],
      [
        1,
        0
      ],
      [
        2,
        0
      ],
      [
        3,
        0
      ],
      [
        4,
        0
      ]
    ],
    "total_board_activity": 49
  },
  "go_pattern_analysis": {
    "move_type": "side",
    "game_phase": "opening",
    "turn_number": 1,
    "policy_entropy": 1.9099811548644334,
    "policy_confidence": 0.40875912408759124,
    "top_policy_moves": [
      {
        "coord": "(3,4)",
        "percentage": 40.9,
        "count": 280
      },
      {
        "coord": "(2,3)",
        "percentage": 22.0,
        "count": 151
      },
      {
        "coord": "(4,3)",
        "percentage": 18.7,
        "count": 128
      },
      {
        "coord": "(3,2)",
        "percentage": 18.4,
        "count": 126
      }
    ],
    "total_policy_counts": 685
  },
  "part_comparison": {
    "uniqueness_score": 0.4712606966495514,
    "similar_positions": [
      4832,
      5421,
      3295,
      3297,
      1316
    ],
    "part_rank": 17,
    "max_other_part_activation": 0.6466850638389587,
    "activation_percentile": 99.7425412691201
  }
}