{
  "position_info": {
    "part": 15,
    "rank": 8,
    "global_position": 780,
    "move_coordinate": "C3",
    "turn_number": 16,
    "npz_file": "1906C337F5CDAFA9.npz",
    "board_tensor_file": "pos_780/board.npy",
    "sgf_file": "pos_780/game.sgf"
  },
  "nmf_analysis": {
    "activation_strength": 0.19473879039287567,
    "rank_in_part": 8,
    "activation_in_other_parts": [
      0.0,
      0.04048553481698036,
      0.0,
      0.0,
      0.0,
      0.0,
      0.11962555348873138,
      0.018870878964662552,
      0.0041118199005723,
      0.10671059042215347,
      0.03189386799931526,
      0.09017709642648697,
      0.06193211302161217,
      0.0,
      0.0,
      0.19473879039287567,
      0.004519640002399683,
      0.0003082411421928555,
      0.0011667695362120867,
      0.0,
      0.0,
      0.06081458553671837,
      0.001209536800161004,
      0.0,
      0.0991002693772316,
      0.0014507242012768984,
      0.004267942160367966,
      0.0,
      0.0,
      0.007002233527600765,
      0.046062301844358444,
      0.2716740071773529,
      0.013371300883591175,
      0.0,
      0.0,
      0.060943085700273514,
      0.0,
      0.0,
      0.8153141140937805,
      0.0,
      0.08147643506526947,
      0.0,
      0.10437410324811935,
      0.0,
      0.0,
      0.24277769029140472,
      0.0,
      0.0,
      0.05981651321053505,
      0.46766597032546997
    ],
    "channel_activity": [
      49,
      1,
      1,
      0,
      0,
      2,
      0,
      0,
      0,
      1,
      1,
      0,
      0,
      0,
      0,
      0,
      0,
      0,
      1,
      1,
      0,
      0
    ],
    "top_active_channels": [
      [
        0,
        49
      ],
      [
        5,
        2
      ],
      [
        1,
        1
      ],
      [
        2,
        1
      ],
      [
        9,
        1
      ]
    ],
    "total_board_activity": 57
  },
  "go_pattern_analysis": {
    "move_type": "corner",
    "game_phase": "opening",
    "turn_number": 16,
    "policy_entropy": 0.2682870428573906,
    "policy_confidence": 0.9541984732824428,
    "top_policy_moves": [
      {
        "coord": "(2,2)",
        "percentage": 95.4,
        "count": 125
      },
      {
        "coord": "(2,3)",
        "percentage": 4.6,
        "count": 6
      }
    ],
    "total_policy_counts": 131
  },
  "part_comparison": {
    "uniqueness_score": 0.1928005814552307,
    "similar_positions": [
      3351,
      5466,
      4811,
      1034,
      2335
    ],
    "part_rank": 8,
    "max_other_part_activation": 0.8153141140937805,
    "activation_percentile": 99.87884295017416
  }
}