{
  "position_info": {
    "part": 16,
    "rank": 10,
    "global_position": 171,
    "move_coordinate": "D1",
    "turn_number": 1,
    "npz_file": "1906C337F5CDAFA9.npz",
    "board_tensor_file": "pos_171/board.npy",
    "sgf_file": "pos_171/game.sgf"
  },
  "nmf_analysis": {
    "activation_strength": 0.8816927075386047,
    "rank_in_part": 10,
    "activation_in_other_parts": [
      773.4456176757812,
      0.0,
      194.76504516601562,
      351.6976318359375,
      79.50359344482422,
      0.5913034677505493,
      0.0,
      0.0,
      0.0,
      0.0,
      0.0,
      0.4268325865268707,
      0.0,
      0.0,
      0.06031900271773338,
      0.0,
      0.8816927075386047,
      0.0,
      0.2656501531600952,
      0.0,
      0.0,
      0.054003119468688965,
      0.0,
      0.21319839358329773,
      0.014841094613075256
    ],
    "channel_activity": [
      49,
      11,
      21,
      0,
      0,
      1,
      0,
      0,
      0,
      1,
      0,
      1,
      0,
      1,
      0,
      0,
      0,
      0,
      20,
      29,
      0,
      0
    ],
    "top_active_channels": [
      [
        0,
        49
      ],
      [
        19,
        29
      ],
      [
        2,
        21
      ],
      [
        18,
        20
      ],
      [
        1,
        11
      ]
    ],
    "total_board_activity": 134
  },
  "go_pattern_analysis": {
    "move_type": "side",
    "game_phase": "opening",
    "turn_number": 1,
    "policy_entropy": 1.0496218542525788,
    "policy_confidence": 0.7488151658767772,
    "top_policy_moves": [
      {
        "coord": "(0,3)",
        "percentage": 74.9,
        "count": 158
      },
      {
        "coord": "PASS",
        "percentage": 16.1,
        "count": 34
      },
      {
        "coord": "(2,3)",
        "percentage": 9.0,
        "count": 19
      }
    ],
    "total_policy_counts": 211
  },
  "part_comparison": {
    "uniqueness_score": 0.0011386562837287784,
    "similar_positions": [
      2646,
      1871,
      2621,
      6585,
      2649
    ],
    "part_rank": 10,
    "max_other_part_activation": 773.4456176757812,
    "activation_percentile": 99.8485536877177
  }
}