{
  "position_info": {
    "part": 9,
    "rank": 16,
    "global_position": 4362,
    "move_coordinate": "C6",
    "turn_number": 1,
    "npz_file": "B330F9C802154800.npz",
    "board_tensor_file": "pos_4362/board.npy",
    "sgf_file": "pos_4362/game.sgf"
  },
  "nmf_analysis": {
    "activation_strength": 0.9034277200698853,
    "rank_in_part": 16,
    "activation_in_other_parts": [
      827.38134765625,
      423.8144836425781,
      80.7529067993164,
      237.51119995117188,
      78.99872589111328,
      0.0,
      0.0,
      0.0,
      0.5721955299377441,
      0.9034277200698853,
      0.0,
      0.0,
      0.0,
      0.0,
      0.0,
      0.0,
      0.3034067749977112,
      0.0,
      0.0,
      0.0,
      0.02732875943183899,
      0.0,
      0.34712401032447815,
      0.0,
      0.024840645492076874
    ],
    "channel_activity": [
      49,
      7,
      7,
      0,
      0,
      1,
      0,
      0,
      0,
      1,
      1,
      1,
      1,
      1,
      0,
      1,
      1,
      0,
      0,
      0,
      0,
      0
    ],
    "top_active_channels": [
      [
        0,
        49
      ],
      [
        1,
        7
      ],
      [
        2,
        7
      ],
      [
        5,
        1
      ],
      [
        9,
        1
      ]
    ],
    "total_board_activity": 71
  },
  "go_pattern_analysis": {
    "move_type": "corner",
    "game_phase": "opening",
    "turn_number": 1,
    "policy_entropy": 0.1506947352792438,
    "policy_confidence": 0.9801324503311258,
    "top_policy_moves": [
      {
        "coord": "(5,2)",
        "percentage": 98.0,
        "count": 444
      },
      {
        "coord": "(2,5)",
        "percentage": 1.8,
        "count": 8
      },
      {
        "coord": "(5,4)",
        "percentage": 0.2,
        "count": 1
      }
    ],
    "total_policy_counts": 453
  },
  "part_comparison": {
    "uniqueness_score": 0.0010907211108133197,
    "similar_positions": [
      421,
      145,
      3783,
      4943,
      3685
    ],
    "part_rank": 16,
    "max_other_part_activation": 827.38134765625,
    "activation_percentile": 99.75768590034832
  }
}