{
  "position_info": {
    "part": 38,
    "rank": 6,
    "global_position": 3841,
    "move_coordinate": "A1",
    "turn_number": 28,
    "npz_file": "AAE4EE8DC9A92FFF.npz",
    "board_tensor_file": "pos_3841/board.npy",
    "sgf_file": "pos_3841/game.sgf"
  },
  "nmf_analysis": {
    "activation_strength": 0.8198369145393372,
    "rank_in_component": 6,
    "activation_in_other_components": [
      0.0,
      0.04123622924089432,
      0.0,
      0.0,
      0.0,
      0.0002096753887599334,
      0.1004038080573082,
      0.020260365679860115,
      0.010806168429553509,
      0.09982147812843323,
      0.03860118240118027,
      0.09196064621210098,
      0.059775210916996,
      0.0,
      0.002855556085705757,
      0.18682324886322021,
      0.002489006845280528,
      0.00036253020516596735,
      0.0,
      0.0,
      0.001655755564570427,
      0.055722955614328384,
      0.005805758759379387,
      0.0,
      0.09797722101211548,
      7.297979027498513e-05,
      0.005713735241442919,
      0.0,
      0.0,
      0.00222659669816494,
      0.044446803629398346,
      0.2768467962741852,
      0.01306310947984457,
      0.0,
      0.0,
      0.05816153436899185,
      0.0,
      0.0,
      0.8198369145393372,
      0.0,
      0.08363345265388489,
      0.0,
      0.09124600887298584,
      0.0,
      0.0,
      0.24752211570739746,
      0.0,
      0.0,
      0.0578727088868618,
      0.4760586619377136
    ],
    "channel_activity": [
      49,
      1,
      1,
      0,
      0,
      2,
      0,
      0,
      0,
      1,
      1,
      0,
      0,
      0,
      0,
      0,
      0,
      0,
      0,
      0,
      0,
      0
    ],
    "top_active_channels": [
      [
        0,
        49
      ],
      [
        5,
        2
      ],
      [
        1,
        1
      ],
      [
        2,
        1
      ],
      [
        9,
        1
      ]
    ],
    "total_board_activity": 55
  },
  "go_pattern_analysis": {
    "move_type": "corner",
    "game_phase": "opening",
    "turn_number": 28,
    "policy_entropy": 5.643856189774725,
    "policy_confidence": 0.02,
    "top_policy_moves": [
      {
        "coord": "PASS",
        "percentage": 2.0,
        "count": 1
      },
      {
        "coord": "(1,5)",
        "percentage": 2.0,
        "count": 1
      },
      {
        "coord": "(3,1)",
        "percentage": 2.0,
        "count": 1
      },
      {
        "coord": "(3,0)",
        "percentage": 2.0,
        "count": 1
      },
      {
        "coord": "(2,6)",
        "percentage": 2.0,
        "count": 1
      }
    ],
    "total_policy_counts": 50
  },
  "component_comparison": {
    "uniqueness_score": 0.6326411962509155,
    "similar_positions": [
      2978,
      5626,
      5462,
      5625,
      5933
    ],
    "component_rank": 6,
    "max_other_component_activation": 0.4760586619377136,
    "activation_percentile": 99.90913221263062
  }
}