{
  "position_info": {
    "part": 26,
    "rank": 19,
    "global_position": 804,
    "move_coordinate": "D3",
    "turn_number": 4,
    "npz_file": "1906C337F5CDAFA9.npz",
    "board_tensor_file": "pos_804/board.npy",
    "sgf_file": "pos_804/game.sgf"
  },
  "nmf_analysis": {
    "activation_strength": 0.020888011902570724,
    "rank_in_component": 19,
    "activation_in_other_components": [
      0.15198157727718353,
      0.027049817144870758,
      0.0,
      0.007791909389197826,
      0.0,
      0.03185653313994408,
      0.05355776473879814,
      0.01423147413879633,
      0.1141807809472084,
      0.047159451991319656,
      0.1280815750360489,
      0.06171119213104248,
      0.028431463986635208,
      0.009935373440384865,
      0.056141920387744904,
      0.07957533746957779,
      0.02158339135348797,
      0.000705817888956517,
      0.02264443412423134,
      0.009954512119293213,
      0.06680921465158463,
      0.02071247063577175,
      0.0631924644112587,
      0.06798331439495087,
      0.028467515483498573,
      0.00898658111691475,
      0.020888011902570724,
      0.0,
      0.2279113382101059,
      0.12683647871017456,
      0.0,
      0.741415798664093,
      0.3334922194480896,
      0.018958935514092445,
      0.018622437492012978,
      0.0,
      0.008760381489992142,
      0.0,
      0.3872721791267395,
      0.025633912533521652,
      0.0,
      0.0545443519949913,
      0.1710253208875656,
      0.027226857841014862,
      0.0,
      0.0,
      0.0,
      0.0,
      0.3703935444355011,
      0.005857938900589943
    ],
    "channel_activity": [
      49,
      1,
      2,
      0,
      1,
      2,
      0,
      0,
      0,
      1,
      1,
      1,
      0,
      0,
      0,
      0,
      0,
      0,
      1,
      2,
      0,
      0
    ],
    "top_active_channels": [
      [
        0,
        49
      ],
      [
        2,
        2
      ],
      [
        5,
        2
      ],
      [
        19,
        2
      ],
      [
        1,
        1
      ]
    ],
    "total_board_activity": 61
  },
  "go_pattern_analysis": {
    "move_type": "side",
    "game_phase": "opening",
    "turn_number": 4,
    "policy_entropy": -0.0,
    "policy_confidence": 1.0,
    "top_policy_moves": [
      {
        "coord": "(2,3)",
        "percentage": 100.0,
        "count": 522
      }
    ],
    "total_policy_counts": 522
  },
  "component_comparison": {
    "uniqueness_score": 0.027401164174079895,
    "similar_positions": [
      988,
      1663,
      2297,
      1973,
      3429
    ],
    "component_rank": 19,
    "max_other_component_activation": 0.741415798664093,
    "activation_percentile": 99.71225200666363
  }
}