{
  "position_info": {
    "part": 1,
    "rank": 18,
    "global_position": 5095,
    "move_coordinate": "PASS",
    "turn_number": 1,
    "npz_file": "B330F9C802154800.npz",
    "board_tensor_file": "pos_5095/board.npy",
    "sgf_file": "pos_5095/game.sgf"
  },
  "nmf_analysis": {
    "activation_strength": 0.19180014729499817,
    "rank_in_component": 18,
    "activation_in_other_components": [
      0.03427412360906601,
      0.19180014729499817,
      0.0,
      0.0,
      0.0,
      0.03522326797246933,
      0.0,
      0.07527270913124084,
      0.008099649101495743,
      0.09814811497926712,
      0.022629262879490852,
      0.004661998711526394,
      0.014504862949252129,
      0.0498596616089344,
      0.0023994124494493008,
      0.004407024011015892,
      0.0,
      0.0014987830072641373,
      0.0,
      0.05782720446586609,
      0.005456987768411636,
      0.012738215737044811,
      0.00520365172997117,
      0.0,
      0.0,
      0.0,
      0.003277234733104706,
      0.0,
      0.10981880873441696,
      0.06575538218021393,
      0.15612979233264923,
      0.09597128629684448,
      0.10339350253343582,
      0.20741862058639526,
      0.08312071859836578,
      0.1467081755399704,
      0.313944011926651,
      0.0011336388997733593,
      0.06558150053024292,
      0.29071980714797974,
      0.06002868711948395,
      0.21229740977287292,
      0.0,
      0.046015284955501556,
      0.10226793587207794,
      0.06287799030542374,
      0.09381494671106339,
      0.2607693672180176,
      0.13581930100917816,
      0.3700932264328003
    ],
    "channel_activity": [
      49,
      11,
      11,
      0,
      6,
      10,
      0,
      0,
      0,
      1,
      1,
      1,
      1,
      1,
      0,
      0,
      0,
      0,
      11,
      23,
      0,
      0
    ],
    "top_active_channels": [
      [
        0,
        49
      ],
      [
        19,
        23
      ],
      [
        1,
        11
      ],
      [
        2,
        11
      ],
      [
        18,
        11
      ]
    ],
    "total_board_activity": 126
  },
  "go_pattern_analysis": {
    "move_type": "pass",
    "game_phase": "opening",
    "turn_number": 1,
    "policy_entropy": 2.4384245238721576,
    "policy_confidence": 0.5586592178770949,
    "top_policy_moves": [
      {
        "coord": "PASS",
        "percentage": 55.9,
        "count": 100
      },
      {
        "coord": "(2,5)",
        "percentage": 6.7,
        "count": 12
      },
      {
        "coord": "(1,5)",
        "percentage": 5.6,
        "count": 10
      },
      {
        "coord": "(0,5)",
        "percentage": 5.0,
        "count": 9
      },
      {
        "coord": "(4,6)",
        "percentage": 5.0,
        "count": 9
      }
    ],
    "total_policy_counts": 179
  },
  "component_comparison": {
    "uniqueness_score": 0.3413461744785309,
    "similar_positions": [
      4536,
      6120,
      6121,
      262,
      536
    ],
    "component_rank": 18,
    "max_other_component_activation": 0.3700932264328003,
    "activation_percentile": 99.72739663789186
  }
}