{
  "position_info": {
    "part": 17,
    "rank": 5,
    "global_position": 2940,
    "move_coordinate": "B4",
    "turn_number": 11,
    "npz_file": "76F9EC3EB6A76AA0.npz",
    "board_tensor_file": "pos_2940/board.npy",
    "sgf_file": "pos_2940/game.sgf"
  },
  "nmf_analysis": {
    "activation_strength": 1.0065363645553589,
    "rank_in_part": 5,
    "activation_in_other_parts": [
      127.6922607421875,
      456.0889892578125,
      391.3232421875,
      76.73086547851562,
      57.23666763305664,
      0.0,
      0.37053805589675903,
      0.39101704955101013,
      0.14838707447052002,
      0.0,
      0.38160836696624756,
      0.0,
      0.0,
      0.0,
      0.5275030136108398,
      0.0,
      0.3738250732421875,
      1.0065363645553589,
      0.2215346395969391,
      0.0,
      0.09746371954679489,
      0.0,
      0.0,
      0.0,
      0.043705787509679794
    ],
    "channel_activity": [
      49,
      6,
      6,
      0,
      1,
      1,
      0,
      0,
      0,
      1,
      1,
      1,
      1,
      1,
      1,
      0,
      1,
      1,
      0,
      0,
      0,
      0
    ],
    "top_active_channels": [
      [
        0,
        49
      ],
      [
        1,
        6
      ],
      [
        2,
        6
      ],
      [
        4,
        1
      ],
      [
        5,
        1
      ]
    ],
    "total_board_activity": 71
  },
  "go_pattern_analysis": {
    "move_type": "side",
    "game_phase": "opening",
    "turn_number": 11,
    "policy_entropy": -0.0,
    "policy_confidence": 1.0,
    "top_policy_moves": [
      {
        "coord": "(3,1)",
        "percentage": 100.0,
        "count": 554
      }
    ],
    "total_policy_counts": 554
  },
  "part_comparison": {
    "uniqueness_score": 0.0022020263131707907,
    "similar_positions": [
      1944,
      1943,
      260,
      259,
      2587
    ],
    "part_rank": 5,
    "max_other_part_activation": 456.0889892578125,
    "activation_percentile": 99.92427684385885
  }
}