{
  "position_info": {
    "part": 1,
    "rank": 15,
    "global_position": 1711,
    "move_coordinate": "PASS",
    "turn_number": 1,
    "npz_file": "1D638D50844BD930.npz",
    "board_tensor_file": "pos_1711/board.npy",
    "sgf_file": "pos_1711/game.sgf"
  },
  "nmf_analysis": {
    "activation_strength": 0.1921052187681198,
    "rank_in_component": 15,
    "activation_in_other_components": [
      0.025596069172024727,
      0.1921052187681198,
      0.0,
      0.0,
      0.0,
      0.03334985673427582,
      0.016551155596971512,
      0.07277411967515945,
      0.008914529345929623,
      0.09261422604322433,
      0.025256723165512085,
      0.004687930922955275,
      0.015527548268437386,
      0.048080988228321075,
      0.0027366229332983494,
      0.01031590811908245,
      0.0,
      0.0014631407102569938,
      0.0,
      0.055784307420253754,
      0.004948888439685106,
      0.012622728943824768,
      0.004940319806337357,
      0.0,
      0.0,
      0.0,
      0.003327020211145282,
      0.0008004530682228506,
      0.12434481084346771,
      0.0820150375366211,
      0.1405685991048813,
      0.0907575711607933,
      0.09481322765350342,
      0.20581723749637604,
      0.08308656513690948,
      0.14486493170261383,
      0.32007497549057007,
      0.020573483780026436,
      0.06213759630918503,
      0.3059540390968323,
      0.05135763809084892,
      0.2147613763809204,
      0.0,
      0.02355576492846012,
      0.1134071871638298,
      0.06785807758569717,
      0.0923401340842247,
      0.2542100250720978,
      0.13304732739925385,
      0.36611872911453247
    ],
    "channel_activity": [
      49,
      11,
      11,
      0,
      6,
      10,
      0,
      0,
      0,
      1,
      1,
      1,
      1,
      1,
      0,
      0,
      0,
      0,
      0,
      0,
      0,
      0
    ],
    "top_active_channels": [
      [
        0,
        49
      ],
      [
        1,
        11
      ],
      [
        2,
        11
      ],
      [
        5,
        10
      ],
      [
        4,
        6
      ]
    ],
    "total_board_activity": 92
  },
  "go_pattern_analysis": {
    "move_type": "pass",
    "game_phase": "opening",
    "turn_number": 1,
    "policy_entropy": 1.7535232240542795,
    "policy_confidence": 0.6875,
    "top_policy_moves": [
      {
        "coord": "PASS",
        "percentage": 68.8,
        "count": 121
      },
      {
        "coord": "(1,5)",
        "percentage": 7.4,
        "count": 13
      },
      {
        "coord": "(5,4)",
        "percentage": 5.1,
        "count": 9
      },
      {
        "coord": "(2,6)",
        "percentage": 4.5,
        "count": 8
      },
      {
        "coord": "(6,3)",
        "percentage": 4.0,
        "count": 7
      }
    ],
    "total_policy_counts": 176
  },
  "component_comparison": {
    "uniqueness_score": 0.34413644671440125,
    "similar_positions": [
      4536,
      6120,
      6121,
      262,
      536
    ],
    "component_rank": 15,
    "max_other_component_activation": 0.36611872911453247,
    "activation_percentile": 99.77283053157655
  }
}