{
  "position_info": {
    "part": 11,
    "rank": 17,
    "global_position": 4813,
    "move_coordinate": "A1",
    "turn_number": 24,
    "npz_file": "B330F9C802154800.npz",
    "board_tensor_file": "pos_4813/board.npy",
    "sgf_file": "pos_4813/game.sgf"
  },
  "nmf_analysis": {
    "activation_strength": 0.11674211919307709,
    "rank_in_part": 17,
    "activation_in_other_parts": [
      0.15153391659259796,
      0.0,
      0.0,
      0.01921192556619644,
      0.021800067275762558,
      0.015131679363548756,
      0.03421826288104057,
      0.0,
      0.015975136309862137,
      0.006664577405899763,
      0.020167276263237,
      0.11674211919307709,
      0.025011727586388588,
      0.0005163497989997268,
      0.015155050903558731,
      0.15612970292568207,
      0.012045951560139656,
      0.0,
      0.014634354040026665,
      0.0,
      0.010777133516967297,
      0.028449157252907753,
      0.010718541219830513,
      0.010901320725679398,
      0.08081451058387756,
      0.005651273764669895,
      0.002482909942045808,
      0.007930702529847622,
      0.3478613495826721,
      0.18512052297592163,
      0.02854648232460022,
      0.0422060452401638,
      0.0,
      0.25788673758506775,
      0.3269968032836914,
      0.0,
      0.3239060640335083,
      0.10900453478097916,
      0.0,
      0.04556593671441078,
      0.02188035286962986,
      0.0676986575126648,
      0.0,
      0.04245700687170029,
      0.052286289632320404,
      0.07637161761522293,
      0.17603611946105957,
      0.11857441067695618,
      0.21054714918136597,
      0.33675089478492737
    ],
    "channel_activity": [
      49,
      13,
      14,
      0,
      5,
      3,
      0,
      0,
      0,
      1,
      1,
      1,
      1,
      1,
      0,
      0,
      0,
      0,
      13,
      14,
      0,
      0
    ],
    "top_active_channels": [
      [
        0,
        49
      ],
      [
        2,
        14
      ],
      [
        19,
        14
      ],
      [
        1,
        13
      ],
      [
        18,
        13
      ]
    ],
    "total_board_activity": 116
  },
  "go_pattern_analysis": {
    "move_type": "corner",
    "game_phase": "opening",
    "turn_number": 24,
    "policy_entropy": 5.643856189774725,
    "policy_confidence": 0.02,
    "top_policy_moves": [
      {
        "coord": "PASS",
        "percentage": 2.0,
        "count": 1
      },
      {
        "coord": "(1,5)",
        "percentage": 2.0,
        "count": 1
      },
      {
        "coord": "(3,1)",
        "percentage": 2.0,
        "count": 1
      },
      {
        "coord": "(3,0)",
        "percentage": 2.0,
        "count": 1
      },
      {
        "coord": "(2,6)",
        "percentage": 2.0,
        "count": 1
      }
    ],
    "total_policy_counts": 50
  },
  "part_comparison": {
    "uniqueness_score": 0.251272588968277,
    "similar_positions": [
      1536,
      6524,
      623,
      6523,
      1729
    ],
    "part_rank": 17,
    "max_other_part_activation": 0.3478613495826721,
    "activation_percentile": 99.7425412691201
  }
}