{
  "position_info": {
    "part": 15,
    "rank": 19,
    "global_position": 939,
    "move_coordinate": "F7",
    "turn_number": 1,
    "npz_file": "1906C337F5CDAFA9.npz",
    "board_tensor_file": "pos_939/board.npy",
    "sgf_file": "pos_939/game.sgf"
  },
  "nmf_analysis": {
    "activation_strength": 0.42727139592170715,
    "rank_in_part": 19,
    "activation_in_other_parts": [
      0.021728090941905975,
      0.15979330241680145,
      0.09038834273815155,
      0.013185110874474049,
      0.043341003358364105,
      0.1600080132484436,
      0.22702594101428986,
      0.2081224024295807,
      0.28600361943244934,
      0.1888146996498108,
      0.07069357484579086,
      0.04736753925681114,
      0.053639739751815796,
      0.039696548134088516,
      0.14406093955039978,
      0.42727139592170715,
      0.2547760307788849,
      0.012667202390730381,
      0.047737006098032,
      0.2395962029695511,
      0.0481107234954834,
      0.1388406902551651,
      0.04301855340600014,
      0.23087649047374725,
      0.29140791296958923
    ],
    "channel_activity": [
      49,
      6,
      7,
      2,
      0,
      6,
      0,
      0,
      0,
      1,
      1,
      1,
      1,
      1,
      0,
      1,
      1,
      0,
      0,
      0,
      0,
      0
    ],
    "top_active_channels": [
      [
        0,
        49
      ],
      [
        2,
        7
      ],
      [
        1,
        6
      ],
      [
        5,
        6
      ],
      [
        3,
        2
      ]
    ],
    "total_board_activity": 77
  },
  "go_pattern_analysis": {
    "move_type": "corner",
    "game_phase": "opening",
    "turn_number": 1,
    "policy_entropy": 0.05716150138089905,
    "policy_confidence": 0.9941520467836257,
    "top_policy_moves": [
      {
        "coord": "(6,5)",
        "percentage": 99.4,
        "count": 510
      },
      {
        "coord": "(0,2)",
        "percentage": 0.4,
        "count": 2
      },
      {
        "coord": "PASS",
        "percentage": 0.2,
        "count": 1
      }
    ],
    "total_policy_counts": 513
  },
  "part_comparison": {
    "uniqueness_score": 0.594523012638092,
    "similar_positions": [
      4580,
      4581,
      3622,
      4195,
      3156
    ],
    "part_rank": 19,
    "max_other_part_activation": 0.29140791296958923,
    "activation_percentile": 99.71225200666363
  }
}