{
  "position_info": {
    "part": 24,
    "rank": 18,
    "global_position": 4788,
    "move_coordinate": "D2",
    "turn_number": 1,
    "npz_file": "B330F9C802154800.npz",
    "board_tensor_file": "pos_4788/board.npy",
    "sgf_file": "pos_4788/game.sgf"
  },
  "nmf_analysis": {
    "activation_strength": 0.581426739692688,
    "rank_in_part": 18,
    "activation_in_other_parts": [
      1227.29052734375,
      158.6072540283203,
      102.28520965576172,
      13.02780818939209,
      90.64397430419922,
      5.518263816833496,
      0.0,
      0.0,
      0.016145609319210052,
      0.13489463925361633,
      31.493268966674805,
      0.0,
      0.15663646161556244,
      0.27323105931282043,
      9.283851623535156,
      0.0,
      0.0,
      0.0,
      0.01871052384376526,
      0.0,
      0.16038770973682404,
      0.0,
      0.1555376499891281,
      0.0,
      0.581426739692688
    ],
    "channel_activity": [
      49,
      6,
      7,
      0,
      3,
      0,
      0,
      0,
      0,
      1,
      1,
      1,
      1,
      0,
      2,
      1,
      0,
      0,
      0,
      0,
      0,
      0
    ],
    "top_active_channels": [
      [
        0,
        49
      ],
      [
        2,
        7
      ],
      [
        1,
        6
      ],
      [
        4,
        3
      ],
      [
        14,
        2
      ]
    ],
    "total_board_activity": 72
  },
  "go_pattern_analysis": {
    "move_type": "side",
    "game_phase": "opening",
    "turn_number": 1,
    "policy_entropy": 0.4617515136801946,
    "policy_confidence": 0.9316888045540797,
    "top_policy_moves": [
      {
        "coord": "(1,3)",
        "percentage": 93.2,
        "count": 491
      },
      {
        "coord": "(2,5)",
        "percentage": 3.4,
        "count": 18
      },
      {
        "coord": "(4,4)",
        "percentage": 1.9,
        "count": 10
      },
      {
        "coord": "(4,5)",
        "percentage": 1.5,
        "count": 8
      }
    ],
    "total_policy_counts": 527
  },
  "part_comparison": {
    "uniqueness_score": 0.0004735239199362695,
    "similar_positions": [
      4796,
      4794,
      1953,
      1952,
      4893
    ],
    "part_rank": 18,
    "max_other_part_activation": 1227.29052734375,
    "activation_percentile": 99.72739663789186
  }
}