{
  "position_info": {
    "part": 15,
    "rank": 2,
    "global_position": 5466,
    "move_coordinate": "C4",
    "turn_number": 13,
    "npz_file": "BADFFB51627F24FD.npz",
    "board_tensor_file": "pos_5466/board.npy",
    "sgf_file": "pos_5466/game.sgf"
  },
  "nmf_analysis": {
    "activation_strength": 0.20203308761119843,
    "rank_in_part": 2,
    "activation_in_other_parts": [
      0.0,
      0.03943418338894844,
      0.0,
      0.0,
      0.0,
      0.0,
      0.12421409040689468,
      0.01746494509279728,
      0.005692608654499054,
      0.0869055986404419,
      0.027764741331338882,
      0.0918157771229744,
      0.05538374185562134,
      0.0,
      0.0010197792435064912,
      0.20203308761119843,
      0.002464713528752327,
      0.0002127568586729467,
      0.0,
      0.0,
      0.0,
      0.05116346850991249,
      0.002775631844997406,
      0.0,
      0.09201560914516449,
      5.3144518460612744e-05,
      0.004291386343538761,
      0.0,
      0.0,
      0.020842712372541428,
      0.023875247687101364,
      0.30645740032196045,
      0.002420867793262005,
      0.0,
      0.0,
      0.024711299687623978,
      0.0,
      0.0,
      0.8079036474227905,
      0.0,
      0.08227714896202087,
      0.0,
      0.10289640724658966,
      0.0,
      0.0,
      0.23566587269306183,
      0.0,
      0.0,
      0.05840793624520302,
      0.47625866532325745
    ],
    "channel_activity": [
      49,
      1,
      1,
      0,
      0,
      2,
      0,
      0,
      0,
      1,
      1,
      0,
      0,
      0,
      0,
      0,
      0,
      0,
      1,
      1,
      0,
      0
    ],
    "top_active_channels": [
      [
        0,
        49
      ],
      [
        5,
        2
      ],
      [
        1,
        1
      ],
      [
        2,
        1
      ],
      [
        9,
        1
      ]
    ],
    "total_board_activity": 57
  },
  "go_pattern_analysis": {
    "move_type": "side",
    "game_phase": "opening",
    "turn_number": 13,
    "policy_entropy": 0.06425462540840808,
    "policy_confidence": 0.9924242424242424,
    "top_policy_moves": [
      {
        "coord": "(3,2)",
        "percentage": 99.2,
        "count": 131
      },
      {
        "coord": "(3,4)",
        "percentage": 0.8,
        "count": 1
      }
    ],
    "total_policy_counts": 132
  },
  "part_comparison": {
    "uniqueness_score": 0.20004530251026154,
    "similar_positions": [
      3351,
      4811,
      1034,
      2335,
      2336
    ],
    "part_rank": 2,
    "max_other_part_activation": 0.8079036474227905,
    "activation_percentile": 99.96971073754354
  }
}