{
  "position_info": {
    "part": 8,
    "rank": 2,
    "global_position": 425,
    "move_coordinate": "G3",
    "turn_number": 1,
    "npz_file": "1906C337F5CDAFA9.npz",
    "board_tensor_file": "pos_425/board.npy",
    "sgf_file": "pos_425/game.sgf"
  },
  "nmf_analysis": {
    "activation_strength": 1.4880001544952393,
    "rank_in_part": 2,
    "activation_in_other_parts": [
      2639.77490234375,
      263.6188659667969,
      126.65725708007812,
      199.2648468017578,
      9.858222007751465,
      0.0,
      0.0,
      0.24590258300304413,
      1.4880001544952393,
      0.37020188570022583,
      0.0,
      0.0,
      0.013648085296154022,
      0.0,
      0.0,
      0.0,
      0.2799682915210724,
      0.0,
      0.11859287321567535,
      0.0,
      0.8055350184440613,
      0.0,
      0.1124071255326271,
      0.37663161754608154,
      0.0
    ],
    "channel_activity": [
      49,
      13,
      15,
      0,
      5,
      7,
      0,
      0,
      0,
      1,
      1,
      1,
      1,
      1,
      0,
      0,
      1,
      0,
      13,
      15,
      0,
      0
    ],
    "top_active_channels": [
      [
        0,
        49
      ],
      [
        2,
        15
      ],
      [
        19,
        15
      ],
      [
        1,
        13
      ],
      [
        18,
        13
      ]
    ],
    "total_board_activity": 123
  },
  "go_pattern_analysis": {
    "move_type": "corner",
    "game_phase": "opening",
    "turn_number": 1,
    "policy_entropy": 0.020814071335501033,
    "policy_confidence": 0.998,
    "top_policy_moves": [
      {
        "coord": "(2,6)",
        "percentage": 99.8,
        "count": 499
      },
      {
        "coord": "(3,6)",
        "percentage": 0.2,
        "count": 1
      }
    ],
    "total_policy_counts": 500
  },
  "part_comparison": {
    "uniqueness_score": 0.0005633669206872582,
    "similar_positions": [
      426,
      3786,
      424,
      423,
      3784
    ],
    "part_rank": 2,
    "max_other_part_activation": 2639.77490234375,
    "activation_percentile": 99.96971073754354
  }
}