{
  "position_info": {
    "part": 41,
    "rank": 12,
    "global_position": 425,
    "move_coordinate": "G3",
    "turn_number": 1,
    "npz_file": "1906C337F5CDAFA9.npz",
    "board_tensor_file": "pos_425/board.npy",
    "sgf_file": "pos_425/game.sgf"
  },
  "nmf_analysis": {
    "activation_strength": 0.512680172920227,
    "rank_in_component": 12,
    "activation_in_other_components": [
      0.217370867729187,
      0.05281476676464081,
      0.0,
      0.0347495898604393,
      0.03706642612814903,
      0.0494990348815918,
      0.11146526038646698,
      0.022381925955414772,
      0.036772675812244415,
      0.13891535997390747,
      0.04362288862466812,
      0.0984632819890976,
      0.05480216071009636,
      0.020228184759616852,
      0.014309462159872055,
      0.14172759652137756,
      0.013361704535782337,
      0.0005066842422820628,
      0.020881876349449158,
      0.030346717685461044,
      0.02641546167433262,
      0.07770295441150665,
      0.020166512578725815,
      0.03457184135913849,
      0.12139719724655151,
      0.006775822024792433,
      0.003416248131543398,
      0.011569809168577194,
      0.33532774448394775,
      0.15918603539466858,
      0.29992151260375977,
      0.018935490399599075,
      0.15327894687652588,
      0.07687065750360489,
      0.1590743362903595,
      0.0,
      0.2661190629005432,
      0.0,
      0.0,
      0.0631634071469307,
      0.010203339159488678,
      0.512680172920227,
      0.0,
      0.0,
      0.1265827715396881,
      0.0,
      0.0,
      0.18712516129016876,
      0.10688546299934387,
      0.2955532371997833
    ],
    "channel_activity": [
      49,
      13,
      15,
      0,
      5,
      7,
      0,
      0,
      0,
      1,
      1,
      1,
      1,
      1,
      0,
      0,
      1,
      0,
      13,
      15,
      0,
      0
    ],
    "top_active_channels": [
      [
        0,
        49
      ],
      [
        2,
        15
      ],
      [
        19,
        15
      ],
      [
        1,
        13
      ],
      [
        18,
        13
      ]
    ],
    "total_board_activity": 123
  },
  "go_pattern_analysis": {
    "move_type": "corner",
    "game_phase": "opening",
    "turn_number": 1,
    "policy_entropy": 0.020814071335501033,
    "policy_confidence": 0.998,
    "top_policy_moves": [
      {
        "coord": "(2,6)",
        "percentage": 99.8,
        "count": 499
      },
      {
        "coord": "(3,6)",
        "percentage": 0.2,
        "count": 1
      }
    ],
    "total_policy_counts": 500
  },
  "component_comparison": {
    "uniqueness_score": 0.6045700311660767,
    "similar_positions": [
      426,
      2498,
      4387,
      2499,
      4388
    ],
    "component_rank": 12,
    "max_other_component_activation": 0.33532774448394775,
    "activation_percentile": 99.81826442526125
  }
}