{
  "position_info": {
    "part": 24,
    "rank": 18,
    "global_position": 237,
    "move_coordinate": "F4",
    "turn_number": 14,
    "npz_file": "1906C337F5CDAFA9.npz",
    "board_tensor_file": "pos_237/board.npy",
    "sgf_file": "pos_237/game.sgf"
  },
  "nmf_analysis": {
    "activation_strength": 0.15850995481014252,
    "rank_in_part": 18,
    "activation_in_other_parts": [
      0.17572598159313202,
      0.0,
      0.0,
      0.028982598334550858,
      0.029916170984506607,
      0.03512106090784073,
      0.2378745973110199,
      0.010672876611351967,
      0.0007219430990517139,
      0.12056497484445572,
      0.0,
      0.028896380215883255,
      0.052269939333200455,
      0.0036915107630193233,
      0.0,
      0.048473160713911057,
      0.0012788670137524605,
      0.0,
      0.008347701281309128,
      0.02965283766388893,
      0.0,
      0.08927621692419052,
      0.0,
      0.05596437677741051,
      0.15850995481014252,
      0.0011988854967057705,
      0.0,
      0.044565506279468536,
      0.31778594851493835,
      0.0,
      0.21738949418067932,
      0.14096590876579285,
      0.029371589422225952,
      0.105655238032341,
      0.0604005865752697,
      0.0,
      0.0310230515897274,
      0.09698592126369476,
      0.03597457334399223,
      0.018617575988173485,
      0.1572250872850418,
      0.1523311883211136,
      0.0,
      0.057946447283029556,
      0.16762115061283112,
      0.1479424238204956,
      0.12358330190181732,
      0.19535748660564423,
      0.3635414242744446,
      0.27828890085220337
    ],
    "channel_activity": [
      49,
      5,
      6,
      0,
      0,
      1,
      0,
      0,
      0,
      1,
      1,
      1,
      1,
      1,
      0,
      0,
      0,
      0,
      5,
      6,
      0,
      0
    ],
    "top_active_channels": [
      [
        0,
        49
      ],
      [
        2,
        6
      ],
      [
        19,
        6
      ],
      [
        1,
        5
      ],
      [
        18,
        5
      ]
    ],
    "total_board_activity": 77
  },
  "go_pattern_analysis": {
    "move_type": "side",
    "game_phase": "opening",
    "turn_number": 14,
    "policy_entropy": 0.1792560669283215,
    "policy_confidence": 0.972972972972973,
    "top_policy_moves": [
      {
        "coord": "(3,5)",
        "percentage": 97.3,
        "count": 252
      },
      {
        "coord": "(4,4)",
        "percentage": 2.7,
        "count": 7
      }
    ],
    "total_policy_counts": 259
  },
  "part_comparison": {
    "uniqueness_score": 0.3036290109157562,
    "similar_positions": [
      2294,
      5174,
      4798,
      899,
      480
    ],
    "part_rank": 18,
    "max_other_part_activation": 0.3635414242744446,
    "activation_percentile": 99.72739663789186
  }
}