{
  "position_info": {
    "part": 15,
    "rank": 11,
    "global_position": 3257,
    "move_coordinate": "B2",
    "turn_number": 1,
    "npz_file": "AAE4EE8DC9A92FFF.npz",
    "board_tensor_file": "pos_3257/board.npy",
    "sgf_file": "pos_3257/game.sgf"
  },
  "nmf_analysis": {
    "activation_strength": 0.8900336027145386,
    "rank_in_part": 11,
    "activation_in_other_parts": [
      131.48712158203125,
      745.6273193359375,
      0.0,
      262.16070556640625,
      14.443985939025879,
      0.0,
      0.0,
      0.09800656139850616,
      0.0,
      0.0320705771446228,
      0.0,
      0.0,
      0.0,
      0.0,
      0.0,
      0.8900336027145386,
      0.0,
      0.0,
      0.0,
      0.029375404119491577,
      0.0,
      0.01949358731508255,
      0.0,
      0.0,
      0.0
    ],
    "channel_activity": [
      49,
      3,
      3,
      0,
      0,
      0,
      0,
      0,
      0,
      1,
      1,
      1,
      1,
      1,
      0,
      0,
      0,
      0,
      0,
      0,
      0,
      0
    ],
    "top_active_channels": [
      [
        0,
        49
      ],
      [
        1,
        3
      ],
      [
        2,
        3
      ],
      [
        9,
        1
      ],
      [
        10,
        1
      ]
    ],
    "total_board_activity": 60
  },
  "go_pattern_analysis": {
    "move_type": "corner",
    "game_phase": "opening",
    "turn_number": 1,
    "policy_entropy": 0.5223189919704736,
    "policy_confidence": 0.887189292543021,
    "top_policy_moves": [
      {
        "coord": "(1,1)",
        "percentage": 88.7,
        "count": 464
      },
      {
        "coord": "(3,5)",
        "percentage": 11.1,
        "count": 58
      },
      {
        "coord": "(3,1)",
        "percentage": 0.2,
        "count": 1
      }
    ],
    "total_policy_counts": 523
  },
  "part_comparison": {
    "uniqueness_score": 0.0011922477278858423,
    "similar_positions": [
      2354,
      5019,
      2470,
      3394,
      3642
    ],
    "part_rank": 11,
    "max_other_part_activation": 745.6273193359375,
    "activation_percentile": 99.83340905648947
  }
}