{
  "position_info": {
    "part": 15,
    "rank": 15,
    "global_position": 1424,
    "move_coordinate": "E3",
    "turn_number": 5,
    "npz_file": "1D638D50844BD930.npz",
    "board_tensor_file": "pos_1424/board.npy",
    "sgf_file": "pos_1424/game.sgf"
  },
  "nmf_analysis": {
    "activation_strength": 0.18684786558151245,
    "rank_in_part": 15,
    "activation_in_other_parts": [
      0.0,
      0.04184567555785179,
      0.0,
      0.0,
      0.0,
      0.0004343241162132472,
      0.09919320791959763,
      0.02049837075173855,
      0.010740019381046295,
      0.10002869367599487,
      0.03845787048339844,
      0.09202130138874054,
      0.059767432510852814,
      0.0,
      0.002900566440075636,
      0.18684786558151245,
      0.0025156717747449875,
      0.00036542676389217377,
      0.0,
      0.0,
      0.0016983695095404983,
      0.05585704743862152,
      0.005843232851475477,
      0.0,
      0.0981428399682045,
      8.743310172576457e-05,
      0.0057306187227368355,
      0.0,
      0.0,
      0.0028285887092351913,
      0.044260360300540924,
      0.27729347348213196,
      0.012921450659632683,
      0.0,
      0.0,
      0.05826043337583542,
      0.0,
      0.0,
      0.8195788860321045,
      0.0,
      0.08410745859146118,
      0.0,
      0.09172308444976807,
      0.0,
      0.0,
      0.24689161777496338,
      0.0,
      0.0,
      0.05791282653808594,
      0.476088285446167
    ],
    "channel_activity": [
      49,
      1,
      1,
      0,
      0,
      2,
      0,
      0,
      0,
      1,
      1,
      0,
      0,
      0,
      0,
      0,
      0,
      0,
      0,
      0,
      0,
      0
    ],
    "top_active_channels": [
      [
        0,
        49
      ],
      [
        5,
        2
      ],
      [
        1,
        1
      ],
      [
        2,
        1
      ],
      [
        9,
        1
      ]
    ],
    "total_board_activity": 55
  },
  "go_pattern_analysis": {
    "move_type": "corner",
    "game_phase": "opening",
    "turn_number": 5,
    "policy_entropy": 0.09844697298394026,
    "policy_confidence": 0.9872611464968153,
    "top_policy_moves": [
      {
        "coord": "(2,4)",
        "percentage": 98.7,
        "count": 155
      },
      {
        "coord": "(2,3)",
        "percentage": 1.3,
        "count": 2
      }
    ],
    "total_policy_counts": 157
  },
  "part_comparison": {
    "uniqueness_score": 0.18565469980239868,
    "similar_positions": [
      3351,
      5466,
      4811,
      1034,
      2335
    ],
    "part_rank": 15,
    "max_other_part_activation": 0.8195788860321045,
    "activation_percentile": 99.77283053157655
  }
}