{
  "position_info": {
    "part": 12,
    "rank": 15,
    "global_position": 1424,
    "move_coordinate": "E3",
    "turn_number": 5,
    "npz_file": "1D638D50844BD930.npz",
    "board_tensor_file": "pos_1424/board.npy",
    "sgf_file": "pos_1424/game.sgf"
  },
  "nmf_analysis": {
    "activation_strength": 0.4804608225822449,
    "rank_in_part": 15,
    "activation_in_other_parts": [
      0.0,
      0.07624340802431107,
      0.0,
      0.0,
      0.6129012107849121,
      0.4343273639678955,
      2.5614786864025518e-05,
      0.0,
      0.04674556851387024,
      0.3509598672389984,
      0.0,
      0.2124890685081482,
      0.4804608225822449,
      0.01726192608475685,
      0.13538523018360138,
      0.0016823732294142246,
      0.05220632255077362,
      0.014934340491890907,
      0.3057410418987274,
      0.11068028956651688,
      0.056510381400585175,
      0.012792153283953667,
      0.0,
      0.0,
      0.25665563344955444
    ],
    "channel_activity": [
      49,
      1,
      1,
      0,
      0,
      2,
      0,
      0,
      0,
      1,
      1,
      0,
      0,
      0,
      0,
      0,
      0,
      0,
      0,
      0,
      0,
      0
    ],
    "top_active_channels": [
      [
        0,
        49
      ],
      [
        5,
        2
      ],
      [
        1,
        1
      ],
      [
        2,
        1
      ],
      [
        9,
        1
      ]
    ],
    "total_board_activity": 55
  },
  "go_pattern_analysis": {
    "move_type": "corner",
    "game_phase": "opening",
    "turn_number": 5,
    "policy_entropy": 0.09844697298394026,
    "policy_confidence": 0.9872611464968153,
    "top_policy_moves": [
      {
        "coord": "(2,4)",
        "percentage": 98.7,
        "count": 155
      },
      {
        "coord": "(2,3)",
        "percentage": 1.3,
        "count": 2
      }
    ],
    "total_policy_counts": 157
  },
  "part_comparison": {
    "uniqueness_score": 0.43943431973457336,
    "similar_positions": [
      747,
      3184,
      1425,
      1301,
      6471
    ],
    "part_rank": 15,
    "max_other_part_activation": 0.6129012107849121,
    "activation_percentile": 99.77283053157655
  }
}