{
  "position_info": {
    "part": 46,
    "rank": 10,
    "global_position": 3616,
    "move_coordinate": "B5",
    "turn_number": 1,
    "npz_file": "AAE4EE8DC9A92FFF.npz",
    "board_tensor_file": "pos_3616/board.npy",
    "sgf_file": "pos_3616/game.sgf"
  },
  "nmf_analysis": {
    "activation_strength": 0.3350767195224762,
    "rank_in_part": 10,
    "activation_in_other_parts": [
      0.07973174750804901,
      0.005478095728904009,
      0.0,
      0.004681659396737814,
      0.0036718479823321104,
      0.0023652310483157635,
      0.03359823673963547,
      0.00937223806977272,
      0.0017565788002684712,
      0.028992746025323868,
      0.012895695865154266,
      0.0,
      0.010570882819592953,
      0.010929584503173828,
      0.0072072953917086124,
      0.0,
      0.011850465089082718,
      0.00022744140005670488,
      0.018939578905701637,
      0.01796509511768818,
      0.002094326773658395,
      0.017371108755469322,
      0.00290815276093781,
      0.007372989784926176,
      0.010821131058037281,
      0.006899987813085318,
      0.0029141237027943134,
      0.010992501862347126,
      0.11106559634208679,
      0.0,
      0.0,
      0.12111092358827591,
      0.013752376660704613,
      0.31444722414016724,
      0.18877340853214264,
      0.18704691529273987,
      0.05818045139312744,
      0.17509225010871887,
      0.03746725618839264,
      0.18481551110744476,
      0.07199117541313171,
      0.0,
      0.07685913145542145,
      0.10667191445827484,
      0.06137062981724739,
      0.13865721225738525,
      0.3350767195224762,
      0.21221433579921722,
      0.17054316401481628,
      0.4468976855278015
    ],
    "channel_activity": [
      49,
      8,
      8,
      0,
      0,
      0,
      0,
      0,
      0,
      1,
      1,
      1,
      1,
      1,
      0,
      0,
      1,
      0,
      8,
      20,
      0,
      0
    ],
    "top_active_channels": [
      [
        0,
        49
      ],
      [
        19,
        20
      ],
      [
        1,
        8
      ],
      [
        2,
        8
      ],
      [
        18,
        8
      ]
    ],
    "total_board_activity": 99
  },
  "go_pattern_analysis": {
    "move_type": "corner",
    "game_phase": "opening",
    "turn_number": 1,
    "policy_entropy": 1.2116022557366946,
    "policy_confidence": 0.7789661319073083,
    "top_policy_moves": [
      {
        "coord": "(4,1)",
        "percentage": 77.9,
        "count": 437
      },
      {
        "coord": "PASS",
        "percentage": 14.8,
        "count": 83
      },
      {
        "coord": "(5,0)",
        "percentage": 1.1,
        "count": 6
      },
      {
        "coord": "(1,0)",
        "percentage": 0.9,
        "count": 5
      },
      {
        "coord": "(1,1)",
        "percentage": 0.9,
        "count": 5
      }
    ],
    "total_policy_counts": 561
  },
  "part_comparison": {
    "uniqueness_score": 0.42850086092948914,
    "similar_positions": [
      2526,
      3558,
      4802,
      4395,
      4238
    ],
    "part_rank": 10,
    "max_other_part_activation": 0.4468976855278015,
    "activation_percentile": 99.8485536877177
  }
}