{
  "position_info": {
    "part": 0,
    "rank": 19,
    "global_position": 5803,
    "move_coordinate": "C3",
    "turn_number": 9,
    "npz_file": "E3CD9898B9AFF870.npz",
    "board_tensor_file": "pos_5803/board.npy",
    "sgf_file": "pos_5803/game.sgf"
  },
  "nmf_analysis": {
    "activation_strength": 0.4601348340511322,
    "rank_in_part": 19,
    "activation_in_other_parts": [
      0.4601348340511322,
      0.36236467957496643,
      0.0,
      0.040568895637989044,
      0.8202438950538635,
      0.011163746006786823,
      0.0,
      0.0,
      0.03274954482913017,
      0.277082234621048,
      0.0,
      0.01028422825038433,
      0.0002161769662052393,
      0.0,
      0.0,
      0.0,
      0.5011840462684631,
      0.0,
      0.0072504449635744095,
      0.0,
      0.0,
      0.015029828064143658,
      0.054634883999824524,
      0.0,
      0.15255142748355865
    ],
    "channel_activity": [
      49,
      0,
      1,
      0,
      0,
      0,
      0,
      0,
      0,
      1,
      0,
      0,
      0,
      0,
      0,
      0,
      0,
      0,
      0,
      49,
      0,
      0
    ],
    "top_active_channels": [
      [
        0,
        49
      ],
      [
        19,
        49
      ],
      [
        2,
        1
      ],
      [
        9,
        1
      ],
      [
        1,
        0
      ]
    ],
    "total_board_activity": 100
  },
  "go_pattern_analysis": {
    "move_type": "corner",
    "game_phase": "opening",
    "turn_number": 9,
    "policy_entropy": 1.9304575989725168,
    "policy_confidence": 0.389937106918239,
    "top_policy_moves": [
      {
        "coord": "(2,2)",
        "percentage": 39.0,
        "count": 62
      },
      {
        "coord": "(3,4)",
        "percentage": 21.4,
        "count": 34
      },
      {
        "coord": "(3,2)",
        "percentage": 20.8,
        "count": 33
      },
      {
        "coord": "(2,4)",
        "percentage": 18.9,
        "count": 30
      }
    ],
    "total_policy_counts": 159
  },
  "part_comparison": {
    "uniqueness_score": 0.3593740165233612,
    "similar_positions": [
      786,
      3821,
      6323,
      3536,
      6366
    ],
    "part_rank": 19,
    "max_other_part_activation": 0.8202438950538635,
    "activation_percentile": 99.71225200666363
  }
}