{
  "position_info": {
    "part": 33,
    "rank": 15,
    "global_position": 5926,
    "move_coordinate": "A1",
    "turn_number": 28,
    "npz_file": "E3CD9898B9AFF870.npz",
    "board_tensor_file": "pos_5926/board.npy",
    "sgf_file": "pos_5926/game.sgf"
  },
  "nmf_analysis": {
    "activation_strength": 0.5948349237442017,
    "rank_in_part": 15,
    "activation_in_other_parts": [
      0.09935592114925385,
      0.014484576880931854,
      0.0,
      0.008429496549069881,
      0.007023253943771124,
      0.011872940696775913,
      0.0,
      0.0044424692168831825,
      0.04759076610207558,
      0.008637083694338799,
      0.05018927901983261,
      0.01563684083521366,
      0.018907930701971054,
      0.010591412894427776,
      0.02086590975522995,
      0.0,
      0.014666901901364326,
      0.0004155114875175059,
      0.02230546809732914,
      0.00654203724116087,
      0.023333406075835228,
      0.010912833735346794,
      0.021970128640532494,
      0.038267582654953,
      0.02094905450940132,
      0.008173026144504547,
      0.006436978932470083,
      0.006853008642792702,
      0.0,
      0.19429127871990204,
      0.0,
      0.11633826047182083,
      0.015787731856107712,
      0.5948349237442017,
      0.40417560935020447,
      0.0880131870508194,
      0.12951070070266724,
      0.047417305409908295,
      0.0,
      0.09558329731225967,
      0.0,
      0.07521620392799377,
      0.051192786544561386,
      0.056829631328582764,
      0.050048813223838806,
      0.0,
      0.08426646143198013,
      0.1015370637178421,
      0.04738757759332657,
      0.5074201226234436
    ],
    "channel_activity": [
      49,
      16,
      11,
      1,
      1,
      0,
      0,
      0,
      0,
      1,
      1,
      0,
      1,
      0,
      1,
      1,
      4,
      0,
      29,
      20,
      13,
      12
    ],
    "top_active_channels": [
      [
        0,
        49
      ],
      [
        18,
        29
      ],
      [
        19,
        20
      ],
      [
        1,
        16
      ],
      [
        20,
        13
      ]
    ],
    "total_board_activity": 161
  },
  "go_pattern_analysis": {
    "move_type": "corner",
    "game_phase": "opening",
    "turn_number": 28,
    "policy_entropy": 5.643856189774725,
    "policy_confidence": 0.02,
    "top_policy_moves": [
      {
        "coord": "PASS",
        "percentage": 2.0,
        "count": 1
      },
      {
        "coord": "(1,5)",
        "percentage": 2.0,
        "count": 1
      },
      {
        "coord": "(3,1)",
        "percentage": 2.0,
        "count": 1
      },
      {
        "coord": "(3,0)",
        "percentage": 2.0,
        "count": 1
      },
      {
        "coord": "(2,6)",
        "percentage": 2.0,
        "count": 1
      }
    ],
    "total_policy_counts": 50
  },
  "part_comparison": {
    "uniqueness_score": 0.5396527051925659,
    "similar_positions": [
      776,
      4548,
      1384,
      6298,
      3417
    ],
    "part_rank": 15,
    "max_other_part_activation": 0.5074201226234436,
    "activation_percentile": 99.77283053157655
  }
}