{
  "position_info": {
    "part": 35,
    "rank": 8,
    "global_position": 1204,
    "move_coordinate": "D6",
    "turn_number": 15,
    "npz_file": "1D638D50844BD930.npz",
    "board_tensor_file": "pos_1204/board.npy",
    "sgf_file": "pos_1204/game.sgf"
  },
  "nmf_analysis": {
    "activation_strength": 0.4698241651058197,
    "rank_in_component": 8,
    "activation_in_other_components": [
      0.0024114479310810566,
      0.038976866751909256,
      0.0,
      0.0,
      0.0,
      0.006149719003587961,
      0.0,
      0.011456607840955257,
      0.004762927070260048,
      0.0,
      0.027363037690520287,
      0.011935114860534668,
      0.0,
      0.01487667951732874,
      0.0,
      0.009954300709068775,
      0.0031470167450606823,
      0.0006541303591802716,
      0.0037521994672715664,
      0.010841390118002892,
      0.0,
      0.0,
      0.0016185365384444594,
      0.0029895477928221226,
      0.0,
      0.0022599061485379934,
      0.002328545320779085,
      0.03187477961182594,
      0.0,
      0.38740989565849304,
      0.0837458074092865,
      0.05878891795873642,
      0.10941574722528458,
      0.0,
      0.0,
      0.4698241651058197,
      0.025542668998241425,
      0.04484320059418678,
      0.4166083335876465,
      0.0,
      0.4177982807159424,
      0.009677005000412464,
      0.1370914727449417,
      0.17221994698047638,
      0.01198972761631012,
      0.0,
      0.045616038143634796,
      0.004638178739696741,
      0.23366063833236694,
      0.35183700919151306
    ],
    "channel_activity": [
      49,
      5,
      5,
      0,
      2,
      5,
      0,
      0,
      0,
      1,
      1,
      1,
      1,
      1,
      2,
      1,
      1,
      0,
      0,
      0,
      0,
      0
    ],
    "top_active_channels": [
      [
        0,
        49
      ],
      [
        1,
        5
      ],
      [
        2,
        5
      ],
      [
        5,
        5
      ],
      [
        4,
        2
      ]
    ],
    "total_board_activity": 75
  },
  "go_pattern_analysis": {
    "move_type": "side",
    "game_phase": "opening",
    "turn_number": 15,
    "policy_entropy": -0.0,
    "policy_confidence": 1.0,
    "top_policy_moves": [
      {
        "coord": "(5,3)",
        "percentage": 100.0,
        "count": 131
      }
    ],
    "total_policy_counts": 131
  },
  "component_comparison": {
    "uniqueness_score": 0.5293062925338745,
    "similar_positions": [
      4516,
      582,
      2431,
      4515,
      1408
    ],
    "component_rank": 8,
    "max_other_component_activation": 0.4177982807159424,
    "activation_percentile": 99.87884295017416
  }
}