{
  "position_info": {
    "part": 47,
    "rank": 18,
    "global_position": 4542,
    "move_coordinate": "B5",
    "turn_number": 34,
    "npz_file": "B330F9C802154800.npz",
    "board_tensor_file": "pos_4542/board.npy",
    "sgf_file": "pos_4542/game.sgf"
  },
  "nmf_analysis": {
    "activation_strength": 0.33176732063293457,
    "rank_in_component": 18,
    "activation_in_other_components": [
      0.06024058163166046,
      0.009884755127131939,
      0.0,
      0.008792666718363762,
      0.013057669624686241,
      0.00492735905572772,
      0.11582179367542267,
      0.007076473906636238,
      0.0217687226831913,
      0.07167968899011612,
      0.03228388726711273,
      0.026489419862627983,
      0.0390128456056118,
      0.008200790733098984,
      0.0077207558788359165,
      0.004091811366379261,
      0.010812235996127129,
      0.00012513136607594788,
      0.017248880118131638,
      0.015880750492215157,
      0.009166565723717213,
      0.04769540950655937,
      0.008386706002056599,
      0.027055447921156883,
      0.06613114476203918,
      0.006376426201313734,
      0.00344964861869812,
      0.014351190067827702,
      0.02039787545800209,
      0.21444548666477203,
      0.11393247544765472,
      0.06352325528860092,
      0.1889076828956604,
      0.264977365732193,
      0.040466051548719406,
      0.2337101548910141,
      0.011832140386104584,
      0.046961553394794464,
      0.08995761722326279,
      0.11011084914207458,
      0.044084202498197556,
      0.05889671668410301,
      0.021465051919221878,
      0.12868352234363556,
      0.20116697251796722,
      0.1105189099907875,
      0.12072388827800751,
      0.33176732063293457,
      0.1758529096841812,
      0.4418545365333557
    ],
    "channel_activity": [
      49,
      8,
      9,
      0,
      8,
      0,
      0,
      0,
      0,
      1,
      1,
      1,
      1,
      1,
      2,
      1,
      1,
      1,
      28,
      10,
      0,
      0
    ],
    "top_active_channels": [
      [
        0,
        49
      ],
      [
        18,
        28
      ],
      [
        19,
        10
      ],
      [
        2,
        9
      ],
      [
        1,
        8
      ]
    ],
    "total_board_activity": 122
  },
  "go_pattern_analysis": {
    "move_type": "corner",
    "game_phase": "middle_game",
    "turn_number": 34,
    "policy_entropy": 1.3306299407324544,
    "policy_confidence": 0.718421052631579,
    "top_policy_moves": [
      {
        "coord": "(4,1)",
        "percentage": 71.8,
        "count": 273
      },
      {
        "coord": "(5,0)",
        "percentage": 17.1,
        "count": 65
      },
      {
        "coord": "(6,2)",
        "percentage": 5.3,
        "count": 20
      },
      {
        "coord": "(4,0)",
        "percentage": 2.4,
        "count": 9
      },
      {
        "coord": "(2,4)",
        "percentage": 1.8,
        "count": 7
      }
    ],
    "total_policy_counts": 380
  },
  "component_comparison": {
    "uniqueness_score": 0.428849458694458,
    "similar_positions": [
      4663,
      6024,
      550,
      5873,
      3849
    ],
    "component_rank": 18,
    "max_other_component_activation": 0.4418545365333557,
    "activation_percentile": 99.72739663789186
  }
}