{
  "position_info": {
    "part": 3,
    "rank": 7,
    "global_position": 2639,
    "move_coordinate": "F6",
    "turn_number": 43,
    "npz_file": "76F9EC3EB6A76AA0.npz",
    "board_tensor_file": "pos_2639/board.npy",
    "sgf_file": "pos_2639/game.sgf"
  },
  "nmf_analysis": {
    "activation_strength": 126.42401123046875,
    "rank_in_part": 7,
    "activation_in_other_parts": [
      818.1357421875,
      37.91450500488281,
      34.36491012573242,
      126.42401123046875,
      16.54185676574707,
      0.32937079668045044,
      0.0,
      52.05905532836914,
      0.0,
      0.06479011476039886,
      2.1623194217681885,
      0.0,
      0.0,
      0.07220182567834854,
      9.641465187072754,
      0.0,
      0.010046733543276787,
      0.0,
      0.0,
      0.06087055057287216,
      0.05314795300364494,
      0.16330291330814362,
      0.0,
      0.013532433658838272,
      0.16853800415992737
    ],
    "channel_activity": [
      49,
      12,
      11,
      0,
      2,
      0,
      0,
      0,
      0,
      1,
      1,
      0,
      0,
      0,
      2,
      0,
      0,
      1,
      0,
      0,
      0,
      0
    ],
    "top_active_channels": [
      [
        0,
        49
      ],
      [
        1,
        12
      ],
      [
        2,
        11
      ],
      [
        4,
        2
      ],
      [
        14,
        2
      ]
    ],
    "total_board_activity": 79
  },
  "go_pattern_analysis": {
    "move_type": "corner",
    "game_phase": "middle_game",
    "turn_number": 43,
    "policy_entropy": 1.15909791160587,
    "policy_confidence": 0.49640287769784175,
    "top_policy_moves": [
      {
        "coord": "(5,5)",
        "percentage": 49.6,
        "count": 69
      },
      {
        "coord": "(4,5)",
        "percentage": 47.5,
        "count": 66
      },
      {
        "coord": "(6,5)",
        "percentage": 2.9,
        "count": 4
      }
    ],
    "total_policy_counts": 139
  },
  "part_comparison": {
    "uniqueness_score": 0.13384437561035156,
    "similar_positions": [
      5518,
      3374,
      1950,
      4370,
      229
    ],
    "part_rank": 7,
    "max_other_part_activation": 818.1357421875,
    "activation_percentile": 99.89398758140238
  }
}