{
  "position_info": {
    "part": 1,
    "rank": 4,
    "global_position": 5539,
    "move_coordinate": "E5",
    "turn_number": 16,
    "npz_file": "BADFFB51627F24FD.npz",
    "board_tensor_file": "pos_5539/board.npy",
    "sgf_file": "pos_5539/game.sgf"
  },
  "nmf_analysis": {
    "activation_strength": 833.4888916015625,
    "rank_in_part": 4,
    "activation_in_other_parts": [
      483.0650634765625,
      833.4888916015625,
      46.189178466796875,
      29.412357330322266,
      86.52212524414062,
      1.0217883586883545,
      0.0,
      0.0,
      0.0,
      0.17878571152687073,
      0.0,
      0.47682225704193115,
      0.0,
      0.0,
      0.0,
      0.0,
      0.0,
      0.0,
      0.0,
      0.1655314564704895,
      0.0,
      0.1090657189488411,
      0.0,
      0.0,
      0.2822993993759155
    ],
    "channel_activity": [
      49,
      0,
      1,
      0,
      0,
      0,
      0,
      0,
      0,
      1,
      0,
      0,
      0,
      0,
      0,
      0,
      0,
      0,
      0,
      49,
      0,
      0
    ],
    "top_active_channels": [
      [
        0,
        49
      ],
      [
        19,
        49
      ],
      [
        2,
        1
      ],
      [
        9,
        1
      ],
      [
        1,
        0
      ]
    ],
    "total_board_activity": 100
  },
  "go_pattern_analysis": {
    "move_type": "corner",
    "game_phase": "opening",
    "turn_number": 16,
    "policy_entropy": 1.6220450116776937,
    "policy_confidence": 0.5681818181818182,
    "top_policy_moves": [
      {
        "coord": "(4,4)",
        "percentage": 56.8,
        "count": 100
      },
      {
        "coord": "(2,4)",
        "percentage": 22.7,
        "count": 40
      },
      {
        "coord": "(2,3)",
        "percentage": 10.2,
        "count": 18
      },
      {
        "coord": "(4,3)",
        "percentage": 10.2,
        "count": 18
      }
    ],
    "total_policy_counts": 176
  },
  "part_comparison": {
    "uniqueness_score": 0.6330837607383728,
    "similar_positions": [
      5036,
      5524,
      3296,
      632,
      4993
    ],
    "part_rank": 3,
    "max_other_part_activation": 483.0650634765625,
    "activation_percentile": 99.95456610631531
  }
}