{
  "position_info": {
    "part": 11,
    "rank": 3,
    "global_position": 5032,
    "move_coordinate": "F4",
    "turn_number": 12,
    "npz_file": "B330F9C802154800.npz",
    "board_tensor_file": "pos_5032/board.npy",
    "sgf_file": "pos_5032/game.sgf"
  },
  "nmf_analysis": {
    "activation_strength": 0.46017882227897644,
    "rank_in_part": 3,
    "activation_in_other_parts": [
      0.0,
      0.0,
      0.38330918550491333,
      0.16579554975032806,
      0.33105525374412537,
      0.4113313853740692,
      0.20520754158496857,
      0.0381510965526104,
      0.04723339155316353,
      0.13578930497169495,
      0.080259308218956,
      0.46017882227897644,
      0.21343746781349182,
      0.06645431369543076,
      0.0,
      0.0,
      0.0,
      0.16061821579933167,
      0.22655202448368073,
      0.11700136214494705,
      0.04002594202756882,
      0.06124524399638176,
      0.24667780101299286,
      0.052789732813835144,
      0.28898340463638306
    ],
    "channel_activity": [
      49,
      2,
      2,
      0,
      0,
      0,
      0,
      0,
      0,
      1,
      1,
      1,
      1,
      0,
      0,
      0,
      0,
      0,
      2,
      2,
      0,
      0
    ],
    "top_active_channels": [
      [
        0,
        49
      ],
      [
        1,
        2
      ],
      [
        2,
        2
      ],
      [
        18,
        2
      ],
      [
        19,
        2
      ]
    ],
    "total_board_activity": 61
  },
  "go_pattern_analysis": {
    "move_type": "side",
    "game_phase": "opening",
    "turn_number": 12,
    "policy_entropy": 0.4071347458571152,
    "policy_confidence": 0.9377162629757786,
    "top_policy_moves": [
      {
        "coord": "(3,5)",
        "percentage": 93.8,
        "count": 271
      },
      {
        "coord": "(1,3)",
        "percentage": 4.2,
        "count": 12
      },
      {
        "coord": "(2,5)",
        "percentage": 1.7,
        "count": 5
      },
      {
        "coord": "(5,3)",
        "percentage": 0.3,
        "count": 1
      }
    ],
    "total_policy_counts": 289
  },
  "part_comparison": {
    "uniqueness_score": 0.5280246138572693,
    "similar_positions": [
      4832,
      4266,
      5421,
      5031,
      3295
    ],
    "part_rank": 3,
    "max_other_part_activation": 0.4113313853740692,
    "activation_percentile": 99.95456610631531
  }
}