{
  "position_info": {
    "part": 5,
    "rank": 16,
    "global_position": 5901,
    "move_coordinate": "D3",
    "turn_number": 3,
    "npz_file": "E3CD9898B9AFF870.npz",
    "board_tensor_file": "pos_5901/board.npy",
    "sgf_file": "pos_5901/game.sgf"
  },
  "nmf_analysis": {
    "activation_strength": 256.4908142089844,
    "rank_in_part": 16,
    "activation_in_other_parts": [
      0.0,
      20.34334945678711,
      12.424391746520996,
      6.555427551269531,
      2.6620140075683594,
      256.4908142089844,
      0.0,
      2.95902419090271,
      0.0,
      0.0,
      46.1943359375,
      0.0,
      0.0,
      0.0,
      0.0,
      0.004513107240200043,
      0.0,
      0.0,
      0.0,
      0.0,
      0.00607135146856308,
      0.0,
      0.03536701947450638,
      0.007064796984195709,
      0.01397085189819336
    ],
    "channel_activity": [
      49,
      0,
      0,
      0,
      0,
      0,
      0,
      0,
      0,
      0,
      0,
      0,
      0,
      0,
      0,
      0,
      0,
      0,
      0,
      0,
      0,
      0
    ],
    "top_active_channels": [
      [
        0,
        49
      ],
      [
        1,
        0
      ],
      [
        2,
        0
      ],
      [
        3,
        0
      ],
      [
        4,
        0
      ]
    ],
    "total_board_activity": 49
  },
  "go_pattern_analysis": {
    "move_type": "side",
    "game_phase": "opening",
    "turn_number": 3,
    "policy_entropy": 1.9235161210050054,
    "policy_confidence": 0.3958664546899841,
    "top_policy_moves": [
      {
        "coord": "(2,3)",
        "percentage": 39.6,
        "count": 249
      },
      {
        "coord": "(3,2)",
        "percentage": 21.8,
        "count": 137
      },
      {
        "coord": "(4,3)",
        "percentage": 20.5,
        "count": 129
      },
      {
        "coord": "(3,4)",
        "percentage": 18.1,
        "count": 114
      }
    ],
    "total_policy_counts": 629
  },
  "part_comparison": {
    "uniqueness_score": 0.8473848700523376,
    "similar_positions": [
      3921,
      5446,
      11,
      2529,
      2530
    ],
    "part_rank": 16,
    "max_other_part_activation": 46.1943359375,
    "activation_percentile": 99.75768590034832
  }
}