{
  "position_info": {
    "part": 16,
    "rank": 18,
    "global_position": 6451,
    "move_coordinate": "A2",
    "turn_number": 1,
    "npz_file": "E3CD9898B9AFF870.npz",
    "board_tensor_file": "pos_6451/board.npy",
    "sgf_file": "pos_6451/game.sgf"
  },
  "nmf_analysis": {
    "activation_strength": 0.026390306651592255,
    "rank_in_component": 18,
    "activation_in_other_components": [
      0.08629294484853745,
      0.0,
      0.0,
      0.0164398942142725,
      0.02205033227801323,
      0.0,
      0.05830487236380577,
      0.0,
      0.03322981297969818,
      0.008057890459895134,
      0.017799409106373787,
      0.09814225137233734,
      0.023620184510946274,
      0.0,
      0.022202162072062492,
      0.13943183422088623,
      0.026390306651592255,
      0.0,
      0.03632030636072159,
      0.0,
      0.021301064640283585,
      0.023203155025839806,
      0.01817520335316658,
      0.03364916145801544,
      0.034597400575876236,
      0.012998628430068493,
      0.00552968168631196,
      0.005742239765822887,
      0.03612135350704193,
      0.1722138673067093,
      0.0,
      0.12177946418523788,
      0.0,
      0.5084231495857239,
      0.21900993585586548,
      0.06830921024084091,
      0.15726280212402344,
      0.1568797081708908,
      0.008067737333476543,
      0.16681739687919617,
      0.021681571379303932,
      0.02331700548529625,
      0.09315792471170425,
      0.11091487109661102,
      0.05782170966267586,
      0.04099220409989357,
      0.09484867006540298,
      0.2281590700149536,
      0.09340086579322815,
      0.44044560194015503
    ],
    "channel_activity": [
      49,
      13,
      11,
      1,
      2,
      0,
      0,
      0,
      0,
      1,
      1,
      1,
      1,
      1,
      1,
      2,
      4,
      0,
      13,
      11,
      0,
      0
    ],
    "top_active_channels": [
      [
        0,
        49
      ],
      [
        1,
        13
      ],
      [
        18,
        13
      ],
      [
        2,
        11
      ],
      [
        19,
        11
      ]
    ],
    "total_board_activity": 112
  },
  "go_pattern_analysis": {
    "move_type": "corner",
    "game_phase": "opening",
    "turn_number": 1,
    "policy_entropy": -0.0,
    "policy_confidence": 1.0,
    "top_policy_moves": [
      {
        "coord": "(1,0)",
        "percentage": 100.0,
        "count": 557
      }
    ],
    "total_policy_counts": 557
  },
  "component_comparison": {
    "uniqueness_score": 0.04934488236904144,
    "similar_positions": [
      1177,
      6571,
      1562,
      5602,
      5601
    ],
    "component_rank": 18,
    "max_other_component_activation": 0.5084231495857239,
    "activation_percentile": 99.72739663789186
  }
}