{
  "position_info": {
    "part": 48,
    "rank": 16,
    "global_position": 372,
    "move_coordinate": "E6",
    "turn_number": 19,
    "npz_file": "1906C337F5CDAFA9.npz",
    "board_tensor_file": "pos_372/board.npy",
    "sgf_file": "pos_372/game.sgf"
  },
  "nmf_analysis": {
    "activation_strength": 0.5824804902076721,
    "rank_in_component": 16,
    "activation_in_other_components": [
      0.1135072261095047,
      0.004039496649056673,
      0.0,
      0.008655276149511337,
      4.640442784875631e-05,
      0.03399236500263214,
      0.12776534259319305,
      0.0,
      0.09109236299991608,
      0.0,
      0.11426318436861038,
      0.02370135672390461,
      0.01822718046605587,
      0.0018555783899500966,
      0.04231666773557663,
      0.022258751094341278,
      0.010014432482421398,
      0.0005525929154828191,
      0.01065906137228012,
      0.0,
      0.05236172676086426,
      0.011078696697950363,
      0.05079377070069313,
      0.07018148899078369,
      0.029288843274116516,
      0.0038290575612336397,
      0.017190352082252502,
      0.01114569790661335,
      0.15015067160129547,
      0.15767928957939148,
      0.02132946439087391,
      0.4183850884437561,
      0.3402171730995178,
      0.00047436050954274833,
      0.04416269809007645,
      0.0,
      0.015296157449483871,
      0.01516111008822918,
      0.309012770652771,
      0.005772275850176811,
      0.0739683136343956,
      0.08459477126598358,
      0.14829452335834503,
      0.003043492790311575,
      0.016156315803527832,
      0.0,
      0.010326739400625229,
      0.0,
      0.5824804902076721,
      0.10494770854711533
    ],
    "channel_activity": [
      49,
      2,
      3,
      0,
      1,
      2,
      0,
      0,
      0,
      1,
      1,
      1,
      1,
      1,
      0,
      0,
      0,
      0,
      2,
      3,
      0,
      0
    ],
    "top_active_channels": [
      [
        0,
        49
      ],
      [
        2,
        3
      ],
      [
        19,
        3
      ],
      [
        1,
        2
      ],
      [
        5,
        2
      ]
    ],
    "total_board_activity": 67
  },
  "go_pattern_analysis": {
    "move_type": "corner",
    "game_phase": "opening",
    "turn_number": 19,
    "policy_entropy": -0.0,
    "policy_confidence": 1.0,
    "top_policy_moves": [
      {
        "coord": "(5,4)",
        "percentage": 100.0,
        "count": 524
      }
    ],
    "total_policy_counts": 524
  },
  "component_comparison": {
    "uniqueness_score": 0.5819767713546753,
    "similar_positions": [
      1564,
      1569,
      6497,
      1350,
      4809
    ],
    "component_rank": 16,
    "max_other_component_activation": 0.4183850884437561,
    "activation_percentile": 99.75768590034832
  }
}