{
  "position_info": {
    "part": 4,
    "rank": 19,
    "global_position": 1266,
    "move_coordinate": "D5",
    "turn_number": 6,
    "npz_file": "1D638D50844BD930.npz",
    "board_tensor_file": "pos_1266/board.npy",
    "sgf_file": "pos_1266/game.sgf"
  },
  "nmf_analysis": {
    "activation_strength": 344.3421630859375,
    "rank_in_part": 19,
    "activation_in_other_parts": [
      512.23583984375,
      283.25152587890625,
      63.882423400878906,
      46.509315490722656,
      344.3421630859375,
      0.9676629304885864,
      0.0,
      0.0,
      0.1944277584552765,
      0.0,
      0.46392330527305603,
      0.0,
      0.0,
      0.0,
      0.18487821519374847,
      0.0,
      0.0,
      0.0,
      0.0,
      0.0,
      0.03872691094875336,
      0.0,
      0.005292423069477081,
      0.0,
      0.0
    ],
    "channel_activity": [
      49,
      0,
      1,
      0,
      0,
      0,
      0,
      0,
      0,
      1,
      0,
      0,
      0,
      0,
      0,
      0,
      0,
      0,
      0,
      49,
      0,
      0
    ],
    "top_active_channels": [
      [
        0,
        49
      ],
      [
        19,
        49
      ],
      [
        2,
        1
      ],
      [
        9,
        1
      ],
      [
        1,
        0
      ]
    ],
    "total_board_activity": 100
  },
  "go_pattern_analysis": {
    "move_type": "side",
    "game_phase": "opening",
    "turn_number": 6,
    "policy_entropy": 1.8697473827389257,
    "policy_confidence": 0.4069767441860465,
    "top_policy_moves": [
      {
        "coord": "(4,3)",
        "percentage": 40.7,
        "count": 70
      },
      {
        "coord": "(2,3)",
        "percentage": 29.1,
        "count": 50
      },
      {
        "coord": "(4,4)",
        "percentage": 15.7,
        "count": 27
      },
      {
        "coord": "(2,4)",
        "percentage": 14.5,
        "count": 25
      }
    ],
    "total_policy_counts": 172
  },
  "part_comparison": {
    "uniqueness_score": 0.401997447013855,
    "similar_positions": [
      4683,
      89,
      4109,
      4684,
      5036
    ],
    "part_rank": 19,
    "max_other_part_activation": 512.23583984375,
    "activation_percentile": 99.71225200666363
  }
}