{
  "position_info": {
    "part": 4,
    "rank": 17,
    "global_position": 6336,
    "move_coordinate": "D5",
    "turn_number": 1,
    "npz_file": "E3CD9898B9AFF870.npz",
    "board_tensor_file": "pos_6336/board.npy",
    "sgf_file": "pos_6336/game.sgf"
  },
  "nmf_analysis": {
    "activation_strength": 344.97894287109375,
    "rank_in_part": 17,
    "activation_in_other_parts": [
      508.33734130859375,
      282.8373107910156,
      63.295814514160156,
      46.418785095214844,
      344.97894287109375,
      0.9603623151779175,
      0.0,
      0.0,
      0.19737547636032104,
      0.0,
      0.46110498905181885,
      0.0,
      0.0,
      0.0,
      0.18965566158294678,
      0.0,
      0.0,
      0.0,
      0.0,
      0.0,
      0.04103899747133255,
      0.0,
      0.007979653775691986,
      0.0,
      0.0
    ],
    "channel_activity": [
      49,
      0,
      1,
      0,
      0,
      0,
      0,
      0,
      0,
      1,
      0,
      0,
      0,
      0,
      0,
      0,
      0,
      0,
      0,
      49,
      0,
      0
    ],
    "top_active_channels": [
      [
        0,
        49
      ],
      [
        19,
        49
      ],
      [
        2,
        1
      ],
      [
        9,
        1
      ],
      [
        1,
        0
      ]
    ],
    "total_board_activity": 100
  },
  "go_pattern_analysis": {
    "move_type": "side",
    "game_phase": "opening",
    "turn_number": 1,
    "policy_entropy": 1.8853407064833754,
    "policy_confidence": 0.40993788819875776,
    "top_policy_moves": [
      {
        "coord": "(4,3)",
        "percentage": 41.0,
        "count": 66
      },
      {
        "coord": "(2,3)",
        "percentage": 26.7,
        "count": 43
      },
      {
        "coord": "(2,2)",
        "percentage": 16.8,
        "count": 27
      },
      {
        "coord": "(4,2)",
        "percentage": 15.5,
        "count": 25
      }
    ],
    "total_policy_counts": 161
  },
  "part_comparison": {
    "uniqueness_score": 0.40428027510643005,
    "similar_positions": [
      4683,
      89,
      4109,
      4684,
      5036
    ],
    "part_rank": 17,
    "max_other_part_activation": 508.33734130859375,
    "activation_percentile": 99.7425412691201
  }
}