{
  "position_info": {
    "part": 5,
    "rank": 11,
    "global_position": 2484,
    "move_coordinate": "E4",
    "turn_number": 5,
    "npz_file": "76F9EC3EB6A76AA0.npz",
    "board_tensor_file": "pos_2484/board.npy",
    "sgf_file": "pos_2484/game.sgf"
  },
  "nmf_analysis": {
    "activation_strength": 0.5793256163597107,
    "rank_in_part": 11,
    "activation_in_other_parts": [
      0.02083710767328739,
      0.0003067048382945359,
      0.1256837099790573,
      0.07684211432933807,
      0.6520125865936279,
      0.5793256163597107,
      0.051465507596731186,
      0.0,
      0.034089624881744385,
      0.24453191459178925,
      0.004527282901108265,
      0.4039018750190735,
      0.28778526186943054,
      0.030799534171819687,
      0.026470379903912544,
      0.019341930747032166,
      0.04868915304541588,
      0.004929598420858383,
      0.14140017330646515,
      0.0,
      0.03577261418104172,
      0.0,
      0.024105653166770935,
      0.059416513890028,
      0.267440527677536
    ],
    "channel_activity": [
      49,
      0,
      0,
      0,
      0,
      0,
      0,
      0,
      0,
      0,
      0,
      0,
      0,
      0,
      0,
      0,
      0,
      0,
      0,
      0,
      0,
      0
    ],
    "top_active_channels": [
      [
        0,
        49
      ],
      [
        1,
        0
      ],
      [
        2,
        0
      ],
      [
        3,
        0
      ],
      [
        4,
        0
      ]
    ],
    "total_board_activity": 49
  },
  "go_pattern_analysis": {
    "move_type": "side",
    "game_phase": "opening",
    "turn_number": 5,
    "policy_entropy": 1.9407970261364555,
    "policy_confidence": 0.37894736842105264,
    "top_policy_moves": [
      {
        "coord": "(3,4)",
        "percentage": 37.9,
        "count": 216
      },
      {
        "coord": "(2,3)",
        "percentage": 21.6,
        "count": 123
      },
      {
        "coord": "(4,3)",
        "percentage": 21.1,
        "count": 120
      },
      {
        "coord": "(3,2)",
        "percentage": 19.5,
        "count": 111
      }
    ],
    "total_policy_counts": 570
  },
  "part_comparison": {
    "uniqueness_score": 0.47048455476760864,
    "similar_positions": [
      4832,
      5421,
      3295,
      3297,
      1316
    ],
    "part_rank": 11,
    "max_other_part_activation": 0.6520125865936279,
    "activation_percentile": 99.83340905648947
  }
}