{
  "position_info": {
    "part": 6,
    "rank": 17,
    "global_position": 1339,
    "move_coordinate": "F4",
    "turn_number": 1,
    "npz_file": "1D638D50844BD930.npz",
    "board_tensor_file": "pos_1339/board.npy",
    "sgf_file": "pos_1339/game.sgf"
  },
  "nmf_analysis": {
    "activation_strength": 0.4732060134410858,
    "rank_in_part": 17,
    "activation_in_other_parts": [
      0.007050441578030586,
      0.16978973150253296,
      0.01225207094103098,
      0.12917639315128326,
      0.026568351313471794,
      0.24012643098831177,
      0.4732060134410858,
      0.051280003041028976,
      0.03560561314225197,
      0.3568062484264374,
      0.0897076204419136,
      0.08928219228982925,
      0.3392193019390106,
      0.09624599665403366,
      0.09300630539655685,
      0.09210141748189926,
      0.0276467427611351,
      0.10139482468366623,
      0.022553246468305588,
      0.13718365132808685,
      0.02711433917284012,
      0.09465133398771286,
      0.24541017413139343,
      0.07589054107666016,
      0.43477487564086914
    ],
    "channel_activity": [
      49,
      6,
      6,
      2,
      1,
      6,
      0,
      0,
      0,
      1,
      1,
      1,
      1,
      1,
      1,
      2,
      3,
      0,
      0,
      0,
      0,
      0
    ],
    "top_active_channels": [
      [
        0,
        49
      ],
      [
        1,
        6
      ],
      [
        2,
        6
      ],
      [
        5,
        6
      ],
      [
        16,
        3
      ]
    ],
    "total_board_activity": 81
  },
  "go_pattern_analysis": {
    "move_type": "side",
    "game_phase": "opening",
    "turn_number": 1,
    "policy_entropy": -0.0,
    "policy_confidence": 1.0,
    "top_policy_moves": [
      {
        "coord": "(3,5)",
        "percentage": 100.0,
        "count": 349
      }
    ],
    "total_policy_counts": 349
  },
  "part_comparison": {
    "uniqueness_score": 0.5211629271507263,
    "similar_positions": [
      5479,
      4516,
      4603,
      2431,
      4920
    ],
    "part_rank": 17,
    "max_other_part_activation": 0.43477487564086914,
    "activation_percentile": 99.7425412691201
  }
}