{
  "position_info": {
    "part": 42,
    "rank": 6,
    "global_position": 157,
    "move_coordinate": "E6",
    "turn_number": 23,
    "npz_file": "1906C337F5CDAFA9.npz",
    "board_tensor_file": "pos_157/board.npy",
    "sgf_file": "pos_157/game.sgf"
  },
  "nmf_analysis": {
    "activation_strength": 0.3902301788330078,
    "rank_in_part": 6,
    "activation_in_other_parts": [
      0.007825142703950405,
      0.06943494826555252,
      0.0,
      0.004905618727207184,
      0.01036952342838049,
      0.0,
      0.11835139989852905,
      0.02576615661382675,
      0.005204070825129747,
      0.020332252606749535,
      0.005665210075676441,
      0.0,
      0.0,
      0.0018511437810957432,
      0.001826066873036325,
      0.023255284875631332,
      0.0,
      0.0001172047559521161,
      0.0,
      0.007706122938543558,
      0.0010410099057480693,
      0.0,
      0.0,
      0.018936337903141975,
      0.0,
      0.0,
      0.0,
      0.014158985577523708,
      0.1242562085390091,
      0.2512780427932739,
      0.29828694462776184,
      0.21914362907409668,
      0.24696515500545502,
      0.02601848542690277,
      0.08005151897668839,
      0.14833524823188782,
      0.0,
      0.06669200956821442,
      0.2512740194797516,
      0.0,
      0.03982555493712425,
      0.00951007753610611,
      0.3902301788330078,
      0.014132129028439522,
      0.0,
      0.04373501241207123,
      0.0537533313035965,
      0.0,
      0.5446820259094238,
      0.07835478335618973
    ],
    "channel_activity": [
      49,
      3,
      4,
      0,
      0,
      1,
      0,
      0,
      0,
      1,
      1,
      1,
      1,
      1,
      0,
      0,
      0,
      0,
      3,
      4,
      0,
      0
    ],
    "top_active_channels": [
      [
        0,
        49
      ],
      [
        2,
        4
      ],
      [
        19,
        4
      ],
      [
        1,
        3
      ],
      [
        18,
        3
      ]
    ],
    "total_board_activity": 69
  },
  "go_pattern_analysis": {
    "move_type": "corner",
    "game_phase": "opening",
    "turn_number": 23,
    "policy_entropy": 1.7947178925525338,
    "policy_confidence": 0.4951830443159923,
    "top_policy_moves": [
      {
        "coord": "(5,4)",
        "percentage": 49.5,
        "count": 257
      },
      {
        "coord": "(1,3)",
        "percentage": 31.8,
        "count": 165
      },
      {
        "coord": "(5,3)",
        "percentage": 12.7,
        "count": 66
      },
      {
        "coord": "(5,2)",
        "percentage": 1.9,
        "count": 10
      },
      {
        "coord": "(0,4)",
        "percentage": 1.3,
        "count": 7
      }
    ],
    "total_policy_counts": 519
  },
  "part_comparison": {
    "uniqueness_score": 0.417397677898407,
    "similar_positions": [
      3644,
      722,
      2662,
      4972,
      4306
    ],
    "part_rank": 6,
    "max_other_part_activation": 0.5446820259094238,
    "activation_percentile": 99.90913221263062
  }
}