{
  "position_info": {
    "part": 8,
    "rank": 20,
    "global_position": 4386,
    "move_coordinate": "B3",
    "turn_number": 21,
    "npz_file": "B330F9C802154800.npz",
    "board_tensor_file": "pos_4386/board.npy",
    "sgf_file": "pos_4386/game.sgf"
  },
  "nmf_analysis": {
    "activation_strength": 1.187952995300293,
    "rank_in_part": 20,
    "activation_in_other_parts": [
      2492.783447265625,
      31.739242553710938,
      173.61734008789062,
      81.57504272460938,
      186.20516967773438,
      0.0,
      0.0,
      0.0,
      1.187952995300293,
      0.0,
      0.0,
      0.0,
      0.0,
      0.0,
      0.0,
      0.0,
      0.0,
      0.2130761593580246,
      0.0,
      0.7198258638381958,
      0.0,
      0.38424286246299744,
      0.0,
      0.0,
      0.22343461215496063
    ],
    "channel_activity": [
      49,
      9,
      10,
      0,
      2,
      1,
      0,
      0,
      0,
      1,
      1,
      1,
      1,
      1,
      0,
      0,
      0,
      0,
      9,
      10,
      0,
      0
    ],
    "top_active_channels": [
      [
        0,
        49
      ],
      [
        2,
        10
      ],
      [
        19,
        10
      ],
      [
        1,
        9
      ],
      [
        18,
        9
      ]
    ],
    "total_board_activity": 95
  },
  "go_pattern_analysis": {
    "move_type": "corner",
    "game_phase": "opening",
    "turn_number": 21,
    "policy_entropy": 0.1792560669283215,
    "policy_confidence": 0.972972972972973,
    "top_policy_moves": [
      {
        "coord": "(2,1)",
        "percentage": 97.3,
        "count": 396
      },
      {
        "coord": "(3,2)",
        "percentage": 2.7,
        "count": 11
      }
    ],
    "total_policy_counts": 407
  },
  "part_comparison": {
    "uniqueness_score": 0.0004763298202306032,
    "similar_positions": [
      3786,
      423,
      424,
      1885,
      426
    ],
    "part_rank": 20,
    "max_other_part_activation": 2492.783447265625,
    "activation_percentile": 99.69710737543541
  }
}