{
  "position_info": {
    "part": 9,
    "rank": 19,
    "global_position": 5221,
    "move_coordinate": "C6",
    "turn_number": 32,
    "npz_file": "BADFFB51627F24FD.npz",
    "board_tensor_file": "pos_5221/board.npy",
    "sgf_file": "pos_5221/game.sgf"
  },
  "nmf_analysis": {
    "activation_strength": 0.8915640115737915,
    "rank_in_part": 19,
    "activation_in_other_parts": [
      808.5701904296875,
      428.7384948730469,
      81.78166961669922,
      237.6551055908203,
      78.0222396850586,
      0.0,
      0.0,
      0.0,
      0.5439932346343994,
      0.8915640115737915,
      0.0,
      0.0,
      0.0,
      0.0,
      0.0,
      0.0,
      0.2647498548030853,
      0.0,
      0.0,
      0.0,
      0.0,
      0.0,
      0.3814033269882202,
      0.0,
      0.12575072050094604
    ],
    "channel_activity": [
      49,
      7,
      7,
      0,
      0,
      1,
      0,
      0,
      0,
      1,
      1,
      1,
      1,
      1,
      0,
      1,
      1,
      0,
      0,
      0,
      0,
      0
    ],
    "top_active_channels": [
      [
        0,
        49
      ],
      [
        1,
        7
      ],
      [
        2,
        7
      ],
      [
        5,
        1
      ],
      [
        9,
        1
      ]
    ],
    "total_board_activity": 71
  },
  "go_pattern_analysis": {
    "move_type": "corner",
    "game_phase": "middle_game",
    "turn_number": 32,
    "policy_entropy": -0.0,
    "policy_confidence": 1.0,
    "top_policy_moves": [
      {
        "coord": "(5,2)",
        "percentage": 100.0,
        "count": 520
      }
    ],
    "total_policy_counts": 520
  },
  "part_comparison": {
    "uniqueness_score": 0.0011014282936230302,
    "similar_positions": [
      421,
      145,
      3783,
      4943,
      3685
    ],
    "part_rank": 19,
    "max_other_part_activation": 808.5701904296875,
    "activation_percentile": 99.71225200666363
  }
}