{
  "position_info": {
    "part": 11,
    "rank": 10,
    "global_position": 6471,
    "move_coordinate": "B6",
    "turn_number": 1,
    "npz_file": "E3CD9898B9AFF870.npz",
    "board_tensor_file": "pos_6471/board.npy",
    "sgf_file": "pos_6471/game.sgf"
  },
  "nmf_analysis": {
    "activation_strength": 0.7418769598007202,
    "rank_in_part": 10,
    "activation_in_other_parts": [
      0.0,
      440.68096923828125,
      2.4338812828063965,
      39.770782470703125,
      0.0,
      101.72916412353516,
      0.0,
      9.744444847106934,
      0.0,
      0.0,
      7.235105514526367,
      0.7418769598007202,
      0.0,
      0.0,
      19.797733306884766,
      0.0,
      0.0,
      0.0,
      0.0,
      0.0,
      0.0,
      0.0,
      0.2459532618522644,
      0.0,
      0.0
    ],
    "channel_activity": [
      49,
      3,
      3,
      0,
      0,
      0,
      0,
      0,
      0,
      1,
      1,
      1,
      1,
      1,
      0,
      0,
      0,
      0,
      3,
      3,
      0,
      0
    ],
    "top_active_channels": [
      [
        0,
        49
      ],
      [
        1,
        3
      ],
      [
        2,
        3
      ],
      [
        18,
        3
      ],
      [
        19,
        3
      ]
    ],
    "total_board_activity": 66
  },
  "go_pattern_analysis": {
    "move_type": "corner",
    "game_phase": "opening",
    "turn_number": 1,
    "policy_entropy": 1.4485078235687303,
    "policy_confidence": 0.44782608695652176,
    "top_policy_moves": [
      {
        "coord": "(5,1)",
        "percentage": 44.8,
        "count": 103
      },
      {
        "coord": "(3,1)",
        "percentage": 40.9,
        "count": 94
      },
      {
        "coord": "(3,5)",
        "percentage": 14.3,
        "count": 33
      }
    ],
    "total_policy_counts": 230
  },
  "part_comparison": {
    "uniqueness_score": 0.0016806492349132895,
    "similar_positions": [
      5851,
      5785,
      3402,
      4189,
      6579
    ],
    "part_rank": 10,
    "max_other_part_activation": 440.68096923828125,
    "activation_percentile": 99.8485536877177
  }
}