{
  "position_info": {
    "part": 12,
    "rank": 18,
    "global_position": 2362,
    "move_coordinate": "C5",
    "turn_number": 7,
    "npz_file": "76F9EC3EB6A76AA0.npz",
    "board_tensor_file": "pos_2362/board.npy",
    "sgf_file": "pos_2362/game.sgf"
  },
  "nmf_analysis": {
    "activation_strength": 0.07402685284614563,
    "rank_in_component": 18,
    "activation_in_other_components": [
      0.0,
      0.03197018802165985,
      0.0,
      0.0,
      0.0,
      0.0014866362325847149,
      0.1735839545726776,
      0.009800812229514122,
      0.04040415957570076,
      0.1094704121351242,
      0.07492382824420929,
      0.038637254387140274,
      0.07402685284614563,
      0.0006511109531857073,
      0.0051900590769946575,
      0.057746753096580505,
      7.432121492456645e-05,
      0.0002845431154128164,
      0.0,
      0.0009443364688195288,
      0.010652018710970879,
      0.07490577548742294,
      0.014020119793713093,
      0.012304828502237797,
      0.12199532240629196,
      0.0,
      0.008682169020175934,
      0.0,
      0.0,
      0.005298566073179245,
      0.058794621378183365,
      0.19099751114845276,
      0.11176635324954987,
      0.0,
      0.0,
      0.09387145936489105,
      0.0,
      0.0,
      0.6420777440071106,
      0.0,
      0.08816152065992355,
      0.0,
      0.0,
      0.031640421599149704,
      0.11951730400323868,
      0.1840697079896927,
      0.0,
      0.047473516315221786,
      0.19867461919784546,
      0.4953785538673401
    ],
    "channel_activity": [
      49,
      2,
      2,
      0,
      2,
      2,
      0,
      0,
      0,
      1,
      1,
      1,
      1,
      0,
      0,
      0,
      0,
      0,
      2,
      2,
      0,
      0
    ],
    "top_active_channels": [
      [
        0,
        49
      ],
      [
        1,
        2
      ],
      [
        2,
        2
      ],
      [
        4,
        2
      ],
      [
        5,
        2
      ]
    ],
    "total_board_activity": 65
  },
  "go_pattern_analysis": {
    "move_type": "corner",
    "game_phase": "opening",
    "turn_number": 7,
    "policy_entropy": -0.0,
    "policy_confidence": 1.0,
    "top_policy_moves": [
      {
        "coord": "(4,2)",
        "percentage": 100.0,
        "count": 537
      }
    ],
    "total_policy_counts": 537
  },
  "component_comparison": {
    "uniqueness_score": 0.10337435454130173,
    "similar_positions": [
      3178,
      1081,
      2963,
      480,
      4798
    ],
    "component_rank": 18,
    "max_other_component_activation": 0.6420777440071106,
    "activation_percentile": 99.72739663789186
  }
}