{
  "position_info": {
    "part": 33,
    "rank": 20,
    "global_position": 5661,
    "move_coordinate": "D2",
    "turn_number": 15,
    "npz_file": "E3CD9898B9AFF870.npz",
    "board_tensor_file": "pos_5661/board.npy",
    "sgf_file": "pos_5661/game.sgf"
  },
  "nmf_analysis": {
    "activation_strength": 0.5932137370109558,
    "rank_in_part": 20,
    "activation_in_other_parts": [
      0.07632605731487274,
      0.0,
      0.0,
      0.021725166589021683,
      0.025446545332670212,
      0.007583594880998135,
      0.018041295930743217,
      0.0,
      0.04993905872106552,
      0.017088213935494423,
      0.02252865768969059,
      0.00033470720518380404,
      0.02175595425069332,
      0.001458978047594428,
      0.029179049655795097,
      0.0,
      0.01825634390115738,
      0.0,
      0.03160148486495018,
      0.0030075926333665848,
      0.03314602002501488,
      0.025073831900954247,
      0.02706831693649292,
      0.05631827935576439,
      0.025685572996735573,
      0.009450546465814114,
      0.006543031893670559,
      0.00896410085260868,
      0.02966511808335781,
      0.19620385766029358,
      0.0,
      0.08678967505693436,
      0.007880374789237976,
      0.5932137370109558,
      0.3766261041164398,
      0.015461624599993229,
      0.07335019111633301,
      0.10827890038490295,
      0.0,
      0.10459787398576736,
      0.0,
      0.12055967003107071,
      0.11169622838497162,
      0.0713694617152214,
      0.0010331851663067937,
      0.0,
      0.038360342383384705,
      0.1625201553106308,
      0.058389097452163696,
      0.5043602585792542
    ],
    "channel_activity": [
      49,
      17,
      11,
      1,
      1,
      0,
      0,
      0,
      0,
      1,
      0,
      1,
      1,
      0,
      1,
      1,
      1,
      0,
      30,
      14,
      0,
      0
    ],
    "top_active_channels": [
      [
        0,
        49
      ],
      [
        18,
        30
      ],
      [
        1,
        17
      ],
      [
        19,
        14
      ],
      [
        2,
        11
      ]
    ],
    "total_board_activity": 129
  },
  "go_pattern_analysis": {
    "move_type": "side",
    "game_phase": "opening",
    "turn_number": 15,
    "policy_entropy": 2.281217275643433,
    "policy_confidence": 0.5451612903225806,
    "top_policy_moves": [
      {
        "coord": "(1,3)",
        "percentage": 54.5,
        "count": 338
      },
      {
        "coord": "(0,1)",
        "percentage": 22.6,
        "count": 140
      },
      {
        "coord": "(0,5)",
        "percentage": 4.8,
        "count": 30
      },
      {
        "coord": "(3,6)",
        "percentage": 3.4,
        "count": 21
      },
      {
        "coord": "(0,0)",
        "percentage": 1.8,
        "count": 11
      }
    ],
    "total_policy_counts": 620
  },
  "part_comparison": {
    "uniqueness_score": 0.5404772162437439,
    "similar_positions": [
      776,
      4548,
      1384,
      6298,
      3417
    ],
    "part_rank": 20,
    "max_other_part_activation": 0.5043602585792542,
    "activation_percentile": 99.69710737543541
  }
}