{
  "position_info": {
    "part": 21,
    "rank": 10,
    "global_position": 4971,
    "move_coordinate": "C5",
    "turn_number": 32,
    "npz_file": "B330F9C802154800.npz",
    "board_tensor_file": "pos_4971/board.npy",
    "sgf_file": "pos_4971/game.sgf"
  },
  "nmf_analysis": {
    "activation_strength": 0.45012515783309937,
    "rank_in_part": 10,
    "activation_in_other_parts": [
      511.06201171875,
      276.6620788574219,
      0.0,
      38.69351577758789,
      3.128993272781372,
      145.96798706054688,
      0.10557868331670761,
      0.0,
      0.0,
      0.0,
      13.283299446105957,
      0.0,
      0.0,
      0.3982112407684326,
      40.99635314941406,
      0.0,
      0.0,
      0.0,
      0.0,
      0.0,
      0.0,
      0.45012515783309937,
      0.0,
      0.0,
      0.0
    ],
    "channel_activity": [
      49,
      2,
      2,
      0,
      0,
      0,
      0,
      0,
      0,
      1,
      1,
      1,
      1,
      0,
      0,
      0,
      0,
      0,
      0,
      0,
      0,
      0
    ],
    "top_active_channels": [
      [
        0,
        49
      ],
      [
        1,
        2
      ],
      [
        2,
        2
      ],
      [
        9,
        1
      ],
      [
        10,
        1
      ]
    ],
    "total_board_activity": 57
  },
  "go_pattern_analysis": {
    "move_type": "corner",
    "game_phase": "middle_game",
    "turn_number": 32,
    "policy_entropy": 0.23081974357687568,
    "policy_confidence": 0.9624765478424016,
    "top_policy_moves": [
      {
        "coord": "(4,2)",
        "percentage": 96.2,
        "count": 513
      },
      {
        "coord": "(3,5)",
        "percentage": 3.8,
        "count": 20
      }
    ],
    "total_policy_counts": 533
  },
  "part_comparison": {
    "uniqueness_score": 0.0008799891802482307,
    "similar_positions": [
      2298,
      5535,
      776,
      5533,
      5534
    ],
    "part_rank": 10,
    "max_other_part_activation": 511.06201171875,
    "activation_percentile": 99.8485536877177
  }
}