{
  "position_info": {
    "part": 48,
    "rank": 3,
    "global_position": 6497,
    "move_coordinate": "E6",
    "turn_number": 24,
    "npz_file": "E3CD9898B9AFF870.npz",
    "board_tensor_file": "pos_6497/board.npy",
    "sgf_file": "pos_6497/game.sgf"
  },
  "nmf_analysis": {
    "activation_strength": 0.593944787979126,
    "rank_in_component": 3,
    "activation_in_other_components": [
      0.2120446413755417,
      0.0,
      0.0,
      0.02202601172029972,
      0.009852128103375435,
      0.05180972442030907,
      0.08885455131530762,
      0.0,
      0.07886067032814026,
      0.06168946623802185,
      0.10456746816635132,
      0.020216848701238632,
      0.039517227560281754,
      0.007139356806874275,
      0.036200229078531265,
      0.011444943025708199,
      0.01352340541779995,
      0.00048189732478931546,
      0.01879177615046501,
      0.016036411747336388,
      0.04665368050336838,
      0.049707695841789246,
      0.04550250992178917,
      0.059439897537231445,
      0.08153326064348221,
      0.006109859328716993,
      0.01615772768855095,
      0.013895530253648758,
      0.09560713917016983,
      0.07154502719640732,
      0.018537016585469246,
      0.47622254490852356,
      0.24677246809005737,
      0.024688269942998886,
      0.05255526676774025,
      0.0018407889874652028,
      0.016594456508755684,
      0.0,
      0.29691576957702637,
      0.004020411521196365,
      0.14356158673763275,
      0.10771606117486954,
      0.05953012406826019,
      0.02375815436244011,
      0.014461307786405087,
      0.0,
      0.009164540097117424,
      0.0,
      0.593944787979126,
      0.11139112710952759
    ],
    "channel_activity": [
      49,
      2,
      3,
      0,
      1,
      2,
      0,
      0,
      0,
      1,
      1,
      1,
      1,
      1,
      0,
      0,
      0,
      0,
      2,
      3,
      0,
      0
    ],
    "top_active_channels": [
      [
        0,
        49
      ],
      [
        2,
        3
      ],
      [
        19,
        3
      ],
      [
        1,
        2
      ],
      [
        5,
        2
      ]
    ],
    "total_board_activity": 67
  },
  "go_pattern_analysis": {
    "move_type": "corner",
    "game_phase": "opening",
    "turn_number": 24,
    "policy_entropy": -0.0,
    "policy_confidence": 1.0,
    "top_policy_moves": [
      {
        "coord": "(5,4)",
        "percentage": 100.0,
        "count": 495
      }
    ],
    "total_policy_counts": 495
  },
  "component_comparison": {
    "uniqueness_score": 0.5550017952919006,
    "similar_positions": [
      1564,
      1569,
      1350,
      4809,
      4248
    ],
    "component_rank": 3,
    "max_other_component_activation": 0.47622254490852356,
    "activation_percentile": 99.95456610631531
  }
}