{
  "position_info": {
    "part": 41,
    "rank": 5,
    "global_position": 4388,
    "move_coordinate": "A6",
    "turn_number": 1,
    "npz_file": "B330F9C802154800.npz",
    "board_tensor_file": "pos_4388/board.npy",
    "sgf_file": "pos_4388/game.sgf"
  },
  "nmf_analysis": {
    "activation_strength": 0.5535195469856262,
    "rank_in_part": 5,
    "activation_in_other_parts": [
      0.09370038658380508,
      0.06597118824720383,
      0.0,
      0.01340773981064558,
      0.0155803132802248,
      0.03683256357908249,
      0.18459993600845337,
      0.019534150138497353,
      0.04179149866104126,
      0.010606590658426285,
      0.0486808642745018,
      0.0765836089849472,
      0.014850493520498276,
      0.018099792301654816,
      0.016284266486763954,
      0.12788495421409607,
      0.00555304903537035,
      0.0003875467227771878,
      0.005216372665017843,
      0.021920157596468925,
      0.025943562388420105,
      0.010186661966145039,
      0.021189728751778603,
      0.05046834051609039,
      0.04707677289843559,
      0.002307203132659197,
      0.0035574263893067837,
      0.014977565966546535,
      0.14419636130332947,
      0.17481876909732819,
      0.2678985297679901,
      0.043713707476854324,
      0.29650595784187317,
      0.17401425540447235,
      0.04957108944654465,
      0.0,
      0.19878433644771576,
      0.0,
      0.05701315402984619,
      0.15616554021835327,
      0.0210078377276659,
      0.5535195469856262,
      0.0,
      0.0,
      0.15515698492527008,
      0.0,
      0.0,
      0.23989826440811157,
      0.0,
      0.40680429339408875
    ],
    "channel_activity": [
      49,
      14,
      13,
      3,
      2,
      11,
      0,
      0,
      0,
      1,
      1,
      1,
      1,
      1,
      0,
      2,
      0,
      0,
      14,
      13,
      0,
      0
    ],
    "top_active_channels": [
      [
        0,
        49
      ],
      [
        1,
        14
      ],
      [
        18,
        14
      ],
      [
        2,
        13
      ],
      [
        19,
        13
      ]
    ],
    "total_board_activity": 126
  },
  "go_pattern_analysis": {
    "move_type": "corner",
    "game_phase": "opening",
    "turn_number": 1,
    "policy_entropy": 1.4765003163398573,
    "policy_confidence": 0.509771986970684,
    "top_policy_moves": [
      {
        "coord": "(5,0)",
        "percentage": 51.0,
        "count": 313
      },
      {
        "coord": "(4,0)",
        "percentage": 41.9,
        "count": 257
      },
      {
        "coord": "(2,0)",
        "percentage": 2.1,
        "count": 13
      },
      {
        "coord": "(3,6)",
        "percentage": 1.8,
        "count": 11
      },
      {
        "coord": "(3,0)",
        "percentage": 1.6,
        "count": 10
      }
    ],
    "total_policy_counts": 614
  },
  "part_comparison": {
    "uniqueness_score": 0.576388418674469,
    "similar_positions": [
      426,
      2498,
      4387,
      2499,
      3786
    ],
    "part_rank": 5,
    "max_other_part_activation": 0.40680429339408875,
    "activation_percentile": 99.92427684385885
  }
}