{
  "position_info": {
    "part": 7,
    "rank": 13,
    "global_position": 411,
    "move_coordinate": "E2",
    "turn_number": 1,
    "npz_file": "1906C337F5CDAFA9.npz",
    "board_tensor_file": "pos_411/board.npy",
    "sgf_file": "pos_411/game.sgf"
  },
  "nmf_analysis": {
    "activation_strength": 1.098398208618164,
    "rank_in_part": 13,
    "activation_in_other_parts": [
      524.2908325195312,
      258.07061767578125,
      224.25599670410156,
      291.9934997558594,
      0.0,
      0.028539137914776802,
      0.0,
      1.098398208618164,
      0.2533749043941498,
      0.06714574247598648,
      0.0,
      0.0,
      0.1691078543663025,
      0.0,
      0.0,
      0.36392107605934143,
      0.0,
      0.0,
      0.0,
      0.12557737529277802,
      0.48883163928985596,
      0.3094920217990875,
      0.0,
      0.0,
      0.0
    ],
    "channel_activity": [
      49,
      13,
      14,
      2,
      9,
      8,
      0,
      0,
      0,
      1,
      1,
      1,
      1,
      1,
      2,
      2,
      2,
      0,
      22,
      18,
      0,
      0
    ],
    "top_active_channels": [
      [
        0,
        49
      ],
      [
        18,
        22
      ],
      [
        19,
        18
      ],
      [
        2,
        14
      ],
      [
        1,
        13
      ]
    ],
    "total_board_activity": 146
  },
  "go_pattern_analysis": {
    "move_type": "corner",
    "game_phase": "opening",
    "turn_number": 1,
    "policy_entropy": 1.669327687479333,
    "policy_confidence": 0.4056603773584906,
    "top_policy_moves": [
      {
        "coord": "(1,4)",
        "percentage": 40.6,
        "count": 43
      },
      {
        "coord": "(1,1)",
        "percentage": 30.2,
        "count": 32
      },
      {
        "coord": "(0,2)",
        "percentage": 27.4,
        "count": 29
      },
      {
        "coord": "(6,2)",
        "percentage": 1.9,
        "count": 2
      }
    ],
    "total_policy_counts": 106
  },
  "part_comparison": {
    "uniqueness_score": 0.002090637106448412,
    "similar_positions": [
      285,
      2050,
      1827,
      2091,
      1632
    ],
    "part_rank": 13,
    "max_other_part_activation": 524.2908325195312,
    "activation_percentile": 99.80311979403301
  }
}