{
  "position_info": {
    "part": 16,
    "rank": 8,
    "global_position": 6105,
    "move_coordinate": "PASS",
    "turn_number": 1,
    "npz_file": "E3CD9898B9AFF870.npz",
    "board_tensor_file": "pos_6105/board.npy",
    "sgf_file": "pos_6105/game.sgf"
  },
  "nmf_analysis": {
    "activation_strength": 0.8906505703926086,
    "rank_in_part": 8,
    "activation_in_other_parts": [
      557.1788940429688,
      31.132890701293945,
      224.80276489257812,
      325.3245849609375,
      88.638671875,
      0.6025631427764893,
      0.0,
      0.0,
      0.0,
      0.0,
      0.0,
      0.4442334771156311,
      0.07818585634231567,
      0.0,
      0.30003821849823,
      0.0,
      0.8906505703926086,
      0.0,
      0.14731624722480774,
      0.34966880083084106,
      0.0,
      0.0,
      0.11018462479114532,
      0.15715540945529938,
      0.0
    ],
    "channel_activity": [
      49,
      10,
      12,
      0,
      0,
      0,
      0,
      0,
      0,
      1,
      0,
      0,
      0,
      0,
      0,
      0,
      0,
      0,
      20,
      29,
      10,
      11
    ],
    "top_active_channels": [
      [
        0,
        49
      ],
      [
        19,
        29
      ],
      [
        18,
        20
      ],
      [
        2,
        12
      ],
      [
        21,
        11
      ]
    ],
    "total_board_activity": 142
  },
  "go_pattern_analysis": {
    "move_type": "pass",
    "game_phase": "opening",
    "turn_number": 1,
    "policy_entropy": 0.9696639773299258,
    "policy_confidence": 0.7209302325581395,
    "top_policy_moves": [
      {
        "coord": "PASS",
        "percentage": 72.1,
        "count": 31
      },
      {
        "coord": "(6,3)",
        "percentage": 25.6,
        "count": 11
      },
      {
        "coord": "(6,1)",
        "percentage": 2.3,
        "count": 1
      }
    ],
    "total_policy_counts": 43
  },
  "part_comparison": {
    "uniqueness_score": 0.0015959491720423102,
    "similar_positions": [
      2646,
      1871,
      2621,
      6585,
      2649
    ],
    "part_rank": 8,
    "max_other_part_activation": 557.1788940429688,
    "activation_percentile": 99.87884295017416
  }
}