{
  "position_info": {
    "part": 11,
    "rank": 16,
    "global_position": 2579,
    "move_coordinate": "A1",
    "turn_number": 1,
    "npz_file": "76F9EC3EB6A76AA0.npz",
    "board_tensor_file": "pos_2579/board.npy",
    "sgf_file": "pos_2579/game.sgf"
  },
  "nmf_analysis": {
    "activation_strength": 0.11812915652990341,
    "rank_in_component": 16,
    "activation_in_other_components": [
      0.07035984098911285,
      0.0816149041056633,
      0.0,
      0.011011436581611633,
      0.00995552632957697,
      0.04151303321123123,
      0.0,
      0.02400832809507847,
      0.0,
      0.075362429022789,
      0.0,
      0.11812915652990341,
      0.03186068683862686,
      0.024392761290073395,
      0.0,
      0.15224118530750275,
      0.004045786336064339,
      0.00046304657007567585,
      0.0,
      0.027262108400464058,
      0.0,
      0.05140632390975952,
      0.0,
      0.0,
      0.08863136172294617,
      0.0004075589240528643,
      0.0,
      0.0030251035932451487,
      0.41479966044425964,
      0.03929939121007919,
      0.0,
      0.06594876199960709,
      0.0473008006811142,
      0.24760939180850983,
      0.39237073063850403,
      0.0,
      0.22378915548324585,
      0.11350807547569275,
      0.0,
      0.05876968428492546,
      0.042272474616765976,
      0.09892517328262329,
      0.0,
      0.12679381668567657,
      0.025107791647315025,
      0.12985840439796448,
      0.0766313299536705,
      0.13541947305202484,
      0.24221393465995789,
      0.31034648418426514
    ],
    "channel_activity": [
      49,
      10,
      13,
      0,
      0,
      1,
      0,
      0,
      0,
      1,
      0,
      1,
      0,
      0,
      0,
      0,
      0,
      0,
      10,
      29,
      10,
      11
    ],
    "top_active_channels": [
      [
        0,
        49
      ],
      [
        19,
        29
      ],
      [
        2,
        13
      ],
      [
        21,
        11
      ],
      [
        1,
        10
      ]
    ],
    "total_board_activity": 135
  },
  "go_pattern_analysis": {
    "move_type": "corner",
    "game_phase": "opening",
    "turn_number": 1,
    "policy_entropy": 5.643856189774725,
    "policy_confidence": 0.02,
    "top_policy_moves": [
      {
        "coord": "PASS",
        "percentage": 2.0,
        "count": 1
      },
      {
        "coord": "(1,5)",
        "percentage": 2.0,
        "count": 1
      },
      {
        "coord": "(3,1)",
        "percentage": 2.0,
        "count": 1
      },
      {
        "coord": "(3,0)",
        "percentage": 2.0,
        "count": 1
      },
      {
        "coord": "(2,6)",
        "percentage": 2.0,
        "count": 1
      }
    ],
    "total_policy_counts": 50
  },
  "component_comparison": {
    "uniqueness_score": 0.2216602861881256,
    "similar_positions": [
      1536,
      6524,
      623,
      6523,
      1729
    ],
    "component_rank": 16,
    "max_other_component_activation": 0.41479966044425964,
    "activation_percentile": 99.75768590034832
  }
}