{
  "position_info": {
    "part": 35,
    "rank": 14,
    "global_position": 2430,
    "move_coordinate": "B6",
    "turn_number": 1,
    "npz_file": "76F9EC3EB6A76AA0.npz",
    "board_tensor_file": "pos_2430/board.npy",
    "sgf_file": "pos_2430/game.sgf"
  },
  "nmf_analysis": {
    "activation_strength": 0.45198753476142883,
    "rank_in_component": 14,
    "activation_in_other_components": [
      0.0,
      0.016720373183488846,
      0.0,
      0.0006967898807488382,
      0.007562465965747833,
      0.0,
      0.023180624470114708,
      0.0,
      0.0,
      0.0,
      0.01137670036405325,
      0.0669623613357544,
      0.0,
      0.006128828041255474,
      0.0,
      0.10304497182369232,
      0.012414305470883846,
      0.00039641052717342973,
      0.016517208889126778,
      0.0,
      0.0,
      0.0,
      0.0,
      0.002773426938802004,
      0.0,
      0.006999303586781025,
      0.0,
      0.034469593316316605,
      0.0,
      0.31975698471069336,
      0.01402055099606514,
      0.03345567733049393,
      0.15117140114307404,
      0.0,
      0.0,
      0.45198753476142883,
      0.03030516766011715,
      0.0605514757335186,
      0.43258070945739746,
      0.0,
      0.3627953827381134,
      0.0,
      0.16017502546310425,
      0.2183714359998703,
      0.0,
      0.0,
      0.06111174821853638,
      0.0019096131436526775,
      0.2563862204551697,
      0.3788488209247589
    ],
    "channel_activity": [
      49,
      4,
      4,
      0,
      1,
      1,
      0,
      0,
      0,
      1,
      1,
      1,
      1,
      1,
      1,
      0,
      0,
      0,
      4,
      4,
      0,
      0
    ],
    "top_active_channels": [
      [
        0,
        49
      ],
      [
        1,
        4
      ],
      [
        2,
        4
      ],
      [
        18,
        4
      ],
      [
        19,
        4
      ]
    ],
    "total_board_activity": 73
  },
  "go_pattern_analysis": {
    "move_type": "corner",
    "game_phase": "opening",
    "turn_number": 1,
    "policy_entropy": 1.0569743659045496,
    "policy_confidence": 0.7389705882352942,
    "top_policy_moves": [
      {
        "coord": "(5,1)",
        "percentage": 73.9,
        "count": 201
      },
      {
        "coord": "(5,3)",
        "percentage": 18.4,
        "count": 50
      },
      {
        "coord": "(1,3)",
        "percentage": 7.7,
        "count": 21
      }
    ],
    "total_policy_counts": 272
  },
  "component_comparison": {
    "uniqueness_score": 0.5109696984291077,
    "similar_positions": [
      4516,
      582,
      2431,
      4515,
      1408
    ],
    "component_rank": 14,
    "max_other_component_activation": 0.43258070945739746,
    "activation_percentile": 99.78797516280478
  }
}