{
  "position_info": {
    "part": 9,
    "rank": 19,
    "global_position": 4350,
    "move_coordinate": "C4",
    "turn_number": 6,
    "npz_file": "B330F9C802154800.npz",
    "board_tensor_file": "pos_4350/board.npy",
    "sgf_file": "pos_4350/game.sgf"
  },
  "nmf_analysis": {
    "activation_strength": 0.5117193460464478,
    "rank_in_part": 19,
    "activation_in_other_parts": [
      0.24332503974437714,
      0.17861104011535645,
      0.20009618997573853,
      0.15462389588356018,
      0.5250898003578186,
      0.0,
      0.17148399353027344,
      0.008393802680075169,
      0.0691438764333725,
      0.5117193460464478,
      0.0,
      0.14431381225585938,
      0.0,
      0.0,
      0.04997323080897331,
      0.043351031839847565,
      0.6921364665031433,
      0.0,
      0.006098687648773193,
      0.12356118112802505,
      0.0,
      0.018023405224084854,
      0.0,
      0.0,
      0.07341048121452332
    ],
    "channel_activity": [
      49,
      1,
      2,
      0,
      1,
      2,
      0,
      0,
      0,
      1,
      1,
      1,
      0,
      0,
      0,
      0,
      0,
      0,
      1,
      2,
      0,
      0
    ],
    "top_active_channels": [
      [
        0,
        49
      ],
      [
        2,
        2
      ],
      [
        5,
        2
      ],
      [
        19,
        2
      ],
      [
        1,
        1
      ]
    ],
    "total_board_activity": 61
  },
  "go_pattern_analysis": {
    "move_type": "side",
    "game_phase": "opening",
    "turn_number": 6,
    "policy_entropy": -0.0,
    "policy_confidence": 1.0,
    "top_policy_moves": [
      {
        "coord": "(3,2)",
        "percentage": 100.0,
        "count": 541
      }
    ],
    "total_policy_counts": 541
  },
  "part_comparison": {
    "uniqueness_score": 0.4250670075416565,
    "similar_positions": [
      988,
      1663,
      3429,
      1802,
      6427
    ],
    "part_rank": 19,
    "max_other_part_activation": 0.6921364665031433,
    "activation_percentile": 99.71225200666363
  }
}