{
  "position_info": {
    "part": 2,
    "rank": 4,
    "global_position": 2195,
    "move_coordinate": "A1",
    "turn_number": 1,
    "npz_file": "76F9EC3EB6A76AA0.npz",
    "board_tensor_file": "pos_2195/board.npy",
    "sgf_file": "pos_2195/game.sgf"
  },
  "nmf_analysis": {
    "activation_strength": 0.0,
    "rank_in_component": 4,
    "activation_in_other_components": [
      0.0,
      0.07010399550199509,
      0.0,
      0.0022335622925311327,
      0.0020524258725345135,
      0.0026689430233091116,
      0.016184017062187195,
      0.016334161162376404,
      0.03662252053618431,
      0.041235681623220444,
      0.0027275094762444496,
      0.0,
      0.004213962238281965,
      0.008850046433508396,
      0.015375151298940182,
      0.0,
      0.00022010928660165519,
      0.00047162454575300217,
      0.0005783431697636843,
      0.0,
      0.027206938713788986,
      0.017403574660420418,
      0.01995256170630455,
      0.05760468170046806,
      0.008879482746124268,
      0.0,
      0.0032011326402425766,
      0.03121757134795189,
      0.32526063919067383,
      0.03287768363952637,
      0.0,
      0.1332140415906906,
      0.0,
      0.3035208582878113,
      0.5081356763839722,
      0.0,
      0.05291169136762619,
      0.09827723354101181,
      0.0,
      0.017125163227319717,
      0.0,
      0.0,
      0.02672617882490158,
      0.1661478877067566,
      0.0,
      0.13834188878536224,
      0.07100465893745422,
      0.1108672246336937,
      0.2702833414077759,
      0.412277489900589
    ],
    "channel_activity": [
      49,
      9,
      9,
      0,
      0,
      0,
      0,
      0,
      0,
      0,
      1,
      0,
      0,
      0,
      0,
      0,
      0,
      0,
      20,
      29,
      8,
      9
    ],
    "top_active_channels": [
      [
        0,
        49
      ],
      [
        19,
        29
      ],
      [
        18,
        20
      ],
      [
        1,
        9
      ],
      [
        2,
        9
      ]
    ],
    "total_board_activity": 134
  },
  "go_pattern_analysis": {
    "move_type": "corner",
    "game_phase": "opening",
    "turn_number": 1,
    "policy_entropy": 5.643856189774725,
    "policy_confidence": 0.02,
    "top_policy_moves": [
      {
        "coord": "PASS",
        "percentage": 2.0,
        "count": 1
      },
      {
        "coord": "(1,5)",
        "percentage": 2.0,
        "count": 1
      },
      {
        "coord": "(3,1)",
        "percentage": 2.0,
        "count": 1
      },
      {
        "coord": "(3,0)",
        "percentage": 2.0,
        "count": 1
      },
      {
        "coord": "(2,6)",
        "percentage": 2.0,
        "count": 1
      }
    ],
    "total_policy_counts": 50
  },
  "component_comparison": {
    "uniqueness_score": 0.0,
    "similar_positions": [
      6602,
      2204,
      2194,
      2196,
      2197
    ],
    "component_rank": 1,
    "max_other_component_activation": 0.5081356763839722,
    "activation_percentile": 99.98485536877178
  }
}