{
  "position_info": {
    "part": 27,
    "rank": 14,
    "global_position": 60,
    "move_coordinate": "E5",
    "turn_number": 7,
    "npz_file": "1906C337F5CDAFA9.npz",
    "board_tensor_file": "pos_60/board.npy",
    "sgf_file": "pos_60/game.sgf"
  },
  "nmf_analysis": {
    "activation_strength": 0.06830154359340668,
    "rank_in_part": 14,
    "activation_in_other_parts": [
      0.0,
      0.021066313609480858,
      0.0,
      0.0,
      0.0,
      0.0,
      0.3904927372932434,
      0.0,
      0.007932985201478004,
      0.0,
      0.02041107788681984,
      0.02481541968882084,
      0.00878973864018917,
      0.0,
      0.0,
      0.0873548686504364,
      0.0,
      4.845225703320466e-05,
      0.0,
      0.0,
      0.0,
      0.0038321278989315033,
      0.0,
      0.08168694376945496,
      0.04496859014034271,
      0.0,
      0.0,
      0.06830154359340668,
      0.0,
      0.07867463678121567,
      0.0,
      0.11281633377075195,
      0.23319031298160553,
      0.13661977648735046,
      0.0,
      0.2282925695180893,
      0.0,
      0.1309172660112381,
      0.39920321106910706,
      0.11196169257164001,
      0.02668735198676586,
      0.027954960241913795,
      0.0,
      0.0,
      0.28681111335754395,
      0.19364410638809204,
      0.0,
      0.20523518323898315,
      0.14412282407283783,
      0.4611186385154724
    ],
    "channel_activity": [
      49,
      3,
      3,
      0,
      1,
      5,
      0,
      0,
      0,
      1,
      0,
      0,
      0,
      0,
      1,
      1,
      1,
      1,
      0,
      0,
      0,
      0
    ],
    "top_active_channels": [
      [
        0,
        49
      ],
      [
        5,
        5
      ],
      [
        1,
        3
      ],
      [
        2,
        3
      ],
      [
        4,
        1
      ]
    ],
    "total_board_activity": 66
  },
  "go_pattern_analysis": {
    "move_type": "corner",
    "game_phase": "opening",
    "turn_number": 7,
    "policy_entropy": 0.02640328261551006,
    "policy_confidence": 0.9973614775725593,
    "top_policy_moves": [
      {
        "coord": "(4,4)",
        "percentage": 99.7,
        "count": 378
      },
      {
        "coord": "(5,1)",
        "percentage": 0.3,
        "count": 1
      }
    ],
    "total_policy_counts": 379
  },
  "part_comparison": {
    "uniqueness_score": 0.12901197373867035,
    "similar_positions": [
      3374,
      1927,
      5511,
      5958,
      2741
    ],
    "part_rank": 14,
    "max_other_part_activation": 0.4611186385154724,
    "activation_percentile": 99.78797516280478
  }
}