{
  "position_info": {
    "part": 22,
    "rank": 9,
    "global_position": 4578,
    "move_coordinate": "B6",
    "turn_number": 1,
    "npz_file": "B330F9C802154800.npz",
    "board_tensor_file": "pos_4578/board.npy",
    "sgf_file": "pos_4578/game.sgf"
  },
  "nmf_analysis": {
    "activation_strength": 0.3170115053653717,
    "rank_in_part": 9,
    "activation_in_other_parts": [
      0.02456671930849552,
      0.15352997183799744,
      0.030915098264813423,
      0.04083498939871788,
      0.1833008974790573,
      0.2792254090309143,
      0.3752053678035736,
      0.05652134492993355,
      0.032371897250413895,
      0.3632977306842804,
      0.1831611692905426,
      0.11209599673748016,
      0.3855906128883362,
      0.0,
      0.04553288593888283,
      0.0031119370833039284,
      0.09522812813520432,
      0.0,
      0.0,
      0.0,
      0.07183793187141418,
      0.00885547325015068,
      0.3170115053653717,
      0.07851088792085648,
      0.42278221249580383
    ],
    "channel_activity": [
      49,
      3,
      3,
      0,
      0,
      0,
      0,
      0,
      0,
      1,
      1,
      1,
      1,
      1,
      0,
      0,
      0,
      0,
      3,
      3,
      0,
      0
    ],
    "top_active_channels": [
      [
        0,
        49
      ],
      [
        1,
        3
      ],
      [
        2,
        3
      ],
      [
        18,
        3
      ],
      [
        19,
        3
      ]
    ],
    "total_board_activity": 66
  },
  "go_pattern_analysis": {
    "move_type": "corner",
    "game_phase": "opening",
    "turn_number": 1,
    "policy_entropy": 0.724903144910486,
    "policy_confidence": 0.7985074626865671,
    "top_policy_moves": [
      {
        "coord": "(5,1)",
        "percentage": 79.9,
        "count": 107
      },
      {
        "coord": "(3,5)",
        "percentage": 20.1,
        "count": 27
      }
    ],
    "total_policy_counts": 134
  },
  "part_comparison": {
    "uniqueness_score": 0.42851337790489197,
    "similar_positions": [
      709,
      3232,
      2477,
      815,
      590
    ],
    "part_rank": 9,
    "max_other_part_activation": 0.42278221249580383,
    "activation_percentile": 99.86369831894594
  }
}