{
  "position_info": {
    "part": 16,
    "rank": 13,
    "global_position": 4087,
    "move_coordinate": "PASS",
    "turn_number": 1,
    "npz_file": "AAE4EE8DC9A92FFF.npz",
    "board_tensor_file": "pos_4087/board.npy",
    "sgf_file": "pos_4087/game.sgf"
  },
  "nmf_analysis": {
    "activation_strength": 0.49681371450424194,
    "rank_in_part": 13,
    "activation_in_other_parts": [
      945.317138671875,
      140.96617126464844,
      49.81571578979492,
      121.62359619140625,
      0.0,
      0.0,
      0.0,
      35.833221435546875,
      0.0,
      0.15793363749980927,
      15.084794998168945,
      0.0,
      0.0,
      0.0,
      0.0,
      0.0,
      0.49681371450424194,
      0.0,
      0.0,
      0.0,
      0.0,
      0.03449812904000282,
      0.0,
      0.0,
      0.0
    ],
    "channel_activity": [
      49,
      8,
      8,
      0,
      0,
      0,
      0,
      0,
      0,
      1,
      1,
      1,
      1,
      1,
      0,
      0,
      1,
      0,
      8,
      8,
      0,
      0
    ],
    "top_active_channels": [
      [
        0,
        49
      ],
      [
        1,
        8
      ],
      [
        2,
        8
      ],
      [
        18,
        8
      ],
      [
        19,
        8
      ]
    ],
    "total_board_activity": 87
  },
  "go_pattern_analysis": {
    "move_type": "pass",
    "game_phase": "opening",
    "turn_number": 1,
    "policy_entropy": -0.0,
    "policy_confidence": 1.0,
    "top_policy_moves": [
      {
        "coord": "PASS",
        "percentage": 100.0,
        "count": 554
      }
    ],
    "total_policy_counts": 554
  },
  "part_comparison": {
    "uniqueness_score": 0.0005252763512544334,
    "similar_positions": [
      2322,
      4331,
      6010,
      5518,
      4882
    ],
    "part_rank": 13,
    "max_other_part_activation": 945.317138671875,
    "activation_percentile": 99.80311979403301
  }
}