{
  "position_info": {
    "part": 37,
    "rank": 20,
    "global_position": 4087,
    "move_coordinate": "PASS",
    "turn_number": 1,
    "npz_file": "AAE4EE8DC9A92FFF.npz",
    "board_tensor_file": "pos_4087/board.npy",
    "sgf_file": "pos_4087/game.sgf"
  },
  "nmf_analysis": {
    "activation_strength": 0.30037903785705566,
    "rank_in_component": 20,
    "activation_in_other_components": [
      0.04093367978930473,
      0.0,
      0.0,
      0.010741318576037884,
      0.013685440644621849,
      0.0,
      0.07068955153226852,
      0.0,
      0.018085841089487076,
      0.0,
      0.005496697966009378,
      0.0,
      0.007901189848780632,
      0.0,
      0.022402958944439888,
      0.0,
      0.012350071221590042,
      0.0,
      0.022966209799051285,
      0.0,
      0.018394365906715393,
      0.006920131389051676,
      0.01622076705098152,
      0.022660043090581894,
      0.00695674866437912,
      0.006584146525710821,
      0.006548016797751188,
      0.0074560269713401794,
      0.17817606031894684,
      0.0,
      0.010076221078634262,
      0.11110350489616394,
      0.0,
      0.3154907822608948,
      0.11803747713565826,
      0.08223116397857666,
      0.09316060692071915,
      0.30037903785705566,
      0.048588912934064865,
      0.26548221707344055,
      0.11930595338344574,
      0.0,
      0.10968360304832458,
      0.10264696180820465,
      0.05546860024333,
      0.14313599467277527,
      0.22822518646717072,
      0.23585109412670135,
      0.1559937596321106,
      0.41406679153442383
    ],
    "channel_activity": [
      49,
      8,
      8,
      0,
      0,
      0,
      0,
      0,
      0,
      1,
      1,
      1,
      1,
      1,
      0,
      0,
      1,
      0,
      8,
      8,
      0,
      0
    ],
    "top_active_channels": [
      [
        0,
        49
      ],
      [
        1,
        8
      ],
      [
        2,
        8
      ],
      [
        18,
        8
      ],
      [
        19,
        8
      ]
    ],
    "total_board_activity": 87
  },
  "go_pattern_analysis": {
    "move_type": "pass",
    "game_phase": "opening",
    "turn_number": 1,
    "policy_entropy": -0.0,
    "policy_confidence": 1.0,
    "top_policy_moves": [
      {
        "coord": "PASS",
        "percentage": 100.0,
        "count": 554
      }
    ],
    "total_policy_counts": 554
  },
  "component_comparison": {
    "uniqueness_score": 0.42043641209602356,
    "similar_positions": [
      6255,
      4369,
      4370,
      4709,
      2517
    ],
    "component_rank": 20,
    "max_other_component_activation": 0.41406679153442383,
    "activation_percentile": 99.69710737543541
  }
}