{
  "position_info": {
    "part": 24,
    "rank": 17,
    "global_position": 278,
    "move_coordinate": "F4",
    "turn_number": 34,
    "npz_file": "1906C337F5CDAFA9.npz",
    "board_tensor_file": "pos_278/board.npy",
    "sgf_file": "pos_278/game.sgf"
  },
  "nmf_analysis": {
    "activation_strength": 0.15868563950061798,
    "rank_in_component": 17,
    "activation_in_other_components": [
      0.17899417877197266,
      0.0,
      0.0,
      0.02644326165318489,
      0.026907602325081825,
      0.03156173974275589,
      0.21999342739582062,
      0.013002501800656319,
      0.004193048924207687,
      0.1322803944349289,
      0.0001474614255130291,
      0.08872509747743607,
      0.05168234184384346,
      0.0044849710538983345,
      0.0,
      0.14371252059936523,
      0.00900410395115614,
      0.0,
      0.015211321413516998,
      0.028047310188412666,
      0.0,
      0.0862632542848587,
      0.0,
      0.05320628732442856,
      0.15868563950061798,
      0.004800549242645502,
      0.0,
      0.04383134841918945,
      0.3072623610496521,
      0.0,
      0.20434105396270752,
      0.14697715640068054,
      0.00928687583655119,
      0.08995213359594345,
      0.05566610023379326,
      0.0,
      0.08100417256355286,
      0.06367097049951553,
      0.02673337794840336,
      0.004781338386237621,
      0.15898831188678741,
      0.16116082668304443,
      0.0,
      0.05375589057803154,
      0.19822686910629272,
      0.12145281583070755,
      0.15666666626930237,
      0.17270219326019287,
      0.37392958998680115,
      0.28504323959350586
    ],
    "channel_activity": [
      49,
      5,
      6,
      0,
      0,
      1,
      0,
      0,
      0,
      1,
      1,
      1,
      1,
      1,
      0,
      0,
      0,
      0,
      5,
      6,
      0,
      0
    ],
    "top_active_channels": [
      [
        0,
        49
      ],
      [
        2,
        6
      ],
      [
        19,
        6
      ],
      [
        1,
        5
      ],
      [
        18,
        5
      ]
    ],
    "total_board_activity": 77
  },
  "go_pattern_analysis": {
    "move_type": "side",
    "game_phase": "middle_game",
    "turn_number": 34,
    "policy_entropy": 0.10559103637519526,
    "policy_confidence": 0.9861111111111112,
    "top_policy_moves": [
      {
        "coord": "(3,5)",
        "percentage": 98.6,
        "count": 213
      },
      {
        "coord": "(2,4)",
        "percentage": 1.4,
        "count": 3
      }
    ],
    "total_policy_counts": 216
  },
  "component_comparison": {
    "uniqueness_score": 0.29793670773506165,
    "similar_positions": [
      2294,
      5174,
      4798,
      899,
      480
    ],
    "component_rank": 17,
    "max_other_component_activation": 0.37392958998680115,
    "activation_percentile": 99.7425412691201
  }
}