{
  "position_info": {
    "part": 18,
    "rank": 2,
    "global_position": 5812,
    "move_coordinate": "C4",
    "turn_number": 5,
    "npz_file": "E3CD9898B9AFF870.npz",
    "board_tensor_file": "pos_5812/board.npy",
    "sgf_file": "pos_5812/game.sgf"
  },
  "nmf_analysis": {
    "activation_strength": 1.0756551027297974,
    "rank_in_part": 2,
    "activation_in_other_parts": [
      3865.4462890625,
      6.451717853546143,
      15.259772300720215,
      195.051513671875,
      75.18267059326172,
      0.7457741498947144,
      0.5069413185119629,
      0.17182627320289612,
      0.0,
      0.008437030017375946,
      0.0,
      0.0,
      0.0,
      0.1781572699546814,
      0.0,
      0.2682743966579437,
      0.0,
      0.15769197046756744,
      1.0756551027297974,
      0.06387454271316528,
      0.1310550421476364,
      0.0,
      0.012142054736614227,
      0.0,
      0.17398516833782196
    ],
    "channel_activity": [
      49,
      9,
      15,
      0,
      0,
      0,
      0,
      0,
      0,
      1,
      0,
      1,
      0,
      1,
      0,
      0,
      0,
      0,
      20,
      29,
      11,
      12
    ],
    "top_active_channels": [
      [
        0,
        49
      ],
      [
        19,
        29
      ],
      [
        18,
        20
      ],
      [
        2,
        15
      ],
      [
        21,
        12
      ]
    ],
    "total_board_activity": 148
  },
  "go_pattern_analysis": {
    "move_type": "side",
    "game_phase": "opening",
    "turn_number": 5,
    "policy_entropy": 0.5387245918366244,
    "policy_confidence": 0.9059907834101383,
    "top_policy_moves": [
      {
        "coord": "(3,2)",
        "percentage": 90.6,
        "count": 983
      },
      {
        "coord": "PASS",
        "percentage": 7.4,
        "count": 80
      },
      {
        "coord": "(1,0)",
        "percentage": 1.4,
        "count": 15
      },
      {
        "coord": "(2,1)",
        "percentage": 0.6,
        "count": 7
      }
    ],
    "total_policy_counts": 1085
  },
  "part_comparison": {
    "uniqueness_score": 0.00027819708338938653,
    "similar_positions": [
      5507,
      6126,
      460,
      3628,
      6133
    ],
    "part_rank": 2,
    "max_other_part_activation": 3865.4462890625,
    "activation_percentile": 99.96971073754354
  }
}