{
  "position_info": {
    "part": 11,
    "rank": 8,
    "global_position": 3400,
    "move_coordinate": "B3",
    "turn_number": 25,
    "npz_file": "AAE4EE8DC9A92FFF.npz",
    "board_tensor_file": "pos_3400/board.npy",
    "sgf_file": "pos_3400/game.sgf"
  },
  "nmf_analysis": {
    "activation_strength": 0.9032775163650513,
    "rank_in_part": 8,
    "activation_in_other_parts": [
      0.0,
      141.9130401611328,
      68.65867614746094,
      286.436767578125,
      236.3303985595703,
      0.0,
      0.0,
      0.0,
      0.0,
      0.0,
      0.0,
      0.9032775163650513,
      0.4873978793621063,
      0.0,
      0.0,
      0.10925737768411636,
      0.0,
      0.12204989790916443,
      0.17291788756847382,
      0.0,
      0.5557352304458618,
      0.0,
      0.0,
      0.0,
      0.0
    ],
    "channel_activity": [
      49,
      5,
      6,
      0,
      1,
      5,
      0,
      0,
      0,
      1,
      1,
      1,
      1,
      1,
      1,
      2,
      1,
      1,
      0,
      0,
      0,
      0
    ],
    "top_active_channels": [
      [
        0,
        49
      ],
      [
        2,
        6
      ],
      [
        1,
        5
      ],
      [
        5,
        5
      ],
      [
        15,
        2
      ]
    ],
    "total_board_activity": 76
  },
  "go_pattern_analysis": {
    "move_type": "corner",
    "game_phase": "opening",
    "turn_number": 25,
    "policy_entropy": -0.0,
    "policy_confidence": 1.0,
    "top_policy_moves": [
      {
        "coord": "(2,1)",
        "percentage": 100.0,
        "count": 520
      }
    ],
    "total_policy_counts": 520
  },
  "part_comparison": {
    "uniqueness_score": 0.003143583657220006,
    "similar_positions": [
      770,
      2664,
      3363,
      4243,
      771
    ],
    "part_rank": 8,
    "max_other_part_activation": 286.436767578125,
    "activation_percentile": 99.87884295017416
  }
}