{
  "position_info": {
    "part": 2,
    "rank": 7,
    "global_position": 2198,
    "move_coordinate": "G3",
    "turn_number": 1,
    "npz_file": "76F9EC3EB6A76AA0.npz",
    "board_tensor_file": "pos_2198/board.npy",
    "sgf_file": "pos_2198/game.sgf"
  },
  "nmf_analysis": {
    "activation_strength": 0.0,
    "rank_in_component": 7,
    "activation_in_other_components": [
      0.07591699808835983,
      0.11399197578430176,
      0.0,
      0.004068685229867697,
      5.45336224604398e-05,
      0.02256667986512184,
      0.005542931146919727,
      0.057456452399492264,
      0.0052569350227713585,
      0.09058181941509247,
      0.0021420964039862156,
      0.008638296276330948,
      0.009256923571228981,
      0.034035492688417435,
      0.0005034732166677713,
      0.0,
      0.0037363730370998383,
      0.00048182709724642336,
      0.004911491181701422,
      0.05213073641061783,
      0.0023794439621269703,
      0.0162129495292902,
      0.0019143822137266397,
      0.007624219171702862,
      0.014720860868692398,
      0.0023415545001626015,
      0.0,
      0.003619815455749631,
      0.06572096794843674,
      0.13357332348823547,
      0.19234229624271393,
      0.0,
      0.3332335948944092,
      0.1270601451396942,
      0.0010222408454865217,
      0.17654767632484436,
      0.0795293003320694,
      0.012719400227069855,
      0.16348233819007874,
      0.13699741661548615,
      0.12495055794715881,
      0.20832447707653046,
      0.0,
      0.1134282648563385,
      0.19175563752651215,
      0.018738962709903717,
      0.11091991513967514,
      0.26056450605392456,
      0.16315175592899323,
      0.43379008769989014
    ],
    "channel_activity": [
      49,
      9,
      9,
      0,
      3,
      5,
      0,
      0,
      0,
      1,
      1,
      1,
      1,
      1,
      1,
      1,
      0,
      1,
      9,
      9,
      0,
      0
    ],
    "top_active_channels": [
      [
        0,
        49
      ],
      [
        1,
        9
      ],
      [
        2,
        9
      ],
      [
        18,
        9
      ],
      [
        19,
        9
      ]
    ],
    "total_board_activity": 101
  },
  "go_pattern_analysis": {
    "move_type": "corner",
    "game_phase": "opening",
    "turn_number": 1,
    "policy_entropy": 0.940834875106635,
    "policy_confidence": 0.8243243243243243,
    "top_policy_moves": [
      {
        "coord": "(2,6)",
        "percentage": 82.4,
        "count": 183
      },
      {
        "coord": "(4,0)",
        "percentage": 7.7,
        "count": 17
      },
      {
        "coord": "(0,4)",
        "percentage": 5.9,
        "count": 13
      },
      {
        "coord": "(1,2)",
        "percentage": 4.1,
        "count": 9
      }
    ],
    "total_policy_counts": 222
  },
  "component_comparison": {
    "uniqueness_score": 0.0,
    "similar_positions": [
      6602,
      2204,
      2194,
      2195,
      2196
    ],
    "component_rank": 1,
    "max_other_component_activation": 0.43379008769989014,
    "activation_percentile": 99.98485536877178
  }
}