{
  "position_info": {
    "part": 22,
    "rank": 14,
    "global_position": 864,
    "move_coordinate": "A4",
    "turn_number": 1,
    "npz_file": "1906C337F5CDAFA9.npz",
    "board_tensor_file": "pos_864/board.npy",
    "sgf_file": "pos_864/game.sgf"
  },
  "nmf_analysis": {
    "activation_strength": 0.480033814907074,
    "rank_in_part": 14,
    "activation_in_other_parts": [
      3450.127197265625,
      97.10014343261719,
      71.48371124267578,
      2.590485095977783,
      0.0,
      9.428421974182129,
      0.35984718799591064,
      37.939884185791016,
      0.17938725650310516,
      0.0,
      0.5059658288955688,
      0.0,
      0.0,
      0.0,
      38.30230712890625,
      0.0,
      0.0,
      0.0,
      0.0,
      0.0,
      0.0,
      0.04711373150348663,
      0.480033814907074,
      0.0,
      0.0
    ],
    "channel_activity": [
      49,
      10,
      13,
      1,
      2,
      0,
      0,
      0,
      0,
      1,
      1,
      1,
      1,
      1,
      2,
      5,
      5,
      0,
      10,
      13,
      0,
      0
    ],
    "top_active_channels": [
      [
        0,
        49
      ],
      [
        2,
        13
      ],
      [
        19,
        13
      ],
      [
        1,
        10
      ],
      [
        18,
        10
      ]
    ],
    "total_board_activity": 115
  },
  "go_pattern_analysis": {
    "move_type": "side",
    "game_phase": "opening",
    "turn_number": 1,
    "policy_entropy": -0.0,
    "policy_confidence": 1.0,
    "top_policy_moves": [
      {
        "coord": "(3,0)",
        "percentage": 100.0,
        "count": 429
      }
    ],
    "total_policy_counts": 429
  },
  "part_comparison": {
    "uniqueness_score": 0.00013911575661040843,
    "similar_positions": [
      6422,
      772,
      4627,
      4624,
      1370
    ],
    "part_rank": 14,
    "max_other_part_activation": 3450.127197265625,
    "activation_percentile": 99.78797516280478
  }
}