{
  "position_info": {
    "part": 46,
    "rank": 3,
    "global_position": 4802,
    "move_coordinate": "D7",
    "turn_number": 19,
    "npz_file": "B330F9C802154800.npz",
    "board_tensor_file": "pos_4802/board.npy",
    "sgf_file": "pos_4802/game.sgf"
  },
  "nmf_analysis": {
    "activation_strength": 0.35303792357444763,
    "rank_in_component": 3,
    "activation_in_other_components": [
      0.08479078114032745,
      0.05470140278339386,
      0.0,
      0.004528711549937725,
      0.0015608370304107666,
      0.013076473958790302,
      0.032438527792692184,
      0.027018964290618896,
      0.0,
      0.03593311458826065,
      0.0,
      0.016881680116057396,
      0.008773109875619411,
      0.017837565392255783,
      0.0,
      0.005133966915309429,
      0.003322151256725192,
      6.948903319425881e-07,
      0.003281835000962019,
      0.031771160662174225,
      0.0,
      0.018640106543898582,
      0.0,
      0.0,
      0.03367198258638382,
      0.002042507054284215,
      0.0,
      0.0,
      0.1473270058631897,
      0.0012997539015486836,
      0.06496874243021011,
      0.0163806714117527,
      0.07492068409919739,
      0.27677661180496216,
      0.08097372204065323,
      0.16142812371253967,
      0.06757257133722305,
      0.2145407348871231,
      0.08720575273036957,
      0.13627280294895172,
      0.13546164333820343,
      0.05170346423983574,
      0.023619066923856735,
      0.09202229976654053,
      0.137868270277977,
      0.08705498278141022,
      0.35303792357444763,
      0.220315620303154,
      0.1675172597169876,
      0.4294204115867615
    ],
    "channel_activity": [
      49,
      8,
      8,
      0,
      2,
      0,
      0,
      0,
      0,
      1,
      1,
      1,
      1,
      1,
      0,
      1,
      1,
      0,
      8,
      8,
      0,
      0
    ],
    "top_active_channels": [
      [
        0,
        49
      ],
      [
        1,
        8
      ],
      [
        2,
        8
      ],
      [
        18,
        8
      ],
      [
        19,
        8
      ]
    ],
    "total_board_activity": 90
  },
  "go_pattern_analysis": {
    "move_type": "side",
    "game_phase": "opening",
    "turn_number": 19,
    "policy_entropy": 0.4103339713233434,
    "policy_confidence": 0.9176706827309237,
    "top_policy_moves": [
      {
        "coord": "(6,3)",
        "percentage": 91.8,
        "count": 457
      },
      {
        "coord": "(0,4)",
        "percentage": 8.2,
        "count": 41
      }
    ],
    "total_policy_counts": 498
  },
  "component_comparison": {
    "uniqueness_score": 0.451190710067749,
    "similar_positions": [
      2526,
      3558,
      4395,
      4238,
      5834
    ],
    "component_rank": 3,
    "max_other_component_activation": 0.4294204115867615,
    "activation_percentile": 99.95456610631531
  }
}