{
  "position_info": {
    "part": 44,
    "rank": 5,
    "global_position": 3834,
    "move_coordinate": "A1",
    "turn_number": 28,
    "npz_file": "AAE4EE8DC9A92FFF.npz",
    "board_tensor_file": "pos_3834/board.npy",
    "sgf_file": "pos_3834/game.sgf"
  },
  "nmf_analysis": {
    "activation_strength": 0.3108465373516083,
    "rank_in_part": 5,
    "activation_in_other_parts": [
      0.05284133926033974,
      0.012165205553174019,
      0.0,
      0.00581498583778739,
      0.012263025157153606,
      0.0,
      0.14694875478744507,
      0.003873244859278202,
      0.03788008540868759,
      0.07277636975049973,
      0.05650081858038902,
      0.100023552775383,
      0.04302041977643967,
      0.0016063048969954252,
      0.010139429941773415,
      0.14617343246936798,
      0.020244628190994263,
      0.0002455046051181853,
      0.026622500270605087,
      0.000902858329936862,
      0.014137901365756989,
      0.037442512810230255,
      0.013484574854373932,
      0.02504872903227806,
      0.06514351069927216,
      0.010764047503471375,
      0.0060979328118264675,
      0.008044717833399773,
      0.0,
      0.2974303364753723,
      0.15088112652301788,
      0.08175702393054962,
      0.18321840465068817,
      0.2220345437526703,
      0.0,
      0.14383965730667114,
      0.08714648336172104,
      0.07461334764957428,
      0.13392238318920135,
      0.17042775452136993,
      0.018917588517069817,
      0.1340181827545166,
      0.023682018741965294,
      0.09407030045986176,
      0.3108465373516083,
      0.06474240124225616,
      0.015472058206796646,
      0.3000656068325043,
      0.17390890419483185,
      0.37002986669540405
    ],
    "channel_activity": [
      49,
      9,
      9,
      2,
      6,
      5,
      0,
      0,
      0,
      1,
      1,
      1,
      1,
      1,
      2,
      1,
      1,
      1,
      0,
      0,
      0,
      0
    ],
    "top_active_channels": [
      [
        0,
        49
      ],
      [
        1,
        9
      ],
      [
        2,
        9
      ],
      [
        4,
        6
      ],
      [
        5,
        5
      ]
    ],
    "total_board_activity": 90
  },
  "go_pattern_analysis": {
    "move_type": "corner",
    "game_phase": "opening",
    "turn_number": 28,
    "policy_entropy": 5.643856189774725,
    "policy_confidence": 0.02,
    "top_policy_moves": [
      {
        "coord": "PASS",
        "percentage": 2.0,
        "count": 1
      },
      {
        "coord": "(1,5)",
        "percentage": 2.0,
        "count": 1
      },
      {
        "coord": "(3,1)",
        "percentage": 2.0,
        "count": 1
      },
      {
        "coord": "(3,0)",
        "percentage": 2.0,
        "count": 1
      },
      {
        "coord": "(2,6)",
        "percentage": 2.0,
        "count": 1
      }
    ],
    "total_policy_counts": 50
  },
  "part_comparison": {
    "uniqueness_score": 0.4565388858318329,
    "similar_positions": [
      286,
      4869,
      287,
      5778,
      5410
    ],
    "part_rank": 5,
    "max_other_part_activation": 0.37002986669540405,
    "activation_percentile": 99.92427684385885
  }
}