{
  "position_info": {
    "part": 28,
    "rank": 13,
    "global_position": 1070,
    "move_coordinate": "A1",
    "turn_number": 24,
    "npz_file": "1D638D50844BD930.npz",
    "board_tensor_file": "pos_1070/board.npy",
    "sgf_file": "pos_1070/game.sgf"
  },
  "nmf_analysis": {
    "activation_strength": 0.5191873908042908,
    "rank_in_component": 13,
    "activation_in_other_components": [
      0.06640481948852539,
      0.09331418573856354,
      0.0,
      0.0005134796374477446,
      0.0,
      0.02515328675508499,
      0.10113202035427094,
      0.023026999086141586,
      0.0,
      0.0,
      0.0,
      0.09717690944671631,
      0.0,
      0.017415344715118408,
      0.0,
      0.1555076390504837,
      0.0014204803155735135,
      0.0004504664975684136,
      0.0,
      0.017842788249254227,
      0.0,
      0.0,
      0.0,
      0.01968834176659584,
      0.027600355446338654,
      0.00020980947010684758,
      0.0,
      0.02115725353360176,
      0.5191873908042908,
      0.026944784447550774,
      0.0935237854719162,
      0.0,
      0.05844026431441307,
      0.042280253022909164,
      0.2171458601951599,
      0.0,
      0.237404465675354,
      0.21572202444076538,
      0.0026712429244071245,
      0.06213149055838585,
      0.05805373564362526,
      0.12114474922418594,
      0.005764481611549854,
      0.03302104026079178,
      0.10974377393722534,
      0.125062495470047,
      0.21451355516910553,
      0.10725217312574387,
      0.2689197063446045,
      0.31131264567375183
    ],
    "channel_activity": [
      49,
      9,
      10,
      0,
      1,
      1,
      0,
      0,
      0,
      1,
      1,
      1,
      1,
      1,
      0,
      0,
      0,
      0,
      9,
      10,
      0,
      0
    ],
    "top_active_channels": [
      [
        0,
        49
      ],
      [
        2,
        10
      ],
      [
        19,
        10
      ],
      [
        1,
        9
      ],
      [
        18,
        9
      ]
    ],
    "total_board_activity": 94
  },
  "go_pattern_analysis": {
    "move_type": "corner",
    "game_phase": "opening",
    "turn_number": 24,
    "policy_entropy": 5.643856189774725,
    "policy_confidence": 0.02,
    "top_policy_moves": [
      {
        "coord": "PASS",
        "percentage": 2.0,
        "count": 1
      },
      {
        "coord": "(1,5)",
        "percentage": 2.0,
        "count": 1
      },
      {
        "coord": "(3,1)",
        "percentage": 2.0,
        "count": 1
      },
      {
        "coord": "(3,0)",
        "percentage": 2.0,
        "count": 1
      },
      {
        "coord": "(2,6)",
        "percentage": 2.0,
        "count": 1
      }
    ],
    "total_policy_counts": 50
  },
  "component_comparison": {
    "uniqueness_score": 0.6251503825187683,
    "similar_positions": [
      1568,
      1567,
      1566,
      1565,
      1569
    ],
    "component_rank": 13,
    "max_other_component_activation": 0.31131264567375183,
    "activation_percentile": 99.80311979403301
  }
}