{
  "position_info": {
    "part": 49,
    "rank": 8,
    "global_position": 6489,
    "move_coordinate": "PASS",
    "turn_number": 1,
    "npz_file": "E3CD9898B9AFF870.npz",
    "board_tensor_file": "pos_6489/board.npy",
    "sgf_file": "pos_6489/game.sgf"
  },
  "nmf_analysis": {
    "activation_strength": 0.5761303901672363,
    "rank_in_part": 8,
    "activation_in_other_parts": [
      0.043193645775318146,
      0.018343942239880562,
      0.0,
      0.009188379161059856,
      0.00843806192278862,
      0.004928520880639553,
      0.034606363624334335,
      0.00850638560950756,
      0.04975781962275505,
      0.003701090579852462,
      0.02603309415280819,
      0.0,
      0.0,
      0.007858505472540855,
      0.025077877566218376,
      0.0,
      0.012989106588065624,
      0.00013270431372802705,
      0.02059105597436428,
      0.00961101334542036,
      0.03373146429657936,
      0.0,
      0.027119511738419533,
      0.06671813875436783,
      0.0,
      0.006766150705516338,
      0.00583683280274272,
      0.026032518595457077,
      0.04973103478550911,
      0.031007548794150352,
      0.009889069944620132,
      0.12905579805374146,
      0.0010410816175863147,
      0.5007768273353577,
      0.3479197919368744,
      0.11064650863409042,
      0.06372754275798798,
      0.050521187484264374,
      0.012537616305053234,
      0.10949720442295074,
      0.02652023360133171,
      0.0793207660317421,
      0.08273077756166458,
      0.06303680688142776,
      0.0,
      0.0,
      0.1440870761871338,
      0.16168096661567688,
      0.07274980843067169,
      0.5761303901672363
    ],
    "channel_activity": [
      49,
      14,
      10,
      0,
      5,
      0,
      0,
      0,
      0,
      0,
      1,
      0,
      1,
      0,
      0,
      0,
      0,
      0,
      29,
      20,
      0,
      0
    ],
    "top_active_channels": [
      [
        0,
        49
      ],
      [
        18,
        29
      ],
      [
        19,
        20
      ],
      [
        1,
        14
      ],
      [
        2,
        10
      ]
    ],
    "total_board_activity": 129
  },
  "go_pattern_analysis": {
    "move_type": "pass",
    "game_phase": "opening",
    "turn_number": 1,
    "policy_entropy": 1.7905072868108987,
    "policy_confidence": 0.7076923076923077,
    "top_policy_moves": [
      {
        "coord": "PASS",
        "percentage": 70.8,
        "count": 92
      },
      {
        "coord": "(5,5)",
        "percentage": 6.2,
        "count": 8
      },
      {
        "coord": "(5,4)",
        "percentage": 3.8,
        "count": 5
      },
      {
        "coord": "(6,3)",
        "percentage": 3.8,
        "count": 5
      },
      {
        "coord": "(5,6)",
        "percentage": 3.1,
        "count": 4
      }
    ],
    "total_policy_counts": 130
  },
  "part_comparison": {
    "uniqueness_score": 0.534986138343811,
    "similar_positions": [
      1950,
      4857,
      2565,
      2566,
      3711
    ],
    "part_rank": 8,
    "max_other_part_activation": 0.5007768273353577,
    "activation_percentile": 99.87884295017416
  }
}