{
  "position_info": {
    "part": 4,
    "rank": 2,
    "global_position": 89,
    "move_coordinate": "E3",
    "turn_number": 5,
    "npz_file": "1906C337F5CDAFA9.npz",
    "board_tensor_file": "pos_89/board.npy",
    "sgf_file": "pos_89/game.sgf"
  },
  "nmf_analysis": {
    "activation_strength": 376.0664978027344,
    "rank_in_part": 2,
    "activation_in_other_parts": [
      555.9364013671875,
      178.52090454101562,
      65.7960205078125,
      56.57103729248047,
      376.0664978027344,
      0.9743788242340088,
      0.0,
      0.0,
      0.1597687304019928,
      0.0,
      0.33567509055137634,
      0.0,
      0.0,
      0.0,
      0.13414883613586426,
      0.0,
      0.0,
      0.0,
      0.0,
      0.0,
      0.2227168083190918,
      0.1935257613658905,
      0.21301059424877167,
      0.1002739742398262,
      0.0
    ],
    "channel_activity": [
      49,
      0,
      1,
      0,
      0,
      0,
      0,
      0,
      0,
      1,
      0,
      0,
      0,
      0,
      0,
      0,
      0,
      0,
      0,
      49,
      0,
      0
    ],
    "top_active_channels": [
      [
        0,
        49
      ],
      [
        19,
        49
      ],
      [
        2,
        1
      ],
      [
        9,
        1
      ],
      [
        1,
        0
      ]
    ],
    "total_board_activity": 100
  },
  "go_pattern_analysis": {
    "move_type": "corner",
    "game_phase": "opening",
    "turn_number": 5,
    "policy_entropy": 1.8107347185197216,
    "policy_confidence": 0.40476190476190477,
    "top_policy_moves": [
      {
        "coord": "(2,4)",
        "percentage": 40.5,
        "count": 51
      },
      {
        "coord": "(4,4)",
        "percentage": 34.1,
        "count": 43
      },
      {
        "coord": "(4,3)",
        "percentage": 14.3,
        "count": 18
      },
      {
        "coord": "(2,3)",
        "percentage": 11.1,
        "count": 14
      }
    ],
    "total_policy_counts": 126
  },
  "part_comparison": {
    "uniqueness_score": 0.40350356698036194,
    "similar_positions": [
      4683,
      4109,
      4684,
      5036,
      3296
    ],
    "part_rank": 2,
    "max_other_part_activation": 555.9364013671875,
    "activation_percentile": 99.96971073754354
  }
}