{
  "position_info": {
    "part": 2,
    "rank": 12,
    "global_position": 2203,
    "move_coordinate": "F5",
    "turn_number": 1,
    "npz_file": "76F9EC3EB6A76AA0.npz",
    "board_tensor_file": "pos_2203/board.npy",
    "sgf_file": "pos_2203/game.sgf"
  },
  "nmf_analysis": {
    "activation_strength": 0.0,
    "rank_in_part": 12,
    "activation_in_other_parts": [
      0.05378454551100731,
      0.025573236867785454,
      0.0,
      0.00925341248512268,
      0.014713307842612267,
      0.0,
      0.27138298749923706,
      0.004493149928748608,
      0.010263383388519287,
      0.004027902148663998,
      0.008466694504022598,
      0.01535673439502716,
      0.007578776217997074,
      0.0,
      0.000575109152123332,
      0.06641504168510437,
      0.0016503235092386603,
      0.0,
      0.0059049250558018684,
      0.003299558535218239,
      8.493586210533977e-05,
      0.01468943152576685,
      0.0,
      0.06546362489461899,
      0.05565260723233223,
      0.0014490463072434068,
      0.0,
      0.04700883477926254,
      0.19796395301818848,
      0.0,
      0.14646972715854645,
      0.14809544384479523,
      0.020394615828990936,
      0.18595905601978302,
      0.05249128118157387,
      0.0,
      0.03878093883395195,
      0.2510792315006256,
      0.1049494817852974,
      0.050286658108234406,
      0.15082530677318573,
      0.059589263051748276,
      0.01097781490534544,
      0.002132928930222988,
      0.23922699689865112,
      0.069332055747509,
      0.2003142088651657,
      0.21292011439800262,
      0.2796930968761444,
      0.32485827803611755
    ],
    "channel_activity": [
      49,
      5,
      5,
      0,
      0,
      0,
      0,
      0,
      0,
      1,
      1,
      1,
      1,
      1,
      0,
      0,
      0,
      0,
      5,
      5,
      0,
      0
    ],
    "top_active_channels": [
      [
        0,
        49
      ],
      [
        1,
        5
      ],
      [
        2,
        5
      ],
      [
        18,
        5
      ],
      [
        19,
        5
      ]
    ],
    "total_board_activity": 74
  },
  "go_pattern_analysis": {
    "move_type": "corner",
    "game_phase": "opening",
    "turn_number": 1,
    "policy_entropy": 0.43509627553299035,
    "policy_confidence": 0.9442379182156134,
    "top_policy_moves": [
      {
        "coord": "(4,5)",
        "percentage": 94.4,
        "count": 508
      },
      {
        "coord": "(5,4)",
        "percentage": 2.8,
        "count": 15
      },
      {
        "coord": "(0,3)",
        "percentage": 1.1,
        "count": 6
      },
      {
        "coord": "(1,3)",
        "percentage": 0.4,
        "count": 2
      },
      {
        "coord": "(5,3)",
        "percentage": 0.4,
        "count": 2
      }
    ],
    "total_policy_counts": 538
  },
  "part_comparison": {
    "uniqueness_score": 0.0,
    "similar_positions": [
      6602,
      2204,
      2194,
      2195,
      2196
    ],
    "part_rank": 1,
    "max_other_part_activation": 0.32485827803611755,
    "activation_percentile": 99.98485536877178
  }
}