{
  "position_info": {
    "part": 15,
    "rank": 18,
    "global_position": 3505,
    "move_coordinate": "B2",
    "turn_number": 9,
    "npz_file": "AAE4EE8DC9A92FFF.npz",
    "board_tensor_file": "pos_3505/board.npy",
    "sgf_file": "pos_3505/game.sgf"
  },
  "nmf_analysis": {
    "activation_strength": 0.8811041712760925,
    "rank_in_part": 18,
    "activation_in_other_parts": [
      117.95677947998047,
      748.1235961914062,
      0.0,
      261.2680358886719,
      14.690007209777832,
      0.0,
      0.0,
      0.09450139850378036,
      0.0,
      0.029521673917770386,
      0.0,
      0.0,
      0.0,
      0.0,
      0.0,
      0.8811041712760925,
      0.0,
      0.0,
      0.0,
      0.04127247631549835,
      0.0,
      0.0,
      0.0,
      0.0,
      0.0
    ],
    "channel_activity": [
      49,
      3,
      3,
      0,
      0,
      0,
      0,
      0,
      0,
      1,
      1,
      1,
      1,
      1,
      0,
      0,
      0,
      0,
      0,
      0,
      0,
      0
    ],
    "top_active_channels": [
      [
        0,
        49
      ],
      [
        1,
        3
      ],
      [
        2,
        3
      ],
      [
        9,
        1
      ],
      [
        10,
        1
      ]
    ],
    "total_board_activity": 60
  },
  "go_pattern_analysis": {
    "move_type": "corner",
    "game_phase": "opening",
    "turn_number": 9,
    "policy_entropy": 0.46398361504551916,
    "policy_confidence": 0.9015748031496063,
    "top_policy_moves": [
      {
        "coord": "(1,1)",
        "percentage": 90.2,
        "count": 229
      },
      {
        "coord": "(3,5)",
        "percentage": 9.8,
        "count": 25
      }
    ],
    "total_policy_counts": 254
  },
  "part_comparison": {
    "uniqueness_score": 0.0011763666989281774,
    "similar_positions": [
      2354,
      5019,
      2470,
      3394,
      3642
    ],
    "part_rank": 18,
    "max_other_part_activation": 748.1235961914062,
    "activation_percentile": 99.72739663789186
  }
}