{
  "position_info": {
    "part": 0,
    "rank": 3,
    "global_position": 6323,
    "move_coordinate": "E4",
    "turn_number": 6,
    "npz_file": "E3CD9898B9AFF870.npz",
    "board_tensor_file": "pos_6323/board.npy",
    "sgf_file": "pos_6323/game.sgf"
  },
  "nmf_analysis": {
    "activation_strength": 0.4713720381259918,
    "rank_in_part": 3,
    "activation_in_other_parts": [
      0.4713720381259918,
      0.35904452204704285,
      0.0,
      0.03795391321182251,
      0.7955483198165894,
      0.002789257327094674,
      0.0,
      0.0,
      0.026226554065942764,
      0.3054281175136566,
      0.0,
      0.014459481462836266,
      0.005007117986679077,
      0.0,
      0.0,
      0.00625197310000658,
      0.5347184538841248,
      0.0,
      0.0,
      0.01222891267389059,
      0.025095991790294647,
      0.014584202319383621,
      0.045625071972608566,
      0.0,
      0.13157173991203308
    ],
    "channel_activity": [
      49,
      0,
      1,
      0,
      0,
      0,
      0,
      0,
      0,
      1,
      0,
      0,
      0,
      0,
      0,
      0,
      0,
      0,
      0,
      0,
      0,
      0
    ],
    "top_active_channels": [
      [
        0,
        49
      ],
      [
        2,
        1
      ],
      [
        9,
        1
      ],
      [
        1,
        0
      ],
      [
        3,
        0
      ]
    ],
    "total_board_activity": 51
  },
  "go_pattern_analysis": {
    "move_type": "side",
    "game_phase": "opening",
    "turn_number": 6,
    "policy_entropy": 1.8607029867234046,
    "policy_confidence": 0.4368932038834951,
    "top_policy_moves": [
      {
        "coord": "(3,4)",
        "percentage": 43.7,
        "count": 90
      },
      {
        "coord": "(3,2)",
        "percentage": 24.8,
        "count": 51
      },
      {
        "coord": "(2,2)",
        "percentage": 16.5,
        "count": 34
      },
      {
        "coord": "(2,4)",
        "percentage": 15.0,
        "count": 31
      }
    ],
    "total_policy_counts": 206
  },
  "part_comparison": {
    "uniqueness_score": 0.3720613121986389,
    "similar_positions": [
      786,
      3821,
      3536,
      6366,
      779
    ],
    "part_rank": 3,
    "max_other_part_activation": 0.7955483198165894,
    "activation_percentile": 99.95456610631531
  }
}