{
  "position_info": {
    "part": 19,
    "rank": 11,
    "global_position": 6323,
    "move_coordinate": "E4",
    "turn_number": 6,
    "npz_file": "E3CD9898B9AFF870.npz",
    "board_tensor_file": "pos_6323/board.npy",
    "sgf_file": "pos_6323/game.sgf"
  },
  "nmf_analysis": {
    "activation_strength": 0.08426572382450104,
    "rank_in_component": 11,
    "activation_in_other_components": [
      0.3061884641647339,
      0.07210017740726471,
      0.0,
      0.028487758710980415,
      0.01826297864317894,
      0.042673975229263306,
      0.0,
      0.08814302831888199,
      0.0,
      0.2226552516222,
      0.0,
      0.05040563642978668,
      0.0520133450627327,
      0.02825707569718361,
      0.00018576817819848657,
      0.07905911654233932,
      0.017285380512475967,
      0.0,
      0.026135502383112907,
      0.08426572382450104,
      0.0,
      0.09266718477010727,
      0.0,
      0.0,
      0.11365604400634766,
      0.009384148754179478,
      0.0,
      0.0,
      0.2902355194091797,
      0.0,
      0.0382353812456131,
      0.9197563529014587,
      0.13860014081001282,
      0.0,
      0.0,
      0.0,
      0.0,
      0.0,
      0.38822540640830994,
      0.020898694172501564,
      0.08356893807649612,
      0.0,
      0.11304643750190735,
      0.014341586269438267,
      0.0,
      0.014530358836054802,
      0.00919103343039751,
      0.0,
      0.20800533890724182,
      0.0
    ],
    "channel_activity": [
      49,
      0,
      1,
      0,
      0,
      0,
      0,
      0,
      0,
      1,
      0,
      0,
      0,
      0,
      0,
      0,
      0,
      0,
      0,
      0,
      0,
      0
    ],
    "top_active_channels": [
      [
        0,
        49
      ],
      [
        2,
        1
      ],
      [
        9,
        1
      ],
      [
        1,
        0
      ],
      [
        3,
        0
      ]
    ],
    "total_board_activity": 51
  },
  "go_pattern_analysis": {
    "move_type": "side",
    "game_phase": "opening",
    "turn_number": 6,
    "policy_entropy": 1.8607029867234046,
    "policy_confidence": 0.4368932038834951,
    "top_policy_moves": [
      {
        "coord": "(3,4)",
        "percentage": 43.7,
        "count": 90
      },
      {
        "coord": "(3,2)",
        "percentage": 24.8,
        "count": 51
      },
      {
        "coord": "(2,2)",
        "percentage": 16.5,
        "count": 34
      },
      {
        "coord": "(2,4)",
        "percentage": 15.0,
        "count": 31
      }
    ],
    "total_policy_counts": 206
  },
  "component_comparison": {
    "uniqueness_score": 0.08392815291881561,
    "similar_positions": [
      6366,
      4410,
      1821,
      786,
      6372
    ],
    "component_rank": 11,
    "max_other_component_activation": 0.9197563529014587,
    "activation_percentile": 99.83340905648947
  }
}