{
  "position_info": {
    "part": 24,
    "rank": 7,
    "global_position": 5541,
    "move_coordinate": "D5",
    "turn_number": 6,
    "npz_file": "BADFFB51627F24FD.npz",
    "board_tensor_file": "pos_5541/board.npy",
    "sgf_file": "pos_5541/game.sgf"
  },
  "nmf_analysis": {
    "activation_strength": 0.5364416837692261,
    "rank_in_part": 7,
    "activation_in_other_parts": [
      0.1403786838054657,
      0.05389569699764252,
      0.054088693112134933,
      0.015628714114427567,
      0.06487192958593369,
      0.1218843087553978,
      0.06805000454187393,
      0.040937408804893494,
      0.07251577079296112,
      0.2510669529438019,
      0.2565608620643616,
      0.12471111863851547,
      0.32774150371551514,
      0.09089985489845276,
      0.051737770438194275,
      0.14710357785224915,
      0.08806421607732773,
      0.165731281042099,
      0.02352455072104931,
      0.030108720064163208,
      0.007584079634398222,
      0.08438566327095032,
      0.19226840138435364,
      0.15436480939388275,
      0.5364416837692261
    ],
    "channel_activity": [
      49,
      5,
      5,
      0,
      1,
      3,
      0,
      0,
      0,
      1,
      1,
      1,
      1,
      1,
      1,
      0,
      0,
      0,
      5,
      5,
      0,
      0
    ],
    "top_active_channels": [
      [
        0,
        49
      ],
      [
        1,
        5
      ],
      [
        2,
        5
      ],
      [
        18,
        5
      ],
      [
        19,
        5
      ]
    ],
    "total_board_activity": 79
  },
  "go_pattern_analysis": {
    "move_type": "side",
    "game_phase": "opening",
    "turn_number": 6,
    "policy_entropy": -0.0,
    "policy_confidence": 1.0,
    "top_policy_moves": [
      {
        "coord": "(4,3)",
        "percentage": 100.0,
        "count": 539
      }
    ],
    "total_policy_counts": 539
  },
  "part_comparison": {
    "uniqueness_score": 0.6207499504089355,
    "similar_positions": [
      3326,
      6265,
      2925,
      6312,
      1641
    ],
    "part_rank": 7,
    "max_other_part_activation": 0.32774150371551514,
    "activation_percentile": 99.89398758140238
  }
}