{
  "position_info": {
    "part": 1,
    "rank": 14,
    "global_position": 990,
    "move_coordinate": "E5",
    "turn_number": 7,
    "npz_file": "1906C337F5CDAFA9.npz",
    "board_tensor_file": "pos_990/board.npy",
    "sgf_file": "pos_990/game.sgf"
  },
  "nmf_analysis": {
    "activation_strength": 950.3294677734375,
    "rank_in_part": 14,
    "activation_in_other_parts": [
      307.15362548828125,
      950.3294677734375,
      163.13768005371094,
      45.33730697631836,
      0.0,
      0.5897606015205383,
      0.05045267194509506,
      0.0,
      0.16291506588459015,
      0.0,
      0.0,
      0.4570561647415161,
      0.0,
      0.07299327850341797,
      0.0,
      0.0,
      0.0,
      0.12455785274505615,
      0.22752021253108978,
      0.0,
      0.0,
      0.0,
      0.0,
      0.0,
      0.0
    ],
    "channel_activity": [
      49,
      1,
      1,
      0,
      0,
      2,
      0,
      0,
      0,
      1,
      1,
      0,
      0,
      0,
      0,
      0,
      0,
      0,
      0,
      0,
      0,
      0
    ],
    "top_active_channels": [
      [
        0,
        49
      ],
      [
        5,
        2
      ],
      [
        1,
        1
      ],
      [
        2,
        1
      ],
      [
        9,
        1
      ]
    ],
    "total_board_activity": 55
  },
  "go_pattern_analysis": {
    "move_type": "corner",
    "game_phase": "opening",
    "turn_number": 7,
    "policy_entropy": -0.0,
    "policy_confidence": 1.0,
    "top_policy_moves": [
      {
        "coord": "(4,4)",
        "percentage": 100.0,
        "count": 177
      }
    ],
    "total_policy_counts": 177
  },
  "part_comparison": {
    "uniqueness_score": 0.7557393312454224,
    "similar_positions": [
      3841,
      1424,
      5462,
      5625,
      5626
    ],
    "part_rank": 14,
    "max_other_part_activation": 307.15362548828125,
    "activation_percentile": 99.78797516280478
  }
}