{
  "position_info": {
    "part": 43,
    "rank": 1,
    "global_position": 2571,
    "move_coordinate": "A6",
    "turn_number": 26,
    "npz_file": "76F9EC3EB6A76AA0.npz",
    "board_tensor_file": "pos_2571/board.npy",
    "sgf_file": "pos_2571/game.sgf"
  },
  "nmf_analysis": {
    "activation_strength": 0.26998278498649597,
    "rank_in_component": 1,
    "activation_in_other_components": [
      0.14860010147094727,
      0.06079718843102455,
      0.0,
      0.02052345499396324,
      0.019298888742923737,
      0.02090607024729252,
      0.0,
      0.04236535355448723,
      0.0113745192065835,
      0.1578717976808548,
      0.0029933101031929255,
      0.07612931728363037,
      0.04651208594441414,
      0.01820738986134529,
      0.00590114202350378,
      0.1023591086268425,
      0.01595229282975197,
      0.00025140694924630225,
      0.022129852324724197,
      0.03437810391187668,
      0.007592471782118082,
      0.06763001531362534,
      0.006124075967818499,
      0.0,
      0.06689516454935074,
      0.007777833845466375,
      0.003056730842217803,
      0.0,
      0.16977249085903168,
      0.09577031433582306,
      0.2871674597263336,
      0.11622730642557144,
      0.008120129816234112,
      0.10093168914318085,
      0.0522163063287735,
      0.06985665112733841,
      0.05587871000170708,
      0.13414302468299866,
      0.14786584675312042,
      0.05009375512599945,
      0.14164234697818756,
      0.011157622560858727,
      0.12570162117481232,
      0.26998278498649597,
      0.04793617129325867,
      0.07709343731403351,
      0.08828715234994888,
      0.04021735116839409,
      0.48926231265068054,
      0.18680258095264435
    ],
    "channel_activity": [
      49,
      5,
      6,
      0,
      1,
      2,
      0,
      0,
      0,
      1,
      1,
      1,
      1,
      1,
      1,
      2,
      1,
      0,
      0,
      0,
      0,
      0
    ],
    "top_active_channels": [
      [
        0,
        49
      ],
      [
        2,
        6
      ],
      [
        1,
        5
      ],
      [
        5,
        2
      ],
      [
        15,
        2
      ]
    ],
    "total_board_activity": 72
  },
  "go_pattern_analysis": {
    "move_type": "corner",
    "game_phase": "opening",
    "turn_number": 26,
    "policy_entropy": 0.06802534407315748,
    "policy_confidence": 0.992822966507177,
    "top_policy_moves": [
      {
        "coord": "(5,0)",
        "percentage": 99.3,
        "count": 415
      },
      {
        "coord": "(3,6)",
        "percentage": 0.5,
        "count": 2
      },
      {
        "coord": "(2,6)",
        "percentage": 0.2,
        "count": 1
      }
    ],
    "total_policy_counts": 418
  },
  "component_comparison": {
    "uniqueness_score": 0.3555937111377716,
    "similar_positions": [
      3279,
      2799,
      4365,
      2077,
      2418
    ],
    "component_rank": 1,
    "max_other_component_activation": 0.48926231265068054,
    "activation_percentile": 99.98485536877178
  }
}