{
  "position_info": {
    "part": 6,
    "rank": 4,
    "global_position": 2499,
    "move_coordinate": "C7",
    "turn_number": 1,
    "npz_file": "76F9EC3EB6A76AA0.npz",
    "board_tensor_file": "pos_2499/board.npy",
    "sgf_file": "pos_2499/game.sgf"
  },
  "nmf_analysis": {
    "activation_strength": 0.8558300733566284,
    "rank_in_part": 4,
    "activation_in_other_parts": [
      3091.640869140625,
      0.0,
      0.0,
      50.79862976074219,
      118.50237274169922,
      0.0,
      0.8558300733566284,
      13.837784767150879,
      0.18636006116867065,
      0.0,
      0.0,
      0.0,
      0.0,
      0.0,
      19.600557327270508,
      0.0,
      0.0,
      0.02341688796877861,
      0.0,
      0.0,
      0.20812851190567017,
      0.0,
      0.12156625092029572,
      0.0,
      0.0
    ],
    "channel_activity": [
      49,
      16,
      17,
      1,
      18,
      8,
      1,
      0,
      0,
      1,
      1,
      1,
      1,
      1,
      3,
      2,
      12,
      4,
      16,
      17,
      0,
      0
    ],
    "top_active_channels": [
      [
        0,
        49
      ],
      [
        4,
        18
      ],
      [
        2,
        17
      ],
      [
        19,
        17
      ],
      [
        1,
        16
      ]
    ],
    "total_board_activity": 169
  },
  "go_pattern_analysis": {
    "move_type": "corner",
    "game_phase": "opening",
    "turn_number": 1,
    "policy_entropy": 1.3593882110942273,
    "policy_confidence": 0.688034188034188,
    "top_policy_moves": [
      {
        "coord": "(6,2)",
        "percentage": 68.8,
        "count": 161
      },
      {
        "coord": "(1,6)",
        "percentage": 14.5,
        "count": 34
      },
      {
        "coord": "(6,4)",
        "percentage": 11.1,
        "count": 26
      },
      {
        "coord": "(4,5)",
        "percentage": 5.6,
        "count": 13
      }
    ],
    "total_policy_counts": 234
  },
  "part_comparison": {
    "uniqueness_score": 0.0002767440746538341,
    "similar_positions": [
      4952,
      4246,
      2058,
      2498,
      3180
    ],
    "part_rank": 4,
    "max_other_part_activation": 3091.640869140625,
    "activation_percentile": 99.93942147508709
  }
}