{
  "position_info": {
    "part": 24,
    "rank": 2,
    "global_position": 6265,
    "move_coordinate": "D5",
    "turn_number": 4,
    "npz_file": "E3CD9898B9AFF870.npz",
    "board_tensor_file": "pos_6265/board.npy",
    "sgf_file": "pos_6265/game.sgf"
  },
  "nmf_analysis": {
    "activation_strength": 0.5397588610649109,
    "rank_in_part": 2,
    "activation_in_other_parts": [
      0.1542847603559494,
      0.05732014775276184,
      0.06704913824796677,
      0.0323822908103466,
      0.06611203402280807,
      0.14170899987220764,
      0.09000416845083237,
      0.04896344244480133,
      0.07713157683610916,
      0.27191397547721863,
      0.2528052031993866,
      0.13443535566329956,
      0.3175122141838074,
      0.0692431852221489,
      0.03720704838633537,
      0.14067497849464417,
      0.06487928330898285,
      0.1620958000421524,
      0.0041979337111115456,
      0.01304278802126646,
      0.0,
      0.072483591735363,
      0.19100981950759888,
      0.1609712392091751,
      0.5397588610649109
    ],
    "channel_activity": [
      49,
      5,
      5,
      0,
      1,
      3,
      0,
      0,
      0,
      1,
      1,
      1,
      1,
      1,
      1,
      0,
      0,
      0,
      5,
      5,
      0,
      0
    ],
    "top_active_channels": [
      [
        0,
        49
      ],
      [
        1,
        5
      ],
      [
        2,
        5
      ],
      [
        18,
        5
      ],
      [
        19,
        5
      ]
    ],
    "total_board_activity": 79
  },
  "go_pattern_analysis": {
    "move_type": "side",
    "game_phase": "opening",
    "turn_number": 4,
    "policy_entropy": -0.0,
    "policy_confidence": 1.0,
    "top_policy_moves": [
      {
        "coord": "(4,3)",
        "percentage": 100.0,
        "count": 534
      }
    ],
    "total_policy_counts": 534
  },
  "part_comparison": {
    "uniqueness_score": 0.6296244859695435,
    "similar_positions": [
      3326,
      2925,
      6312,
      1641,
      1811
    ],
    "part_rank": 2,
    "max_other_part_activation": 0.3175122141838074,
    "activation_percentile": 99.96971073754354
  }
}