{
  "position_info": {
    "part": 1,
    "rank": 18,
    "global_position": 4132,
    "move_coordinate": "B3",
    "turn_number": 9,
    "npz_file": "AAE4EE8DC9A92FFF.npz",
    "board_tensor_file": "pos_4132/board.npy",
    "sgf_file": "pos_4132/game.sgf"
  },
  "nmf_analysis": {
    "activation_strength": 0.48692819476127625,
    "rank_in_part": 18,
    "activation_in_other_parts": [
      0.11788781732320786,
      0.48692819476127625,
      0.011634588241577148,
      0.03558972105383873,
      0.3508094251155853,
      0.017003534361720085,
      0.12274901568889618,
      0.0,
      0.15639588236808777,
      0.15257692337036133,
      0.0,
      0.03927868977189064,
      0.05579359084367752,
      0.016676923260092735,
      0.13804636895656586,
      0.18283621966838837,
      0.41989317536354065,
      0.002858191728591919,
      0.0,
      0.08029943704605103,
      0.06552165746688843,
      0.006692621856927872,
      0.06455662846565247,
      0.1604643613100052,
      0.3933977782726288
    ],
    "channel_activity": [
      49,
      2,
      3,
      0,
      0,
      0,
      0,
      0,
      0,
      1,
      1,
      1,
      1,
      1,
      0,
      0,
      0,
      0,
      2,
      3,
      0,
      0
    ],
    "top_active_channels": [
      [
        0,
        49
      ],
      [
        2,
        3
      ],
      [
        19,
        3
      ],
      [
        1,
        2
      ],
      [
        18,
        2
      ]
    ],
    "total_board_activity": 64
  },
  "go_pattern_analysis": {
    "move_type": "corner",
    "game_phase": "opening",
    "turn_number": 9,
    "policy_entropy": 0.9993239127408649,
    "policy_confidence": 0.5153061224489796,
    "top_policy_moves": [
      {
        "coord": "(2,1)",
        "percentage": 51.5,
        "count": 202
      },
      {
        "coord": "(2,5)",
        "percentage": 48.5,
        "count": 190
      }
    ],
    "total_policy_counts": 392
  },
  "part_comparison": {
    "uniqueness_score": 0.536961555480957,
    "similar_positions": [
      88,
      6367,
      1822,
      2979,
      1823
    ],
    "part_rank": 18,
    "max_other_part_activation": 0.41989317536354065,
    "activation_percentile": 99.72739663789186
  }
}