{
  "position_info": {
    "part": 6,
    "rank": 20,
    "global_position": 2741,
    "move_coordinate": "A1",
    "turn_number": 1,
    "npz_file": "76F9EC3EB6A76AA0.npz",
    "board_tensor_file": "pos_2741/board.npy",
    "sgf_file": "pos_2741/game.sgf"
  },
  "nmf_analysis": {
    "activation_strength": 0.36397039890289307,
    "rank_in_part": 20,
    "activation_in_other_parts": [
      0.0,
      0.04128371179103851,
      0.0,
      0.0,
      0.0008227633079513907,
      0.003983363509178162,
      0.36397039890289307,
      0.008475469425320625,
      0.022160599008202553,
      0.007553475443273783,
      0.032401178032159805,
      0.010268337093293667,
      0.007294618524610996,
      0.0,
      0.0,
      0.07847917079925537,
      0.0,
      0.00012346316361799836,
      0.0,
      0.0030385146383196115,
      0.004455517511814833,
      0.01225479505956173,
      0.001821058103814721,
      0.09549320489168167,
      0.040662650018930435,
      0.0,
      0.0,
      0.07451638579368591,
      0.21045958995819092,
      0.11063892394304276,
      0.06253403425216675,
      0.24375855922698975,
      0.1774623692035675,
      0.0,
      0.11981461197137833,
      0.0,
      0.00149322219658643,
      0.13362450897693634,
      0.23624829947948456,
      0.037246908992528915,
      0.06276322156190872,
      0.11256445944309235,
      0.028638234362006187,
      0.0,
      0.21358279883861542,
      0.11222508549690247,
      0.0,
      0.13103677332401276,
      0.387432336807251,
      0.22692197561264038
    ],
    "channel_activity": [
      49,
      3,
      4,
      0,
      0,
      2,
      0,
      0,
      0,
      1,
      1,
      1,
      1,
      1,
      0,
      0,
      0,
      0,
      0,
      0,
      0,
      0
    ],
    "top_active_channels": [
      [
        0,
        49
      ],
      [
        2,
        4
      ],
      [
        1,
        3
      ],
      [
        5,
        2
      ],
      [
        9,
        1
      ]
    ],
    "total_board_activity": 63
  },
  "go_pattern_analysis": {
    "move_type": "corner",
    "game_phase": "opening",
    "turn_number": 1,
    "policy_entropy": 5.643856189774725,
    "policy_confidence": 0.02,
    "top_policy_moves": [
      {
        "coord": "PASS",
        "percentage": 2.0,
        "count": 1
      },
      {
        "coord": "(1,5)",
        "percentage": 2.0,
        "count": 1
      },
      {
        "coord": "(3,1)",
        "percentage": 2.0,
        "count": 1
      },
      {
        "coord": "(3,0)",
        "percentage": 2.0,
        "count": 1
      },
      {
        "coord": "(2,6)",
        "percentage": 2.0,
        "count": 1
      }
    ],
    "total_policy_counts": 50
  },
  "part_comparison": {
    "uniqueness_score": 0.48438790440559387,
    "similar_positions": [
      1927,
      5958,
      3374,
      3693,
      3267
    ],
    "part_rank": 20,
    "max_other_part_activation": 0.387432336807251,
    "activation_percentile": 99.69710737543541
  }
}