{
  "position_info": {
    "part": 5,
    "rank": 15,
    "global_position": 3860,
    "move_coordinate": "D5",
    "turn_number": 6,
    "npz_file": "AAE4EE8DC9A92FFF.npz",
    "board_tensor_file": "pos_3860/board.npy",
    "sgf_file": "pos_3860/game.sgf"
  },
  "nmf_analysis": {
    "activation_strength": 256.5643005371094,
    "rank_in_part": 15,
    "activation_in_other_parts": [
      0.0,
      17.24352264404297,
      12.499288558959961,
      6.978594779968262,
      2.706693410873413,
      256.5643005371094,
      0.0,
      2.9959089756011963,
      0.0,
      0.0,
      46.63828659057617,
      0.0,
      0.0,
      0.0,
      0.0,
      0.0,
      0.0,
      0.0,
      0.0,
      0.0,
      0.0,
      0.0,
      0.017638729885220528,
      0.0,
      0.021299220621585846
    ],
    "channel_activity": [
      49,
      0,
      0,
      0,
      0,
      0,
      0,
      0,
      0,
      0,
      0,
      0,
      0,
      0,
      0,
      0,
      0,
      0,
      0,
      0,
      0,
      0
    ],
    "top_active_channels": [
      [
        0,
        49
      ],
      [
        1,
        0
      ],
      [
        2,
        0
      ],
      [
        3,
        0
      ],
      [
        4,
        0
      ]
    ],
    "total_board_activity": 49
  },
  "go_pattern_analysis": {
    "move_type": "side",
    "game_phase": "opening",
    "turn_number": 6,
    "policy_entropy": 1.958686833025022,
    "policy_confidence": 0.35467980295566504,
    "top_policy_moves": [
      {
        "coord": "(4,3)",
        "percentage": 35.5,
        "count": 216
      },
      {
        "coord": "(3,4)",
        "percentage": 23.6,
        "count": 144
      },
      {
        "coord": "(3,2)",
        "percentage": 20.7,
        "count": 126
      },
      {
        "coord": "(2,3)",
        "percentage": 20.2,
        "count": 123
      }
    ],
    "total_policy_counts": 609
  },
  "part_comparison": {
    "uniqueness_score": 0.8461811542510986,
    "similar_positions": [
      3921,
      5446,
      11,
      2529,
      2530
    ],
    "part_rank": 15,
    "max_other_part_activation": 46.63828659057617,
    "activation_percentile": 99.77283053157655
  }
}