{
  "position_info": {
    "part": 48,
    "rank": 15,
    "global_position": 2374,
    "move_coordinate": "D1",
    "turn_number": 13,
    "npz_file": "76F9EC3EB6A76AA0.npz",
    "board_tensor_file": "pos_2374/board.npy",
    "sgf_file": "pos_2374/game.sgf"
  },
  "nmf_analysis": {
    "activation_strength": 0.5834883451461792,
    "rank_in_part": 15,
    "activation_in_other_parts": [
      0.0,
      0.10438729077577591,
      0.0,
      0.0,
      0.0,
      0.0,
      0.14914976060390472,
      0.03285901993513107,
      0.025449102744460106,
      0.027875134721398354,
      0.0375560000538826,
      0.025148896500468254,
      0.009962949901819229,
      0.010666988790035248,
      0.003734402358531952,
      0.041754692792892456,
      0.0,
      0.0003847383486572653,
      0.0,
      0.013172239996492863,
      0.004309637937694788,
      0.00482396362349391,
      0.005530759692192078,
      0.03883970528841019,
      0.019694402813911438,
      0.0,
      0.0016952708829194307,
      0.020664170384407043,
      0.11771510541439056,
      0.30217626690864563,
      0.23469726741313934,
      0.1704901158809662,
      0.2468595653772354,
      0.058339674025774,
      0.08125848323106766,
      0.0811774954199791,
      0.02160140872001648,
      0.09165113419294357,
      0.19174514710903168,
      0.0,
      0.01284036971628666,
      0.0013019138714298606,
      0.18901780247688293,
      0.035239871591329575,
      0.17143340408802032,
      0.055495887994766235,
      0.03500670567154884,
      0.05385401472449303,
      0.5834883451461792,
      0.15464073419570923
    ],
    "channel_activity": [
      49,
      4,
      5,
      2,
      0,
      4,
      0,
      0,
      0,
      1,
      1,
      1,
      1,
      1,
      0,
      1,
      2,
      0,
      4,
      5,
      0,
      0
    ],
    "top_active_channels": [
      [
        0,
        49
      ],
      [
        2,
        5
      ],
      [
        19,
        5
      ],
      [
        1,
        4
      ],
      [
        5,
        4
      ]
    ],
    "total_board_activity": 81
  },
  "go_pattern_analysis": {
    "move_type": "side",
    "game_phase": "opening",
    "turn_number": 13,
    "policy_entropy": 1.400345074125461,
    "policy_confidence": 0.5494736842105263,
    "top_policy_moves": [
      {
        "coord": "(0,3)",
        "percentage": 54.9,
        "count": 261
      },
      {
        "coord": "(5,2)",
        "percentage": 35.6,
        "count": 169
      },
      {
        "coord": "(5,3)",
        "percentage": 7.8,
        "count": 37
      },
      {
        "coord": "(5,4)",
        "percentage": 1.5,
        "count": 7
      },
      {
        "coord": "(0,2)",
        "percentage": 0.2,
        "count": 1
      }
    ],
    "total_policy_counts": 475
  },
  "part_comparison": {
    "uniqueness_score": 0.6588141322135925,
    "similar_positions": [
      1564,
      1569,
      6497,
      1350,
      4809
    ],
    "part_rank": 15,
    "max_other_part_activation": 0.30217626690864563,
    "activation_percentile": 99.77283053157655
  }
}