{
  "position_info": {
    "part": 17,
    "rank": 6,
    "global_position": 2587,
    "move_coordinate": "B4",
    "turn_number": 25,
    "npz_file": "76F9EC3EB6A76AA0.npz",
    "board_tensor_file": "pos_2587/board.npy",
    "sgf_file": "pos_2587/game.sgf"
  },
  "nmf_analysis": {
    "activation_strength": 1.006432056427002,
    "rank_in_part": 6,
    "activation_in_other_parts": [
      124.7883071899414,
      457.1815490722656,
      390.86981201171875,
      76.57664489746094,
      57.506874084472656,
      0.0,
      0.3696371018886566,
      0.3907347321510315,
      0.14731736481189728,
      0.0,
      0.3852604627609253,
      0.0,
      0.0,
      0.0,
      0.5248834490776062,
      0.0,
      0.3742212653160095,
      1.006432056427002,
      0.22286903858184814,
      0.0,
      0.09136725217103958,
      0.0,
      0.0,
      0.0,
      0.050745684653520584
    ],
    "channel_activity": [
      49,
      6,
      6,
      0,
      1,
      1,
      0,
      0,
      0,
      1,
      1,
      1,
      1,
      1,
      1,
      0,
      1,
      1,
      0,
      0,
      0,
      0
    ],
    "top_active_channels": [
      [
        0,
        49
      ],
      [
        1,
        6
      ],
      [
        2,
        6
      ],
      [
        4,
        1
      ],
      [
        5,
        1
      ]
    ],
    "total_board_activity": 71
  },
  "go_pattern_analysis": {
    "move_type": "side",
    "game_phase": "opening",
    "turn_number": 25,
    "policy_entropy": -0.0,
    "policy_confidence": 1.0,
    "top_policy_moves": [
      {
        "coord": "(3,1)",
        "percentage": 100.0,
        "count": 527
      }
    ],
    "total_policy_counts": 527
  },
  "part_comparison": {
    "uniqueness_score": 0.0021965482737869024,
    "similar_positions": [
      1944,
      1943,
      260,
      259,
      2940
    ],
    "part_rank": 6,
    "max_other_part_activation": 457.1815490722656,
    "activation_percentile": 99.90913221263062
  }
}