{
  "position_info": {
    "part": 10,
    "rank": 12,
    "global_position": 5852,
    "move_coordinate": "F5",
    "turn_number": 1,
    "npz_file": "E3CD9898B9AFF870.npz",
    "board_tensor_file": "pos_5852/board.npy",
    "sgf_file": "pos_5852/game.sgf"
  },
  "nmf_analysis": {
    "activation_strength": 0.8891175985336304,
    "rank_in_part": 12,
    "activation_in_other_parts": [
      3104.890625,
      509.44940185546875,
      195.94223022460938,
      0.0,
      0.0,
      0.0,
      0.0,
      0.0,
      0.0,
      0.0,
      0.8891175985336304,
      0.0,
      0.0,
      0.019258826971054077,
      0.0,
      0.0,
      0.5629518032073975,
      0.1777159869670868,
      0.0,
      0.0,
      0.0,
      0.0,
      0.27322444319725037,
      0.0,
      0.0
    ],
    "channel_activity": [
      49,
      5,
      7,
      0,
      2,
      6,
      0,
      0,
      0,
      1,
      1,
      1,
      1,
      1,
      1,
      1,
      2,
      1,
      0,
      0,
      0,
      0
    ],
    "top_active_channels": [
      [
        0,
        49
      ],
      [
        2,
        7
      ],
      [
        5,
        6
      ],
      [
        1,
        5
      ],
      [
        4,
        2
      ]
    ],
    "total_board_activity": 79
  },
  "go_pattern_analysis": {
    "move_type": "corner",
    "game_phase": "opening",
    "turn_number": 1,
    "policy_entropy": -0.0,
    "policy_confidence": 1.0,
    "top_policy_moves": [
      {
        "coord": "(4,5)",
        "percentage": 100.0,
        "count": 97
      }
    ],
    "total_policy_counts": 97
  },
  "part_comparison": {
    "uniqueness_score": 0.00028627837309613824,
    "similar_positions": [
      4604,
      5867,
      2170,
      4183,
      4084
    ],
    "part_rank": 12,
    "max_other_part_activation": 3104.890625,
    "activation_percentile": 99.81826442526125
  }
}