{
  "position_info": {
    "part": 10,
    "rank": 14,
    "global_position": 2830,
    "move_coordinate": "F5",
    "turn_number": 47,
    "npz_file": "76F9EC3EB6A76AA0.npz",
    "board_tensor_file": "pos_2830/board.npy",
    "sgf_file": "pos_2830/game.sgf"
  },
  "nmf_analysis": {
    "activation_strength": 0.8809418082237244,
    "rank_in_part": 14,
    "activation_in_other_parts": [
      3032.146728515625,
      551.1057739257812,
      178.01148986816406,
      0.0,
      0.0,
      0.0,
      0.0,
      0.01771426945924759,
      0.0,
      0.0,
      0.8809418082237244,
      0.0,
      0.0,
      0.0,
      0.0,
      0.0,
      0.5180661082267761,
      0.1585124135017395,
      0.0,
      0.0,
      0.0,
      0.0,
      0.44927680492401123,
      0.0,
      0.0
    ],
    "channel_activity": [
      49,
      4,
      6,
      0,
      1,
      2,
      0,
      0,
      0,
      1,
      1,
      1,
      1,
      1,
      0,
      0,
      1,
      0,
      0,
      0,
      0,
      0
    ],
    "top_active_channels": [
      [
        0,
        49
      ],
      [
        2,
        6
      ],
      [
        1,
        4
      ],
      [
        5,
        2
      ],
      [
        4,
        1
      ]
    ],
    "total_board_activity": 68
  },
  "go_pattern_analysis": {
    "move_type": "corner",
    "game_phase": "middle_game",
    "turn_number": 47,
    "policy_entropy": 0.0378789466714906,
    "policy_confidence": 0.9959677419354839,
    "top_policy_moves": [
      {
        "coord": "(4,5)",
        "percentage": 99.6,
        "count": 247
      },
      {
        "coord": "(2,5)",
        "percentage": 0.4,
        "count": 1
      }
    ],
    "total_policy_counts": 248
  },
  "part_comparison": {
    "uniqueness_score": 0.00029044965049251914,
    "similar_positions": [
      4604,
      5867,
      2170,
      4183,
      4084
    ],
    "part_rank": 14,
    "max_other_part_activation": 3032.146728515625,
    "activation_percentile": 99.78797516280478
  }
}