{
  "position_info": {
    "part": 3,
    "rank": 18,
    "global_position": 1897,
    "move_coordinate": "F4",
    "turn_number": 14,
    "npz_file": "1D638D50844BD930.npz",
    "board_tensor_file": "pos_1897/board.npy",
    "sgf_file": "pos_1897/game.sgf"
  },
  "nmf_analysis": {
    "activation_strength": 0.038256242871284485,
    "rank_in_component": 18,
    "activation_in_other_components": [
      0.2512810230255127,
      0.0,
      0.0,
      0.038256242871284485,
      0.03464720398187637,
      0.039896782487630844,
      0.02068619430065155,
      0.015760798007249832,
      0.014035104773938656,
      0.1276806741952896,
      0.00022780032304581255,
      0.04628730192780495,
      0.03218147158622742,
      0.0038131338078528643,
      0.014582893811166286,
      0.07041468471288681,
      0.017234623432159424,
      0.0,
      0.029043396934866905,
      0.03758922964334488,
      0.018404806032776833,
      0.06715505570173264,
      0.014786940068006516,
      0.015514479950070381,
      0.07754738628864288,
      0.008772720582783222,
      0.003980027977377176,
      0.002424864564090967,
      0.14800076186656952,
      0.0,
      0.3477552831172943,
      0.18121437728405,
      0.05672037601470947,
      0.030646251514554024,
      0.03180687129497528,
      0.022111449390649796,
      0.052065908908843994,
      0.06244131550192833,
      0.16657564043998718,
      0.03580459952354431,
      0.26110440492630005,
      0.09309378266334534,
      0.18495242297649384,
      0.12289569526910782,
      0.0,
      0.07275449484586716,
      0.08544843643903732,
      0.0025159064680337906,
      0.4852498769760132,
      0.2053462266921997
    ],
    "channel_activity": [
      49,
      4,
      5,
      0,
      0,
      3,
      0,
      0,
      0,
      1,
      1,
      1,
      1,
      1,
      0,
      0,
      0,
      0,
      0,
      0,
      0,
      0
    ],
    "top_active_channels": [
      [
        0,
        49
      ],
      [
        2,
        5
      ],
      [
        1,
        4
      ],
      [
        5,
        3
      ],
      [
        9,
        1
      ]
    ],
    "total_board_activity": 66
  },
  "go_pattern_analysis": {
    "move_type": "side",
    "game_phase": "opening",
    "turn_number": 14,
    "policy_entropy": -0.0,
    "policy_confidence": 1.0,
    "top_policy_moves": [
      {
        "coord": "(3,5)",
        "percentage": 100.0,
        "count": 518
      }
    ],
    "total_policy_counts": 518
  },
  "component_comparison": {
    "uniqueness_score": 0.07307697832584381,
    "similar_positions": [
      426,
      4798,
      1704,
      5385,
      5609
    ],
    "component_rank": 18,
    "max_other_component_activation": 0.4852498769760132,
    "activation_percentile": 99.72739663789186
  }
}