{
  "position_info": {
    "part": 13,
    "rank": 20,
    "global_position": 2470,
    "move_coordinate": "F2",
    "turn_number": 11,
    "npz_file": "76F9EC3EB6A76AA0.npz",
    "board_tensor_file": "pos_2470/board.npy",
    "sgf_file": "pos_2470/game.sgf"
  },
  "nmf_analysis": {
    "activation_strength": 0.5138117074966431,
    "rank_in_part": 20,
    "activation_in_other_parts": [
      0.0,
      403.80120849609375,
      0.0,
      43.19825744628906,
      0.0,
      95.11940002441406,
      0.28439265489578247,
      8.24901008605957,
      0.0,
      0.0,
      0.0,
      0.15177233517169952,
      0.0,
      0.5138117074966431,
      54.394920349121094,
      0.0,
      0.0,
      0.0,
      0.13381613790988922,
      0.0,
      0.07611070573329926,
      0.0,
      0.012278802692890167,
      0.0,
      0.0
    ],
    "channel_activity": [
      49,
      3,
      3,
      0,
      0,
      0,
      0,
      0,
      0,
      1,
      1,
      1,
      1,
      1,
      0,
      0,
      0,
      0,
      3,
      3,
      0,
      0
    ],
    "top_active_channels": [
      [
        0,
        49
      ],
      [
        1,
        3
      ],
      [
        2,
        3
      ],
      [
        18,
        3
      ],
      [
        19,
        3
      ]
    ],
    "total_board_activity": 66
  },
  "go_pattern_analysis": {
    "move_type": "corner",
    "game_phase": "opening",
    "turn_number": 11,
    "policy_entropy": 0.8934088951111353,
    "policy_confidence": 0.689795918367347,
    "top_policy_moves": [
      {
        "coord": "(1,5)",
        "percentage": 69.0,
        "count": 169
      },
      {
        "coord": "(3,1)",
        "percentage": 31.0,
        "count": 76
      }
    ],
    "total_policy_counts": 245
  },
  "part_comparison": {
    "uniqueness_score": 0.001270820153877139,
    "similar_positions": [
      5524,
      3359,
      3435,
      3436,
      1569
    ],
    "part_rank": 20,
    "max_other_part_activation": 403.80120849609375,
    "activation_percentile": 99.69710737543541
  }
}