{
  "position_info": {
    "part": 39,
    "rank": 20,
    "global_position": 5224,
    "move_coordinate": "PASS",
    "turn_number": 1,
    "npz_file": "BADFFB51627F24FD.npz",
    "board_tensor_file": "pos_5224/board.npy",
    "sgf_file": "pos_5224/game.sgf"
  },
  "nmf_analysis": {
    "activation_strength": 0.31609001755714417,
    "rank_in_component": 20,
    "activation_in_other_components": [
      0.07711005955934525,
      0.10708197206258774,
      0.0,
      0.004664900247007608,
      0.0033456531818956137,
      0.03456255793571472,
      0.0,
      0.04934116452932358,
      0.025146368891000748,
      0.10865683853626251,
      0.02500802092254162,
      0.015811782330274582,
      0.030286408960819244,
      0.03681930899620056,
      0.01581176370382309,
      0.0,
      0.006559858098626137,
      0.001051623374223709,
      0.010014481842517853,
      0.04762071371078491,
      0.017977701500058174,
      0.030897652730345726,
      0.017091229557991028,
      0.00015956950664985925,
      0.027878576889634132,
      0.003276234492659569,
      0.006990623660385609,
      0.0,
      0.16129791736602783,
      0.12865211069583893,
      0.1356169432401657,
      0.06399615854024887,
      0.1088661178946495,
      0.26782169938087463,
      0.0548759363591671,
      0.13461889326572418,
      0.3073837161064148,
      0.009675582870841026,
      0.042819712311029434,
      0.31609001755714417,
      0.028056064620614052,
      0.2102600485086441,
      0.0,
      0.0966118574142456,
      0.08908451348543167,
      0.05857984349131584,
      0.05080705136060715,
      0.24068503081798553,
      0.10946287959814072,
      0.3724760413169861
    ],
    "channel_activity": [
      49,
      13,
      13,
      0,
      2,
      18,
      0,
      0,
      0,
      1,
      1,
      1,
      1,
      1,
      2,
      2,
      6,
      2,
      0,
      0,
      0,
      0
    ],
    "top_active_channels": [
      [
        0,
        49
      ],
      [
        5,
        18
      ],
      [
        1,
        13
      ],
      [
        2,
        13
      ],
      [
        16,
        6
      ]
    ],
    "total_board_activity": 112
  },
  "go_pattern_analysis": {
    "move_type": "pass",
    "game_phase": "opening",
    "turn_number": 1,
    "policy_entropy": 1.403947822302886,
    "policy_confidence": 0.7377049180327869,
    "top_policy_moves": [
      {
        "coord": "PASS",
        "percentage": 73.8,
        "count": 135
      },
      {
        "coord": "(5,4)",
        "percentage": 9.8,
        "count": 18
      },
      {
        "coord": "(5,5)",
        "percentage": 7.1,
        "count": 13
      },
      {
        "coord": "(5,6)",
        "percentage": 3.8,
        "count": 7
      },
      {
        "coord": "(4,6)",
        "percentage": 3.3,
        "count": 6
      }
    ],
    "total_policy_counts": 183
  },
  "component_comparison": {
    "uniqueness_score": 0.45905545353889465,
    "similar_positions": [
      6554,
      1145,
      1443,
      1254,
      6456
    ],
    "component_rank": 20,
    "max_other_component_activation": 0.3724760413169861,
    "activation_percentile": 99.69710737543541
  }
}