{
  "position_info": {
    "part": 45,
    "rank": 2,
    "global_position": 1316,
    "move_coordinate": "E4",
    "turn_number": 5,
    "npz_file": "1D638D50844BD930.npz",
    "board_tensor_file": "pos_1316/board.npy",
    "sgf_file": "pos_1316/game.sgf"
  },
  "nmf_analysis": {
    "activation_strength": 0.4108605980873108,
    "rank_in_part": 2,
    "activation_in_other_parts": [
      0.0,
      0.032372985035181046,
      0.0,
      0.0,
      0.0,
      0.0,
      0.154730424284935,
      0.03752811998128891,
      0.0,
      0.13806429505348206,
      0.0,
      0.07278284430503845,
      0.040265582501888275,
      0.0,
      0.0,
      0.13071422278881073,
      0.0,
      0.0,
      0.0,
      0.020175306126475334,
      0.0,
      0.05903993919491768,
      0.0,
      0.0032136791851371527,
      0.07596511393785477,
      0.0,
      0.0,
      0.0017976885428652167,
      0.01222962886095047,
      0.0,
      0.0,
      0.2509230971336365,
      0.2833547592163086,
      0.0,
      0.0,
      0.21164128184318542,
      0.0,
      0.0,
      0.708651602268219,
      0.0,
      0.0,
      0.0,
      0.12427347898483276,
      0.06200956925749779,
      0.0,
      0.4108605980873108,
      0.0,
      0.0,
      0.0,
      0.439934641122818
    ],
    "channel_activity": [
      49,
      0,
      0,
      0,
      0,
      0,
      0,
      0,
      0,
      0,
      0,
      0,
      0,
      0,
      0,
      0,
      0,
      0,
      0,
      0,
      0,
      0
    ],
    "top_active_channels": [
      [
        0,
        49
      ],
      [
        1,
        0
      ],
      [
        2,
        0
      ],
      [
        3,
        0
      ],
      [
        4,
        0
      ]
    ],
    "total_board_activity": 49
  },
  "go_pattern_analysis": {
    "move_type": "side",
    "game_phase": "opening",
    "turn_number": 5,
    "policy_entropy": 1.936416349634861,
    "policy_confidence": 0.3825701624815362,
    "top_policy_moves": [
      {
        "coord": "(3,4)",
        "percentage": 38.3,
        "count": 259
      },
      {
        "coord": "(3,2)",
        "percentage": 22.3,
        "count": 151
      },
      {
        "coord": "(4,3)",
        "percentage": 20.5,
        "count": 139
      },
      {
        "coord": "(2,3)",
        "percentage": 18.9,
        "count": 128
      }
    ],
    "total_policy_counts": 677
  },
  "part_comparison": {
    "uniqueness_score": 0.36699965596199036,
    "similar_positions": [
      4832,
      3083,
      1491,
      5614,
      5613
    ],
    "part_rank": 2,
    "max_other_part_activation": 0.708651602268219,
    "activation_percentile": 99.96971073754354
  }
}