{
  "position_info": {
    "part": 16,
    "rank": 15,
    "global_position": 4318,
    "move_coordinate": "A5",
    "turn_number": 1,
    "npz_file": "B330F9C802154800.npz",
    "board_tensor_file": "pos_4318/board.npy",
    "sgf_file": "pos_4318/game.sgf"
  },
  "nmf_analysis": {
    "activation_strength": 0.4925832450389862,
    "rank_in_part": 15,
    "activation_in_other_parts": [
      1347.9453125,
      309.9858703613281,
      22.449316024780273,
      90.44831085205078,
      12.027884483337402,
      23.34105110168457,
      0.0,
      10.51054859161377,
      0.003937188535928726,
      0.0,
      0.0,
      0.0,
      0.0,
      0.0,
      18.559978485107422,
      0.14160390198230743,
      0.4925832450389862,
      0.008295916020870209,
      0.0,
      0.0,
      0.0,
      0.0,
      0.0,
      0.06450256705284119,
      0.0
    ],
    "channel_activity": [
      49,
      6,
      7,
      0,
      1,
      3,
      0,
      0,
      0,
      1,
      1,
      1,
      1,
      1,
      0,
      0,
      1,
      0,
      0,
      0,
      0,
      0
    ],
    "top_active_channels": [
      [
        0,
        49
      ],
      [
        2,
        7
      ],
      [
        1,
        6
      ],
      [
        5,
        3
      ],
      [
        4,
        1
      ]
    ],
    "total_board_activity": 72
  },
  "go_pattern_analysis": {
    "move_type": "corner",
    "game_phase": "opening",
    "turn_number": 1,
    "policy_entropy": 0.17871835590513266,
    "policy_confidence": 0.9730769230769231,
    "top_policy_moves": [
      {
        "coord": "(4,0)",
        "percentage": 97.3,
        "count": 506
      },
      {
        "coord": "(2,6)",
        "percentage": 2.7,
        "count": 14
      }
    ],
    "total_policy_counts": 520
  },
  "part_comparison": {
    "uniqueness_score": 0.00036529917269945145,
    "similar_positions": [
      2322,
      4331,
      6010,
      5518,
      4882
    ],
    "part_rank": 15,
    "max_other_part_activation": 1347.9453125,
    "activation_percentile": 99.77283053157655
  }
}