{
  "position_info": {
    "part": 6,
    "rank": 9,
    "global_position": 4238,
    "move_coordinate": "PASS",
    "turn_number": 1,
    "npz_file": "B330F9C802154800.npz",
    "board_tensor_file": "pos_4238/board.npy",
    "sgf_file": "pos_4238/game.sgf"
  },
  "nmf_analysis": {
    "activation_strength": 0.8912270069122314,
    "rank_in_part": 9,
    "activation_in_other_parts": [
      381.6861877441406,
      28.40679931640625,
      461.38092041015625,
      115.48841857910156,
      134.75022888183594,
      0.11220702528953552,
      0.8912270069122314,
      0.0,
      0.0,
      0.0,
      0.0,
      0.0,
      0.0,
      0.0,
      0.0,
      0.0,
      0.0,
      0.31917083263397217,
      0.39373090863227844,
      0.0,
      0.0,
      0.0,
      0.24007290601730347,
      0.0423886813223362,
      0.45206600427627563
    ],
    "channel_activity": [
      49,
      8,
      8,
      0,
      0,
      0,
      0,
      0,
      0,
      1,
      1,
      1,
      1,
      1,
      0,
      0,
      1,
      0,
      8,
      8,
      0,
      0
    ],
    "top_active_channels": [
      [
        0,
        49
      ],
      [
        1,
        8
      ],
      [
        2,
        8
      ],
      [
        18,
        8
      ],
      [
        19,
        8
      ]
    ],
    "total_board_activity": 87
  },
  "go_pattern_analysis": {
    "move_type": "pass",
    "game_phase": "opening",
    "turn_number": 1,
    "policy_entropy": -0.0,
    "policy_confidence": 1.0,
    "top_policy_moves": [
      {
        "coord": "PASS",
        "percentage": 100.0,
        "count": 543
      }
    ],
    "total_policy_counts": 543
  },
  "part_comparison": {
    "uniqueness_score": 0.0019279271364212036,
    "similar_positions": [
      4237,
      5832,
      6357,
      6356,
      252
    ],
    "part_rank": 9,
    "max_other_part_activation": 461.38092041015625,
    "activation_percentile": 99.86369831894594
  }
}