{
  "position_info": {
    "part": 6,
    "rank": 5,
    "global_position": 4238,
    "move_coordinate": "PASS",
    "turn_number": 1,
    "npz_file": "B330F9C802154800.npz",
    "board_tensor_file": "pos_4238/board.npy",
    "sgf_file": "pos_4238/game.sgf"
  },
  "nmf_analysis": {
    "activation_strength": 0.8603140711784363,
    "rank_in_part": 5,
    "activation_in_other_parts": [
      368.4479064941406,
      286.34381103515625,
      474.7472229003906,
      132.29652404785156,
      0.0,
      0.0,
      0.8603140711784363,
      0.45746952295303345,
      0.0,
      0.0,
      0.08498088270425797,
      0.06587034463882446,
      0.0,
      0.0,
      0.766315758228302,
      0.0,
      0.0,
      0.13518209755420685,
      0.0,
      0.0,
      0.0,
      0.0,
      0.0,
      0.36732566356658936,
      0.0
    ],
    "channel_activity": [
      49,
      8,
      8,
      0,
      0,
      0,
      0,
      0,
      0,
      1,
      1,
      1,
      1,
      1,
      0,
      0,
      1,
      0,
      8,
      8,
      0,
      0
    ],
    "top_active_channels": [
      [
        0,
        49
      ],
      [
        1,
        8
      ],
      [
        2,
        8
      ],
      [
        18,
        8
      ],
      [
        19,
        8
      ]
    ],
    "total_board_activity": 87
  },
  "go_pattern_analysis": {
    "move_type": "pass",
    "game_phase": "opening",
    "turn_number": 1,
    "policy_entropy": -0.0,
    "policy_confidence": 1.0,
    "top_policy_moves": [
      {
        "coord": "PASS",
        "percentage": 100.0,
        "count": 543
      }
    ],
    "total_policy_counts": 543
  },
  "part_comparison": {
    "uniqueness_score": 0.0018088738434016705,
    "similar_positions": [
      4150,
      3862,
      5833,
      5834,
      254
    ],
    "part_rank": 5,
    "max_other_part_activation": 474.7472229003906,
    "activation_percentile": 99.92427684385885
  }
}