{
  "position_info": {
    "part": 11,
    "rank": 20,
    "global_position": 5613,
    "move_coordinate": "D5",
    "turn_number": 4,
    "npz_file": "E3CD9898B9AFF870.npz",
    "board_tensor_file": "pos_5613/board.npy",
    "sgf_file": "pos_5613/game.sgf"
  },
  "nmf_analysis": {
    "activation_strength": 0.4096532464027405,
    "rank_in_part": 20,
    "activation_in_other_parts": [
      0.012421063147485256,
      0.0,
      0.10614889860153198,
      0.07293450832366943,
      0.6530832648277283,
      0.5781109929084778,
      0.06335563957691193,
      0.0,
      0.023510044440627098,
      0.26429179310798645,
      0.0,
      0.4096532464027405,
      0.30073750019073486,
      0.011233565397560596,
      0.049098413437604904,
      0.03769483417272568,
      0.05907440558075905,
      0.0,
      0.14791631698608398,
      0.0,
      0.06752368062734604,
      0.0,
      0.012751960195600986,
      0.03227007016539574,
      0.2498694360256195
    ],
    "channel_activity": [
      49,
      0,
      0,
      0,
      0,
      0,
      0,
      0,
      0,
      0,
      0,
      0,
      0,
      0,
      0,
      0,
      0,
      0,
      0,
      0,
      0,
      0
    ],
    "top_active_channels": [
      [
        0,
        49
      ],
      [
        1,
        0
      ],
      [
        2,
        0
      ],
      [
        3,
        0
      ],
      [
        4,
        0
      ]
    ],
    "total_board_activity": 49
  },
  "go_pattern_analysis": {
    "move_type": "side",
    "game_phase": "opening",
    "turn_number": 4,
    "policy_entropy": 1.9602479724979034,
    "policy_confidence": 0.35260115606936415,
    "top_policy_moves": [
      {
        "coord": "(4,3)",
        "percentage": 35.3,
        "count": 183
      },
      {
        "coord": "(2,3)",
        "percentage": 23.7,
        "count": 123
      },
      {
        "coord": "(3,4)",
        "percentage": 20.6,
        "count": 107
      },
      {
        "coord": "(3,2)",
        "percentage": 20.4,
        "count": 106
      }
    ],
    "total_policy_counts": 519
  },
  "part_comparison": {
    "uniqueness_score": 0.3854701817035675,
    "similar_positions": [
      4832,
      4266,
      5032,
      5421,
      5031
    ],
    "part_rank": 19,
    "max_other_part_activation": 0.6530832648277283,
    "activation_percentile": 99.71225200666363
  }
}