{
  "position_info": {
    "part": 2,
    "rank": 14,
    "global_position": 623,
    "move_coordinate": "PASS",
    "turn_number": 1,
    "npz_file": "1906C337F5CDAFA9.npz",
    "board_tensor_file": "pos_623/board.npy",
    "sgf_file": "pos_623/game.sgf"
  },
  "nmf_analysis": {
    "activation_strength": 509.8856506347656,
    "rank_in_part": 14,
    "activation_in_other_parts": [
      688.4152221679688,
      125.3822250366211,
      509.8856506347656,
      141.31446838378906,
      0.0,
      0.7158997058868408,
      0.41862693428993225,
      0.3091023862361908,
      0.0,
      0.0,
      0.2960749864578247,
      0.0,
      0.0,
      0.0,
      0.0,
      0.0,
      0.0,
      0.0,
      0.0,
      0.0,
      0.0,
      0.0,
      0.0,
      0.5399917364120483,
      0.6093689203262329
    ],
    "channel_activity": [
      49,
      15,
      18,
      1,
      0,
      0,
      0,
      0,
      0,
      1,
      0,
      1,
      1,
      1,
      1,
      1,
      1,
      0,
      25,
      24,
      13,
      14
    ],
    "top_active_channels": [
      [
        0,
        49
      ],
      [
        18,
        25
      ],
      [
        19,
        24
      ],
      [
        2,
        18
      ],
      [
        1,
        15
      ]
    ],
    "total_board_activity": 166
  },
  "go_pattern_analysis": {
    "move_type": "pass",
    "game_phase": "opening",
    "turn_number": 1,
    "policy_entropy": 1.0093728530823398,
    "policy_confidence": 0.743421052631579,
    "top_policy_moves": [
      {
        "coord": "PASS",
        "percentage": 74.3,
        "count": 113
      },
      {
        "coord": "(4,4)",
        "percentage": 20.4,
        "count": 31
      },
      {
        "coord": "(0,1)",
        "percentage": 5.3,
        "count": 8
      }
    ],
    "total_policy_counts": 152
  },
  "part_comparison": {
    "uniqueness_score": 0.42550718784332275,
    "similar_positions": [
      2567,
      4547,
      5101,
      571,
      1405
    ],
    "part_rank": 14,
    "max_other_part_activation": 688.4152221679688,
    "activation_percentile": 99.78797516280478
  }
}