{
  "position_info": {
    "part": 45,
    "rank": 3,
    "global_position": 3083,
    "move_coordinate": "D5",
    "turn_number": 6,
    "npz_file": "76F9EC3EB6A76AA0.npz",
    "board_tensor_file": "pos_3083/board.npy",
    "sgf_file": "pos_3083/game.sgf"
  },
  "nmf_analysis": {
    "activation_strength": 0.41028350591659546,
    "rank_in_component": 3,
    "activation_in_other_components": [
      0.0,
      0.037654947489500046,
      0.0,
      0.0,
      0.0,
      0.0,
      0.15432357788085938,
      0.04065682366490364,
      0.0,
      0.15027080476284027,
      0.0,
      0.018710516393184662,
      0.044977642595767975,
      0.0006826168391853571,
      0.0,
      0.05431559681892395,
      0.0,
      0.0,
      0.0,
      0.024163207039237022,
      0.0,
      0.06841197609901428,
      0.0,
      0.0,
      0.0891498550772667,
      0.0,
      0.0,
      0.00015866715693846345,
      0.01157216913998127,
      0.0,
      0.0,
      0.27761387825012207,
      0.24283015727996826,
      0.0,
      0.0,
      0.20172125101089478,
      0.0,
      0.0,
      0.7296160459518433,
      0.0,
      0.0,
      0.0,
      0.11369830369949341,
      0.028015919029712677,
      0.0,
      0.41028350591659546,
      0.003467575879767537,
      0.0,
      0.0,
      0.4452969431877136
    ],
    "channel_activity": [
      49,
      0,
      0,
      0,
      0,
      0,
      0,
      0,
      0,
      0,
      0,
      0,
      0,
      0,
      0,
      0,
      0,
      0,
      0,
      0,
      0,
      0
    ],
    "top_active_channels": [
      [
        0,
        49
      ],
      [
        1,
        0
      ],
      [
        2,
        0
      ],
      [
        3,
        0
      ],
      [
        4,
        0
      ]
    ],
    "total_board_activity": 49
  },
  "go_pattern_analysis": {
    "move_type": "side",
    "game_phase": "opening",
    "turn_number": 6,
    "policy_entropy": 1.9450051559982136,
    "policy_confidence": 0.3738819320214669,
    "top_policy_moves": [
      {
        "coord": "(4,3)",
        "percentage": 37.4,
        "count": 209
      },
      {
        "coord": "(3,2)",
        "percentage": 22.2,
        "count": 124
      },
      {
        "coord": "(2,3)",
        "percentage": 20.6,
        "count": 115
      },
      {
        "coord": "(3,4)",
        "percentage": 19.9,
        "count": 111
      }
    ],
    "total_policy_counts": 559
  },
  "component_comparison": {
    "uniqueness_score": 0.35992953181266785,
    "similar_positions": [
      4832,
      1316,
      1491,
      5614,
      5613
    ],
    "component_rank": 3,
    "max_other_component_activation": 0.7296160459518433,
    "activation_percentile": 99.95456610631531
  }
}