{
  "position_info": {
    "part": 23,
    "rank": 5,
    "global_position": 2473,
    "move_coordinate": "PASS",
    "turn_number": 1,
    "npz_file": "76F9EC3EB6A76AA0.npz",
    "board_tensor_file": "pos_2473/board.npy",
    "sgf_file": "pos_2473/game.sgf"
  },
  "nmf_analysis": {
    "activation_strength": 0.39711853861808777,
    "rank_in_part": 5,
    "activation_in_other_parts": [
      0.33911871910095215,
      0.14266623556613922,
      0.242076575756073,
      0.0,
      0.09938699007034302,
      0.18869733810424805,
      0.0,
      0.23932170867919922,
      0.055375564843416214,
      0.05658247694373131,
      0.18912385404109955,
      0.0,
      0.08617598563432693,
      0.14053888618946075,
      0.23488585650920868,
      0.23699317872524261,
      0.10836908966302872,
      0.07650451362133026,
      0.029417380690574646,
      0.09974873811006546,
      0.1983262598514557,
      0.03516216203570366,
      0.08950944989919662,
      0.39711853861808777,
      0.08827735483646393
    ],
    "channel_activity": [
      49,
      8,
      9,
      0,
      0,
      2,
      0,
      0,
      0,
      1,
      1,
      1,
      1,
      1,
      0,
      0,
      0,
      0,
      20,
      29,
      0,
      0
    ],
    "top_active_channels": [
      [
        0,
        49
      ],
      [
        19,
        29
      ],
      [
        18,
        20
      ],
      [
        2,
        9
      ],
      [
        1,
        8
      ]
    ],
    "total_board_activity": 122
  },
  "go_pattern_analysis": {
    "move_type": "pass",
    "game_phase": "opening",
    "turn_number": 1,
    "policy_entropy": 1.0566331838234273,
    "policy_confidence": 0.696969696969697,
    "top_policy_moves": [
      {
        "coord": "PASS",
        "percentage": 69.7,
        "count": 69
      },
      {
        "coord": "(4,0)",
        "percentage": 26.3,
        "count": 26
      },
      {
        "coord": "(5,0)",
        "percentage": 4.0,
        "count": 4
      }
    ],
    "total_policy_counts": 99
  },
  "part_comparison": {
    "uniqueness_score": 0.5393893122673035,
    "similar_positions": [
      2718,
      6240,
      5833,
      5834,
      4238
    ],
    "part_rank": 5,
    "max_other_part_activation": 0.33911871910095215,
    "activation_percentile": 99.92427684385885
  }
}