{
  "position_info": {
    "part": 12,
    "rank": 13,
    "global_position": 3599,
    "move_coordinate": "E5",
    "turn_number": 6,
    "npz_file": "AAE4EE8DC9A92FFF.npz",
    "board_tensor_file": "pos_3599/board.npy",
    "sgf_file": "pos_3599/game.sgf"
  },
  "nmf_analysis": {
    "activation_strength": 0.07435491681098938,
    "rank_in_part": 13,
    "activation_in_other_parts": [
      0.0,
      0.022999802604317665,
      0.0,
      0.0,
      0.0,
      0.0027925127651542425,
      0.16181521117687225,
      0.008300844579935074,
      0.04479268938302994,
      0.1163804829120636,
      0.07085540145635605,
      0.04234813153743744,
      0.07435491681098938,
      0.00024217866302933544,
      0.008975118398666382,
      0.05323870852589607,
      0.00013945430691819638,
      0.00018695554172154516,
      0.0,
      0.0016884878277778625,
      0.014601956121623516,
      0.07582040876150131,
      0.017482580617070198,
      0.016594141721725464,
      0.1275642067193985,
      0.0,
      0.009009817615151405,
      0.0,
      0.0,
      0.00772698363289237,
      0.061884526163339615,
      0.19326496124267578,
      0.13038772344589233,
      0.0,
      0.0,
      0.08863644301891327,
      0.0,
      0.0,
      0.6405372619628906,
      0.0,
      0.07752762734889984,
      0.0,
      0.0,
      0.03824383392930031,
      0.1327817738056183,
      0.19132104516029358,
      0.0,
      0.047810789197683334,
      0.18480128049850464,
      0.49663838744163513
    ],
    "channel_activity": [
      49,
      2,
      2,
      0,
      2,
      2,
      0,
      0,
      0,
      1,
      1,
      1,
      1,
      0,
      0,
      0,
      0,
      0,
      2,
      2,
      0,
      0
    ],
    "top_active_channels": [
      [
        0,
        49
      ],
      [
        1,
        2
      ],
      [
        2,
        2
      ],
      [
        4,
        2
      ],
      [
        5,
        2
      ]
    ],
    "total_board_activity": 65
  },
  "go_pattern_analysis": {
    "move_type": "corner",
    "game_phase": "opening",
    "turn_number": 6,
    "policy_entropy": 0.11132256569219147,
    "policy_confidence": 0.9886578449905482,
    "top_policy_moves": [
      {
        "coord": "(4,4)",
        "percentage": 98.9,
        "count": 523
      },
      {
        "coord": "(3,5)",
        "percentage": 0.4,
        "count": 2
      },
      {
        "coord": "(4,5)",
        "percentage": 0.4,
        "count": 2
      },
      {
        "coord": "(2,5)",
        "percentage": 0.2,
        "count": 1
      },
      {
        "coord": "(2,3)",
        "percentage": 0.2,
        "count": 1
      }
    ],
    "total_policy_counts": 529
  },
  "part_comparison": {
    "uniqueness_score": 0.10400857776403427,
    "similar_positions": [
      3178,
      1081,
      2963,
      480,
      4798
    ],
    "part_rank": 13,
    "max_other_part_activation": 0.6405372619628906,
    "activation_percentile": 99.80311979403301
  }
}