{
  "position_info": {
    "part": 12,
    "rank": 12,
    "global_position": 5235,
    "move_coordinate": "C3",
    "turn_number": 1,
    "npz_file": "BADFFB51627F24FD.npz",
    "board_tensor_file": "pos_5235/board.npy",
    "sgf_file": "pos_5235/game.sgf"
  },
  "nmf_analysis": {
    "activation_strength": 0.07436790317296982,
    "rank_in_part": 12,
    "activation_in_other_parts": [
      0.02319425530731678,
      0.006877357140183449,
      0.0,
      9.073351975530386e-06,
      0.0007658103131689131,
      0.0,
      0.16645385324954987,
      0.005174852907657623,
      0.04139553755521774,
      0.11602659523487091,
      0.07011120766401291,
      0.09604524075984955,
      0.07436790317296982,
      0.0,
      0.008941462263464928,
      0.1417418271303177,
      0.00943058542907238,
      0.00015121874457690865,
      0.008999813348054886,
      0.0005573810194619,
      0.013324941508471966,
      0.07395245879888535,
      0.01562224980443716,
      0.01182549074292183,
      0.12120307236909866,
      0.004162756726145744,
      0.008732132613658905,
      0.0,
      0.0,
      0.009851822629570961,
      0.058335281908512115,
      0.19368286430835724,
      0.14632892608642578,
      0.0,
      0.0,
      0.12922103703022003,
      0.0010896229650825262,
      0.0,
      0.6325821280479431,
      0.0,
      0.06912626326084137,
      0.0,
      0.0,
      0.0736042931675911,
      0.11243592202663422,
      0.19334304332733154,
      0.0,
      0.01988651417195797,
      0.1790228933095932,
      0.47430872917175293
    ],
    "channel_activity": [
      49,
      2,
      2,
      0,
      2,
      2,
      0,
      0,
      0,
      1,
      1,
      1,
      1,
      0,
      0,
      0,
      0,
      0,
      0,
      0,
      0,
      0
    ],
    "top_active_channels": [
      [
        0,
        49
      ],
      [
        1,
        2
      ],
      [
        2,
        2
      ],
      [
        4,
        2
      ],
      [
        5,
        2
      ]
    ],
    "total_board_activity": 61
  },
  "go_pattern_analysis": {
    "move_type": "corner",
    "game_phase": "opening",
    "turn_number": 1,
    "policy_entropy": -0.0,
    "policy_confidence": 1.0,
    "top_policy_moves": [
      {
        "coord": "(2,2)",
        "percentage": 100.0,
        "count": 532
      }
    ],
    "total_policy_counts": 532
  },
  "part_comparison": {
    "uniqueness_score": 0.10519541800022125,
    "similar_positions": [
      3178,
      1081,
      2963,
      480,
      4798
    ],
    "part_rank": 12,
    "max_other_part_activation": 0.6325821280479431,
    "activation_percentile": 99.81826442526125
  }
}