{
  "position_info": {
    "part": 9,
    "rank": 15,
    "global_position": 2525,
    "move_coordinate": "D3",
    "turn_number": 18,
    "npz_file": "76F9EC3EB6A76AA0.npz",
    "board_tensor_file": "pos_2525/board.npy",
    "sgf_file": "pos_2525/game.sgf"
  },
  "nmf_analysis": {
    "activation_strength": 0.22319422662258148,
    "rank_in_part": 15,
    "activation_in_other_parts": [
      0.29609012603759766,
      0.07394695281982422,
      0.0,
      0.03161657601594925,
      0.020586108788847923,
      0.04885045811533928,
      0.018850281834602356,
      0.0840921401977539,
      0.0,
      0.22319422662258148,
      0.0,
      0.0,
      0.05737592279911041,
      0.02782340720295906,
      0.0,
      0.0,
      0.005980238318443298,
      0.0,
      0.013899527490139008,
      0.0841205045580864,
      0.0,
      0.10448496043682098,
      0.0,
      0.0,
      0.1387651562690735,
      0.00420189555734396,
      0.0,
      0.004154970403760672,
      0.27503854036331177,
      0.0,
      0.031111186370253563,
      0.9213932752609253,
      0.12357252836227417,
      0.022741463035345078,
      0.008083133958280087,
      0.0,
      0.0,
      0.0,
      0.399800181388855,
      0.0,
      0.10391832888126373,
      0.017731182277202606,
      0.06288076937198639,
      0.0,
      0.0,
      0.02446248009800911,
      0.0,
      0.0,
      0.20215441286563873,
      0.0019804490730166435
    ],
    "channel_activity": [
      49,
      0,
      1,
      0,
      0,
      0,
      0,
      0,
      0,
      1,
      0,
      0,
      0,
      0,
      0,
      0,
      0,
      0,
      0,
      49,
      0,
      0
    ],
    "top_active_channels": [
      [
        0,
        49
      ],
      [
        19,
        49
      ],
      [
        2,
        1
      ],
      [
        9,
        1
      ],
      [
        1,
        0
      ]
    ],
    "total_board_activity": 100
  },
  "go_pattern_analysis": {
    "move_type": "side",
    "game_phase": "opening",
    "turn_number": 18,
    "policy_entropy": 1.9849777580941153,
    "policy_confidence": 0.312,
    "top_policy_moves": [
      {
        "coord": "(2,3)",
        "percentage": 31.2,
        "count": 39
      },
      {
        "coord": "(4,3)",
        "percentage": 24.0,
        "count": 30
      },
      {
        "coord": "(4,4)",
        "percentage": 23.2,
        "count": 29
      },
      {
        "coord": "(2,4)",
        "percentage": 21.6,
        "count": 27
      }
    ],
    "total_policy_counts": 125
  },
  "part_comparison": {
    "uniqueness_score": 0.19499970972537994,
    "similar_positions": [
      6366,
      1821,
      4410,
      786,
      779
    ],
    "part_rank": 14,
    "max_other_part_activation": 0.9213932752609253,
    "activation_percentile": 99.78797516280478
  }
}