{
  "position_info": {
    "part": 17,
    "rank": 14,
    "global_position": 1347,
    "move_coordinate": "A1",
    "turn_number": 1,
    "npz_file": "1D638D50844BD930.npz",
    "board_tensor_file": "pos_1347/board.npy",
    "sgf_file": "pos_1347/game.sgf"
  },
  "nmf_analysis": {
    "activation_strength": 0.46030890941619873,
    "rank_in_part": 14,
    "activation_in_other_parts": [
      0.15554668009281158,
      0.08557628840208054,
      0.024551188573241234,
      0.21730411052703857,
      0.020703038200736046,
      0.17670831084251404,
      0.1834840625524521,
      0.2856582999229431,
      0.032100893557071686,
      0.031144822016358376,
      0.13759346306324005,
      0.13193364441394806,
      0.09696029126644135,
      0.39930295944213867,
      0.14910666644573212,
      0.0374036505818367,
      0.03860053792595863,
      0.46030890941619873,
      0.08465493470430374,
      0.11735927313566208,
      0.22484636306762695,
      0.2161550223827362,
      0.02346581220626831,
      0.0897006019949913,
      0.1303335279226303
    ],
    "channel_activity": [
      49,
      14,
      15,
      2,
      11,
      11,
      0,
      0,
      0,
      1,
      1,
      1,
      1,
      1,
      3,
      2,
      2,
      2,
      0,
      0,
      0,
      0
    ],
    "top_active_channels": [
      [
        0,
        49
      ],
      [
        2,
        15
      ],
      [
        1,
        14
      ],
      [
        4,
        11
      ],
      [
        5,
        11
      ]
    ],
    "total_board_activity": 116
  },
  "go_pattern_analysis": {
    "move_type": "corner",
    "game_phase": "opening",
    "turn_number": 1,
    "policy_entropy": 0.04522463667671496,
    "policy_confidence": 0.9950248756218906,
    "top_policy_moves": [
      {
        "coord": "(0,0)",
        "percentage": 99.5,
        "count": 200
      },
      {
        "coord": "(4,2)",
        "percentage": 0.5,
        "count": 1
      }
    ],
    "total_policy_counts": 201
  },
  "part_comparison": {
    "uniqueness_score": 0.5354846119880676,
    "similar_positions": [
      2498,
      2499,
      1298,
      1956,
      2496
    ],
    "part_rank": 14,
    "max_other_part_activation": 0.39930295944213867,
    "activation_percentile": 99.78797516280478
  }
}