{
  "position_info": {
    "part": 3,
    "rank": 8,
    "global_position": 1837,
    "move_coordinate": "B2",
    "turn_number": 18,
    "npz_file": "1D638D50844BD930.npz",
    "board_tensor_file": "pos_1837/board.npy",
    "sgf_file": "pos_1837/game.sgf"
  },
  "nmf_analysis": {
    "activation_strength": 0.4359137713909149,
    "rank_in_part": 8,
    "activation_in_other_parts": [
      0.07998637855052948,
      0.045589156448841095,
      0.0243008341640234,
      0.4359137713909149,
      0.03600301593542099,
      0.2262437492609024,
      0.0682707279920578,
      0.2140379548072815,
      0.0725310817360878,
      0.12340035289525986,
      0.4419998824596405,
      0.0,
      0.06852959096431732,
      0.3997325301170349,
      0.2418706864118576,
      0.07557369023561478,
      0.021377254277467728,
      0.1887400597333908,
      0.0768548846244812,
      0.008037169463932514,
      0.1946486532688141,
      0.1588800996541977,
      0.0,
      0.1838083565235138,
      0.01653268001973629
    ],
    "channel_activity": [
      49,
      19,
      12,
      0,
      2,
      0,
      0,
      0,
      0,
      1,
      1,
      0,
      1,
      0,
      1,
      0,
      0,
      0,
      30,
      12,
      0,
      0
    ],
    "top_active_channels": [
      [
        0,
        49
      ],
      [
        18,
        30
      ],
      [
        1,
        19
      ],
      [
        2,
        12
      ],
      [
        19,
        12
      ]
    ],
    "total_board_activity": 128
  },
  "go_pattern_analysis": {
    "move_type": "corner",
    "game_phase": "opening",
    "turn_number": 18,
    "policy_entropy": 1.6007579579049886,
    "policy_confidence": 0.48760330578512395,
    "top_policy_moves": [
      {
        "coord": "(1,1)",
        "percentage": 48.8,
        "count": 59
      },
      {
        "coord": "(2,1)",
        "percentage": 31.4,
        "count": 38
      },
      {
        "coord": "(0,0)",
        "percentage": 17.4,
        "count": 21
      },
      {
        "coord": "(3,0)",
        "percentage": 2.5,
        "count": 3
      }
    ],
    "total_policy_counts": 121
  },
  "part_comparison": {
    "uniqueness_score": 0.49653375148773193,
    "similar_positions": [
      1384,
      776,
      1950,
      6214,
      64
    ],
    "part_rank": 8,
    "max_other_part_activation": 0.4419998824596405,
    "activation_percentile": 99.87884295017416
  }
}