{
  "position_info": {
    "part": 5,
    "rank": 17,
    "global_position": 1376,
    "move_coordinate": "E4",
    "turn_number": 1,
    "npz_file": "1D638D50844BD930.npz",
    "board_tensor_file": "pos_1376/board.npy",
    "sgf_file": "pos_1376/game.sgf"
  },
  "nmf_analysis": {
    "activation_strength": 255.9719696044922,
    "rank_in_part": 17,
    "activation_in_other_parts": [
      0.0,
      19.945484161376953,
      13.589094161987305,
      8.369298934936523,
      2.908965826034546,
      255.9719696044922,
      0.0,
      2.436054229736328,
      0.0,
      0.0,
      44.901123046875,
      0.0,
      0.0,
      0.0,
      0.0,
      0.007339276373386383,
      0.0,
      0.0,
      0.0,
      0.0,
      0.0058814361691474915,
      0.0,
      0.03848019987344742,
      0.006866748444736004,
      0.010379746556282043
    ],
    "channel_activity": [
      49,
      0,
      0,
      0,
      0,
      0,
      0,
      0,
      0,
      0,
      0,
      0,
      0,
      0,
      0,
      0,
      0,
      0,
      0,
      0,
      0,
      0
    ],
    "top_active_channels": [
      [
        0,
        49
      ],
      [
        1,
        0
      ],
      [
        2,
        0
      ],
      [
        3,
        0
      ],
      [
        4,
        0
      ]
    ],
    "total_board_activity": 49
  },
  "go_pattern_analysis": {
    "move_type": "side",
    "game_phase": "opening",
    "turn_number": 1,
    "policy_entropy": 1.912876245149364,
    "policy_confidence": 0.36363636363636365,
    "top_policy_moves": [
      {
        "coord": "(3,4)",
        "percentage": 36.4,
        "count": 232
      },
      {
        "coord": "(2,3)",
        "percentage": 30.4,
        "count": 194
      },
      {
        "coord": "(4,3)",
        "percentage": 17.4,
        "count": 111
      },
      {
        "coord": "(3,2)",
        "percentage": 15.8,
        "count": 101
      }
    ],
    "total_policy_counts": 638
  },
  "part_comparison": {
    "uniqueness_score": 0.8507638573646545,
    "similar_positions": [
      3921,
      5446,
      11,
      2529,
      2530
    ],
    "part_rank": 17,
    "max_other_part_activation": 44.901123046875,
    "activation_percentile": 99.7425412691201
  }
}