{
  "position_info": {
    "part": 13,
    "rank": 16,
    "global_position": 6390,
    "move_coordinate": "C2",
    "turn_number": 34,
    "npz_file": "E3CD9898B9AFF870.npz",
    "board_tensor_file": "pos_6390/board.npy",
    "sgf_file": "pos_6390/game.sgf"
  },
  "nmf_analysis": {
    "activation_strength": 0.5234695076942444,
    "rank_in_part": 16,
    "activation_in_other_parts": [
      2024.7437744140625,
      228.79092407226562,
      94.62677001953125,
      15.069496154785156,
      34.818824768066406,
      0.40743595361709595,
      0.0,
      0.0,
      0.5568009614944458,
      0.047372281551361084,
      66.60446166992188,
      0.0,
      0.0,
      0.5234695076942444,
      0.0,
      0.00455620139837265,
      0.0,
      0.0,
      0.0,
      0.048264771699905396,
      0.0,
      0.0,
      0.022354990243911743,
      0.0,
      0.0
    ],
    "channel_activity": [
      49,
      4,
      5,
      0,
      0,
      1,
      0,
      0,
      0,
      1,
      1,
      1,
      1,
      1,
      0,
      0,
      0,
      0,
      4,
      5,
      0,
      0
    ],
    "top_active_channels": [
      [
        0,
        49
      ],
      [
        2,
        5
      ],
      [
        19,
        5
      ],
      [
        1,
        4
      ],
      [
        18,
        4
      ]
    ],
    "total_board_activity": 73
  },
  "go_pattern_analysis": {
    "move_type": "corner",
    "game_phase": "middle_game",
    "turn_number": 34,
    "policy_entropy": 0.20197635323348628,
    "policy_confidence": 0.9735449735449735,
    "top_policy_moves": [
      {
        "coord": "(1,2)",
        "percentage": 97.4,
        "count": 184
      },
      {
        "coord": "(1,1)",
        "percentage": 1.6,
        "count": 3
      },
      {
        "coord": "(3,2)",
        "percentage": 1.1,
        "count": 2
      }
    ],
    "total_policy_counts": 189
  },
  "part_comparison": {
    "uniqueness_score": 0.00025846934295259416,
    "similar_positions": [
      5524,
      3359,
      3435,
      3436,
      1569
    ],
    "part_rank": 16,
    "max_other_part_activation": 2024.7437744140625,
    "activation_percentile": 99.75768590034832
  }
}