{
  "position_info": {
    "part": 16,
    "rank": 16,
    "global_position": 2627,
    "move_coordinate": "C6",
    "turn_number": 35,
    "npz_file": "76F9EC3EB6A76AA0.npz",
    "board_tensor_file": "pos_2627/board.npy",
    "sgf_file": "pos_2627/game.sgf"
  },
  "nmf_analysis": {
    "activation_strength": 0.841675877571106,
    "rank_in_part": 16,
    "activation_in_other_parts": [
      1517.1044921875,
      58.421024322509766,
      376.0881042480469,
      11.804099082946777,
      193.34121704101562,
      0.0,
      0.0,
      0.4640886187553406,
      0.5522869825363159,
      0.0,
      0.0,
      0.002140536904335022,
      0.0,
      0.25807011127471924,
      0.0,
      0.0,
      0.841675877571106,
      0.0,
      0.0,
      0.0,
      0.39057865738868713,
      0.0,
      0.019866928458213806,
      0.39737066626548767,
      0.0
    ],
    "channel_activity": [
      49,
      8,
      9,
      0,
      2,
      2,
      0,
      0,
      0,
      1,
      1,
      1,
      1,
      1,
      1,
      0,
      0,
      0,
      8,
      9,
      0,
      0
    ],
    "top_active_channels": [
      [
        0,
        49
      ],
      [
        2,
        9
      ],
      [
        19,
        9
      ],
      [
        1,
        8
      ],
      [
        18,
        8
      ]
    ],
    "total_board_activity": 93
  },
  "go_pattern_analysis": {
    "move_type": "corner",
    "game_phase": "middle_game",
    "turn_number": 35,
    "policy_entropy": 0.2811937964320427,
    "policy_confidence": 0.9512195121951219,
    "top_policy_moves": [
      {
        "coord": "(5,2)",
        "percentage": 95.1,
        "count": 273
      },
      {
        "coord": "(5,0)",
        "percentage": 4.9,
        "count": 14
      }
    ],
    "total_policy_counts": 287
  },
  "part_comparison": {
    "uniqueness_score": 0.0005544833256863058,
    "similar_positions": [
      2646,
      1871,
      2621,
      6585,
      2649
    ],
    "part_rank": 16,
    "max_other_part_activation": 1517.1044921875,
    "activation_percentile": 99.75768590034832
  }
}