{
  "position_info": {
    "part": 49,
    "rank": 5,
    "global_position": 3711,
    "move_coordinate": "PASS",
    "turn_number": 1,
    "npz_file": "AAE4EE8DC9A92FFF.npz",
    "board_tensor_file": "pos_3711/board.npy",
    "sgf_file": "pos_3711/game.sgf"
  },
  "nmf_analysis": {
    "activation_strength": 0.5779638290405273,
    "rank_in_component": 5,
    "activation_in_other_components": [
      0.11285962164402008,
      0.0041402303613722324,
      0.0,
      0.00919407606124878,
      0.0067176297307014465,
      0.006561404559761286,
      0.019142964854836464,
      0.0,
      0.05617460608482361,
      0.0,
      0.044885821640491486,
      0.07087533921003342,
      0.0,
      0.0045319958589971066,
      0.025889262557029724,
      0.1115599125623703,
      0.022927837446331978,
      0.0002736758906394243,
      0.030243052169680595,
      0.0004018944164272398,
      0.0352945402264595,
      0.0,
      0.02973731979727745,
      0.06766057759523392,
      0.0,
      0.011894399300217628,
      0.006174846086651087,
      0.02715672180056572,
      0.0001727376802591607,
      0.05243334546685219,
      0.045907553285360336,
      0.12127586454153061,
      0.0,
      0.4685934782028198,
      0.35438087582588196,
      0.08197133988142014,
      0.18577899038791656,
      0.05890680104494095,
      0.0047953175380826,
      0.09646183252334595,
      0.01848825067281723,
      0.12731680274009705,
      0.10673998296260834,
      0.03158621862530708,
      0.014013180509209633,
      0.0,
      0.08213271200656891,
      0.10573232173919678,
      0.0423249676823616,
      0.5779638290405273
    ],
    "channel_activity": [
      49,
      16,
      11,
      0,
      1,
      1,
      0,
      0,
      0,
      0,
      1,
      0,
      1,
      0,
      0,
      0,
      0,
      0,
      29,
      20,
      0,
      0
    ],
    "top_active_channels": [
      [
        0,
        49
      ],
      [
        18,
        29
      ],
      [
        19,
        20
      ],
      [
        1,
        16
      ],
      [
        2,
        11
      ]
    ],
    "total_board_activity": 129
  },
  "go_pattern_analysis": {
    "move_type": "pass",
    "game_phase": "opening",
    "turn_number": 1,
    "policy_entropy": 2.102263969967217,
    "policy_confidence": 0.69,
    "top_policy_moves": [
      {
        "coord": "PASS",
        "percentage": 69.0,
        "count": 138
      },
      {
        "coord": "(2,6)",
        "percentage": 3.5,
        "count": 7
      },
      {
        "coord": "(5,1)",
        "percentage": 3.5,
        "count": 7
      },
      {
        "coord": "(2,5)",
        "percentage": 3.0,
        "count": 6
      },
      {
        "coord": "(4,0)",
        "percentage": 2.0,
        "count": 4
      }
    ],
    "total_policy_counts": 200
  },
  "component_comparison": {
    "uniqueness_score": 0.552252471446991,
    "similar_positions": [
      1950,
      4857,
      2565,
      2566,
      3710
    ],
    "component_rank": 5,
    "max_other_component_activation": 0.4685934782028198,
    "activation_percentile": 99.92427684385885
  }
}