{
  "position_info": {
    "part": 24,
    "rank": 14,
    "global_position": 6516,
    "move_coordinate": "E3",
    "turn_number": 4,
    "npz_file": "E3CD9898B9AFF870.npz",
    "board_tensor_file": "pos_6516/board.npy",
    "sgf_file": "pos_6516/game.sgf"
  },
  "nmf_analysis": {
    "activation_strength": 0.16160394251346588,
    "rank_in_part": 14,
    "activation_in_other_parts": [
      0.18570928275585175,
      0.04204200208187103,
      0.0,
      0.02515488490462303,
      0.02825758047401905,
      0.03751889243721962,
      0.14707094430923462,
      0.02721286751329899,
      0.0,
      0.16009671986103058,
      0.006070774979889393,
      0.030648821964859962,
      0.06553829461336136,
      0.01569443568587303,
      0.0,
      0.02895383909344673,
      0.0017162268050014973,
      8.91230592969805e-05,
      0.008167538791894913,
      0.039476167410612106,
      0.0,
      0.09949891269207001,
      0.0,
      0.02607429027557373,
      0.16160394251346588,
      0.0019782166928052902,
      0.0,
      0.02896839939057827,
      0.30159372091293335,
      0.02363036572933197,
      0.19000278413295746,
      0.12259714305400848,
      0.04812198877334595,
      0.14164447784423828,
      0.07932327687740326,
      0.01370031014084816,
      0.07518515735864639,
      0.028130222111940384,
      0.014050295576453209,
      0.0,
      0.12174694985151291,
      0.15882526338100433,
      0.0,
      0.06398500502109528,
      0.18842723965644836,
      0.1283511519432068,
      0.17315614223480225,
      0.20079196989536285,
      0.397561252117157,
      0.25150203704833984
    ],
    "channel_activity": [
      49,
      7,
      8,
      1,
      2,
      1,
      0,
      0,
      0,
      1,
      1,
      1,
      1,
      1,
      0,
      0,
      0,
      0,
      7,
      26,
      0,
      0
    ],
    "top_active_channels": [
      [
        0,
        49
      ],
      [
        19,
        26
      ],
      [
        2,
        8
      ],
      [
        1,
        7
      ],
      [
        18,
        7
      ]
    ],
    "total_board_activity": 106
  },
  "go_pattern_analysis": {
    "move_type": "corner",
    "game_phase": "opening",
    "turn_number": 4,
    "policy_entropy": 1.5147152772808654,
    "policy_confidence": 0.480225988700565,
    "top_policy_moves": [
      {
        "coord": "(2,4)",
        "percentage": 48.0,
        "count": 85
      },
      {
        "coord": "(1,2)",
        "percentage": 39.5,
        "count": 70
      },
      {
        "coord": "(1,1)",
        "percentage": 10.2,
        "count": 18
      },
      {
        "coord": "(2,2)",
        "percentage": 1.7,
        "count": 3
      },
      {
        "coord": "(4,5)",
        "percentage": 0.6,
        "count": 1
      }
    ],
    "total_policy_counts": 177
  },
  "part_comparison": {
    "uniqueness_score": 0.28900930285453796,
    "similar_positions": [
      2294,
      5174,
      4798,
      899,
      480
    ],
    "part_rank": 14,
    "max_other_part_activation": 0.397561252117157,
    "activation_percentile": 99.78797516280478
  }
}