{
  "position_info": {
    "part": 40,
    "rank": 10,
    "global_position": 2617,
    "move_coordinate": "F6",
    "turn_number": 43,
    "npz_file": "76F9EC3EB6A76AA0.npz",
    "board_tensor_file": "pos_2617/board.npy",
    "sgf_file": "pos_2617/game.sgf"
  },
  "nmf_analysis": {
    "activation_strength": 0.4752827286720276,
    "rank_in_component": 10,
    "activation_in_other_components": [
      0.0,
      0.05464751273393631,
      0.0,
      0.005856183357536793,
      0.011713620275259018,
      0.0,
      0.0258626788854599,
      0.014188066124916077,
      0.003958755638450384,
      0.0,
      0.00920998677611351,
      0.0,
      0.0,
      0.00671475101262331,
      0.006394559983164072,
      0.008770911954343319,
      0.002568333875387907,
      0.0004403473576530814,
      0.009116534143686295,
      0.0,
      0.0079379016533494,
      0.0,
      0.005533326417207718,
      0.0,
      0.0,
      0.0017966171726584435,
      0.002873438410460949,
      0.027123991400003433,
      0.0,
      0.2282847762107849,
      0.047394514083862305,
      0.17800824344158173,
      0.0,
      0.0,
      0.014661155641078949,
      0.27129751443862915,
      0.007034520618617535,
      0.14165885746479034,
      0.47871530055999756,
      0.0,
      0.4752827286720276,
      0.0,
      0.11379806697368622,
      0.10397021472454071,
      0.0,
      0.0,
      0.05293786898255348,
      0.048555757850408554,
      0.21808645129203796,
      0.37030288577079773
    ],
    "channel_activity": [
      49,
      3,
      3,
      0,
      0,
      0,
      0,
      0,
      0,
      1,
      1,
      1,
      1,
      1,
      0,
      0,
      0,
      0,
      0,
      0,
      0,
      0
    ],
    "top_active_channels": [
      [
        0,
        49
      ],
      [
        1,
        3
      ],
      [
        2,
        3
      ],
      [
        9,
        1
      ],
      [
        10,
        1
      ]
    ],
    "total_board_activity": 60
  },
  "go_pattern_analysis": {
    "move_type": "corner",
    "game_phase": "middle_game",
    "turn_number": 43,
    "policy_entropy": 1.1153716458491507,
    "policy_confidence": 0.7159763313609467,
    "top_policy_moves": [
      {
        "coord": "(5,5)",
        "percentage": 71.6,
        "count": 121
      },
      {
        "coord": "(3,5)",
        "percentage": 19.5,
        "count": 33
      },
      {
        "coord": "(3,1)",
        "percentage": 8.9,
        "count": 15
      }
    ],
    "total_policy_counts": 169
  },
  "component_comparison": {
    "uniqueness_score": 0.4982009530067444,
    "similar_positions": [
      1757,
      4189,
      3451,
      747,
      6471
    ],
    "component_rank": 9,
    "max_other_component_activation": 0.47871530055999756,
    "activation_percentile": 99.86369831894594
  }
}