{
  "position_info": {
    "part": 23,
    "rank": 19,
    "global_position": 4241,
    "move_coordinate": "F6",
    "turn_number": 1,
    "npz_file": "B330F9C802154800.npz",
    "board_tensor_file": "pos_4241/board.npy",
    "sgf_file": "pos_4241/game.sgf"
  },
  "nmf_analysis": {
    "activation_strength": 0.3776240348815918,
    "rank_in_part": 19,
    "activation_in_other_parts": [
      0.16498219966888428,
      0.11612948775291443,
      0.1866675615310669,
      0.18380944430828094,
      0.10283104330301285,
      0.23036092519760132,
      0.03914088383316994,
      0.08413424342870712,
      0.05644289776682854,
      0.07504109293222427,
      0.41320183873176575,
      0.0,
      0.09894908964633942,
      0.37062594294548035,
      0.2607710361480713,
      0.0486813560128212,
      0.0,
      0.16446943581104279,
      0.07435969263315201,
      0.04683864489197731,
      0.13996919989585876,
      0.039621178060770035,
      0.09692417830228806,
      0.3776240348815918,
      0.01926262304186821
    ],
    "channel_activity": [
      49,
      10,
      11,
      1,
      1,
      0,
      0,
      0,
      0,
      1,
      0,
      1,
      0,
      1,
      1,
      1,
      1,
      0,
      30,
      11,
      0,
      0
    ],
    "top_active_channels": [
      [
        0,
        49
      ],
      [
        18,
        30
      ],
      [
        2,
        11
      ],
      [
        19,
        11
      ],
      [
        1,
        10
      ]
    ],
    "total_board_activity": 119
  },
  "go_pattern_analysis": {
    "move_type": "corner",
    "game_phase": "opening",
    "turn_number": 1,
    "policy_entropy": 0.9894885839592376,
    "policy_confidence": 0.5602836879432624,
    "top_policy_moves": [
      {
        "coord": "(5,5)",
        "percentage": 56.0,
        "count": 79
      },
      {
        "coord": "(3,6)",
        "percentage": 44.0,
        "count": 62
      }
    ],
    "total_policy_counts": 141
  },
  "part_comparison": {
    "uniqueness_score": 0.4775059223175049,
    "similar_positions": [
      2718,
      6240,
      5833,
      5834,
      2473
    ],
    "part_rank": 19,
    "max_other_part_activation": 0.41320183873176575,
    "activation_percentile": 99.71225200666363
  }
}