{
  "position_info": {
    "part": 1,
    "rank": 7,
    "global_position": 1435,
    "move_coordinate": "E6",
    "turn_number": 12,
    "npz_file": "1D638D50844BD930.npz",
    "board_tensor_file": "pos_1435/board.npy",
    "sgf_file": "pos_1435/game.sgf"
  },
  "nmf_analysis": {
    "activation_strength": 0.5156466364860535,
    "rank_in_part": 7,
    "activation_in_other_parts": [
      0.1260443776845932,
      0.5156466364860535,
      0.016648389399051666,
      0.016297195106744766,
      0.35079526901245117,
      0.0503091923892498,
      0.11428453028202057,
      0.0,
      0.15168170630931854,
      0.21043957769870758,
      0.02796540968120098,
      0.04142644256353378,
      0.015094231814146042,
      0.0,
      0.11094255745410919,
      0.20031730830669403,
      0.39706557989120483,
      0.0,
      0.0015660778153687716,
      0.08699005842208862,
      0.08789456635713577,
      0.009246524423360825,
      0.02278754860162735,
      0.16032198071479797,
      0.37981995940208435
    ],
    "channel_activity": [
      49,
      2,
      3,
      0,
      0,
      0,
      0,
      0,
      0,
      1,
      1,
      1,
      1,
      1,
      0,
      0,
      0,
      0,
      2,
      3,
      0,
      0
    ],
    "top_active_channels": [
      [
        0,
        49
      ],
      [
        2,
        3
      ],
      [
        19,
        3
      ],
      [
        1,
        2
      ],
      [
        18,
        2
      ]
    ],
    "total_board_activity": 64
  },
  "go_pattern_analysis": {
    "move_type": "corner",
    "game_phase": "opening",
    "turn_number": 12,
    "policy_entropy": 0.9676779701873265,
    "policy_confidence": 0.6054421768707483,
    "top_policy_moves": [
      {
        "coord": "(5,4)",
        "percentage": 60.5,
        "count": 178
      },
      {
        "coord": "(1,4)",
        "percentage": 39.5,
        "count": 116
      }
    ],
    "total_policy_counts": 294
  },
  "part_comparison": {
    "uniqueness_score": 0.5649608373641968,
    "similar_positions": [
      88,
      6367,
      1822,
      2979,
      1823
    ],
    "part_rank": 7,
    "max_other_part_activation": 0.39706557989120483,
    "activation_percentile": 99.89398758140238
  }
}