{
  "position_info": {
    "part": 1,
    "rank": 10,
    "global_position": 5432,
    "move_coordinate": "F5",
    "turn_number": 21,
    "npz_file": "BADFFB51627F24FD.npz",
    "board_tensor_file": "pos_5432/board.npy",
    "sgf_file": "pos_5432/game.sgf"
  },
  "nmf_analysis": {
    "activation_strength": 0.5037506222724915,
    "rank_in_part": 10,
    "activation_in_other_parts": [
      0.13943949341773987,
      0.5037506222724915,
      0.0,
      0.04654105752706528,
      0.2814542055130005,
      0.04471949115395546,
      0.1367134302854538,
      0.0,
      0.1890852302312851,
      0.10910126566886902,
      0.003172018565237522,
      0.0,
      0.06361833214759827,
      0.05621989071369171,
      0.10984400659799576,
      0.22837382555007935,
      0.3562963604927063,
      0.0,
      0.004131142981350422,
      0.06622456759214401,
      0.057959508150815964,
      0.036721713840961456,
      0.06661723554134369,
      0.15571781992912292,
      0.43015360832214355
    ],
    "channel_activity": [
      49,
      3,
      4,
      0,
      0,
      1,
      0,
      0,
      0,
      1,
      1,
      1,
      1,
      1,
      0,
      0,
      0,
      0,
      0,
      0,
      0,
      0
    ],
    "top_active_channels": [
      [
        0,
        49
      ],
      [
        2,
        4
      ],
      [
        1,
        3
      ],
      [
        5,
        1
      ],
      [
        9,
        1
      ]
    ],
    "total_board_activity": 62
  },
  "go_pattern_analysis": {
    "move_type": "corner",
    "game_phase": "opening",
    "turn_number": 21,
    "policy_entropy": -0.0,
    "policy_confidence": 1.0,
    "top_policy_moves": [
      {
        "coord": "(4,5)",
        "percentage": 100.0,
        "count": 99
      }
    ],
    "total_policy_counts": 99
  },
  "part_comparison": {
    "uniqueness_score": 0.5394028425216675,
    "similar_positions": [
      88,
      6367,
      1822,
      2979,
      1823
    ],
    "part_rank": 10,
    "max_other_part_activation": 0.43015360832214355,
    "activation_percentile": 99.8485536877177
  }
}