{
  "position_info": {
    "part": 42,
    "rank": 3,
    "global_position": 2662,
    "move_coordinate": "B5",
    "turn_number": 1,
    "npz_file": "76F9EC3EB6A76AA0.npz",
    "board_tensor_file": "pos_2662/board.npy",
    "sgf_file": "pos_2662/game.sgf"
  },
  "nmf_analysis": {
    "activation_strength": 0.3956082761287689,
    "rank_in_part": 3,
    "activation_in_other_parts": [
      0.006078914739191532,
      0.024242090061306953,
      0.0,
      0.010244001634418964,
      0.014333182014524937,
      0.0,
      0.13102807104587555,
      0.013337885029613972,
      0.019460810348391533,
      0.0057035041972994804,
      0.0,
      0.0,
      0.0,
      0.0,
      0.012527436017990112,
      0.024382775649428368,
      0.0014374725287780166,
      0.0,
      0.003334667067974806,
      0.0023512979969382286,
      0.014592708088457584,
      0.0,
      0.010469107888638973,
      0.0377369187772274,
      0.0,
      0.0007224523578770459,
      0.0005634198314510286,
      0.01177122537046671,
      0.16021393239498138,
      0.23966600000858307,
      0.30129334330558777,
      0.2116859406232834,
      0.26452770829200745,
      0.05538228154182434,
      0.050383489578962326,
      0.10288307815790176,
      0.0,
      0.10270456224679947,
      0.23691298067569733,
      0.0,
      0.04855877906084061,
      0.009961830452084541,
      0.3956082761287689,
      0.03392926603555679,
      0.0,
      0.0471726655960083,
      0.0,
      0.0,
      0.5309839248657227,
      0.0880136638879776
    ],
    "channel_activity": [
      49,
      3,
      4,
      0,
      0,
      1,
      0,
      0,
      0,
      1,
      1,
      1,
      1,
      1,
      0,
      0,
      0,
      0,
      3,
      4,
      0,
      0
    ],
    "top_active_channels": [
      [
        0,
        49
      ],
      [
        2,
        4
      ],
      [
        19,
        4
      ],
      [
        1,
        3
      ],
      [
        18,
        3
      ]
    ],
    "total_board_activity": 69
  },
  "go_pattern_analysis": {
    "move_type": "corner",
    "game_phase": "opening",
    "turn_number": 1,
    "policy_entropy": 1.626281697868313,
    "policy_confidence": 0.49444444444444446,
    "top_policy_moves": [
      {
        "coord": "(4,1)",
        "percentage": 49.4,
        "count": 178
      },
      {
        "coord": "(3,5)",
        "percentage": 29.7,
        "count": 107
      },
      {
        "coord": "(3,1)",
        "percentage": 17.5,
        "count": 63
      },
      {
        "coord": "(2,1)",
        "percentage": 3.3,
        "count": 12
      }
    ],
    "total_policy_counts": 360
  },
  "part_comparison": {
    "uniqueness_score": 0.42694970965385437,
    "similar_positions": [
      3644,
      722,
      4972,
      4306,
      157
    ],
    "part_rank": 3,
    "max_other_part_activation": 0.5309839248657227,
    "activation_percentile": 99.95456610631531
  }
}