{
  "position_info": {
    "part": 39,
    "rank": 14,
    "global_position": 3408,
    "move_coordinate": "PASS",
    "turn_number": 1,
    "npz_file": "AAE4EE8DC9A92FFF.npz",
    "board_tensor_file": "pos_3408/board.npy",
    "sgf_file": "pos_3408/game.sgf"
  },
  "nmf_analysis": {
    "activation_strength": 0.3199802041053772,
    "rank_in_component": 14,
    "activation_in_other_components": [
      0.030454186722636223,
      0.07735318690538406,
      0.0,
      0.004968732129782438,
      0.00892698299139738,
      0.014561766758561134,
      0.06118392199277878,
      0.041467852890491486,
      0.03523577004671097,
      0.0676952451467514,
      0.0134880430996418,
      0.0,
      0.0,
      0.02214416302740574,
      0.024678412824869156,
      0.0,
      0.005432990379631519,
      0.0005107647739350796,
      0.010446185246109962,
      0.038277965039014816,
      0.030825212597846985,
      0.00645459583029151,
      0.024458343163132668,
      0.043696578592061996,
      0.0,
      0.002454465953633189,
      0.006281333044171333,
      0.016147229820489883,
      0.16228795051574707,
      0.05308414623141289,
      0.05916450545191765,
      0.06450328975915909,
      0.04948301985859871,
      0.30271416902542114,
      0.11059368401765823,
      0.1936105489730835,
      0.2845349609851837,
      0.05805959179997444,
      0.015506765805184841,
      0.3199802041053772,
      0.02395956963300705,
      0.10623054206371307,
      0.04983305558562279,
      0.057454098016023636,
      0.0,
      0.05649682506918907,
      0.097183458507061,
      0.21142448484897614,
      0.10975693166255951,
      0.4603256285190582
    ],
    "channel_activity": [
      49,
      12,
      11,
      0,
      10,
      7,
      0,
      0,
      0,
      0,
      1,
      1,
      1,
      1,
      4,
      4,
      0,
      2,
      0,
      0,
      0,
      0
    ],
    "top_active_channels": [
      [
        0,
        49
      ],
      [
        1,
        12
      ],
      [
        2,
        11
      ],
      [
        4,
        10
      ],
      [
        5,
        7
      ]
    ],
    "total_board_activity": 103
  },
  "go_pattern_analysis": {
    "move_type": "pass",
    "game_phase": "opening",
    "turn_number": 1,
    "policy_entropy": 0.7605423318565455,
    "policy_confidence": 0.9040590405904059,
    "top_policy_moves": [
      {
        "coord": "PASS",
        "percentage": 90.4,
        "count": 490
      },
      {
        "coord": "(4,5)",
        "percentage": 2.2,
        "count": 12
      },
      {
        "coord": "(5,1)",
        "percentage": 1.8,
        "count": 10
      },
      {
        "coord": "(5,6)",
        "percentage": 1.5,
        "count": 8
      },
      {
        "coord": "(5,2)",
        "percentage": 0.9,
        "count": 5
      }
    ],
    "total_policy_counts": 542
  },
  "component_comparison": {
    "uniqueness_score": 0.4100702404975891,
    "similar_positions": [
      6554,
      1145,
      1443,
      1254,
      6456
    ],
    "component_rank": 14,
    "max_other_component_activation": 0.4603256285190582,
    "activation_percentile": 99.78797516280478
  }
}