{
  "position_info": {
    "part": 16,
    "rank": 18,
    "global_position": 2234,
    "move_coordinate": "G4",
    "turn_number": 16,
    "npz_file": "76F9EC3EB6A76AA0.npz",
    "board_tensor_file": "pos_2234/board.npy",
    "sgf_file": "pos_2234/game.sgf"
  },
  "nmf_analysis": {
    "activation_strength": 0.4856318533420563,
    "rank_in_part": 18,
    "activation_in_other_parts": [
      2002.6893310546875,
      297.39654541015625,
      2.1354050636291504,
      80.19152069091797,
      10.111201286315918,
      34.44572830200195,
      0.2695009112358093,
      5.478574752807617,
      0.15017680823802948,
      0.19528703391551971,
      0.0,
      0.0,
      0.0,
      0.0,
      38.50999450683594,
      0.23743556439876556,
      0.4856318533420563,
      0.0,
      0.0,
      0.0,
      0.058398254215717316,
      0.0,
      0.0,
      0.0,
      0.0
    ],
    "channel_activity": [
      49,
      7,
      8,
      0,
      5,
      1,
      0,
      0,
      0,
      1,
      1,
      1,
      1,
      1,
      1,
      1,
      0,
      1,
      0,
      0,
      0,
      0
    ],
    "top_active_channels": [
      [
        0,
        49
      ],
      [
        2,
        8
      ],
      [
        1,
        7
      ],
      [
        4,
        5
      ],
      [
        5,
        1
      ]
    ],
    "total_board_activity": 78
  },
  "go_pattern_analysis": {
    "move_type": "side",
    "game_phase": "opening",
    "turn_number": 16,
    "policy_entropy": -0.0,
    "policy_confidence": 1.0,
    "top_policy_moves": [
      {
        "coord": "(3,6)",
        "percentage": 100.0,
        "count": 359
      }
    ],
    "total_policy_counts": 359
  },
  "part_comparison": {
    "uniqueness_score": 0.0002424310805508867,
    "similar_positions": [
      2322,
      4331,
      6010,
      5518,
      4882
    ],
    "part_rank": 18,
    "max_other_part_activation": 2002.6893310546875,
    "activation_percentile": 99.72739663789186
  }
}