{
  "position_info": {
    "part": 4,
    "rank": 20,
    "global_position": 5648,
    "move_coordinate": "A1",
    "turn_number": 38,
    "npz_file": "E3CD9898B9AFF870.npz",
    "board_tensor_file": "pos_5648/board.npy",
    "sgf_file": "pos_5648/game.sgf"
  },
  "nmf_analysis": {
    "activation_strength": 0.04507346823811531,
    "rank_in_component": 20,
    "activation_in_other_components": [
      0.15973195433616638,
      0.00218228274025023,
      0.0,
      0.03341974690556526,
      0.04507346823811531,
      0.0010142145911231637,
      0.0,
      0.002197910100221634,
      0.01577315852046013,
      0.03628910705447197,
      0.004378786310553551,
      0.014953963458538055,
      0.03119652159512043,
      0.0019249387551099062,
      0.01992393657565117,
      0.0038612200878560543,
      0.017390038818120956,
      0.0,
      0.035878684371709824,
      0.00685451366007328,
      0.015033198520541191,
      0.034619852900505066,
      0.011232436634600163,
      0.007959303446114063,
      0.06113560125231743,
      0.01031370460987091,
      0.0024173022247850895,
      0.0,
      0.11689126491546631,
      0.2775401175022125,
      0.0,
      0.07382069528102875,
      0.022626303136348724,
      0.4974224269390106,
      0.28328192234039307,
      0.08980869501829147,
      0.23681093752384186,
      0.09542984515428543,
      0.0,
      0.09912554174661636,
      0.01367467176169157,
      0.21663977205753326,
      0.07515018433332443,
      0.0,
      0.04220430180430412,
      0.0,
      0.1287291795015335,
      0.1232014000415802,
      0.011533206328749657,
      0.46872490644454956
    ],
    "channel_activity": [
      49,
      19,
      17,
      0,
      1,
      0,
      0,
      0,
      0,
      1,
      1,
      1,
      0,
      1,
      1,
      0,
      0,
      2,
      22,
      22,
      0,
      0
    ],
    "top_active_channels": [
      [
        0,
        49
      ],
      [
        18,
        22
      ],
      [
        19,
        22
      ],
      [
        1,
        19
      ],
      [
        2,
        17
      ]
    ],
    "total_board_activity": 137
  },
  "go_pattern_analysis": {
    "move_type": "corner",
    "game_phase": "middle_game",
    "turn_number": 38,
    "policy_entropy": 5.643856189774725,
    "policy_confidence": 0.02,
    "top_policy_moves": [
      {
        "coord": "PASS",
        "percentage": 2.0,
        "count": 1
      },
      {
        "coord": "(1,5)",
        "percentage": 2.0,
        "count": 1
      },
      {
        "coord": "(3,1)",
        "percentage": 2.0,
        "count": 1
      },
      {
        "coord": "(3,0)",
        "percentage": 2.0,
        "count": 1
      },
      {
        "coord": "(2,6)",
        "percentage": 2.0,
        "count": 1
      }
    ],
    "total_policy_counts": 50
  },
  "component_comparison": {
    "uniqueness_score": 0.08308535814285278,
    "similar_positions": [
      1704,
      1703,
      1705,
      426,
      1706
    ],
    "component_rank": 20,
    "max_other_component_activation": 0.4974224269390106,
    "activation_percentile": 99.69710737543541
  }
}