{
  "position_info": {
    "part": 0,
    "rank": 7,
    "global_position": 4015,
    "move_coordinate": "D5",
    "turn_number": 6,
    "npz_file": "AAE4EE8DC9A92FFF.npz",
    "board_tensor_file": "pos_4015/board.npy",
    "sgf_file": "pos_4015/game.sgf"
  },
  "nmf_analysis": {
    "activation_strength": 0.4694189727306366,
    "rank_in_part": 7,
    "activation_in_other_parts": [
      0.4694189727306366,
      0.4029082655906677,
      0.0,
      0.046217694878578186,
      0.8132853507995605,
      0.0,
      0.0,
      0.0,
      0.030194588005542755,
      0.2941361367702484,
      0.0,
      0.0,
      0.013952897861599922,
      0.0,
      0.0,
      0.0,
      0.505224883556366,
      0.0,
      0.0,
      0.020140215754508972,
      0.0,
      0.0015955055132508278,
      0.04594850167632103,
      0.0,
      0.11877793818712234
    ],
    "channel_activity": [
      49,
      0,
      1,
      0,
      0,
      0,
      0,
      0,
      0,
      1,
      0,
      0,
      0,
      0,
      0,
      0,
      0,
      0,
      0,
      49,
      0,
      0
    ],
    "top_active_channels": [
      [
        0,
        49
      ],
      [
        19,
        49
      ],
      [
        2,
        1
      ],
      [
        9,
        1
      ],
      [
        1,
        0
      ]
    ],
    "total_board_activity": 100
  },
  "go_pattern_analysis": {
    "move_type": "side",
    "game_phase": "opening",
    "turn_number": 6,
    "policy_entropy": 1.9434715198445014,
    "policy_confidence": 0.375886524822695,
    "top_policy_moves": [
      {
        "coord": "(4,3)",
        "percentage": 37.6,
        "count": 53
      },
      {
        "coord": "(4,4)",
        "percentage": 22.0,
        "count": 31
      },
      {
        "coord": "(2,3)",
        "percentage": 20.6,
        "count": 29
      },
      {
        "coord": "(2,4)",
        "percentage": 19.9,
        "count": 28
      }
    ],
    "total_policy_counts": 141
  },
  "part_comparison": {
    "uniqueness_score": 0.36596038937568665,
    "similar_positions": [
      786,
      3821,
      6323,
      3536,
      6366
    ],
    "part_rank": 7,
    "max_other_part_activation": 0.8132853507995605,
    "activation_percentile": 99.89398758140238
  }
}