{
  "position_info": {
    "part": 31,
    "rank": 4,
    "global_position": 4015,
    "move_coordinate": "D5",
    "turn_number": 6,
    "npz_file": "AAE4EE8DC9A92FFF.npz",
    "board_tensor_file": "pos_4015/board.npy",
    "sgf_file": "pos_4015/game.sgf"
  },
  "nmf_analysis": {
    "activation_strength": 0.9470725059509277,
    "rank_in_part": 4,
    "activation_in_other_parts": [
      0.3162550926208496,
      0.06443251669406891,
      0.0,
      0.029739798977971077,
      0.016556859016418457,
      0.049425724893808365,
      0.0,
      0.08308815211057663,
      0.0,
      0.2194439023733139,
      0.0,
      0.0616777241230011,
      0.0511833019554615,
      0.02782195247709751,
      0.0,
      0.09476830810308456,
      0.016837486997246742,
      0.0,
      0.02366679348051548,
      0.0824214518070221,
      0.0,
      0.0958273857831955,
      0.0,
      0.0,
      0.12337759137153625,
      0.009050586260855198,
      0.0,
      0.0,
      0.26294565200805664,
      0.0,
      0.026578526943922043,
      0.9470725059509277,
      0.11410196870565414,
      0.005403765477240086,
      0.01918666809797287,
      0.0,
      0.0,
      0.0,
      0.38380953669548035,
      0.0,
      0.10186585038900375,
      0.016872022300958633,
      0.08609993755817413,
      0.016347011551260948,
      0.0,
      0.0,
      0.0,
      0.0,
      0.2027427852153778,
      0.0
    ],
    "channel_activity": [
      49,
      0,
      1,
      0,
      0,
      0,
      0,
      0,
      0,
      1,
      0,
      0,
      0,
      0,
      0,
      0,
      0,
      0,
      0,
      49,
      0,
      0
    ],
    "top_active_channels": [
      [
        0,
        49
      ],
      [
        19,
        49
      ],
      [
        2,
        1
      ],
      [
        9,
        1
      ],
      [
        1,
        0
      ]
    ],
    "total_board_activity": 100
  },
  "go_pattern_analysis": {
    "move_type": "side",
    "game_phase": "opening",
    "turn_number": 6,
    "policy_entropy": 1.9434715198445014,
    "policy_confidence": 0.375886524822695,
    "top_policy_moves": [
      {
        "coord": "(4,3)",
        "percentage": 37.6,
        "count": 53
      },
      {
        "coord": "(4,4)",
        "percentage": 22.0,
        "count": 31
      },
      {
        "coord": "(2,3)",
        "percentage": 20.6,
        "count": 29
      },
      {
        "coord": "(2,4)",
        "percentage": 19.9,
        "count": 28
      }
    ],
    "total_policy_counts": 141
  },
  "part_comparison": {
    "uniqueness_score": 0.7116126418113708,
    "similar_positions": [
      786,
      6366,
      3821,
      4410,
      779
    ],
    "part_rank": 4,
    "max_other_part_activation": 0.38380953669548035,
    "activation_percentile": 99.93942147508709
  }
}