{
  "position_info": {
    "part": 9,
    "rank": 3,
    "global_position": 3429,
    "move_coordinate": "D3",
    "turn_number": 4,
    "npz_file": "AAE4EE8DC9A92FFF.npz",
    "board_tensor_file": "pos_3429/board.npy",
    "sgf_file": "pos_3429/game.sgf"
  },
  "nmf_analysis": {
    "activation_strength": 0.5445427894592285,
    "rank_in_part": 3,
    "activation_in_other_parts": [
      0.22136282920837402,
      0.16556893289089203,
      0.17377431690692902,
      0.1341017782688141,
      0.5194767713546753,
      0.0,
      0.17409959435462952,
      0.0,
      0.06774690747261047,
      0.5445427894592285,
      0.0,
      0.1490797996520996,
      0.0022436361759901047,
      0.0,
      0.07297680526971817,
      0.055931784212589264,
      0.7019588947296143,
      0.0,
      0.0,
      0.19303126633167267,
      0.009771776385605335,
      0.024979261681437492,
      0.0,
      0.0,
      0.0431162491440773
    ],
    "channel_activity": [
      49,
      1,
      2,
      0,
      1,
      2,
      0,
      0,
      0,
      1,
      1,
      1,
      0,
      0,
      0,
      0,
      0,
      0,
      0,
      0,
      0,
      0
    ],
    "top_active_channels": [
      [
        0,
        49
      ],
      [
        2,
        2
      ],
      [
        5,
        2
      ],
      [
        1,
        1
      ],
      [
        4,
        1
      ]
    ],
    "total_board_activity": 58
  },
  "go_pattern_analysis": {
    "move_type": "side",
    "game_phase": "opening",
    "turn_number": 4,
    "policy_entropy": -0.0,
    "policy_confidence": 1.0,
    "top_policy_moves": [
      {
        "coord": "(2,3)",
        "percentage": 100.0,
        "count": 532
      }
    ],
    "total_policy_counts": 532
  },
  "part_comparison": {
    "uniqueness_score": 0.43685683608055115,
    "similar_positions": [
      988,
      1663,
      1802,
      6427,
      867
    ],
    "part_rank": 3,
    "max_other_part_activation": 0.7019588947296143,
    "activation_percentile": 99.95456610631531
  }
}