{
  "position_info": {
    "part": 18,
    "rank": 7,
    "global_position": 3912,
    "move_coordinate": "A1",
    "turn_number": 1,
    "npz_file": "AAE4EE8DC9A92FFF.npz",
    "board_tensor_file": "pos_3912/board.npy",
    "sgf_file": "pos_3912/game.sgf"
  },
  "nmf_analysis": {
    "activation_strength": 0.04220211133360863,
    "rank_in_component": 7,
    "activation_in_other_components": [
      0.10137949883937836,
      0.0,
      0.0,
      0.023263489827513695,
      0.034292999655008316,
      0.0,
      0.024066690355539322,
      0.0,
      0.07041866332292557,
      0.0,
      0.05534682050347328,
      0.0,
      0.0,
      0.0,
      0.047423772513866425,
      0.0,
      0.02190345898270607,
      0.0,
      0.04220211133360863,
      0.0,
      0.04937076196074486,
      0.0,
      0.04172397777438164,
      0.0550554096698761,
      0.0,
      0.012356678955256939,
      0.010217452421784401,
      0.0008481855038553476,
      0.1113249883055687,
      0.2499372959136963,
      0.014205008745193481,
      0.05986540764570236,
      0.0,
      0.48067912459373474,
      0.26190871000289917,
      0.025830555707216263,
      0.2124965935945511,
      0.1577223688364029,
      0.015097226947546005,
      0.1346316933631897,
      0.0,
      0.20170122385025024,
      0.12153495103120804,
      0.0,
      0.0,
      0.0,
      0.1302565187215805,
      0.06137686222791672,
      0.0,
      0.4954580068588257
    ],
    "channel_activity": [
      49,
      22,
      12,
      0,
      1,
      0,
      0,
      0,
      0,
      1,
      1,
      1,
      1,
      0,
      1,
      0,
      1,
      2,
      29,
      20,
      0,
      0
    ],
    "top_active_channels": [
      [
        0,
        49
      ],
      [
        18,
        29
      ],
      [
        1,
        22
      ],
      [
        19,
        20
      ],
      [
        2,
        12
      ]
    ],
    "total_board_activity": 141
  },
  "go_pattern_analysis": {
    "move_type": "corner",
    "game_phase": "opening",
    "turn_number": 1,
    "policy_entropy": 5.643856189774725,
    "policy_confidence": 0.02,
    "top_policy_moves": [
      {
        "coord": "PASS",
        "percentage": 2.0,
        "count": 1
      },
      {
        "coord": "(1,5)",
        "percentage": 2.0,
        "count": 1
      },
      {
        "coord": "(3,1)",
        "percentage": 2.0,
        "count": 1
      },
      {
        "coord": "(3,0)",
        "percentage": 2.0,
        "count": 1
      },
      {
        "coord": "(2,6)",
        "percentage": 2.0,
        "count": 1
      }
    ],
    "total_policy_counts": 50
  },
  "component_comparison": {
    "uniqueness_score": 0.078492172062397,
    "similar_positions": [
      776,
      1177,
      6214,
      1562,
      1663
    ],
    "component_rank": 7,
    "max_other_component_activation": 0.4954580068588257,
    "activation_percentile": 99.89398758140238
  }
}