{
  "position_info": {
    "part": 4,
    "rank": 1,
    "global_position": 6366,
    "move_coordinate": "D5",
    "turn_number": 6,
    "npz_file": "E3CD9898B9AFF870.npz",
    "board_tensor_file": "pos_6366/board.npy",
    "sgf_file": "pos_6366/game.sgf"
  },
  "nmf_analysis": {
    "activation_strength": 0.8559731245040894,
    "rank_in_part": 1,
    "activation_in_other_parts": [
      0.4706231355667114,
      0.43701231479644775,
      0.0,
      0.025724658742547035,
      0.8559731245040894,
      0.0,
      0.0,
      0.0,
      0.01039446983486414,
      0.22814825177192688,
      0.0,
      0.0,
      0.02467234618961811,
      0.0,
      0.0,
      0.0,
      0.43988004326820374,
      0.0,
      0.00676137488335371,
      0.0063705118373036385,
      0.0,
      0.0,
      0.02126699686050415,
      0.0,
      0.1424463987350464
    ],
    "channel_activity": [
      49,
      0,
      1,
      0,
      0,
      0,
      0,
      0,
      0,
      1,
      0,
      0,
      0,
      0,
      0,
      0,
      0,
      0,
      0,
      49,
      0,
      0
    ],
    "top_active_channels": [
      [
        0,
        49
      ],
      [
        19,
        49
      ],
      [
        2,
        1
      ],
      [
        9,
        1
      ],
      [
        1,
        0
      ]
    ],
    "total_board_activity": 100
  },
  "go_pattern_analysis": {
    "move_type": "side",
    "game_phase": "opening",
    "turn_number": 6,
    "policy_entropy": 1.8977534700898806,
    "policy_confidence": 0.40789473684210525,
    "top_policy_moves": [
      {
        "coord": "(4,3)",
        "percentage": 40.8,
        "count": 62
      },
      {
        "coord": "(2,3)",
        "percentage": 25.0,
        "count": 38
      },
      {
        "coord": "(4,2)",
        "percentage": 18.4,
        "count": 28
      },
      {
        "coord": "(2,2)",
        "percentage": 15.8,
        "count": 24
      }
    ],
    "total_policy_counts": 152
  },
  "part_comparison": {
    "uniqueness_score": 0.6452401280403137,
    "similar_positions": [
      4410,
      2582,
      1821,
      4993,
      6372
    ],
    "part_rank": 1,
    "max_other_part_activation": 0.4706231355667114,
    "activation_percentile": 99.98485536877178
  }
}