{
  "position_info": {
    "part": 10,
    "rank": 9,
    "global_position": 6366,
    "move_coordinate": "D5",
    "turn_number": 6,
    "npz_file": "E3CD9898B9AFF870.npz",
    "board_tensor_file": "pos_6366/board.npy",
    "sgf_file": "pos_6366/game.sgf"
  },
  "nmf_analysis": {
    "activation_strength": 264.3890380859375,
    "rank_in_part": 9,
    "activation_in_other_parts": [
      0.0,
      86.41458129882812,
      0.0,
      0.0,
      3.362938165664673,
      26.179847717285156,
      0.0,
      4.082253456115723,
      0.660983681678772,
      0.0,
      264.3890380859375,
      0.0,
      0.0,
      0.2708611488342285,
      0.0,
      0.1890154778957367,
      0.0,
      0.0,
      0.03358770161867142,
      0.04847395047545433,
      0.045723505318164825,
      0.007855996489524841,
      0.03978818282485008,
      0.04498080909252167,
      0.0
    ],
    "channel_activity": [
      49,
      0,
      1,
      0,
      0,
      0,
      0,
      0,
      0,
      1,
      0,
      0,
      0,
      0,
      0,
      0,
      0,
      0,
      0,
      49,
      0,
      0
    ],
    "top_active_channels": [
      [
        0,
        49
      ],
      [
        19,
        49
      ],
      [
        2,
        1
      ],
      [
        9,
        1
      ],
      [
        1,
        0
      ]
    ],
    "total_board_activity": 100
  },
  "go_pattern_analysis": {
    "move_type": "side",
    "game_phase": "opening",
    "turn_number": 6,
    "policy_entropy": 1.8977534700898806,
    "policy_confidence": 0.40789473684210525,
    "top_policy_moves": [
      {
        "coord": "(4,3)",
        "percentage": 40.8,
        "count": 62
      },
      {
        "coord": "(2,3)",
        "percentage": 25.0,
        "count": 38
      },
      {
        "coord": "(4,2)",
        "percentage": 18.4,
        "count": 28
      },
      {
        "coord": "(2,2)",
        "percentage": 15.8,
        "count": 24
      }
    ],
    "total_policy_counts": 152
  },
  "part_comparison": {
    "uniqueness_score": 0.7536668181419373,
    "similar_positions": [
      779,
      3536,
      1724,
      3835,
      6323
    ],
    "part_rank": 9,
    "max_other_part_activation": 86.41458129882812,
    "activation_percentile": 99.86369831894594
  }
}