{
  "position_info": {
    "part": 19,
    "rank": 1,
    "global_position": 6366,
    "move_coordinate": "D5",
    "turn_number": 6,
    "npz_file": "E3CD9898B9AFF870.npz",
    "board_tensor_file": "pos_6366/board.npy",
    "sgf_file": "pos_6366/game.sgf"
  },
  "nmf_analysis": {
    "activation_strength": 0.09825760126113892,
    "rank_in_part": 1,
    "activation_in_other_parts": [
      0.3469788730144501,
      0.0699288472533226,
      0.0,
      0.03415561094880104,
      0.021861545741558075,
      0.05260537564754486,
      0.0,
      0.09909439831972122,
      0.0,
      0.2721577286720276,
      0.0,
      0.06168515607714653,
      0.06392136961221695,
      0.031195368617773056,
      0.0,
      0.10596780478954315,
      0.014928043819963932,
      0.0,
      0.02270813286304474,
      0.09825760126113892,
      0.0,
      0.11936391890048981,
      0.0,
      0.0,
      0.1564864069223404,
      0.00828113965690136,
      0.0,
      0.0,
      0.22550901770591736,
      0.0,
      0.0378151461482048,
      0.9504896998405457,
      0.04891955479979515,
      0.01207029540091753,
      0.0,
      0.0,
      0.0,
      0.0,
      0.3925720751285553,
      0.0,
      0.11926554888486862,
      0.0343250073492527,
      0.051096029579639435,
      0.0,
      0.0,
      0.022936608642339706,
      0.0,
      0.0,
      0.1758507937192917,
      0.0
    ],
    "channel_activity": [
      49,
      0,
      1,
      0,
      0,
      0,
      0,
      0,
      0,
      1,
      0,
      0,
      0,
      0,
      0,
      0,
      0,
      0,
      0,
      49,
      0,
      0
    ],
    "top_active_channels": [
      [
        0,
        49
      ],
      [
        19,
        49
      ],
      [
        2,
        1
      ],
      [
        9,
        1
      ],
      [
        1,
        0
      ]
    ],
    "total_board_activity": 100
  },
  "go_pattern_analysis": {
    "move_type": "side",
    "game_phase": "opening",
    "turn_number": 6,
    "policy_entropy": 1.8977534700898806,
    "policy_confidence": 0.40789473684210525,
    "top_policy_moves": [
      {
        "coord": "(4,3)",
        "percentage": 40.8,
        "count": 62
      },
      {
        "coord": "(2,3)",
        "percentage": 25.0,
        "count": 38
      },
      {
        "coord": "(4,2)",
        "percentage": 18.4,
        "count": 28
      },
      {
        "coord": "(2,2)",
        "percentage": 15.8,
        "count": 24
      }
    ],
    "total_policy_counts": 152
  },
  "part_comparison": {
    "uniqueness_score": 0.09369044750928879,
    "similar_positions": [
      4410,
      1821,
      786,
      6372,
      2205
    ],
    "part_rank": 1,
    "max_other_part_activation": 0.9504896998405457,
    "activation_percentile": 99.98485536877178
  }
}