{
  "position_info": {
    "part": 5,
    "rank": 19,
    "global_position": 6366,
    "move_coordinate": "D5",
    "turn_number": 6,
    "npz_file": "E3CD9898B9AFF870.npz",
    "board_tensor_file": "pos_6366/board.npy",
    "sgf_file": "pos_6366/game.sgf"
  },
  "nmf_analysis": {
    "activation_strength": 1.0555074214935303,
    "rank_in_part": 19,
    "activation_in_other_parts": [
      427.5059814453125,
      393.7679443359375,
      67.20476531982422,
      33.39448547363281,
      290.7072448730469,
      1.0555074214935303,
      0.0,
      0.0,
      0.12932491302490234,
      0.0,
      0.6555298566818237,
      0.0,
      0.0,
      0.0,
      0.21502315998077393,
      0.0,
      0.0,
      0.0,
      0.0,
      0.44859686493873596,
      0.0,
      0.0,
      0.0,
      0.0,
      0.21947863698005676
    ],
    "channel_activity": [
      49,
      0,
      1,
      0,
      0,
      0,
      0,
      0,
      0,
      1,
      0,
      0,
      0,
      0,
      0,
      0,
      0,
      0,
      0,
      49,
      0,
      0
    ],
    "top_active_channels": [
      [
        0,
        49
      ],
      [
        19,
        49
      ],
      [
        2,
        1
      ],
      [
        9,
        1
      ],
      [
        1,
        0
      ]
    ],
    "total_board_activity": 100
  },
  "go_pattern_analysis": {
    "move_type": "side",
    "game_phase": "opening",
    "turn_number": 6,
    "policy_entropy": 1.8977534700898806,
    "policy_confidence": 0.40789473684210525,
    "top_policy_moves": [
      {
        "coord": "(4,3)",
        "percentage": 40.8,
        "count": 62
      },
      {
        "coord": "(2,3)",
        "percentage": 25.0,
        "count": 38
      },
      {
        "coord": "(4,2)",
        "percentage": 18.4,
        "count": 28
      },
      {
        "coord": "(2,2)",
        "percentage": 15.8,
        "count": 24
      }
    ],
    "total_policy_counts": 152
  },
  "part_comparison": {
    "uniqueness_score": 0.0024629076942801476,
    "similar_positions": [
      726,
      725,
      786,
      3821,
      2582
    ],
    "part_rank": 19,
    "max_other_part_activation": 427.5059814453125,
    "activation_percentile": 99.71225200666363
  }
}