{
  "position_info": {
    "part": 2,
    "rank": 16,
    "global_position": 2207,
    "move_coordinate": "F2",
    "turn_number": 1,
    "npz_file": "76F9EC3EB6A76AA0.npz",
    "board_tensor_file": "pos_2207/board.npy",
    "sgf_file": "pos_2207/game.sgf"
  },
  "nmf_analysis": {
    "activation_strength": 0.0,
    "rank_in_component": 16,
    "activation_in_other_components": [
      0.012527262791991234,
      0.052305009216070175,
      0.0,
      0.004907223861664534,
      0.006020757835358381,
      0.004322415683418512,
      0.13320086896419525,
      0.010874898172914982,
      0.005487041547894478,
      0.01855212077498436,
      0.028344202786684036,
      0.00010034540900960565,
      0.03167511522769928,
      0.007096282206475735,
      0.0011714166030287743,
      0.015412610024213791,
      7.122985698515549e-05,
      0.0001583411212777719,
      0.0014390317955985665,
      0.005020424723625183,
      0.0007695867097936571,
      0.03164714574813843,
      0.0018631124403327703,
      0.004513858817517757,
      0.0564383938908577,
      0.0,
      0.0035002443473786116,
      0.006093816366046667,
      0.0,
      0.059533268213272095,
      0.05323786661028862,
      0.11202292144298553,
      0.14671474695205688,
      0.028252771124243736,
      0.0013699729461222887,
      0.11944542080163956,
      0.0,
      0.15404865145683289,
      0.48230257630348206,
      0.0,
      0.29507139325141907,
      0.012170430272817612,
      0.028142469003796577,
      0.056479401886463165,
      0.08929875493049622,
      0.0564078651368618,
      0.0064183184877038,
      0.2002096325159073,
      0.2678268551826477,
      0.42442479729652405
    ],
    "channel_activity": [
      49,
      3,
      3,
      0,
      0,
      1,
      0,
      0,
      0,
      1,
      1,
      1,
      1,
      1,
      0,
      0,
      0,
      0,
      3,
      3,
      0,
      0
    ],
    "top_active_channels": [
      [
        0,
        49
      ],
      [
        1,
        3
      ],
      [
        2,
        3
      ],
      [
        18,
        3
      ],
      [
        19,
        3
      ]
    ],
    "total_board_activity": 67
  },
  "go_pattern_analysis": {
    "move_type": "corner",
    "game_phase": "opening",
    "turn_number": 1,
    "policy_entropy": 0.803768039213006,
    "policy_confidence": 0.7546848381601363,
    "top_policy_moves": [
      {
        "coord": "(1,5)",
        "percentage": 75.5,
        "count": 443
      },
      {
        "coord": "(2,4)",
        "percentage": 24.5,
        "count": 144
      }
    ],
    "total_policy_counts": 587
  },
  "component_comparison": {
    "uniqueness_score": 0.0,
    "similar_positions": [
      6602,
      2204,
      2194,
      2195,
      2196
    ],
    "component_rank": 1,
    "max_other_component_activation": 0.48230257630348206,
    "activation_percentile": 99.98485536877178
  }
}