{
  "position_info": {
    "part": 3,
    "rank": 10,
    "global_position": 3687,
    "move_coordinate": "G5",
    "turn_number": 1,
    "npz_file": "AAE4EE8DC9A92FFF.npz",
    "board_tensor_file": "pos_3687/board.npy",
    "sgf_file": "pos_3687/game.sgf"
  },
  "nmf_analysis": {
    "activation_strength": 0.4344865083694458,
    "rank_in_part": 10,
    "activation_in_other_parts": [
      0.2591358721256256,
      0.010095340199768543,
      0.04074239730834961,
      0.4344865083694458,
      0.05097156763076782,
      0.1387726068496704,
      0.022255126386880875,
      0.34435439109802246,
      0.2463388592004776,
      0.0926288589835167,
      0.129196435213089,
      0.316203236579895,
      0.0008826986886560917,
      0.0682014673948288,
      0.0,
      0.0,
      0.09434517472982407,
      0.30018511414527893,
      0.2562928795814514,
      0.006010072305798531,
      0.07186860591173172,
      0.11187313497066498,
      0.09893549233675003,
      0.0,
      0.3631136417388916
    ],
    "channel_activity": [
      49,
      10,
      10,
      1,
      3,
      6,
      0,
      0,
      0,
      1,
      1,
      1,
      1,
      1,
      1,
      1,
      1,
      0,
      10,
      10,
      0,
      0
    ],
    "top_active_channels": [
      [
        0,
        49
      ],
      [
        1,
        10
      ],
      [
        2,
        10
      ],
      [
        18,
        10
      ],
      [
        19,
        10
      ]
    ],
    "total_board_activity": 107
  },
  "go_pattern_analysis": {
    "move_type": "corner",
    "game_phase": "opening",
    "turn_number": 1,
    "policy_entropy": -0.0,
    "policy_confidence": 1.0,
    "top_policy_moves": [
      {
        "coord": "(4,6)",
        "percentage": 100.0,
        "count": 377
      }
    ],
    "total_policy_counts": 377
  },
  "part_comparison": {
    "uniqueness_score": 0.5447422862052917,
    "similar_positions": [
      1384,
      776,
      1950,
      6214,
      64
    ],
    "part_rank": 10,
    "max_other_part_activation": 0.3631136417388916,
    "activation_percentile": 99.8485536877177
  }
}