{
  "position_info": {
    "part": 26,
    "rank": 11,
    "global_position": 387,
    "move_coordinate": "D3",
    "turn_number": 5,
    "npz_file": "1906C337F5CDAFA9.npz",
    "board_tensor_file": "pos_387/board.npy",
    "sgf_file": "pos_387/game.sgf"
  },
  "nmf_analysis": {
    "activation_strength": 0.021583467721939087,
    "rank_in_part": 11,
    "activation_in_other_parts": [
      0.10246787965297699,
      0.0389704555273056,
      0.0,
      0.002442687749862671,
      0.0,
      0.024922769516706467,
      0.08201553672552109,
      0.010200515389442444,
      0.12089042365550995,
      0.013650113716721535,
      0.13481169939041138,
      0.010654453188180923,
      0.01880374364554882,
      0.008000197820365429,
      0.059435293078422546,
      0.005334639456123114,
      0.013668754138052464,
      0.000806154974270612,
      0.013388761319220066,
      0.001461616950109601,
      0.07016324251890182,
      0.004841238260269165,
      0.06631229817867279,
      0.07737867534160614,
      0.009132335893809795,
      0.005168120842427015,
      0.021583467721939087,
      0.0,
      0.24944280087947845,
      0.16123457252979279,
      0.0,
      0.723456084728241,
      0.3843783140182495,
      0.021498359739780426,
      0.01541023887693882,
      0.0,
      0.0,
      0.0,
      0.3935422897338867,
      0.025062603875994682,
      0.0,
      0.054007671773433685,
      0.19665788114070892,
      0.0,
      0.0,
      0.004830371588468552,
      0.0,
      0.0,
      0.3730977773666382,
      0.0002486845478415489
    ],
    "channel_activity": [
      49,
      1,
      2,
      0,
      1,
      2,
      0,
      0,
      0,
      1,
      1,
      1,
      0,
      0,
      0,
      0,
      0,
      0,
      1,
      2,
      0,
      0
    ],
    "top_active_channels": [
      [
        0,
        49
      ],
      [
        2,
        2
      ],
      [
        5,
        2
      ],
      [
        19,
        2
      ],
      [
        1,
        1
      ]
    ],
    "total_board_activity": 61
  },
  "go_pattern_analysis": {
    "move_type": "side",
    "game_phase": "opening",
    "turn_number": 5,
    "policy_entropy": -0.0,
    "policy_confidence": 1.0,
    "top_policy_moves": [
      {
        "coord": "(2,3)",
        "percentage": 100.0,
        "count": 529
      }
    ],
    "total_policy_counts": 529
  },
  "part_comparison": {
    "uniqueness_score": 0.02896955795586109,
    "similar_positions": [
      988,
      1663,
      2297,
      1973,
      3429
    ],
    "part_rank": 11,
    "max_other_part_activation": 0.723456084728241,
    "activation_percentile": 99.83340905648947
  }
}