{
  "position_info": {
    "part": 33,
    "rank": 17,
    "global_position": 3641,
    "move_coordinate": "A1",
    "turn_number": 1,
    "npz_file": "AAE4EE8DC9A92FFF.npz",
    "board_tensor_file": "pos_3641/board.npy",
    "sgf_file": "pos_3641/game.sgf"
  },
  "nmf_analysis": {
    "activation_strength": 0.5947130918502808,
    "rank_in_part": 17,
    "activation_in_other_parts": [
      0.04128924012184143,
      0.026314785704016685,
      0.0,
      0.010695608332753181,
      0.009915120899677277,
      0.007907841354608536,
      0.007759974338114262,
      0.008564909920096397,
      0.055309757590293884,
      0.020919017493724823,
      0.025902636349201202,
      0.0,
      0.0016115769976750016,
      0.007768015842884779,
      0.022591613233089447,
      0.0,
      0.015023511834442616,
      0.0002846024581231177,
      0.02443421259522438,
      0.005587382707744837,
      0.03405667468905449,
      0.005011435132473707,
      0.027261529117822647,
      0.06910385191440582,
      0.0,
      0.008194108493626118,
      0.005747281946241856,
      0.022927597165107727,
      0.004346940200775862,
      0.05849706009030342,
      0.0,
      0.13388358056545258,
      0.029335837811231613,
      0.5947130918502808,
      0.4119040071964264,
      0.06784064322710037,
      0.0656527429819107,
      0.039430100470781326,
      0.0,
      0.0855739638209343,
      0.0,
      0.07648356258869171,
      0.08213808387517929,
      0.08609577268362045,
      0.012374276295304298,
      0.0,
      0.045745085924863815,
      0.14626695215702057,
      0.09136329591274261,
      0.5600926280021667
    ],
    "channel_activity": [
      49,
      15,
      9,
      0,
      0,
      0,
      0,
      0,
      0,
      0,
      1,
      0,
      1,
      0,
      0,
      0,
      3,
      0,
      29,
      20,
      12,
      11
    ],
    "top_active_channels": [
      [
        0,
        49
      ],
      [
        18,
        29
      ],
      [
        19,
        20
      ],
      [
        1,
        15
      ],
      [
        20,
        12
      ]
    ],
    "total_board_activity": 150
  },
  "go_pattern_analysis": {
    "move_type": "corner",
    "game_phase": "opening",
    "turn_number": 1,
    "policy_entropy": 5.643856189774725,
    "policy_confidence": 0.02,
    "top_policy_moves": [
      {
        "coord": "PASS",
        "percentage": 2.0,
        "count": 1
      },
      {
        "coord": "(1,5)",
        "percentage": 2.0,
        "count": 1
      },
      {
        "coord": "(3,1)",
        "percentage": 2.0,
        "count": 1
      },
      {
        "coord": "(3,0)",
        "percentage": 2.0,
        "count": 1
      },
      {
        "coord": "(2,6)",
        "percentage": 2.0,
        "count": 1
      }
    ],
    "total_policy_counts": 50
  },
  "part_comparison": {
    "uniqueness_score": 0.5149897336959839,
    "similar_positions": [
      776,
      4548,
      1384,
      6298,
      3417
    ],
    "part_rank": 17,
    "max_other_part_activation": 0.5600926280021667,
    "activation_percentile": 99.7425412691201
  }
}