{
  "position_info": {
    "part": 44,
    "rank": 13,
    "global_position": 5968,
    "move_coordinate": "F3",
    "turn_number": 1,
    "npz_file": "E3CD9898B9AFF870.npz",
    "board_tensor_file": "pos_5968/board.npy",
    "sgf_file": "pos_5968/game.sgf"
  },
  "nmf_analysis": {
    "activation_strength": 0.29677078127861023,
    "rank_in_component": 13,
    "activation_in_other_components": [
      0.0,
      0.03841158375144005,
      0.0,
      0.0,
      0.00013184404815547168,
      0.003367398399859667,
      0.21886956691741943,
      0.0,
      0.0066802785731852055,
      0.04262927174568176,
      0.01909664459526539,
      0.051876600831747055,
      0.0425458662211895,
      0.00027602867339737713,
      0.0,
      0.07055062800645828,
      0.0,
      0.00019090136629529297,
      0.0,
      0.0,
      0.0,
      0.04175402224063873,
      0.0,
      0.026335397735238075,
      0.10761243849992752,
      0.0,
      0.0,
      0.02370469644665718,
      0.019199561327695847,
      0.2269473671913147,
      0.05145765095949173,
      0.09301383048295975,
      0.05153529345989227,
      0.26372864842414856,
      0.10800054669380188,
      0.04625485837459564,
      0.08169975876808167,
      0.11319665610790253,
      0.11629987508058548,
      0.07027903199195862,
      0.06705203652381897,
      0.03855940327048302,
      0.0,
      0.02414443902671337,
      0.29677078127861023,
      0.17654255032539368,
      0.07695481181144714,
      0.28458738327026367,
      0.37453725934028625,
      0.30571696162223816
    ],
    "channel_activity": [
      49,
      5,
      7,
      1,
      1,
      1,
      0,
      0,
      0,
      1,
      1,
      1,
      1,
      1,
      0,
      0,
      0,
      0,
      5,
      7,
      0,
      0
    ],
    "top_active_channels": [
      [
        0,
        49
      ],
      [
        2,
        7
      ],
      [
        19,
        7
      ],
      [
        1,
        5
      ],
      [
        18,
        5
      ]
    ],
    "total_board_activity": 81
  },
  "go_pattern_analysis": {
    "move_type": "corner",
    "game_phase": "opening",
    "turn_number": 1,
    "policy_entropy": -0.0,
    "policy_confidence": 1.0,
    "top_policy_moves": [
      {
        "coord": "(2,5)",
        "percentage": 100.0,
        "count": 530
      }
    ],
    "total_policy_counts": 530
  },
  "component_comparison": {
    "uniqueness_score": 0.4420783817768097,
    "similar_positions": [
      286,
      4869,
      287,
      5778,
      3834
    ],
    "component_rank": 13,
    "max_other_component_activation": 0.37453725934028625,
    "activation_percentile": 99.80311979403301
  }
}