{
  "position_info": {
    "part": 15,
    "rank": 18,
    "global_position": 689,
    "move_coordinate": "F1",
    "turn_number": 5,
    "npz_file": "1906C337F5CDAFA9.npz",
    "board_tensor_file": "pos_689/board.npy",
    "sgf_file": "pos_689/game.sgf"
  },
  "nmf_analysis": {
    "activation_strength": 0.5296873450279236,
    "rank_in_part": 18,
    "activation_in_other_parts": [
      2494.40283203125,
      267.10992431640625,
      87.20095825195312,
      11.475015640258789,
      17.324432373046875,
      4.263120651245117,
      0.0,
      3.645354986190796,
      0.4314497709274292,
      0.065666064620018,
      32.76966857910156,
      0.0,
      0.0,
      0.0,
      8.667630195617676,
      0.5296873450279236,
      0.0,
      0.0,
      0.0,
      0.10406449437141418,
      0.0976574495434761,
      0.019552499055862427,
      0.06712228804826736,
      0.0,
      0.0
    ],
    "channel_activity": [
      49,
      7,
      7,
      0,
      3,
      2,
      0,
      0,
      0,
      1,
      1,
      1,
      1,
      1,
      1,
      0,
      0,
      0,
      0,
      0,
      0,
      0
    ],
    "top_active_channels": [
      [
        0,
        49
      ],
      [
        1,
        7
      ],
      [
        2,
        7
      ],
      [
        4,
        3
      ],
      [
        5,
        2
      ]
    ],
    "total_board_activity": 74
  },
  "go_pattern_analysis": {
    "move_type": "corner",
    "game_phase": "opening",
    "turn_number": 5,
    "policy_entropy": 0.45733086693749025,
    "policy_confidence": 0.9036458333333334,
    "top_policy_moves": [
      {
        "coord": "(0,5)",
        "percentage": 90.4,
        "count": 347
      },
      {
        "coord": "(1,5)",
        "percentage": 9.6,
        "count": 37
      }
    ],
    "total_policy_counts": 384
  },
  "part_comparison": {
    "uniqueness_score": 0.00021230526908766478,
    "similar_positions": [
      385,
      3145,
      4430,
      4429,
      4583
    ],
    "part_rank": 18,
    "max_other_part_activation": 2494.40283203125,
    "activation_percentile": 99.72739663789186
  }
}