{
  "position_info": {
    "part": 37,
    "rank": 13,
    "global_position": 749,
    "move_coordinate": "G4",
    "turn_number": 22,
    "npz_file": "1906C337F5CDAFA9.npz",
    "board_tensor_file": "pos_749/board.npy",
    "sgf_file": "pos_749/game.sgf"
  },
  "nmf_analysis": {
    "activation_strength": 0.3047485649585724,
    "rank_in_component": 13,
    "activation_in_other_components": [
      0.060993436723947525,
      0.03156833350658417,
      0.0,
      0.007014002650976181,
      0.012001530267298222,
      0.0,
      0.09624280035495758,
      0.00727264815941453,
      0.007275235839188099,
      0.0,
      0.0,
      0.07586841285228729,
      0.0024320920929312706,
      0.0009331422625109553,
      0.010874271392822266,
      0.13296297192573547,
      0.014837772585451603,
      0.0,
      0.019086143001914024,
      0.000813772901892662,
      0.005847642198204994,
      0.0,
      0.005239694379270077,
      0.013426690362393856,
      0.005387897603213787,
      0.007387182675302029,
      0.0014366505201905966,
      0.0009779597166925669,
      0.13418470323085785,
      0.058104507625103,
      0.0829366073012352,
      0.03495386615395546,
      0.0,
      0.2924170196056366,
      0.08939717710018158,
      0.05163712427020073,
      0.14671668410301208,
      0.3047485649585724,
      0.09878697246313095,
      0.17302465438842773,
      0.13321025669574738,
      0.0247807539999485,
      0.09218753129243851,
      0.08440383523702621,
      0.13612058758735657,
      0.06274048984050751,
      0.20458553731441498,
      0.23827917873859406,
      0.11558692902326584,
      0.4246574342250824
    ],
    "channel_activity": [
      49,
      9,
      8,
      0,
      3,
      1,
      0,
      0,
      0,
      1,
      1,
      1,
      1,
      1,
      0,
      1,
      1,
      0,
      9,
      8,
      0,
      0
    ],
    "top_active_channels": [
      [
        0,
        49
      ],
      [
        1,
        9
      ],
      [
        18,
        9
      ],
      [
        2,
        8
      ],
      [
        19,
        8
      ]
    ],
    "total_board_activity": 94
  },
  "go_pattern_analysis": {
    "move_type": "side",
    "game_phase": "opening",
    "turn_number": 22,
    "policy_entropy": -0.0,
    "policy_confidence": 1.0,
    "top_policy_moves": [
      {
        "coord": "(3,6)",
        "percentage": 100.0,
        "count": 147
      }
    ],
    "total_policy_counts": 147
  },
  "component_comparison": {
    "uniqueness_score": 0.4178037643432617,
    "similar_positions": [
      6255,
      4369,
      4370,
      4709,
      2517
    ],
    "component_rank": 13,
    "max_other_component_activation": 0.4246574342250824,
    "activation_percentile": 99.80311979403301
  }
}