{
  "position_info": {
    "part": 38,
    "rank": 19,
    "global_position": 5436,
    "move_coordinate": "D5",
    "turn_number": 5,
    "npz_file": "BADFFB51627F24FD.npz",
    "board_tensor_file": "pos_5436/board.npy",
    "sgf_file": "pos_5436/game.sgf"
  },
  "nmf_analysis": {
    "activation_strength": 0.8158628940582275,
    "rank_in_part": 19,
    "activation_in_other_parts": [
      0.0,
      0.03823575749993324,
      0.0,
      0.0,
      0.0,
      0.0,
      0.13604414463043213,
      0.01732986979186535,
      0.005586929619312286,
      0.10548112541437149,
      0.03261605650186539,
      0.026193225756287575,
      0.06243448331952095,
      0.0,
      0.0013152116443961859,
      0.09569927304983139,
      0.0,
      0.000317975616781041,
      0.0,
      0.0,
      0.0007550822920165956,
      0.06284460425376892,
      0.003303871024399996,
      0.0,
      0.10267922282218933,
      0.0,
      0.004600008018314838,
      0.0,
      0.0,
      0.003940565045922995,
      0.059005361050367355,
      0.2781289517879486,
      0.016323883086442947,
      0.0,
      0.0,
      0.06244681403040886,
      0.0,
      0.0,
      0.8158628940582275,
      0.0,
      0.08489864319562912,
      0.0,
      0.09187249839305878,
      0.0,
      0.0,
      0.2560855448246002,
      0.0,
      0.0,
      0.05799116566777229,
      0.47245752811431885
    ],
    "channel_activity": [
      49,
      1,
      1,
      0,
      0,
      2,
      0,
      0,
      0,
      1,
      1,
      0,
      0,
      0,
      0,
      0,
      0,
      0,
      0,
      0,
      0,
      0
    ],
    "top_active_channels": [
      [
        0,
        49
      ],
      [
        5,
        2
      ],
      [
        1,
        1
      ],
      [
        2,
        1
      ],
      [
        9,
        1
      ]
    ],
    "total_board_activity": 55
  },
  "go_pattern_analysis": {
    "move_type": "side",
    "game_phase": "opening",
    "turn_number": 5,
    "policy_entropy": 0.047624942129031324,
    "policy_confidence": 0.9947089947089947,
    "top_policy_moves": [
      {
        "coord": "(4,3)",
        "percentage": 99.5,
        "count": 188
      },
      {
        "coord": "(2,3)",
        "percentage": 0.5,
        "count": 1
      }
    ],
    "total_policy_counts": 189
  },
  "part_comparison": {
    "uniqueness_score": 0.6332764029502869,
    "similar_positions": [
      2978,
      5626,
      5462,
      5625,
      5933
    ],
    "part_rank": 19,
    "max_other_part_activation": 0.47245752811431885,
    "activation_percentile": 99.71225200666363
  }
}