{
  "position_info": {
    "part": 4,
    "rank": 10,
    "global_position": 2300,
    "move_coordinate": "A1",
    "turn_number": 27,
    "npz_file": "76F9EC3EB6A76AA0.npz",
    "board_tensor_file": "pos_2300/board.npy",
    "sgf_file": "pos_2300/game.sgf"
  },
  "nmf_analysis": {
    "activation_strength": 0.0509507916867733,
    "rank_in_component": 10,
    "activation_in_other_components": [
      0.14628726243972778,
      0.0,
      0.0,
      0.03507957607507706,
      0.0509507916867733,
      0.0,
      0.04805225506424904,
      0.0,
      0.025693528354167938,
      0.0,
      0.008577506989240646,
      0.0,
      0.01850844919681549,
      0.0,
      0.029321376234292984,
      0.0,
      0.016873246058821678,
      0.0,
      0.035969171673059464,
      0.0,
      0.02683960646390915,
      0.01675323396921158,
      0.019507456570863724,
      0.024468528106808662,
      0.03202277049422264,
      0.009580443613231182,
      0.00403485307469964,
      0.00024071912048384547,
      0.11248486489057541,
      0.32130882143974304,
      0.012151635251939297,
      0.055597856640815735,
      0.02845361828804016,
      0.4520970582962036,
      0.2778739631175995,
      0.09919112175703049,
      0.23477347195148468,
      0.1120995581150055,
      0.0025201556272804737,
      0.13163982331752777,
      0.0369863323867321,
      0.2255067676305771,
      0.10369159281253815,
      0.0,
      0.0,
      0.0,
      0.05723922699689865,
      0.17897264659404755,
      0.0,
      0.4613901674747467
    ],
    "channel_activity": [
      49,
      19,
      18,
      0,
      18,
      0,
      0,
      0,
      0,
      1,
      1,
      0,
      1,
      1,
      0,
      0,
      0,
      0,
      29,
      20,
      0,
      0
    ],
    "top_active_channels": [
      [
        0,
        49
      ],
      [
        18,
        29
      ],
      [
        19,
        20
      ],
      [
        1,
        19
      ],
      [
        2,
        18
      ]
    ],
    "total_board_activity": 157
  },
  "go_pattern_analysis": {
    "move_type": "corner",
    "game_phase": "opening",
    "turn_number": 27,
    "policy_entropy": 5.643856189774725,
    "policy_confidence": 0.02,
    "top_policy_moves": [
      {
        "coord": "PASS",
        "percentage": 2.0,
        "count": 1
      },
      {
        "coord": "(1,5)",
        "percentage": 2.0,
        "count": 1
      },
      {
        "coord": "(3,1)",
        "percentage": 2.0,
        "count": 1
      },
      {
        "coord": "(3,0)",
        "percentage": 2.0,
        "count": 1
      },
      {
        "coord": "(2,6)",
        "percentage": 2.0,
        "count": 1
      }
    ],
    "total_policy_counts": 50
  },
  "component_comparison": {
    "uniqueness_score": 0.09944704174995422,
    "similar_positions": [
      1704,
      1703,
      1705,
      426,
      1706
    ],
    "component_rank": 10,
    "max_other_component_activation": 0.4613901674747467,
    "activation_percentile": 99.8485536877177
  }
}