{
  "position_info": {
    "part": 31,
    "rank": 12,
    "global_position": 3993,
    "move_coordinate": "D3",
    "turn_number": 3,
    "npz_file": "AAE4EE8DC9A92FFF.npz",
    "board_tensor_file": "pos_3993/board.npy",
    "sgf_file": "pos_3993/game.sgf"
  },
  "nmf_analysis": {
    "activation_strength": 0.9292945861816406,
    "rank_in_part": 12,
    "activation_in_other_parts": [
      0.28967857360839844,
      0.07212910056114197,
      0.0,
      0.03020518273115158,
      0.019113222137093544,
      0.04742714762687683,
      0.0169491246342659,
      0.08026886731386185,
      0.0,
      0.211004376411438,
      0.0,
      0.0,
      0.055045582354068756,
      0.02675889991223812,
      0.0,
      0.0,
      0.006470432039350271,
      0.0,
      0.014119742438197136,
      0.07851281017065048,
      0.0,
      0.09868334233760834,
      0.0,
      0.0,
      0.13515380024909973,
      0.004391008522361517,
      0.0,
      0.004582541063427925,
      0.2725531756877899,
      0.0,
      0.030389081686735153,
      0.9292945861816406,
      0.12596476078033447,
      0.028052672743797302,
      0.024802742525935173,
      0.0,
      0.0,
      0.0,
      0.4008556008338928,
      0.0,
      0.10525999218225479,
      0.0099065862596035,
      0.06629069149494171,
      0.0,
      0.0,
      0.0169928390532732,
      0.0,
      0.0,
      0.1986311376094818,
      0.00018383748829364777
    ],
    "channel_activity": [
      49,
      0,
      1,
      0,
      0,
      0,
      0,
      0,
      0,
      1,
      0,
      0,
      0,
      0,
      0,
      0,
      0,
      0,
      0,
      49,
      0,
      0
    ],
    "top_active_channels": [
      [
        0,
        49
      ],
      [
        19,
        49
      ],
      [
        2,
        1
      ],
      [
        9,
        1
      ],
      [
        1,
        0
      ]
    ],
    "total_board_activity": 100
  },
  "go_pattern_analysis": {
    "move_type": "side",
    "game_phase": "opening",
    "turn_number": 3,
    "policy_entropy": 1.9409875082615389,
    "policy_confidence": 0.37748344370860926,
    "top_policy_moves": [
      {
        "coord": "(2,3)",
        "percentage": 37.7,
        "count": 57
      },
      {
        "coord": "(4,3)",
        "percentage": 22.5,
        "count": 34
      },
      {
        "coord": "(4,4)",
        "percentage": 20.5,
        "count": 31
      },
      {
        "coord": "(2,4)",
        "percentage": 19.2,
        "count": 29
      }
    ],
    "total_policy_counts": 151
  },
  "part_comparison": {
    "uniqueness_score": 0.6986388564109802,
    "similar_positions": [
      786,
      6366,
      3821,
      4015,
      4410
    ],
    "part_rank": 10,
    "max_other_part_activation": 0.4008556008338928,
    "activation_percentile": 99.8485536877177
  }
}