{
  "position_info": {
    "part": 5,
    "rank": 9,
    "global_position": 3993,
    "move_coordinate": "D3",
    "turn_number": 3,
    "npz_file": "AAE4EE8DC9A92FFF.npz",
    "board_tensor_file": "pos_3993/board.npy",
    "sgf_file": "pos_3993/game.sgf"
  },
  "nmf_analysis": {
    "activation_strength": 1.0753753185272217,
    "rank_in_part": 9,
    "activation_in_other_parts": [
      476.70257568359375,
      373.5146484375,
      71.41496276855469,
      36.04555892944336,
      299.4622497558594,
      1.0753753185272217,
      0.0,
      0.0,
      0.10484841465950012,
      0.0,
      0.6122102737426758,
      0.0,
      0.0,
      0.0,
      0.1726880967617035,
      0.0,
      0.0,
      0.0,
      0.0,
      0.29294633865356445,
      0.0,
      0.0,
      0.0,
      0.0,
      0.02409406006336212
    ],
    "channel_activity": [
      49,
      0,
      1,
      0,
      0,
      0,
      0,
      0,
      0,
      1,
      0,
      0,
      0,
      0,
      0,
      0,
      0,
      0,
      0,
      49,
      0,
      0
    ],
    "top_active_channels": [
      [
        0,
        49
      ],
      [
        19,
        49
      ],
      [
        2,
        1
      ],
      [
        9,
        1
      ],
      [
        1,
        0
      ]
    ],
    "total_board_activity": 100
  },
  "go_pattern_analysis": {
    "move_type": "side",
    "game_phase": "opening",
    "turn_number": 3,
    "policy_entropy": 1.9409875082615389,
    "policy_confidence": 0.37748344370860926,
    "top_policy_moves": [
      {
        "coord": "(2,3)",
        "percentage": 37.7,
        "count": 57
      },
      {
        "coord": "(4,3)",
        "percentage": 22.5,
        "count": 34
      },
      {
        "coord": "(4,4)",
        "percentage": 20.5,
        "count": 31
      },
      {
        "coord": "(2,4)",
        "percentage": 19.2,
        "count": 29
      }
    ],
    "total_policy_counts": 151
  },
  "part_comparison": {
    "uniqueness_score": 0.0022507847752422094,
    "similar_positions": [
      726,
      725,
      786,
      3821,
      2582
    ],
    "part_rank": 7,
    "max_other_part_activation": 476.70257568359375,
    "activation_percentile": 99.89398758140238
  }
}