{
  "position_info": {
    "part": 21,
    "rank": 3,
    "global_position": 6524,
    "move_coordinate": "C6",
    "turn_number": 10,
    "npz_file": "E3CD9898B9AFF870.npz",
    "board_tensor_file": "pos_6524/board.npy",
    "sgf_file": "pos_6524/game.sgf"
  },
  "nmf_analysis": {
    "activation_strength": 0.35544702410697937,
    "rank_in_part": 3,
    "activation_in_other_parts": [
      0.1922837793827057,
      0.19511140882968903,
      0.18192347884178162,
      0.08632785081863403,
      0.08688849955797195,
      0.038958486169576645,
      0.22236321866512299,
      0.4142206907272339,
      0.12763357162475586,
      0.06087874248623848,
      0.07773010432720184,
      0.02185484953224659,
      0.07378637790679932,
      0.25981467962265015,
      0.30636468529701233,
      0.11568724364042282,
      0.09550603479146957,
      0.22944507002830505,
      0.025163179263472557,
      0.12836338579654694,
      0.15270207822322845,
      0.35544702410697937,
      0.0,
      0.2102535516023636,
      0.008379987441003323
    ],
    "channel_activity": [
      49,
      14,
      15,
      1,
      9,
      5,
      0,
      0,
      0,
      1,
      1,
      1,
      1,
      1,
      0,
      0,
      0,
      0,
      14,
      15,
      0,
      0
    ],
    "top_active_channels": [
      [
        0,
        49
      ],
      [
        2,
        15
      ],
      [
        19,
        15
      ],
      [
        1,
        14
      ],
      [
        18,
        14
      ]
    ],
    "total_board_activity": 127
  },
  "go_pattern_analysis": {
    "move_type": "corner",
    "game_phase": "opening",
    "turn_number": 10,
    "policy_entropy": 0.7193565701138251,
    "policy_confidence": 0.8012820512820513,
    "top_policy_moves": [
      {
        "coord": "(5,2)",
        "percentage": 80.1,
        "count": 125
      },
      {
        "coord": "(5,3)",
        "percentage": 19.9,
        "count": 31
      }
    ],
    "total_policy_counts": 156
  },
  "part_comparison": {
    "uniqueness_score": 0.46181878447532654,
    "similar_positions": [
      5384,
      284,
      898,
      1705,
      900
    ],
    "part_rank": 3,
    "max_other_part_activation": 0.4142206907272339,
    "activation_percentile": 99.95456610631531
  }
}