{
  "position_info": {
    "part": 37,
    "rank": 7,
    "global_position": 3469,
    "move_coordinate": "B1",
    "turn_number": 1,
    "npz_file": "AAE4EE8DC9A92FFF.npz",
    "board_tensor_file": "pos_3469/board.npy",
    "sgf_file": "pos_3469/game.sgf"
  },
  "nmf_analysis": {
    "activation_strength": 0.31565025448799133,
    "rank_in_part": 7,
    "activation_in_other_parts": [
      0.06038149818778038,
      0.043923355638980865,
      0.0,
      0.010162708349525928,
      0.014524903148412704,
      0.004168641287833452,
      0.08057224005460739,
      0.015767836943268776,
      0.004715621937066317,
      0.0,
      0.0,
      0.0,
      0.0,
      0.007788981311023235,
      0.01209102850407362,
      0.007255093660205603,
      0.005544284824281931,
      0.0001068384008249268,
      0.012722796760499477,
      0.011872000992298126,
      0.007296710275113583,
      0.0,
      0.006630907766520977,
      0.01338331587612629,
      0.0,
      0.0033222506754100323,
      0.0022907850798219442,
      0.003397552063688636,
      0.24064187705516815,
      0.0,
      0.05256682634353638,
      0.07229965180158615,
      0.0,
      0.2816329896450043,
      0.11782817542552948,
      0.0695255696773529,
      0.14102435111999512,
      0.31565025448799133,
      0.049943845719099045,
      0.24306096136569977,
      0.12963473796844482,
      0.0523306280374527,
      0.0591004341840744,
      0.03473089262843132,
      0.07749883830547333,
      0.06214721128344536,
      0.2449873834848404,
      0.20445369184017181,
      0.0909830629825592,
      0.4382076859474182
    ],
    "channel_activity": [
      49,
      9,
      9,
      0,
      1,
      0,
      0,
      0,
      0,
      1,
      1,
      1,
      1,
      1,
      0,
      0,
      0,
      0,
      0,
      0,
      0,
      0
    ],
    "top_active_channels": [
      [
        0,
        49
      ],
      [
        1,
        9
      ],
      [
        2,
        9
      ],
      [
        4,
        1
      ],
      [
        9,
        1
      ]
    ],
    "total_board_activity": 73
  },
  "go_pattern_analysis": {
    "move_type": "corner",
    "game_phase": "opening",
    "turn_number": 1,
    "policy_entropy": 2.713422625880478,
    "policy_confidence": 0.3389830508474576,
    "top_policy_moves": [
      {
        "coord": "(0,1)",
        "percentage": 33.9,
        "count": 80
      },
      {
        "coord": "(4,2)",
        "percentage": 14.4,
        "count": 34
      },
      {
        "coord": "(5,3)",
        "percentage": 12.7,
        "count": 30
      },
      {
        "coord": "(4,4)",
        "percentage": 11.4,
        "count": 27
      },
      {
        "coord": "(5,1)",
        "percentage": 9.3,
        "count": 22
      }
    ],
    "total_policy_counts": 236
  },
  "part_comparison": {
    "uniqueness_score": 0.41871315240859985,
    "similar_positions": [
      6255,
      4369,
      4370,
      4709,
      2517
    ],
    "part_rank": 7,
    "max_other_part_activation": 0.4382076859474182,
    "activation_percentile": 99.89398758140238
  }
}