{
  "position_info": {
    "part": 27,
    "rank": 8,
    "global_position": 3317,
    "move_coordinate": "A1",
    "turn_number": 46,
    "npz_file": "AAE4EE8DC9A92FFF.npz",
    "board_tensor_file": "pos_3317/board.npy",
    "sgf_file": "pos_3317/game.sgf"
  },
  "nmf_analysis": {
    "activation_strength": 0.07313640415668488,
    "rank_in_component": 8,
    "activation_in_other_components": [
      0.0,
      0.027314310893416405,
      0.0,
      0.0,
      0.0,
      0.0045846072025597095,
      0.3936014771461487,
      0.0,
      0.02923865057528019,
      0.0,
      0.04376193508505821,
      0.008231066167354584,
      0.009795130230486393,
      0.0,
      0.0022288516629487276,
      0.09234841167926788,
      0.0,
      8.340703789144754e-05,
      0.0,
      0.0,
      0.009476528503000736,
      0.010435770265758038,
      0.007288188673555851,
      0.09900156408548355,
      0.04396306350827217,
      0.0,
      4.988606451661326e-05,
      0.07313640415668488,
      0.09659215807914734,
      0.095171719789505,
      0.059895601123571396,
      0.11469347029924393,
      0.08840462565422058,
      0.0060156709514558315,
      0.17451739311218262,
      0.0,
      0.006747554522007704,
      0.20377784967422485,
      0.25761106610298157,
      0.08414000272750854,
      0.06034792587161064,
      0.17093774676322937,
      0.0,
      0.0,
      0.28325799107551575,
      0.13191719353199005,
      0.0,
      0.2731558382511139,
      0.26368579268455505,
      0.34043750166893005
    ],
    "channel_activity": [
      49,
      5,
      5,
      1,
      1,
      4,
      0,
      0,
      0,
      1,
      1,
      1,
      1,
      1,
      0,
      0,
      0,
      0,
      5,
      5,
      0,
      0
    ],
    "top_active_channels": [
      [
        0,
        49
      ],
      [
        1,
        5
      ],
      [
        2,
        5
      ],
      [
        18,
        5
      ],
      [
        19,
        5
      ]
    ],
    "total_board_activity": 80
  },
  "go_pattern_analysis": {
    "move_type": "corner",
    "game_phase": "middle_game",
    "turn_number": 46,
    "policy_entropy": 5.643856189774725,
    "policy_confidence": 0.02,
    "top_policy_moves": [
      {
        "coord": "PASS",
        "percentage": 2.0,
        "count": 1
      },
      {
        "coord": "(1,5)",
        "percentage": 2.0,
        "count": 1
      },
      {
        "coord": "(3,1)",
        "percentage": 2.0,
        "count": 1
      },
      {
        "coord": "(3,0)",
        "percentage": 2.0,
        "count": 1
      },
      {
        "coord": "(2,6)",
        "percentage": 2.0,
        "count": 1
      }
    ],
    "total_policy_counts": 50
  },
  "component_comparison": {
    "uniqueness_score": 0.15669696033000946,
    "similar_positions": [
      3374,
      1927,
      5511,
      5958,
      2741
    ],
    "component_rank": 8,
    "max_other_component_activation": 0.3936014771461487,
    "activation_percentile": 99.87884295017416
  }
}