{
  "position_info": {
    "part": 24,
    "rank": 1,
    "global_position": 4796,
    "move_coordinate": "B1",
    "turn_number": 16,
    "npz_file": "B330F9C802154800.npz",
    "board_tensor_file": "pos_4796/board.npy",
    "sgf_file": "pos_4796/game.sgf"
  },
  "nmf_analysis": {
    "activation_strength": 0.8748319149017334,
    "rank_in_part": 1,
    "activation_in_other_parts": [
      2475.427734375,
      0.0,
      0.0,
      60.13861846923828,
      103.20602416992188,
      0.0,
      0.31225407123565674,
      21.808013916015625,
      0.13417096436023712,
      0.05065202713012695,
      4.425041198730469,
      0.0,
      0.0,
      0.0,
      15.025961875915527,
      0.0,
      0.0,
      0.0,
      0.35400569438934326,
      0.0,
      0.04859894886612892,
      0.0,
      0.0134192556142807,
      0.24235299229621887,
      0.8748319149017334
    ],
    "channel_activity": [
      49,
      13,
      14,
      2,
      3,
      7,
      0,
      0,
      0,
      1,
      1,
      1,
      1,
      1,
      1,
      3,
      1,
      0,
      0,
      0,
      0,
      0
    ],
    "top_active_channels": [
      [
        0,
        49
      ],
      [
        2,
        14
      ],
      [
        1,
        13
      ],
      [
        5,
        7
      ],
      [
        4,
        3
      ]
    ],
    "total_board_activity": 98
  },
  "go_pattern_analysis": {
    "move_type": "corner",
    "game_phase": "opening",
    "turn_number": 16,
    "policy_entropy": 1.17888285228555,
    "policy_confidence": 0.6991525423728814,
    "top_policy_moves": [
      {
        "coord": "(0,1)",
        "percentage": 69.9,
        "count": 330
      },
      {
        "coord": "(2,6)",
        "percentage": 19.5,
        "count": 92
      },
      {
        "coord": "(4,6)",
        "percentage": 10.4,
        "count": 49
      },
      {
        "coord": "(2,0)",
        "percentage": 0.2,
        "count": 1
      }
    ],
    "total_policy_counts": 472
  },
  "part_comparison": {
    "uniqueness_score": 0.0003532815317157656,
    "similar_positions": [
      4794,
      1953,
      1952,
      4893,
      4798
    ],
    "part_rank": 1,
    "max_other_part_activation": 2475.427734375,
    "activation_percentile": 99.98485536877178
  }
}