{
  "position_info": {
    "part": 11,
    "rank": 1,
    "global_position": 770,
    "move_coordinate": "B4",
    "turn_number": 12,
    "npz_file": "1906C337F5CDAFA9.npz",
    "board_tensor_file": "pos_770/board.npy",
    "sgf_file": "pos_770/game.sgf"
  },
  "nmf_analysis": {
    "activation_strength": 0.9597525596618652,
    "rank_in_part": 1,
    "activation_in_other_parts": [
      22.453187942504883,
      4.720462322235107,
      92.5911636352539,
      311.9688720703125,
      259.7762451171875,
      0.0,
      0.0,
      0.0,
      0.0,
      0.0,
      0.0,
      0.9597525596618652,
      0.29861390590667725,
      0.0,
      0.1473141610622406,
      0.0,
      0.02602703869342804,
      0.0,
      0.014926642179489136,
      0.0,
      0.484732985496521,
      0.06770109385251999,
      0.006188191473484039,
      0.0,
      0.0
    ],
    "channel_activity": [
      49,
      5,
      6,
      0,
      0,
      1,
      0,
      0,
      0,
      1,
      1,
      1,
      1,
      1,
      0,
      1,
      0,
      0,
      5,
      6,
      0,
      0
    ],
    "top_active_channels": [
      [
        0,
        49
      ],
      [
        2,
        6
      ],
      [
        19,
        6
      ],
      [
        1,
        5
      ],
      [
        18,
        5
      ]
    ],
    "total_board_activity": 78
  },
  "go_pattern_analysis": {
    "move_type": "side",
    "game_phase": "opening",
    "turn_number": 12,
    "policy_entropy": 1.2222458281461794,
    "policy_confidence": 0.652,
    "top_policy_moves": [
      {
        "coord": "(3,1)",
        "percentage": 65.2,
        "count": 163
      },
      {
        "coord": "(5,6)",
        "percentage": 25.6,
        "count": 64
      },
      {
        "coord": "(1,3)",
        "percentage": 9.2,
        "count": 23
      }
    ],
    "total_policy_counts": 250
  },
  "part_comparison": {
    "uniqueness_score": 0.0030670014675706625,
    "similar_positions": [
      2664,
      3363,
      4243,
      771,
      3827
    ],
    "part_rank": 1,
    "max_other_part_activation": 311.9688720703125,
    "activation_percentile": 99.98485536877178
  }
}