{
  "position_info": {
    "part": 8,
    "rank": 16,
    "global_position": 4869,
    "move_coordinate": "F5",
    "turn_number": 11,
    "npz_file": "B330F9C802154800.npz",
    "board_tensor_file": "pos_4869/board.npy",
    "sgf_file": "pos_4869/game.sgf"
  },
  "nmf_analysis": {
    "activation_strength": 0.7056581974029541,
    "rank_in_part": 16,
    "activation_in_other_parts": [
      3609.093017578125,
      191.49981689453125,
      32.58427047729492,
      22.770540237426758,
      13.193126678466797,
      18.67725944519043,
      0.19588200747966766,
      0.0,
      0.7056581974029541,
      0.3458157479763031,
      45.48542022705078,
      0.0,
      0.17773601412773132,
      0.0,
      26.8370418548584,
      0.0,
      0.0,
      0.0,
      0.0,
      0.0,
      0.0,
      0.006555140018463135,
      0.26656073331832886,
      0.10496081411838531,
      0.0
    ],
    "channel_activity": [
      49,
      6,
      7,
      2,
      4,
      1,
      0,
      0,
      0,
      1,
      1,
      1,
      1,
      1,
      1,
      1,
      3,
      0,
      6,
      7,
      0,
      0
    ],
    "top_active_channels": [
      [
        0,
        49
      ],
      [
        2,
        7
      ],
      [
        19,
        7
      ],
      [
        1,
        6
      ],
      [
        18,
        6
      ]
    ],
    "total_board_activity": 92
  },
  "go_pattern_analysis": {
    "move_type": "corner",
    "game_phase": "opening",
    "turn_number": 11,
    "policy_entropy": 0.03820501824210176,
    "policy_confidence": 0.9959266802443992,
    "top_policy_moves": [
      {
        "coord": "(4,5)",
        "percentage": 99.6,
        "count": 489
      },
      {
        "coord": "(2,5)",
        "percentage": 0.4,
        "count": 2
      }
    ],
    "total_policy_counts": 491
  },
  "part_comparison": {
    "uniqueness_score": 0.00019548408454284072,
    "similar_positions": [
      6368,
      88,
      4550,
      1244,
      1578
    ],
    "part_rank": 16,
    "max_other_part_activation": 3609.093017578125,
    "activation_percentile": 99.75768590034832
  }
}