{
  "position_info": {
    "part": 4,
    "rank": 4,
    "global_position": 1821,
    "move_coordinate": "D5",
    "turn_number": 5,
    "npz_file": "1D638D50844BD930.npz",
    "board_tensor_file": "pos_1821/board.npy",
    "sgf_file": "pos_1821/game.sgf"
  },
  "nmf_analysis": {
    "activation_strength": 0.8315610885620117,
    "rank_in_part": 4,
    "activation_in_other_parts": [
      0.46810972690582275,
      0.3870750069618225,
      0.0,
      0.02768179215490818,
      0.8315610885620117,
      0.021400680765509605,
      0.0,
      0.0,
      0.007434165570884943,
      0.2542691230773926,
      0.0,
      0.0,
      0.003928092308342457,
      0.0,
      0.0,
      0.0,
      0.4688078761100769,
      0.0,
      0.03066316992044449,
      0.0,
      0.0,
      0.015510136261582375,
      0.053132057189941406,
      0.0,
      0.16027425229549408
    ],
    "channel_activity": [
      49,
      0,
      1,
      0,
      0,
      0,
      0,
      0,
      0,
      1,
      0,
      0,
      0,
      0,
      0,
      0,
      0,
      0,
      0,
      0,
      0,
      0
    ],
    "top_active_channels": [
      [
        0,
        49
      ],
      [
        2,
        1
      ],
      [
        9,
        1
      ],
      [
        1,
        0
      ],
      [
        3,
        0
      ]
    ],
    "total_board_activity": 51
  },
  "go_pattern_analysis": {
    "move_type": "side",
    "game_phase": "opening",
    "turn_number": 5,
    "policy_entropy": 1.9267303207641915,
    "policy_confidence": 0.37037037037037035,
    "top_policy_moves": [
      {
        "coord": "(4,3)",
        "percentage": 37.0,
        "count": 50
      },
      {
        "coord": "(2,3)",
        "percentage": 27.4,
        "count": 37
      },
      {
        "coord": "(2,4)",
        "percentage": 19.3,
        "count": 26
      },
      {
        "coord": "(4,4)",
        "percentage": 16.3,
        "count": 22
      }
    ],
    "total_policy_counts": 135
  },
  "part_comparison": {
    "uniqueness_score": 0.6394808292388916,
    "similar_positions": [
      6366,
      4410,
      2582,
      4993,
      6372
    ],
    "part_rank": 4,
    "max_other_part_activation": 0.4688078761100769,
    "activation_percentile": 99.93942147508709
  }
}