{
  "position_info": {
    "part": 0,
    "rank": 8,
    "global_position": 1821,
    "move_coordinate": "D5",
    "turn_number": 5,
    "npz_file": "1D638D50844BD930.npz",
    "board_tensor_file": "pos_1821/board.npy",
    "sgf_file": "pos_1821/game.sgf"
  },
  "nmf_analysis": {
    "activation_strength": 0.31398141384124756,
    "rank_in_part": 8,
    "activation_in_other_parts": [
      0.31398141384124756,
      0.07506440579891205,
      0.0,
      0.032492902129888535,
      0.022066567093133926,
      0.04953166842460632,
      0.017322449013590813,
      0.08869913220405579,
      0.0,
      0.2460954785346985,
      0.0,
      0.0,
      0.06533735245466232,
      0.029737668111920357,
      0.0,
      0.0,
      0.007651128340512514,
      0.0,
      0.017683155834674835,
      0.08754944056272507,
      0.0,
      0.11204984784126282,
      0.0,
      0.0,
      0.15215793251991272,
      0.005124577786773443,
      0.0,
      0.001948357094079256,
      0.24838371574878693,
      0.0,
      0.04408218711614609,
      0.9217559695243835,
      0.08503206074237823,
      0.020348431542515755,
      0.0,
      0.0,
      0.0,
      0.0,
      0.40439358353614807,
      0.008044051006436348,
      0.11388053745031357,
      0.016507603228092194,
      0.04376937076449394,
      0.0,
      0.0037140699569135904,
      0.04760891571640968,
      0.0,
      0.0,
      0.19982509315013885,
      0.002615765668451786
    ],
    "channel_activity": [
      49,
      0,
      1,
      0,
      0,
      0,
      0,
      0,
      0,
      1,
      0,
      0,
      0,
      0,
      0,
      0,
      0,
      0,
      0,
      0,
      0,
      0
    ],
    "top_active_channels": [
      [
        0,
        49
      ],
      [
        2,
        1
      ],
      [
        9,
        1
      ],
      [
        1,
        0
      ],
      [
        3,
        0
      ]
    ],
    "total_board_activity": 51
  },
  "go_pattern_analysis": {
    "move_type": "side",
    "game_phase": "opening",
    "turn_number": 5,
    "policy_entropy": 1.9267303207641915,
    "policy_confidence": 0.37037037037037035,
    "top_policy_moves": [
      {
        "coord": "(4,3)",
        "percentage": 37.0,
        "count": 50
      },
      {
        "coord": "(2,3)",
        "percentage": 27.4,
        "count": 37
      },
      {
        "coord": "(2,4)",
        "percentage": 19.3,
        "count": 26
      },
      {
        "coord": "(4,4)",
        "percentage": 16.3,
        "count": 22
      }
    ],
    "total_policy_counts": 135
  },
  "part_comparison": {
    "uniqueness_score": 0.2540842592716217,
    "similar_positions": [
      6366,
      3536,
      779,
      786,
      3821
    ],
    "part_rank": 8,
    "max_other_part_activation": 0.9217559695243835,
    "activation_percentile": 99.87884295017416
  }
}