{
  "position_info": {
    "part": 20,
    "rank": 16,
    "global_position": 1119,
    "move_coordinate": "C5",
    "turn_number": 4,
    "npz_file": "1D638D50844BD930.npz",
    "board_tensor_file": "pos_1119/board.npy",
    "sgf_file": "pos_1119/game.sgf"
  },
  "nmf_analysis": {
    "activation_strength": 0.8845963478088379,
    "rank_in_part": 16,
    "activation_in_other_parts": [
      2056.612060546875,
      0.0,
      438.2051696777344,
      11.895768165588379,
      123.42296600341797,
      0.29316890239715576,
      0.0,
      0.8388411402702332,
      0.0,
      0.0,
      0.0,
      0.0,
      0.0,
      0.0,
      0.0,
      0.0,
      0.0,
      0.0,
      0.0,
      0.0,
      0.8845963478088379,
      0.0,
      0.0,
      0.0,
      0.0
    ],
    "channel_activity": [
      49,
      11,
      11,
      0,
      4,
      0,
      0,
      0,
      0,
      1,
      1,
      1,
      1,
      1,
      0,
      0,
      0,
      0,
      20,
      29,
      0,
      0
    ],
    "top_active_channels": [
      [
        0,
        49
      ],
      [
        19,
        29
      ],
      [
        18,
        20
      ],
      [
        1,
        11
      ],
      [
        2,
        11
      ]
    ],
    "total_board_activity": 129
  },
  "go_pattern_analysis": {
    "move_type": "corner",
    "game_phase": "opening",
    "turn_number": 4,
    "policy_entropy": 0.8670431604710209,
    "policy_confidence": 0.7270341207349081,
    "top_policy_moves": [
      {
        "coord": "(4,2)",
        "percentage": 72.7,
        "count": 277
      },
      {
        "coord": "PASS",
        "percentage": 27.0,
        "count": 103
      },
      {
        "coord": "(0,3)",
        "percentage": 0.3,
        "count": 1
      }
    ],
    "total_policy_counts": 381
  },
  "part_comparison": {
    "uniqueness_score": 0.00042993819806724787,
    "similar_positions": [
      6482,
      560,
      5115,
      3119,
      4930
    ],
    "part_rank": 16,
    "max_other_part_activation": 2056.612060546875,
    "activation_percentile": 99.75768590034832
  }
}