{
  "position_info": {
    "part": 21,
    "rank": 19,
    "global_position": 5701,
    "move_coordinate": "E5",
    "turn_number": 7,
    "npz_file": "E3CD9898B9AFF870.npz",
    "board_tensor_file": "pos_5701/board.npy",
    "sgf_file": "pos_5701/game.sgf"
  },
  "nmf_analysis": {
    "activation_strength": 0.10346697270870209,
    "rank_in_part": 19,
    "activation_in_other_parts": [
      0.22239281237125397,
      0.0,
      0.0,
      0.03139723837375641,
      0.0225107092410326,
      0.03809744864702225,
      0.09578664600849152,
      0.011720694601535797,
      0.025323115289211273,
      0.17277513444423676,
      0.030612971633672714,
      0.0,
      0.06978921592235565,
      0.0,
      0.014769693836569786,
      0.014627436175942421,
      0.0059618232771754265,
      0.0,
      0.012845341116189957,
      0.02411544695496559,
      0.018729042261838913,
      0.10346697270870209,
      0.017675856128335,
      0.008311375044286251,
      0.1509588062763214,
      0.003068668767809868,
      0.006227557547390461,
      0.0,
      0.10334637761116028,
      0.0,
      0.11738772690296173,
      0.5787393450737,
      0.08290538191795349,
      0.0,
      0.06287965923547745,
      0.0,
      0.0,
      0.0,
      0.4754291772842407,
      0.0,
      0.016344428062438965,
      0.05008934438228607,
      0.13652805984020233,
      0.0,
      0.0,
      0.1407604217529297,
      0.0,
      0.0,
      0.3781302869319916,
      0.13621193170547485
    ],
    "channel_activity": [
      49,
      1,
      2,
      0,
      1,
      2,
      0,
      0,
      0,
      1,
      1,
      1,
      0,
      0,
      0,
      0,
      0,
      0,
      0,
      0,
      0,
      0
    ],
    "top_active_channels": [
      [
        0,
        49
      ],
      [
        2,
        2
      ],
      [
        5,
        2
      ],
      [
        1,
        1
      ],
      [
        4,
        1
      ]
    ],
    "total_board_activity": 58
  },
  "go_pattern_analysis": {
    "move_type": "corner",
    "game_phase": "opening",
    "turn_number": 7,
    "policy_entropy": 1.0953175707760057,
    "policy_confidence": 0.6403508771929824,
    "top_policy_moves": [
      {
        "coord": "(4,4)",
        "percentage": 64.0,
        "count": 146
      },
      {
        "coord": "(2,2)",
        "percentage": 33.3,
        "count": 76
      },
      {
        "coord": "(4,3)",
        "percentage": 2.2,
        "count": 5
      },
      {
        "coord": "(2,4)",
        "percentage": 0.4,
        "count": 1
      }
    ],
    "total_policy_counts": 228
  },
  "part_comparison": {
    "uniqueness_score": 0.15166522562503815,
    "similar_positions": [
      6366,
      3444,
      4410,
      1821,
      2963
    ],
    "part_rank": 19,
    "max_other_part_activation": 0.5787393450737,
    "activation_percentile": 99.71225200666363
  }
}