{
  "position_info": {
    "part": 1,
    "rank": 14,
    "global_position": 2367,
    "move_coordinate": "C6",
    "turn_number": 1,
    "npz_file": "76F9EC3EB6A76AA0.npz",
    "board_tensor_file": "pos_2367/board.npy",
    "sgf_file": "pos_2367/game.sgf"
  },
  "nmf_analysis": {
    "activation_strength": 0.19263336062431335,
    "rank_in_component": 14,
    "activation_in_other_components": [
      0.060860324651002884,
      0.19263336062431335,
      0.0,
      0.0007010232075117528,
      0.002610188676044345,
      0.03470930829644203,
      0.081037737429142,
      0.0802481397986412,
      0.00787312351167202,
      0.07616275548934937,
      0.010304825380444527,
      0.0,
      0.0,
      0.04665827751159668,
      0.0017594639211893082,
      0.0016169099835678935,
      0.0,
      0.0010339049622416496,
      0.0,
      0.06544578075408936,
      0.008230956271290779,
      0.0048121921718120575,
      0.004698581527918577,
      0.023349566385149956,
      0.0,
      0.0,
      6.770393383703777e-07,
      0.018762342631816864,
      0.12584979832172394,
      0.04858693480491638,
      0.23540331423282623,
      0.06003116816282272,
      0.2455645501613617,
      0.11125362664461136,
      0.03475534915924072,
      0.10844538360834122,
      0.18626536428928375,
      0.0,
      0.10250882804393768,
      0.20432312786579132,
      0.14834639430046082,
      0.3129529654979706,
      0.004396066069602966,
      0.0,
      0.13222599029541016,
      0.0,
      0.07904808968305588,
      0.3046109676361084,
      0.09753488749265671,
      0.4080120027065277
    ],
    "channel_activity": [
      49,
      10,
      10,
      0,
      6,
      7,
      0,
      0,
      0,
      1,
      1,
      1,
      1,
      1,
      0,
      0,
      1,
      0,
      10,
      10,
      0,
      0
    ],
    "top_active_channels": [
      [
        0,
        49
      ],
      [
        1,
        10
      ],
      [
        2,
        10
      ],
      [
        18,
        10
      ],
      [
        19,
        10
      ]
    ],
    "total_board_activity": 108
  },
  "go_pattern_analysis": {
    "move_type": "corner",
    "game_phase": "opening",
    "turn_number": 1,
    "policy_entropy": 0.5485863630276824,
    "policy_confidence": 0.9274047186932849,
    "top_policy_moves": [
      {
        "coord": "(5,2)",
        "percentage": 92.7,
        "count": 511
      },
      {
        "coord": "(1,4)",
        "percentage": 2.9,
        "count": 16
      },
      {
        "coord": "(0,4)",
        "percentage": 1.3,
        "count": 7
      },
      {
        "coord": "(1,6)",
        "percentage": 1.1,
        "count": 6
      },
      {
        "coord": "(0,5)",
        "percentage": 0.9,
        "count": 5
      }
    ],
    "total_policy_counts": 551
  },
  "component_comparison": {
    "uniqueness_score": 0.3207106292247772,
    "similar_positions": [
      4536,
      6120,
      6121,
      262,
      536
    ],
    "component_rank": 14,
    "max_other_component_activation": 0.4080120027065277,
    "activation_percentile": 99.78797516280478
  }
}