{
  "position_info": {
    "part": 20,
    "rank": 15,
    "global_position": 4495,
    "move_coordinate": "B5",
    "turn_number": 1,
    "npz_file": "B330F9C802154800.npz",
    "board_tensor_file": "pos_4495/board.npy",
    "sgf_file": "pos_4495/game.sgf"
  },
  "nmf_analysis": {
    "activation_strength": 0.911429762840271,
    "rank_in_part": 15,
    "activation_in_other_parts": [
      2464.747314453125,
      133.8204803466797,
      0.0,
      252.273193359375,
      143.2584228515625,
      0.0,
      0.21386581659317017,
      0.0,
      0.29588961601257324,
      0.0,
      0.20150405168533325,
      0.3567260503768921,
      0.2245413213968277,
      0.0,
      0.0,
      0.0,
      0.36654889583587646,
      0.0,
      0.0071948617696762085,
      0.0,
      0.911429762840271,
      0.0,
      0.059200987219810486,
      0.48326361179351807,
      0.0
    ],
    "channel_activity": [
      49,
      8,
      9,
      0,
      8,
      0,
      0,
      0,
      0,
      1,
      1,
      1,
      1,
      1,
      2,
      1,
      1,
      1,
      0,
      0,
      0,
      0
    ],
    "top_active_channels": [
      [
        0,
        49
      ],
      [
        2,
        9
      ],
      [
        1,
        8
      ],
      [
        4,
        8
      ],
      [
        14,
        2
      ]
    ],
    "total_board_activity": 84
  },
  "go_pattern_analysis": {
    "move_type": "corner",
    "game_phase": "opening",
    "turn_number": 1,
    "policy_entropy": 0.6323011381586877,
    "policy_confidence": 0.8664772727272727,
    "top_policy_moves": [
      {
        "coord": "(4,1)",
        "percentage": 86.6,
        "count": 305
      },
      {
        "coord": "(5,0)",
        "percentage": 11.9,
        "count": 42
      },
      {
        "coord": "(6,2)",
        "percentage": 1.4,
        "count": 5
      }
    ],
    "total_policy_counts": 352
  },
  "part_comparison": {
    "uniqueness_score": 0.000369649613276124,
    "similar_positions": [
      4796,
      4794,
      3687,
      4792,
      1372
    ],
    "part_rank": 15,
    "max_other_part_activation": 2464.747314453125,
    "activation_percentile": 99.77283053157655
  }
}