{
  "position_info": {
    "part": 15,
    "rank": 6,
    "global_position": 1584,
    "move_coordinate": "F1",
    "turn_number": 1,
    "npz_file": "1D638D50844BD930.npz",
    "board_tensor_file": "pos_1584/board.npy",
    "sgf_file": "pos_1584/game.sgf"
  },
  "nmf_analysis": {
    "activation_strength": 0.44517508149147034,
    "rank_in_part": 6,
    "activation_in_other_parts": [
      0.06207865849137306,
      0.14378829300403595,
      0.13298717141151428,
      0.01878679357469082,
      0.03083687461912632,
      0.16233666241168976,
      0.23971392214298248,
      0.20945368707180023,
      0.2656639814376831,
      0.19689135253429413,
      0.07712127268314362,
      0.035084422677755356,
      0.07439083606004715,
      0.04557868838310242,
      0.12348517030477524,
      0.44517508149147034,
      0.2463528960943222,
      0.011651363223791122,
      0.03244811296463013,
      0.2228967398405075,
      0.0,
      0.11271952092647552,
      0.03659128025174141,
      0.23712489008903503,
      0.2925381362438202
    ],
    "channel_activity": [
      49,
      6,
      7,
      2,
      0,
      6,
      0,
      0,
      0,
      1,
      1,
      1,
      1,
      1,
      0,
      1,
      1,
      0,
      0,
      0,
      0,
      0
    ],
    "top_active_channels": [
      [
        0,
        49
      ],
      [
        2,
        7
      ],
      [
        1,
        6
      ],
      [
        5,
        6
      ],
      [
        3,
        2
      ]
    ],
    "total_board_activity": 77
  },
  "go_pattern_analysis": {
    "move_type": "corner",
    "game_phase": "opening",
    "turn_number": 1,
    "policy_entropy": -0.0,
    "policy_confidence": 1.0,
    "top_policy_moves": [
      {
        "coord": "(0,5)",
        "percentage": 100.0,
        "count": 348
      }
    ],
    "total_policy_counts": 348
  },
  "part_comparison": {
    "uniqueness_score": 0.603452742099762,
    "similar_positions": [
      4580,
      4581,
      3622,
      4195,
      3156
    ],
    "part_rank": 5,
    "max_other_part_activation": 0.2925381362438202,
    "activation_percentile": 99.92427684385885
  }
}