{
  "position_info": {
    "part": 40,
    "rank": 17,
    "global_position": 3716,
    "move_coordinate": "F2",
    "turn_number": 11,
    "npz_file": "AAE4EE8DC9A92FFF.npz",
    "board_tensor_file": "pos_3716/board.npy",
    "sgf_file": "pos_3716/game.sgf"
  },
  "nmf_analysis": {
    "activation_strength": 0.46911928057670593,
    "rank_in_part": 17,
    "activation_in_other_parts": [
      0.03386218100786209,
      0.013599769212305546,
      0.0,
      0.011942626908421516,
      0.017328444868326187,
      0.0018078553257510066,
      0.0039816610515117645,
      0.0023391451686620712,
      0.006498103961348534,
      0.0,
      0.0056170132011175156,
      0.054062794893980026,
      0.002634966280311346,
      0.0007518240599893034,
      0.008914057165384293,
      0.10517064481973648,
      0.013644346967339516,
      0.00024484001914970577,
      0.021367734298110008,
      0.0,
      0.011139966547489166,
      0.003925881814211607,
      0.008071855641901493,
      0.0,
      0.0006148344255052507,
      0.006726075429469347,
      0.0037398107815533876,
      0.021548878401517868,
      0.0,
      0.21885742247104645,
      0.030727067962288857,
      0.14007999002933502,
      0.0,
      0.0,
      0.0,
      0.29031676054000854,
      0.01293890830129385,
      0.1383073329925537,
      0.4895046353340149,
      0.003821075428277254,
      0.46911928057670593,
      0.0,
      0.15533936023712158,
      0.18770727515220642,
      0.0,
      0.0,
      0.0,
      0.03139249235391617,
      0.21565602719783783,
      0.3737296760082245
    ],
    "channel_activity": [
      49,
      3,
      3,
      0,
      0,
      0,
      0,
      0,
      0,
      1,
      1,
      1,
      1,
      1,
      0,
      0,
      0,
      0,
      0,
      0,
      0,
      0
    ],
    "top_active_channels": [
      [
        0,
        49
      ],
      [
        1,
        3
      ],
      [
        2,
        3
      ],
      [
        9,
        1
      ],
      [
        10,
        1
      ]
    ],
    "total_board_activity": 60
  },
  "go_pattern_analysis": {
    "move_type": "corner",
    "game_phase": "opening",
    "turn_number": 11,
    "policy_entropy": 0.3799407792238194,
    "policy_confidence": 0.9502664298401421,
    "top_policy_moves": [
      {
        "coord": "(1,5)",
        "percentage": 95.0,
        "count": 535
      },
      {
        "coord": "(3,1)",
        "percentage": 2.5,
        "count": 14
      },
      {
        "coord": "(3,5)",
        "percentage": 1.4,
        "count": 8
      },
      {
        "coord": "(3,0)",
        "percentage": 0.4,
        "count": 2
      },
      {
        "coord": "(5,1)",
        "percentage": 0.4,
        "count": 2
      }
    ],
    "total_policy_counts": 563
  },
  "part_comparison": {
    "uniqueness_score": 0.48936739563941956,
    "similar_positions": [
      1757,
      4189,
      3451,
      747,
      6471
    ],
    "part_rank": 17,
    "max_other_part_activation": 0.4895046353340149,
    "activation_percentile": 99.7425412691201
  }
}