{
  "position_info": {
    "part": 16,
    "rank": 3,
    "global_position": 6010,
    "move_coordinate": "PASS",
    "turn_number": 1,
    "npz_file": "E3CD9898B9AFF870.npz",
    "board_tensor_file": "pos_6010/board.npy",
    "sgf_file": "pos_6010/game.sgf"
  },
  "nmf_analysis": {
    "activation_strength": 0.5602573752403259,
    "rank_in_part": 3,
    "activation_in_other_parts": [
      909.2882690429688,
      142.98797607421875,
      48.3426399230957,
      123.96150207519531,
      0.0,
      0.0,
      0.0,
      35.36208724975586,
      0.0,
      0.11481056362390518,
      15.7595796585083,
      0.0,
      0.0,
      0.0,
      0.0,
      0.0,
      0.5602573752403259,
      0.0,
      0.0,
      0.0,
      0.0,
      0.0,
      0.0,
      0.0,
      0.0
    ],
    "channel_activity": [
      49,
      8,
      8,
      0,
      0,
      0,
      0,
      0,
      0,
      1,
      1,
      1,
      1,
      1,
      0,
      0,
      1,
      0,
      8,
      8,
      0,
      0
    ],
    "top_active_channels": [
      [
        0,
        49
      ],
      [
        1,
        8
      ],
      [
        2,
        8
      ],
      [
        18,
        8
      ],
      [
        19,
        8
      ]
    ],
    "total_board_activity": 87
  },
  "go_pattern_analysis": {
    "move_type": "pass",
    "game_phase": "opening",
    "turn_number": 1,
    "policy_entropy": -0.0,
    "policy_confidence": 1.0,
    "top_policy_moves": [
      {
        "coord": "PASS",
        "percentage": 100.0,
        "count": 542
      }
    ],
    "total_policy_counts": 542
  },
  "part_comparison": {
    "uniqueness_score": 0.0006157699390314519,
    "similar_positions": [
      2322,
      4331,
      5518,
      4882,
      6412
    ],
    "part_rank": 3,
    "max_other_part_activation": 909.2882690429688,
    "activation_percentile": 99.95456610631531
  }
}