{
  "position_info": {
    "part": 44,
    "rank": 9,
    "global_position": 2265,
    "move_coordinate": "A1",
    "turn_number": 1,
    "npz_file": "76F9EC3EB6A76AA0.npz",
    "board_tensor_file": "pos_2265/board.npy",
    "sgf_file": "pos_2265/game.sgf"
  },
  "nmf_analysis": {
    "activation_strength": 0.30090436339378357,
    "rank_in_component": 9,
    "activation_in_other_components": [
      0.009097378700971603,
      0.047996439039707184,
      0.0,
      0.003369819140061736,
      0.0087888790294528,
      0.0013662435812875628,
      0.24855849146842957,
      0.008291816338896751,
      0.0318143405020237,
      0.07128042727708817,
      0.04188920184969902,
      0.027402380481362343,
      0.04388327896595001,
      0.0014754616422578692,
      0.004195757210254669,
      0.06181377172470093,
      0.0,
      0.00014275242574512959,
      0.0005652121035382152,
      0.0,
      0.008827979676425457,
      0.04608190804719925,
      0.007654925808310509,
      0.05951772630214691,
      0.09446600079536438,
      0.0,
      0.002452348591759801,
      0.03952021524310112,
      0.08312167972326279,
      0.22876308858394623,
      0.12167361378669739,
      0.17774854600429535,
      0.0,
      0.1811356246471405,
      0.14262668788433075,
      0.0,
      0.06710392981767654,
      0.11024779826402664,
      0.1328437775373459,
      0.03209098055958748,
      0.061985183507204056,
      0.07329999655485153,
      0.0,
      0.03834798187017441,
      0.30090436339378357,
      0.07025395333766937,
      0.037023209035396576,
      0.2663806676864624,
      0.3932924270629883,
      0.22681322693824768
    ],
    "channel_activity": [
      49,
      6,
      7,
      1,
      2,
      2,
      0,
      0,
      0,
      1,
      1,
      1,
      1,
      1,
      0,
      1,
      2,
      0,
      6,
      7,
      0,
      0
    ],
    "top_active_channels": [
      [
        0,
        49
      ],
      [
        2,
        7
      ],
      [
        19,
        7
      ],
      [
        1,
        6
      ],
      [
        18,
        6
      ]
    ],
    "total_board_activity": 88
  },
  "go_pattern_analysis": {
    "move_type": "corner",
    "game_phase": "opening",
    "turn_number": 1,
    "policy_entropy": 5.643856189774725,
    "policy_confidence": 0.02,
    "top_policy_moves": [
      {
        "coord": "PASS",
        "percentage": 2.0,
        "count": 1
      },
      {
        "coord": "(1,5)",
        "percentage": 2.0,
        "count": 1
      },
      {
        "coord": "(3,1)",
        "percentage": 2.0,
        "count": 1
      },
      {
        "coord": "(3,0)",
        "percentage": 2.0,
        "count": 1
      },
      {
        "coord": "(2,6)",
        "percentage": 2.0,
        "count": 1
      }
    ],
    "total_policy_counts": 50
  },
  "component_comparison": {
    "uniqueness_score": 0.4334568381309509,
    "similar_positions": [
      286,
      4869,
      287,
      5778,
      3834
    ],
    "component_rank": 9,
    "max_other_component_activation": 0.3932924270629883,
    "activation_percentile": 99.86369831894594
  }
}