{
  "position_info": {
    "part": 1,
    "rank": 10,
    "global_position": 4887,
    "move_coordinate": "PASS",
    "turn_number": 1,
    "npz_file": "B330F9C802154800.npz",
    "board_tensor_file": "pos_4887/board.npy",
    "sgf_file": "pos_4887/game.sgf"
  },
  "nmf_analysis": {
    "activation_strength": 0.19835393130779266,
    "rank_in_part": 10,
    "activation_in_other_parts": [
      0.012743595987558365,
      0.19835393130779266,
      0.0,
      0.0,
      0.0,
      0.03023037314414978,
      0.0,
      0.07942000031471252,
      0.014836912974715233,
      0.12278091907501221,
      0.01966591738164425,
      0.004540068097412586,
      0.021369827911257744,
      0.047045525163412094,
      0.007708860095590353,
      0.00395604083314538,
      0.0,
      0.0014353131409734488,
      0.0,
      0.05444784089922905,
      0.01171191781759262,
      0.020759571343660355,
      0.010671311058104038,
      0.0,
      0.009215930476784706,
      0.0,
      0.004864233545958996,
      0.0,
      0.12648053467273712,
      0.0882875844836235,
      0.14909642934799194,
      0.09040841460227966,
      0.06389577686786652,
      0.21295233070850372,
      0.05063772201538086,
      0.10748152434825897,
      0.3098340630531311,
      0.014330563135445118,
      0.07848907262086868,
      0.31813400983810425,
      0.06387513875961304,
      0.20611056685447693,
      0.0,
      0.04257175326347351,
      0.12783867120742798,
      0.06328722089529037,
      0.06683871895074844,
      0.2746356129646301,
      0.13834482431411743,
      0.3813686966896057
    ],
    "channel_activity": [
      49,
      11,
      11,
      0,
      6,
      10,
      0,
      0,
      0,
      1,
      1,
      1,
      1,
      1,
      0,
      0,
      0,
      0,
      0,
      0,
      0,
      0
    ],
    "top_active_channels": [
      [
        0,
        49
      ],
      [
        1,
        11
      ],
      [
        2,
        11
      ],
      [
        5,
        10
      ],
      [
        4,
        6
      ]
    ],
    "total_board_activity": 92
  },
  "go_pattern_analysis": {
    "move_type": "pass",
    "game_phase": "opening",
    "turn_number": 1,
    "policy_entropy": 1.750827413713089,
    "policy_confidence": 0.6892655367231638,
    "top_policy_moves": [
      {
        "coord": "PASS",
        "percentage": 68.9,
        "count": 122
      },
      {
        "coord": "(1,1)",
        "percentage": 6.8,
        "count": 12
      },
      {
        "coord": "(0,2)",
        "percentage": 5.1,
        "count": 9
      },
      {
        "coord": "(2,6)",
        "percentage": 4.5,
        "count": 8
      },
      {
        "coord": "(2,5)",
        "percentage": 4.5,
        "count": 8
      }
    ],
    "total_policy_counts": 177
  },
  "part_comparison": {
    "uniqueness_score": 0.3421531617641449,
    "similar_positions": [
      4536,
      6120,
      6121,
      262,
      536
    ],
    "part_rank": 10,
    "max_other_part_activation": 0.3813686966896057,
    "activation_percentile": 99.8485536877177
  }
}