{
  "position_info": {
    "part": 34,
    "rank": 1,
    "global_position": 5507,
    "move_coordinate": "A1",
    "turn_number": 33,
    "npz_file": "BADFFB51627F24FD.npz",
    "board_tensor_file": "pos_5507/board.npy",
    "sgf_file": "pos_5507/game.sgf"
  },
  "nmf_analysis": {
    "activation_strength": 0.6888757348060608,
    "rank_in_part": 1,
    "activation_in_other_parts": [
      0.07084851711988449,
      0.053572628647089005,
      0.0,
      0.018773097544908524,
      0.02140951342880726,
      0.03618243709206581,
      0.0,
      0.006206560414284468,
      0.04200812801718712,
      0.08763038367033005,
      0.03499816358089447,
      0.01990123651921749,
      0.0484158918261528,
      0.012517843395471573,
      0.01231632474809885,
      0.0,
      0.003113278653472662,
      0.0006404308951459825,
      0.006203023251146078,
      0.0040555959567427635,
      0.02564716525375843,
      0.061841417104005814,
      0.01986781693994999,
      0.02369173988699913,
      0.08965533971786499,
      0.001471319585107267,
      0.0025750009808689356,
      0.005203350447118282,
      0.16830529272556305,
      0.2497929185628891,
      0.023583244532346725,
      0.04335399717092514,
      0.026407714933156967,
      0.37504321336746216,
      0.6888757348060608,
      0.0,
      0.12019579112529755,
      0.0,
      0.0,
      0.0,
      0.0,
      0.15151897072792053,
      0.0,
      0.061532460153102875,
      0.0,
      0.024173486977815628,
      0.0,
      0.08073079586029053,
      0.18242661654949188,
      0.40460318326950073
    ],
    "channel_activity": [
      49,
      12,
      16,
      0,
      0,
      1,
      0,
      0,
      0,
      0,
      1,
      0,
      1,
      0,
      0,
      0,
      1,
      0,
      20,
      29,
      11,
      12
    ],
    "top_active_channels": [
      [
        0,
        49
      ],
      [
        19,
        29
      ],
      [
        18,
        20
      ],
      [
        2,
        16
      ],
      [
        1,
        12
      ]
    ],
    "total_board_activity": 153
  },
  "go_pattern_analysis": {
    "move_type": "corner",
    "game_phase": "middle_game",
    "turn_number": 33,
    "policy_entropy": 5.643856189774725,
    "policy_confidence": 0.02,
    "top_policy_moves": [
      {
        "coord": "PASS",
        "percentage": 2.0,
        "count": 1
      },
      {
        "coord": "(1,5)",
        "percentage": 2.0,
        "count": 1
      },
      {
        "coord": "(3,1)",
        "percentage": 2.0,
        "count": 1
      },
      {
        "coord": "(3,0)",
        "percentage": 2.0,
        "count": 1
      },
      {
        "coord": "(2,6)",
        "percentage": 2.0,
        "count": 1
      }
    ],
    "total_policy_counts": 50
  },
  "part_comparison": {
    "uniqueness_score": 0.6299853920936584,
    "similar_positions": [
      2387,
      1466,
      460,
      2776,
      81
    ],
    "part_rank": 1,
    "max_other_part_activation": 0.40460318326950073,
    "activation_percentile": 99.98485536877178
  }
}