{
  "position_info": {
    "part": 45,
    "rank": 17,
    "global_position": 4999,
    "move_coordinate": "C4",
    "turn_number": 6,
    "npz_file": "B330F9C802154800.npz",
    "board_tensor_file": "pos_4999/board.npy",
    "sgf_file": "pos_4999/game.sgf"
  },
  "nmf_analysis": {
    "activation_strength": 0.40562447905540466,
    "rank_in_part": 17,
    "activation_in_other_parts": [
      0.0,
      0.050820089876651764,
      0.0,
      0.0,
      0.0,
      0.0,
      0.16088555753231049,
      0.04604935273528099,
      0.0,
      0.15009915828704834,
      0.0,
      0.0707947388291359,
      0.039606090635061264,
      0.0017988375620916486,
      0.0,
      0.12958529591560364,
      0.0,
      0.0,
      0.0,
      0.026748351752758026,
      0.0,
      0.06429487466812134,
      0.0,
      0.006193160079419613,
      0.07910247892141342,
      0.0,
      0.0,
      0.0060496861115098,
      0.0013951989822089672,
      0.0,
      0.0,
      0.2632187306880951,
      0.25917527079582214,
      0.0,
      0.0,
      0.2055441439151764,
      0.0,
      0.0,
      0.6752198934555054,
      0.0,
      0.0,
      0.0,
      0.11048268526792526,
      0.06740249693393707,
      0.007900729775428772,
      0.40562447905540466,
      0.0,
      0.0,
      0.0002502906136214733,
      0.4658524990081787
    ],
    "channel_activity": [
      49,
      0,
      0,
      0,
      0,
      0,
      0,
      0,
      0,
      0,
      0,
      0,
      0,
      0,
      0,
      0,
      0,
      0,
      0,
      0,
      0,
      0
    ],
    "top_active_channels": [
      [
        0,
        49
      ],
      [
        1,
        0
      ],
      [
        2,
        0
      ],
      [
        3,
        0
      ],
      [
        4,
        0
      ]
    ],
    "total_board_activity": 49
  },
  "go_pattern_analysis": {
    "move_type": "side",
    "game_phase": "opening",
    "turn_number": 6,
    "policy_entropy": 1.9212071636183046,
    "policy_confidence": 0.3961038961038961,
    "top_policy_moves": [
      {
        "coord": "(3,2)",
        "percentage": 39.6,
        "count": 244
      },
      {
        "coord": "(3,4)",
        "percentage": 23.1,
        "count": 142
      },
      {
        "coord": "(2,3)",
        "percentage": 19.0,
        "count": 117
      },
      {
        "coord": "(4,3)",
        "percentage": 18.3,
        "count": 113
      }
    ],
    "total_policy_counts": 616
  },
  "part_comparison": {
    "uniqueness_score": 0.3752847909927368,
    "similar_positions": [
      4832,
      1316,
      3083,
      1491,
      5614
    ],
    "part_rank": 17,
    "max_other_part_activation": 0.6752198934555054,
    "activation_percentile": 99.7425412691201
  }
}