{
  "position_info": {
    "part": 11,
    "rank": 17,
    "global_position": 4999,
    "move_coordinate": "C4",
    "turn_number": 6,
    "npz_file": "B330F9C802154800.npz",
    "board_tensor_file": "pos_4999/board.npy",
    "sgf_file": "pos_4999/game.sgf"
  },
  "nmf_analysis": {
    "activation_strength": 0.4167594313621521,
    "rank_in_part": 17,
    "activation_in_other_parts": [
      0.0,
      0.00487602548673749,
      0.12992995977401733,
      0.08477508276700974,
      0.6403210163116455,
      0.5801859498023987,
      0.06842494755983353,
      0.0,
      0.025896042585372925,
      0.23456420004367828,
      0.0,
      0.4167594313621521,
      0.2985062897205353,
      0.02250145748257637,
      0.05119253322482109,
      0.022769128903746605,
      0.056985802948474884,
      0.02609316073358059,
      0.1205848678946495,
      0.01054170448333025,
      0.059327684342861176,
      0.0,
      0.026444118469953537,
      0.0534699521958828,
      0.2329501062631607
    ],
    "channel_activity": [
      49,
      0,
      0,
      0,
      0,
      0,
      0,
      0,
      0,
      0,
      0,
      0,
      0,
      0,
      0,
      0,
      0,
      0,
      0,
      0,
      0,
      0
    ],
    "top_active_channels": [
      [
        0,
        49
      ],
      [
        1,
        0
      ],
      [
        2,
        0
      ],
      [
        3,
        0
      ],
      [
        4,
        0
      ]
    ],
    "total_board_activity": 49
  },
  "go_pattern_analysis": {
    "move_type": "side",
    "game_phase": "opening",
    "turn_number": 6,
    "policy_entropy": 1.9212071636183046,
    "policy_confidence": 0.3961038961038961,
    "top_policy_moves": [
      {
        "coord": "(3,2)",
        "percentage": 39.6,
        "count": 244
      },
      {
        "coord": "(3,4)",
        "percentage": 23.1,
        "count": 142
      },
      {
        "coord": "(2,3)",
        "percentage": 19.0,
        "count": 117
      },
      {
        "coord": "(4,3)",
        "percentage": 18.3,
        "count": 113
      }
    ],
    "total_policy_counts": 616
  },
  "part_comparison": {
    "uniqueness_score": 0.3942551612854004,
    "similar_positions": [
      4832,
      4266,
      5032,
      5421,
      5031
    ],
    "part_rank": 17,
    "max_other_part_activation": 0.6403210163116455,
    "activation_percentile": 99.7425412691201
  }
}