{
  "position_info": {
    "part": 24,
    "rank": 4,
    "global_position": 4715,
    "move_coordinate": "A4",
    "turn_number": 1,
    "npz_file": "B330F9C802154800.npz",
    "board_tensor_file": "pos_4715/board.npy",
    "sgf_file": "pos_4715/game.sgf"
  },
  "nmf_analysis": {
    "activation_strength": 1.0128731727600098,
    "rank_in_part": 4,
    "activation_in_other_parts": [
      748.8719482421875,
      169.34657287597656,
      0.0,
      266.74920654296875,
      229.38381958007812,
      0.0,
      0.0,
      0.017180509865283966,
      0.0,
      0.0,
      0.26264840364456177,
      0.4494999349117279,
      0.3032996952533722,
      0.0,
      0.0,
      0.44652241468429565,
      0.0,
      0.09066881239414215,
      0.0,
      0.056491196155548096,
      0.33009862899780273,
      0.0,
      0.1459188610315323,
      0.0,
      1.0128731727600098
    ],
    "channel_activity": [
      49,
      4,
      5,
      1,
      1,
      1,
      0,
      0,
      0,
      1,
      1,
      1,
      0,
      0,
      1,
      2,
      0,
      0,
      3,
      3,
      3,
      3
    ],
    "top_active_channels": [
      [
        0,
        49
      ],
      [
        2,
        5
      ],
      [
        1,
        4
      ],
      [
        18,
        3
      ],
      [
        19,
        3
      ]
    ],
    "total_board_activity": 79
  },
  "go_pattern_analysis": {
    "move_type": "side",
    "game_phase": "opening",
    "turn_number": 1,
    "policy_entropy": 1.0858592624690604,
    "policy_confidence": 0.7603833865814696,
    "top_policy_moves": [
      {
        "coord": "(3,0)",
        "percentage": 76.0,
        "count": 238
      },
      {
        "coord": "(3,5)",
        "percentage": 13.7,
        "count": 43
      },
      {
        "coord": "(4,5)",
        "percentage": 8.9,
        "count": 28
      },
      {
        "coord": "(2,5)",
        "percentage": 1.3,
        "count": 4
      }
    ],
    "total_policy_counts": 313
  },
  "part_comparison": {
    "uniqueness_score": 0.001350704929791391,
    "similar_positions": [
      4553,
      88,
      1578,
      4714,
      5388
    ],
    "part_rank": 4,
    "max_other_part_activation": 748.8719482421875,
    "activation_percentile": 99.93942147508709
  }
}