{
  "position_info": {
    "part": 6,
    "rank": 11,
    "global_position": 1933,
    "move_coordinate": "B4",
    "turn_number": 14,
    "npz_file": "1D638D50844BD930.npz",
    "board_tensor_file": "pos_1933/board.npy",
    "sgf_file": "pos_1933/game.sgf"
  },
  "nmf_analysis": {
    "activation_strength": 0.4918859004974365,
    "rank_in_part": 11,
    "activation_in_other_parts": [
      0.0,
      0.1984846144914627,
      0.0,
      0.07376126199960709,
      0.07520700246095657,
      0.28283265233039856,
      0.4918859004974365,
      0.04586152732372284,
      0.08775394409894943,
      0.3900897800922394,
      0.09600304812192917,
      0.08036702126264572,
      0.378245085477829,
      0.012511320412158966,
      0.06744547933340073,
      0.01760764978826046,
      0.04839347302913666,
      0.07134409993886948,
      0.0,
      0.09472708404064178,
      0.08600150048732758,
      0.008013216778635979,
      0.2981325685977936,
      0.07034070789813995,
      0.4221349358558655
    ],
    "channel_activity": [
      49,
      5,
      5,
      0,
      2,
      5,
      0,
      0,
      0,
      1,
      1,
      1,
      1,
      1,
      2,
      1,
      1,
      0,
      0,
      0,
      0,
      0
    ],
    "top_active_channels": [
      [
        0,
        49
      ],
      [
        1,
        5
      ],
      [
        2,
        5
      ],
      [
        5,
        5
      ],
      [
        4,
        2
      ]
    ],
    "total_board_activity": 75
  },
  "go_pattern_analysis": {
    "move_type": "side",
    "game_phase": "opening",
    "turn_number": 14,
    "policy_entropy": -0.0,
    "policy_confidence": 1.0,
    "top_policy_moves": [
      {
        "coord": "(3,1)",
        "percentage": 100.0,
        "count": 175
      }
    ],
    "total_policy_counts": 175
  },
  "part_comparison": {
    "uniqueness_score": 0.5381560921669006,
    "similar_positions": [
      5479,
      4516,
      4603,
      2431,
      4920
    ],
    "part_rank": 11,
    "max_other_part_activation": 0.4221349358558655,
    "activation_percentile": 99.83340905648947
  }
}