{
  "position_info": {
    "part": 21,
    "rank": 6,
    "global_position": 900,
    "move_coordinate": "G4",
    "turn_number": 1,
    "npz_file": "1906C337F5CDAFA9.npz",
    "board_tensor_file": "pos_900/board.npy",
    "sgf_file": "pos_900/game.sgf"
  },
  "nmf_analysis": {
    "activation_strength": 0.34456416964530945,
    "rank_in_part": 6,
    "activation_in_other_parts": [
      0.20944495499134064,
      0.13984259963035583,
      0.15349099040031433,
      0.11462118476629257,
      0.09066162258386612,
      0.04056042432785034,
      0.2547532618045807,
      0.3125770092010498,
      0.09097416698932648,
      0.03718150779604912,
      0.18763385713100433,
      0.03603947162628174,
      0.05916445702314377,
      0.3148082494735718,
      0.2261362373828888,
      0.19296567142009735,
      0.024945994839072227,
      0.21520577371120453,
      0.12327572703361511,
      0.04495479539036751,
      0.06281792372465134,
      0.34456416964530945,
      0.0,
      0.10854864865541458,
      0.11405662447214127
    ],
    "channel_activity": [
      49,
      13,
      13,
      1,
      3,
      2,
      0,
      0,
      0,
      1,
      1,
      1,
      1,
      1,
      0,
      0,
      0,
      0,
      0,
      0,
      0,
      0
    ],
    "top_active_channels": [
      [
        0,
        49
      ],
      [
        1,
        13
      ],
      [
        2,
        13
      ],
      [
        4,
        3
      ],
      [
        5,
        2
      ]
    ],
    "total_board_activity": 86
  },
  "go_pattern_analysis": {
    "move_type": "side",
    "game_phase": "opening",
    "turn_number": 1,
    "policy_entropy": -0.0,
    "policy_confidence": 1.0,
    "top_policy_moves": [
      {
        "coord": "(3,6)",
        "percentage": 100.0,
        "count": 518
      }
    ],
    "total_policy_counts": 518
  },
  "part_comparison": {
    "uniqueness_score": 0.5225638151168823,
    "similar_positions": [
      5384,
      284,
      6524,
      898,
      1705
    ],
    "part_rank": 6,
    "max_other_part_activation": 0.3148082494735718,
    "activation_percentile": 99.90913221263062
  }
}