{
  "position_info": {
    "part": 2,
    "rank": 1,
    "global_position": 6602,
    "move_coordinate": "D6",
    "turn_number": 14,
    "npz_file": "E3CD9898B9AFF870.npz",
    "board_tensor_file": "pos_6602/board.npy",
    "sgf_file": "pos_6602/game.sgf"
  },
  "nmf_analysis": {
    "activation_strength": 0.0,
    "rank_in_part": 1,
    "activation_in_other_parts": [
      0.10849177837371826,
      0.07619200646877289,
      0.0,
      0.005948218517005444,
      0.0,
      0.02600320242345333,
      0.012268800288438797,
      0.03564900532364845,
      0.002097990596666932,
      0.03229092061519623,
      0.005232174880802631,
      0.06498920917510986,
      0.0009237258927896619,
      0.017905503511428833,
      0.0027152723632752895,
      0.09136082231998444,
      0.004518269561231136,
      0.0003604814992286265,
      0.0006288110744208097,
      0.02852706052362919,
      0.00044921465450897813,
      0.008213859982788563,
      0.0022731125354766846,
      0.008524762466549873,
      0.010759728960692883,
      0.0019024217035621405,
      0.0,
      0.006995012052357197,
      0.2626877725124359,
      0.051721636205911636,
      0.3298177719116211,
      0.02314159832894802,
      0.12110784649848938,
      0.005746339913457632,
      0.09882143139839172,
      0.0380026213824749,
      0.07258136570453644,
      0.13484236598014832,
      0.14054808020591736,
      0.0,
      0.17741329967975616,
      0.05542748421430588,
      0.1895255595445633,
      0.11395595222711563,
      0.05520806461572647,
      0.10892782360315323,
      0.18383651971817017,
      0.0017577607650309801,
      0.4569927752017975,
      0.268494576215744
    ],
    "channel_activity": [
      49,
      5,
      6,
      0,
      0,
      1,
      0,
      0,
      0,
      1,
      1,
      1,
      1,
      1,
      0,
      1,
      0,
      0,
      5,
      6,
      0,
      0
    ],
    "top_active_channels": [
      [
        0,
        49
      ],
      [
        2,
        6
      ],
      [
        19,
        6
      ],
      [
        1,
        5
      ],
      [
        18,
        5
      ]
    ],
    "total_board_activity": 78
  },
  "go_pattern_analysis": {
    "move_type": "side",
    "game_phase": "opening",
    "turn_number": 14,
    "policy_entropy": 0.07850978226606894,
    "policy_confidence": 0.9925233644859813,
    "top_policy_moves": [
      {
        "coord": "(5,3)",
        "percentage": 99.3,
        "count": 531
      },
      {
        "coord": "(0,1)",
        "percentage": 0.2,
        "count": 1
      },
      {
        "coord": "(6,6)",
        "percentage": 0.2,
        "count": 1
      },
      {
        "coord": "(3,5)",
        "percentage": 0.2,
        "count": 1
      },
      {
        "coord": "(6,1)",
        "percentage": 0.2,
        "count": 1
      }
    ],
    "total_policy_counts": 535
  },
  "part_comparison": {
    "uniqueness_score": 0.0,
    "similar_positions": [
      2204,
      2194,
      2195,
      2196,
      2197
    ],
    "part_rank": 1,
    "max_other_part_activation": 0.4569927752017975,
    "activation_percentile": 99.98485536877178
  }
}