{
  "position_info": {
    "part": 35,
    "rank": 9,
    "global_position": 3620,
    "move_coordinate": "D6",
    "turn_number": 10,
    "npz_file": "AAE4EE8DC9A92FFF.npz",
    "board_tensor_file": "pos_3620/board.npy",
    "sgf_file": "pos_3620/game.sgf"
  },
  "nmf_analysis": {
    "activation_strength": 0.4679214656352997,
    "rank_in_part": 9,
    "activation_in_other_parts": [
      0.014182028360664845,
      0.04784509167075157,
      0.0,
      0.0,
      0.0,
      0.007903174497187138,
      0.0,
      0.017491506412625313,
      0.00236421637237072,
      0.0,
      0.02628447115421295,
      0.007969913072884083,
      0.0,
      0.017266467213630676,
      0.0,
      0.004607292823493481,
      0.003139137290418148,
      0.0006699005607515574,
      0.004520093556493521,
      0.015781594440340996,
      0.0,
      0.0,
      0.0007089579594321549,
      0.0,
      0.0,
      0.002299614017829299,
      0.0022756175603717566,
      0.02980232983827591,
      0.0,
      0.3911427855491638,
      0.07762850821018219,
      0.05966408923268318,
      0.0960814580321312,
      0.0,
      0.0,
      0.4679214656352997,
      0.01295950822532177,
      0.04468623921275139,
      0.4197194278240204,
      0.0,
      0.42694175243377686,
      0.00990333966910839,
      0.1297866404056549,
      0.17480646073818207,
      0.0018479040591046214,
      0.0,
      0.047493983060121536,
      0.004811149090528488,
      0.23734986782073975,
      0.359314888715744
    ],
    "channel_activity": [
      49,
      5,
      5,
      0,
      2,
      5,
      0,
      0,
      0,
      1,
      1,
      1,
      1,
      1,
      2,
      1,
      1,
      0,
      0,
      0,
      0,
      0
    ],
    "top_active_channels": [
      [
        0,
        49
      ],
      [
        1,
        5
      ],
      [
        2,
        5
      ],
      [
        5,
        5
      ],
      [
        4,
        2
      ]
    ],
    "total_board_activity": 75
  },
  "go_pattern_analysis": {
    "move_type": "side",
    "game_phase": "opening",
    "turn_number": 10,
    "policy_entropy": -0.0,
    "policy_confidence": 1.0,
    "top_policy_moves": [
      {
        "coord": "(5,3)",
        "percentage": 100.0,
        "count": 557
      }
    ],
    "total_policy_counts": 557
  },
  "part_comparison": {
    "uniqueness_score": 0.5228971838951111,
    "similar_positions": [
      4516,
      582,
      2431,
      4515,
      1408
    ],
    "part_rank": 9,
    "max_other_part_activation": 0.42694175243377686,
    "activation_percentile": 99.86369831894594
  }
}