{
  "position_info": {
    "part": 1,
    "rank": 19,
    "global_position": 3620,
    "move_coordinate": "D6",
    "turn_number": 10,
    "npz_file": "AAE4EE8DC9A92FFF.npz",
    "board_tensor_file": "pos_3620/board.npy",
    "sgf_file": "pos_3620/game.sgf"
  },
  "nmf_analysis": {
    "activation_strength": 464.42205810546875,
    "rank_in_part": 19,
    "activation_in_other_parts": [
      0.0,
      464.42205810546875,
      0.0,
      46.03114318847656,
      2.2202906608581543,
      65.8358154296875,
      0.48488572239875793,
      6.552084445953369,
      0.0,
      0.0,
      0.0,
      0.4222703278064728,
      0.0,
      0.17439433932304382,
      62.39772033691406,
      0.0,
      0.0,
      0.0,
      0.005738496780395508,
      0.0,
      0.281884104013443,
      0.0,
      0.0,
      0.0,
      0.0
    ],
    "channel_activity": [
      49,
      5,
      5,
      0,
      2,
      5,
      0,
      0,
      0,
      1,
      1,
      1,
      1,
      1,
      2,
      1,
      1,
      0,
      0,
      0,
      0,
      0
    ],
    "top_active_channels": [
      [
        0,
        49
      ],
      [
        1,
        5
      ],
      [
        2,
        5
      ],
      [
        5,
        5
      ],
      [
        4,
        2
      ]
    ],
    "total_board_activity": 75
  },
  "go_pattern_analysis": {
    "move_type": "side",
    "game_phase": "opening",
    "turn_number": 10,
    "policy_entropy": -0.0,
    "policy_confidence": 1.0,
    "top_policy_moves": [
      {
        "coord": "(5,3)",
        "percentage": 100.0,
        "count": 557
      }
    ],
    "total_policy_counts": 557
  },
  "part_comparison": {
    "uniqueness_score": 0.8758419156074524,
    "similar_positions": [
      3451,
      2267,
      1757,
      5492,
      5359
    ],
    "part_rank": 19,
    "max_other_part_activation": 65.8358154296875,
    "activation_percentile": 99.71225200666363
  }
}