{
  "position_info": {
    "part": 21,
    "rank": 2,
    "global_position": 5535,
    "move_coordinate": "PASS",
    "turn_number": 1,
    "npz_file": "BADFFB51627F24FD.npz",
    "board_tensor_file": "pos_5535/board.npy",
    "sgf_file": "pos_5535/game.sgf"
  },
  "nmf_analysis": {
    "activation_strength": 0.5356366634368896,
    "rank_in_part": 2,
    "activation_in_other_parts": [
      2328.56103515625,
      20.92221450805664,
      95.93802642822266,
      25.923980712890625,
      12.921317100524902,
      3.8869102001190186,
      0.0,
      53.636024475097656,
      0.0,
      0.0,
      0.893523633480072,
      0.0,
      0.0,
      0.0,
      17.750900268554688,
      0.0,
      0.0,
      0.0,
      0.33263736963272095,
      0.0,
      0.0,
      0.5356366634368896,
      0.0,
      0.0,
      0.0
    ],
    "channel_activity": [
      49,
      15,
      14,
      0,
      0,
      13,
      0,
      0,
      0,
      0,
      1,
      1,
      1,
      1,
      0,
      0,
      0,
      0,
      0,
      0,
      0,
      0
    ],
    "top_active_channels": [
      [
        0,
        49
      ],
      [
        1,
        15
      ],
      [
        2,
        14
      ],
      [
        5,
        13
      ],
      [
        10,
        1
      ]
    ],
    "total_board_activity": 95
  },
  "go_pattern_analysis": {
    "move_type": "pass",
    "game_phase": "opening",
    "turn_number": 1,
    "policy_entropy": -0.0,
    "policy_confidence": 1.0,
    "top_policy_moves": [
      {
        "coord": "PASS",
        "percentage": 100.0,
        "count": 152
      }
    ],
    "total_policy_counts": 152
  },
  "part_comparison": {
    "uniqueness_score": 0.0002299761399626732,
    "similar_positions": [
      2298,
      776,
      5533,
      5534,
      3912
    ],
    "part_rank": 2,
    "max_other_part_activation": 2328.56103515625,
    "activation_percentile": 99.96971073754354
  }
}