{
  "position_info": {
    "part": 11,
    "rank": 4,
    "global_position": 4189,
    "move_coordinate": "B4",
    "turn_number": 12,
    "npz_file": "B330F9C802154800.npz",
    "board_tensor_file": "pos_4189/board.npy",
    "sgf_file": "pos_4189/game.sgf"
  },
  "nmf_analysis": {
    "activation_strength": 0.7811837196350098,
    "rank_in_part": 4,
    "activation_in_other_parts": [
      0.0,
      452.0560302734375,
      0.0,
      50.44740676879883,
      1.9507795572280884,
      81.93995666503906,
      0.07560145109891891,
      9.506879806518555,
      0.0,
      0.0,
      0.0,
      0.7811837196350098,
      0.0,
      0.0,
      34.18765640258789,
      0.0,
      0.0,
      0.0,
      0.0,
      0.0,
      0.0,
      0.0,
      0.0,
      0.0,
      0.0
    ],
    "channel_activity": [
      49,
      4,
      4,
      0,
      1,
      1,
      0,
      0,
      0,
      1,
      1,
      1,
      1,
      1,
      1,
      0,
      0,
      0,
      0,
      0,
      0,
      0
    ],
    "top_active_channels": [
      [
        0,
        49
      ],
      [
        1,
        4
      ],
      [
        2,
        4
      ],
      [
        4,
        1
      ],
      [
        5,
        1
      ]
    ],
    "total_board_activity": 65
  },
  "go_pattern_analysis": {
    "move_type": "side",
    "game_phase": "opening",
    "turn_number": 12,
    "policy_entropy": 0.9015220058390419,
    "policy_confidence": 0.6826086956521739,
    "top_policy_moves": [
      {
        "coord": "(3,1)",
        "percentage": 68.3,
        "count": 157
      },
      {
        "coord": "(2,1)",
        "percentage": 31.7,
        "count": 73
      }
    ],
    "total_policy_counts": 230
  },
  "part_comparison": {
    "uniqueness_score": 0.001725087291561067,
    "similar_positions": [
      5851,
      5785,
      3402,
      6579,
      2617
    ],
    "part_rank": 4,
    "max_other_part_activation": 452.0560302734375,
    "activation_percentile": 99.93942147508709
  }
}