{
  "position_info": {
    "part": 40,
    "rank": 2,
    "global_position": 4189,
    "move_coordinate": "B4",
    "turn_number": 12,
    "npz_file": "B330F9C802154800.npz",
    "board_tensor_file": "pos_4189/board.npy",
    "sgf_file": "pos_4189/game.sgf"
  },
  "nmf_analysis": {
    "activation_strength": 0.48525097966194153,
    "rank_in_part": 2,
    "activation_in_other_parts": [
      0.0,
      0.04278448969125748,
      0.0,
      0.00544016296043992,
      0.011721367947757244,
      0.0010292446240782738,
      0.029457319527864456,
      0.005847014952450991,
      0.011616714298725128,
      0.0,
      0.01823308877646923,
      0.0,
      0.0,
      0.005730951204895973,
      0.009296390227973461,
      0.011163335293531418,
      0.0041639250703155994,
      0.0005261273472569883,
      0.010098228231072426,
      0.0,
      0.012505337595939636,
      0.0,
      0.009948322549462318,
      0.003710638964548707,
      0.0,
      0.0020530547481030226,
      0.00528365233913064,
      0.024056896567344666,
      0.0,
      0.26076364517211914,
      0.06415802240371704,
      0.13208931684494019,
      0.0,
      0.015974612906575203,
      0.004294840153306723,
      0.26906514167785645,
      0.0,
      0.16396000981330872,
      0.4498351812362671,
      0.030464882031083107,
      0.48525097966194153,
      0.0,
      0.12987709045410156,
      0.1398044377565384,
      0.0,
      0.0,
      0.0,
      0.11392321437597275,
      0.22331391274929047,
      0.35463806986808777
    ],
    "channel_activity": [
      49,
      4,
      4,
      0,
      1,
      1,
      0,
      0,
      0,
      1,
      1,
      1,
      1,
      1,
      1,
      0,
      0,
      0,
      0,
      0,
      0,
      0
    ],
    "top_active_channels": [
      [
        0,
        49
      ],
      [
        1,
        4
      ],
      [
        2,
        4
      ],
      [
        4,
        1
      ],
      [
        5,
        1
      ]
    ],
    "total_board_activity": 65
  },
  "go_pattern_analysis": {
    "move_type": "side",
    "game_phase": "opening",
    "turn_number": 12,
    "policy_entropy": 0.9015220058390419,
    "policy_confidence": 0.6826086956521739,
    "top_policy_moves": [
      {
        "coord": "(3,1)",
        "percentage": 68.3,
        "count": 157
      },
      {
        "coord": "(2,1)",
        "percentage": 31.7,
        "count": 73
      }
    ],
    "total_policy_counts": 230
  },
  "part_comparison": {
    "uniqueness_score": 0.5189372301101685,
    "similar_positions": [
      1757,
      3451,
      747,
      6471,
      1657
    ],
    "part_rank": 2,
    "max_other_part_activation": 0.4498351812362671,
    "activation_percentile": 99.96971073754354
  }
}