{
  "position_info": {
    "part": 9,
    "rank": 5,
    "global_position": 6427,
    "move_coordinate": "D3",
    "turn_number": 4,
    "npz_file": "E3CD9898B9AFF870.npz",
    "board_tensor_file": "pos_6427/board.npy",
    "sgf_file": "pos_6427/game.sgf"
  },
  "nmf_analysis": {
    "activation_strength": 0.530773937702179,
    "rank_in_part": 5,
    "activation_in_other_parts": [
      0.23817873001098633,
      0.17598113417625427,
      0.17125891149044037,
      0.1330781728029251,
      0.5361195206642151,
      0.0,
      0.1537807136774063,
      0.0,
      0.07066100090742111,
      0.530773937702179,
      0.0,
      0.13949137926101685,
      0.0,
      0.0,
      0.06016436964273453,
      0.04943835735321045,
      0.6797849535942078,
      0.0,
      0.02008364163339138,
      0.15095792710781097,
      0.0,
      0.03615165129303932,
      0.0,
      0.0,
      0.07393980771303177
    ],
    "channel_activity": [
      49,
      1,
      2,
      0,
      1,
      2,
      0,
      0,
      0,
      1,
      1,
      1,
      0,
      0,
      0,
      0,
      0,
      0,
      0,
      0,
      0,
      0
    ],
    "top_active_channels": [
      [
        0,
        49
      ],
      [
        2,
        2
      ],
      [
        5,
        2
      ],
      [
        1,
        1
      ],
      [
        4,
        1
      ]
    ],
    "total_board_activity": 58
  },
  "go_pattern_analysis": {
    "move_type": "side",
    "game_phase": "opening",
    "turn_number": 4,
    "policy_entropy": -0.0,
    "policy_confidence": 1.0,
    "top_policy_moves": [
      {
        "coord": "(2,3)",
        "percentage": 100.0,
        "count": 521
      }
    ],
    "total_policy_counts": 521
  },
  "part_comparison": {
    "uniqueness_score": 0.4384536147117615,
    "similar_positions": [
      988,
      1663,
      3429,
      1802,
      867
    ],
    "part_rank": 5,
    "max_other_part_activation": 0.6797849535942078,
    "activation_percentile": 99.92427684385885
  }
}