{
  "position_info": {
    "part": 40,
    "rank": 19,
    "global_position": 5351,
    "move_coordinate": "B2",
    "turn_number": 1,
    "npz_file": "BADFFB51627F24FD.npz",
    "board_tensor_file": "pos_5351/board.npy",
    "sgf_file": "pos_5351/game.sgf"
  },
  "nmf_analysis": {
    "activation_strength": 0.4689331650733948,
    "rank_in_part": 19,
    "activation_in_other_parts": [
      0.026842784136533737,
      0.05332212150096893,
      0.0,
      0.0030431929044425488,
      0.009515018202364445,
      0.0,
      0.008694714866578579,
      0.009825162589550018,
      0.0,
      0.0,
      0.01974288932979107,
      0.05558176338672638,
      0.0,
      0.007832864299416542,
      0.0,
      0.12335511296987534,
      0.01095315907150507,
      0.0006520188180729747,
      0.01536954753100872,
      0.0,
      0.0,
      0.0,
      0.0,
      0.0,
      0.0,
      0.0058579896576702595,
      0.001642030430957675,
      0.026245607063174248,
      0.0,
      0.20226164162158966,
      0.04128335043787956,
      0.1451411098241806,
      0.0,
      0.0,
      0.013389782048761845,
      0.30230921506881714,
      0.036072585731744766,
      0.12469658255577087,
      0.4828469157218933,
      0.0,
      0.4689331650733948,
      0.0,
      0.14711137115955353,
      0.12693175673484802,
      0.0,
      0.0,
      0.06419204920530319,
      0.00024810992181301117,
      0.21848739683628082,
      0.36674952507019043
    ],
    "channel_activity": [
      49,
      3,
      3,
      0,
      0,
      0,
      0,
      0,
      0,
      1,
      1,
      1,
      1,
      1,
      0,
      0,
      0,
      0,
      0,
      0,
      0,
      0
    ],
    "top_active_channels": [
      [
        0,
        49
      ],
      [
        1,
        3
      ],
      [
        2,
        3
      ],
      [
        9,
        1
      ],
      [
        10,
        1
      ]
    ],
    "total_board_activity": 60
  },
  "go_pattern_analysis": {
    "move_type": "corner",
    "game_phase": "opening",
    "turn_number": 1,
    "policy_entropy": 1.02395220653315,
    "policy_confidence": 0.7530864197530864,
    "top_policy_moves": [
      {
        "coord": "(1,1)",
        "percentage": 75.3,
        "count": 183
      },
      {
        "coord": "(1,3)",
        "percentage": 17.3,
        "count": 42
      },
      {
        "coord": "(5,3)",
        "percentage": 7.4,
        "count": 18
      }
    ],
    "total_policy_counts": 243
  },
  "part_comparison": {
    "uniqueness_score": 0.49269068241119385,
    "similar_positions": [
      1757,
      4189,
      3451,
      747,
      6471
    ],
    "part_rank": 19,
    "max_other_part_activation": 0.4828469157218933,
    "activation_percentile": 99.71225200666363
  }
}