{
  "position_info": {
    "part": 21,
    "rank": 9,
    "global_position": 409,
    "move_coordinate": "A2",
    "turn_number": 19,
    "npz_file": "1906C337F5CDAFA9.npz",
    "board_tensor_file": "pos_409/board.npy",
    "sgf_file": "pos_409/game.sgf"
  },
  "nmf_analysis": {
    "activation_strength": 0.9257855415344238,
    "rank_in_part": 9,
    "activation_in_other_parts": [
      46.05998229980469,
      432.66558837890625,
      204.19923400878906,
      270.738037109375,
      0.0,
      0.0,
      0.0,
      0.7526754140853882,
      0.26002809405326843,
      0.0,
      0.0,
      0.0,
      0.09495002031326294,
      0.0,
      0.0,
      0.18487267196178436,
      0.0,
      0.22974957525730133,
      0.0,
      0.0,
      0.3787935972213745,
      0.9257855415344238,
      0.0,
      0.0,
      0.0
    ],
    "channel_activity": [
      49,
      9,
      10,
      0,
      5,
      4,
      0,
      0,
      0,
      1,
      1,
      1,
      1,
      1,
      3,
      1,
      1,
      0,
      9,
      10,
      0,
      0
    ],
    "top_active_channels": [
      [
        0,
        49
      ],
      [
        2,
        10
      ],
      [
        19,
        10
      ],
      [
        1,
        9
      ],
      [
        18,
        9
      ]
    ],
    "total_board_activity": 106
  },
  "go_pattern_analysis": {
    "move_type": "corner",
    "game_phase": "opening",
    "turn_number": 19,
    "policy_entropy": -0.0,
    "policy_confidence": 1.0,
    "top_policy_moves": [
      {
        "coord": "(1,0)",
        "percentage": 100.0,
        "count": 330
      }
    ],
    "total_policy_counts": 330
  },
  "part_comparison": {
    "uniqueness_score": 0.0021351566538214684,
    "similar_positions": [
      4449,
      3664,
      3119,
      4930,
      962
    ],
    "part_rank": 9,
    "max_other_part_activation": 432.66558837890625,
    "activation_percentile": 99.86369831894594
  }
}