{
  "position_info": {
    "part": 20,
    "rank": 3,
    "global_position": 2297,
    "move_coordinate": "A1",
    "turn_number": 1,
    "npz_file": "76F9EC3EB6A76AA0.npz",
    "board_tensor_file": "pos_2297/board.npy",
    "sgf_file": "pos_2297/game.sgf"
  },
  "nmf_analysis": {
    "activation_strength": 0.07449135929346085,
    "rank_in_component": 3,
    "activation_in_other_components": [
      0.23343659937381744,
      0.0,
      0.0,
      0.02140059508383274,
      0.006045738235116005,
      0.05552003160119057,
      0.04348257556557655,
      0.0,
      0.12337355315685272,
      0.0830271914601326,
      0.15254762768745422,
      0.020006848499178886,
      0.04483429342508316,
      0.010753580369055271,
      0.05683843418955803,
      0.0018551029497757554,
      0.020929371938109398,
      0.0008559892885386944,
      0.028505202382802963,
      0.012943646870553493,
      0.07449135929346085,
      0.04996000975370407,
      0.07041402161121368,
      0.08248553425073624,
      0.07993465662002563,
      0.009604197926819324,
      0.024068212136626244,
      0.014581847935914993,
      0.07524310052394867,
      0.1135244369506836,
      0.0,
      0.6600651144981384,
      0.2488032728433609,
      0.021755728870630264,
      0.033845122903585434,
      0.0,
      0.03043532371520996,
      0.0,
      0.32934436202049255,
      0.012196473777294159,
      0.09011305868625641,
      0.13693054020404816,
      0.02675316482782364,
      0.04220547154545784,
      0.004987014923244715,
      0.0,
      0.0,
      0.0,
      0.5163781046867371,
      0.07324674725532532
    ],
    "channel_activity": [
      49,
      2,
      3,
      1,
      3,
      1,
      0,
      0,
      0,
      1,
      1,
      1,
      1,
      1,
      0,
      0,
      0,
      0,
      2,
      3,
      0,
      0
    ],
    "top_active_channels": [
      [
        0,
        49
      ],
      [
        2,
        3
      ],
      [
        4,
        3
      ],
      [
        19,
        3
      ],
      [
        1,
        2
      ]
    ],
    "total_board_activity": 69
  },
  "go_pattern_analysis": {
    "move_type": "corner",
    "game_phase": "opening",
    "turn_number": 1,
    "policy_entropy": 5.643856189774725,
    "policy_confidence": 0.02,
    "top_policy_moves": [
      {
        "coord": "PASS",
        "percentage": 2.0,
        "count": 1
      },
      {
        "coord": "(1,5)",
        "percentage": 2.0,
        "count": 1
      },
      {
        "coord": "(3,1)",
        "percentage": 2.0,
        "count": 1
      },
      {
        "coord": "(3,0)",
        "percentage": 2.0,
        "count": 1
      },
      {
        "coord": "(2,6)",
        "percentage": 2.0,
        "count": 1
      }
    ],
    "total_policy_counts": 50
  },
  "component_comparison": {
    "uniqueness_score": 0.10140997916460037,
    "similar_positions": [
      988,
      1663,
      1973,
      1941,
      2891
    ],
    "component_rank": 3,
    "max_other_component_activation": 0.6600651144981384,
    "activation_percentile": 99.95456610631531
  }
}