{
  "position_info": {
    "part": 48,
    "rank": 5,
    "global_position": 4809,
    "move_coordinate": "E6",
    "turn_number": 14,
    "npz_file": "B330F9C802154800.npz",
    "board_tensor_file": "pos_4809/board.npy",
    "sgf_file": "pos_4809/game.sgf"
  },
  "nmf_analysis": {
    "activation_strength": 0.5891764760017395,
    "rank_in_component": 5,
    "activation_in_other_components": [
      0.23701849579811096,
      0.0,
      0.0,
      0.023378724232316017,
      0.01070145983248949,
      0.04941302537918091,
      0.06617391854524612,
      0.0,
      0.08115023374557495,
      0.059388648718595505,
      0.10736068338155746,
      0.08046696335077286,
      0.039075322449207306,
      0.00394681328907609,
      0.037707794457674026,
      0.10513883084058762,
      0.023294644430279732,
      0.00043325580190867186,
      0.029368365183472633,
      0.010632778517901897,
      0.04824560135602951,
      0.047077976167201996,
      0.046902239322662354,
      0.055714551359415054,
      0.07915621995925903,
      0.010731697082519531,
      0.01671868935227394,
      0.011096645146608353,
      0.08581432700157166,
      0.06857764720916748,
      0.009622935205698013,
      0.49274903535842896,
      0.22987407445907593,
      0.007983993738889694,
      0.04578503966331482,
      0.000804599781986326,
      0.05128270387649536,
      0.0,
      0.30001169443130493,
      0.005901027005165815,
      0.1462341696023941,
      0.10324541479349136,
      0.07233056426048279,
      0.060390546917915344,
      0.008465931750833988,
      0.0,
      0.0013172382023185492,
      0.0,
      0.5891764760017395,
      0.09117438644170761
    ],
    "channel_activity": [
      49,
      2,
      3,
      0,
      1,
      2,
      0,
      0,
      0,
      1,
      1,
      1,
      1,
      1,
      0,
      0,
      0,
      0,
      2,
      3,
      0,
      0
    ],
    "top_active_channels": [
      [
        0,
        49
      ],
      [
        2,
        3
      ],
      [
        19,
        3
      ],
      [
        1,
        2
      ],
      [
        5,
        2
      ]
    ],
    "total_board_activity": 67
  },
  "go_pattern_analysis": {
    "move_type": "corner",
    "game_phase": "opening",
    "turn_number": 14,
    "policy_entropy": -0.0,
    "policy_confidence": 1.0,
    "top_policy_moves": [
      {
        "coord": "(5,4)",
        "percentage": 100.0,
        "count": 372
      }
    ],
    "total_policy_counts": 372
  },
  "component_comparison": {
    "uniqueness_score": 0.5445628762245178,
    "similar_positions": [
      1564,
      1569,
      6497,
      1350,
      4248
    ],
    "component_rank": 5,
    "max_other_component_activation": 0.49274903535842896,
    "activation_percentile": 99.92427684385885
  }
}