{
  "position_info": {
    "part": 16,
    "rank": 10,
    "global_position": 5561,
    "move_coordinate": "C3",
    "turn_number": 5,
    "npz_file": "BADFFB51627F24FD.npz",
    "board_tensor_file": "pos_5561/board.npy",
    "sgf_file": "pos_5561/game.sgf"
  },
  "nmf_analysis": {
    "activation_strength": 0.7527482509613037,
    "rank_in_part": 10,
    "activation_in_other_parts": [
      0.30456027388572693,
      0.12191041558980942,
      0.11793657392263412,
      0.09298159182071686,
      0.6710472702980042,
      0.0,
      0.15305106341838837,
      0.0,
      0.11022616177797318,
      0.3922284245491028,
      0.0064180889166891575,
      0.12171684205532074,
      0.0,
      0.0,
      0.047850240021944046,
      0.08979383111000061,
      0.7527482509613037,
      0.0,
      0.0,
      0.031236015260219574,
      0.021426521241664886,
      0.0,
      0.029269138351082802,
      0.0,
      0.0
    ],
    "channel_activity": [
      49,
      0,
      1,
      0,
      0,
      0,
      0,
      0,
      0,
      1,
      0,
      0,
      0,
      0,
      0,
      0,
      0,
      0,
      0,
      49,
      0,
      0
    ],
    "top_active_channels": [
      [
        0,
        49
      ],
      [
        19,
        49
      ],
      [
        2,
        1
      ],
      [
        9,
        1
      ],
      [
        1,
        0
      ]
    ],
    "total_board_activity": 100
  },
  "go_pattern_analysis": {
    "move_type": "corner",
    "game_phase": "opening",
    "turn_number": 5,
    "policy_entropy": 1.7355814602720847,
    "policy_confidence": 0.504,
    "top_policy_moves": [
      {
        "coord": "(2,2)",
        "percentage": 50.4,
        "count": 63
      },
      {
        "coord": "(2,4)",
        "percentage": 25.6,
        "count": 32
      },
      {
        "coord": "(3,4)",
        "percentage": 12.0,
        "count": 15
      },
      {
        "coord": "(3,2)",
        "percentage": 12.0,
        "count": 15
      }
    ],
    "total_policy_counts": 125
  },
  "part_comparison": {
    "uniqueness_score": 0.528691291809082,
    "similar_positions": [
      89,
      4109,
      4683,
      4684,
      1317
    ],
    "part_rank": 10,
    "max_other_part_activation": 0.6710472702980042,
    "activation_percentile": 99.8485536877177
  }
}