{
  "position_info": {
    "part": 5,
    "rank": 2,
    "global_position": 5561,
    "move_coordinate": "C3",
    "turn_number": 5,
    "npz_file": "BADFFB51627F24FD.npz",
    "board_tensor_file": "pos_5561/board.npy",
    "sgf_file": "pos_5561/game.sgf"
  },
  "nmf_analysis": {
    "activation_strength": 1.0217883586883545,
    "rank_in_part": 2,
    "activation_in_other_parts": [
      483.0650634765625,
      833.4888916015625,
      46.189178466796875,
      29.412357330322266,
      86.52212524414062,
      1.0217883586883545,
      0.0,
      0.0,
      0.0,
      0.17878571152687073,
      0.0,
      0.47682225704193115,
      0.0,
      0.0,
      0.0,
      0.0,
      0.0,
      0.0,
      0.0,
      0.1655314564704895,
      0.0,
      0.1090657189488411,
      0.0,
      0.0,
      0.2822993993759155
    ],
    "channel_activity": [
      49,
      0,
      1,
      0,
      0,
      0,
      0,
      0,
      0,
      1,
      0,
      0,
      0,
      0,
      0,
      0,
      0,
      0,
      0,
      49,
      0,
      0
    ],
    "top_active_channels": [
      [
        0,
        49
      ],
      [
        19,
        49
      ],
      [
        2,
        1
      ],
      [
        9,
        1
      ],
      [
        1,
        0
      ]
    ],
    "total_board_activity": 100
  },
  "go_pattern_analysis": {
    "move_type": "corner",
    "game_phase": "opening",
    "turn_number": 5,
    "policy_entropy": 1.7355814602720847,
    "policy_confidence": 0.504,
    "top_policy_moves": [
      {
        "coord": "(2,2)",
        "percentage": 50.4,
        "count": 63
      },
      {
        "coord": "(2,4)",
        "percentage": 25.6,
        "count": 32
      },
      {
        "coord": "(3,4)",
        "percentage": 12.0,
        "count": 15
      },
      {
        "coord": "(3,2)",
        "percentage": 12.0,
        "count": 15
      }
    ],
    "total_policy_counts": 125
  },
  "part_comparison": {
    "uniqueness_score": 0.00122441619168967,
    "similar_positions": [
      912,
      5780,
      2809,
      231,
      232
    ],
    "part_rank": 2,
    "max_other_part_activation": 833.4888916015625,
    "activation_percentile": 99.96971073754354
  }
}