{
  "position_info": {
    "part": 4,
    "rank": 18,
    "global_position": 5561,
    "move_coordinate": "C3",
    "turn_number": 5,
    "npz_file": "BADFFB51627F24FD.npz",
    "board_tensor_file": "pos_5561/board.npy",
    "sgf_file": "pos_5561/game.sgf"
  },
  "nmf_analysis": {
    "activation_strength": 344.7178649902344,
    "rank_in_part": 18,
    "activation_in_other_parts": [
      506.71673583984375,
      278.34027099609375,
      64.5657730102539,
      45.273841857910156,
      344.7178649902344,
      0.9925580024719238,
      0.0,
      0.0,
      0.17851093411445618,
      0.0,
      0.5122262239456177,
      0.0,
      0.0,
      0.0,
      0.16542193293571472,
      0.0,
      0.0,
      0.0,
      0.0,
      0.0,
      0.06382887810468674,
      0.0,
      0.0,
      0.0,
      0.0
    ],
    "channel_activity": [
      49,
      0,
      1,
      0,
      0,
      0,
      0,
      0,
      0,
      1,
      0,
      0,
      0,
      0,
      0,
      0,
      0,
      0,
      0,
      49,
      0,
      0
    ],
    "top_active_channels": [
      [
        0,
        49
      ],
      [
        19,
        49
      ],
      [
        2,
        1
      ],
      [
        9,
        1
      ],
      [
        1,
        0
      ]
    ],
    "total_board_activity": 100
  },
  "go_pattern_analysis": {
    "move_type": "corner",
    "game_phase": "opening",
    "turn_number": 5,
    "policy_entropy": 1.7355814602720847,
    "policy_confidence": 0.504,
    "top_policy_moves": [
      {
        "coord": "(2,2)",
        "percentage": 50.4,
        "count": 63
      },
      {
        "coord": "(2,4)",
        "percentage": 25.6,
        "count": 32
      },
      {
        "coord": "(3,4)",
        "percentage": 12.0,
        "count": 15
      },
      {
        "coord": "(3,2)",
        "percentage": 12.0,
        "count": 15
      }
    ],
    "total_policy_counts": 125
  },
  "part_comparison": {
    "uniqueness_score": 0.40486711263656616,
    "similar_positions": [
      4683,
      89,
      4109,
      4684,
      5036
    ],
    "part_rank": 18,
    "max_other_part_activation": 506.71673583984375,
    "activation_percentile": 99.72739663789186
  }
}