{
  "position_info": {
    "part": 22,
    "rank": 11,
    "global_position": 2450,
    "move_coordinate": "B6",
    "turn_number": 1,
    "npz_file": "76F9EC3EB6A76AA0.npz",
    "board_tensor_file": "pos_2450/board.npy",
    "sgf_file": "pos_2450/game.sgf"
  },
  "nmf_analysis": {
    "activation_strength": 0.31650179624557495,
    "rank_in_part": 11,
    "activation_in_other_parts": [
      0.014201662503182888,
      0.15219274163246155,
      0.025058375671505928,
      0.05292194336652756,
      0.1313629448413849,
      0.2834238111972809,
      0.42831936478614807,
      0.06373975425958633,
      0.05461291968822479,
      0.3571358323097229,
      0.16395851969718933,
      0.10712461173534393,
      0.35427939891815186,
      0.03037286549806595,
      0.04499612748622894,
      0.0251686442643404,
      0.07581978291273117,
      0.027485061436891556,
      0.0,
      0.012980872765183449,
      0.0664551630616188,
      0.022138213738799095,
      0.31650179624557495,
      0.08539902418851852,
      0.43179067969322205
    ],
    "channel_activity": [
      49,
      4,
      4,
      0,
      1,
      1,
      0,
      0,
      0,
      1,
      1,
      1,
      1,
      1,
      1,
      0,
      0,
      0,
      0,
      0,
      0,
      0
    ],
    "top_active_channels": [
      [
        0,
        49
      ],
      [
        1,
        4
      ],
      [
        2,
        4
      ],
      [
        4,
        1
      ],
      [
        5,
        1
      ]
    ],
    "total_board_activity": 65
  },
  "go_pattern_analysis": {
    "move_type": "corner",
    "game_phase": "opening",
    "turn_number": 1,
    "policy_entropy": 0.9889316355736764,
    "policy_confidence": 0.7680608365019012,
    "top_policy_moves": [
      {
        "coord": "(5,1)",
        "percentage": 76.8,
        "count": 202
      },
      {
        "coord": "(3,1)",
        "percentage": 16.0,
        "count": 42
      },
      {
        "coord": "(3,5)",
        "percentage": 7.2,
        "count": 19
      }
    ],
    "total_policy_counts": 263
  },
  "part_comparison": {
    "uniqueness_score": 0.4229653775691986,
    "similar_positions": [
      709,
      3232,
      2477,
      815,
      590
    ],
    "part_rank": 11,
    "max_other_part_activation": 0.43179067969322205,
    "activation_percentile": 99.83340905648947
  }
}