{
  "position_info": {
    "part": 47,
    "rank": 17,
    "global_position": 5715,
    "move_coordinate": "F7",
    "turn_number": 1,
    "npz_file": "E3CD9898B9AFF870.npz",
    "board_tensor_file": "pos_5715/board.npy",
    "sgf_file": "pos_5715/game.sgf"
  },
  "nmf_analysis": {
    "activation_strength": 0.33243343234062195,
    "rank_in_part": 17,
    "activation_in_other_parts": [
      0.02017720602452755,
      0.11478720605373383,
      0.0,
      0.0014429495204240084,
      0.0042667873203754425,
      0.00550241582095623,
      0.10329583287239075,
      0.03517250716686249,
      0.029696423560380936,
      0.04299519211053848,
      0.0419640988111496,
      0.0038586300797760487,
      0.016833094879984856,
      0.020850855857133865,
      0.012184809893369675,
      0.01827569678425789,
      0.0027671679854393005,
      0.0007681568968109787,
      0.0048973956145346165,
      0.018182918429374695,
      0.01746826432645321,
      0.011023278348147869,
      0.015178860165178776,
      0.022237874567508698,
      0.016236601397395134,
      0.0017068004235625267,
      0.005103921517729759,
      0.008362223394215107,
      0.04683682322502136,
      0.19512216746807098,
      0.20739032328128815,
      0.05628553032875061,
      0.14250609278678894,
      0.21415285766124725,
      0.07053133100271225,
      0.05938655883073807,
      0.15081480145454407,
      0.08154130727052689,
      0.12910796701908112,
      0.16158834099769592,
      0.06240316852927208,
      0.20465786755084991,
      0.0,
      0.0,
      0.22477588057518005,
      0.0,
      0.04993073642253876,
      0.33243343234062195,
      0.1221277266740799,
      0.4258657693862915
    ],
    "channel_activity": [
      49,
      11,
      11,
      0,
      9,
      0,
      0,
      0,
      0,
      1,
      1,
      1,
      1,
      1,
      7,
      3,
      7,
      3,
      11,
      11,
      0,
      0
    ],
    "top_active_channels": [
      [
        0,
        49
      ],
      [
        1,
        11
      ],
      [
        2,
        11
      ],
      [
        18,
        11
      ],
      [
        19,
        11
      ]
    ],
    "total_board_activity": 127
  },
  "go_pattern_analysis": {
    "move_type": "corner",
    "game_phase": "opening",
    "turn_number": 1,
    "policy_entropy": 1.5487798188728055,
    "policy_confidence": 0.5378378378378378,
    "top_policy_moves": [
      {
        "coord": "(6,5)",
        "percentage": 53.8,
        "count": 199
      },
      {
        "coord": "(6,4)",
        "percentage": 31.4,
        "count": 116
      },
      {
        "coord": "(5,3)",
        "percentage": 12.4,
        "count": 46
      },
      {
        "coord": "(1,4)",
        "percentage": 0.8,
        "count": 3
      },
      {
        "coord": "(1,1)",
        "percentage": 0.8,
        "count": 3
      }
    ],
    "total_policy_counts": 370
  },
  "part_comparison": {
    "uniqueness_score": 0.4383934736251831,
    "similar_positions": [
      4663,
      6024,
      550,
      5873,
      3849
    ],
    "part_rank": 17,
    "max_other_part_activation": 0.4258657693862915,
    "activation_percentile": 99.7425412691201
  }
}