{
  "position_info": {
    "part": 19,
    "rank": 8,
    "global_position": 3871,
    "move_coordinate": "F7",
    "turn_number": 1,
    "npz_file": "AAE4EE8DC9A92FFF.npz",
    "board_tensor_file": "pos_3871/board.npy",
    "sgf_file": "pos_3871/game.sgf"
  },
  "nmf_analysis": {
    "activation_strength": 0.2903258204460144,
    "rank_in_part": 8,
    "activation_in_other_parts": [
      0.019184578210115433,
      0.19872747361660004,
      0.073748879134655,
      0.009195137768983841,
      0.04657973721623421,
      0.14456094801425934,
      0.20670442283153534,
      0.19334626197814941,
      0.28364259004592896,
      0.1894780695438385,
      0.06191965565085411,
      0.040631189942359924,
      0.08400388807058334,
      0.01929399184882641,
      0.17335698008537292,
      0.40661755204200745,
      0.23564842343330383,
      0.03902844339609146,
      0.04140178859233856,
      0.2903258204460144,
      0.08143690228462219,
      0.14514076709747314,
      0.03410129249095917,
      0.22599442303180695,
      0.2861449420452118
    ],
    "channel_activity": [
      49,
      6,
      7,
      2,
      0,
      6,
      0,
      0,
      0,
      1,
      1,
      1,
      1,
      1,
      0,
      1,
      1,
      0,
      6,
      7,
      0,
      0
    ],
    "top_active_channels": [
      [
        0,
        49
      ],
      [
        2,
        7
      ],
      [
        19,
        7
      ],
      [
        1,
        6
      ],
      [
        5,
        6
      ]
    ],
    "total_board_activity": 90
  },
  "go_pattern_analysis": {
    "move_type": "corner",
    "game_phase": "opening",
    "turn_number": 1,
    "policy_entropy": 0.08534596945455639,
    "policy_confidence": 0.9904761904761905,
    "top_policy_moves": [
      {
        "coord": "(6,5)",
        "percentage": 99.0,
        "count": 416
      },
      {
        "coord": "(0,2)",
        "percentage": 0.7,
        "count": 3
      },
      {
        "coord": "PASS",
        "percentage": 0.2,
        "count": 1
      }
    ],
    "total_policy_counts": 420
  },
  "part_comparison": {
    "uniqueness_score": 0.41657015681266785,
    "similar_positions": [
      6547,
      4551,
      4550,
      2806,
      4869
    ],
    "part_rank": 8,
    "max_other_part_activation": 0.40661755204200745,
    "activation_percentile": 99.87884295017416
  }
}