{
  "position_info": {
    "part": 23,
    "rank": 3,
    "global_position": 5036,
    "move_coordinate": "A1",
    "turn_number": 1,
    "npz_file": "B330F9C802154800.npz",
    "board_tensor_file": "pos_5036/board.npy",
    "sgf_file": "pos_5036/game.sgf"
  },
  "nmf_analysis": {
    "activation_strength": 0.12417134642601013,
    "rank_in_part": 3,
    "activation_in_other_parts": [
      0.024906262755393982,
      0.00031468443921767175,
      0.0,
      0.0,
      0.0,
      0.0,
      0.26058223843574524,
      0.004973448812961578,
      0.06963854283094406,
      0.0,
      0.0496700219810009,
      0.05691445618867874,
      0.0,
      0.0,
      0.02584967389702797,
      0.09770265966653824,
      0.008640053682029247,
      0.0,
      0.004692359361797571,
      0.0037221002858132124,
      0.03220807760953903,
      0.0,
      0.027768563479185104,
      0.12417134642601013,
      0.0,
      0.0033820548560470343,
      0.004100797697901726,
      0.04587648808956146,
      0.4309845566749573,
      0.14945371448993683,
      0.0010760431177914143,
      0.5346965789794922,
      0.4900888502597809,
      0.013147848658263683,
      0.051290322095155716,
      0.003899063216522336,
      0.0,
      0.0460166372358799,
      0.18292374908924103,
      0.0,
      0.0,
      0.0,
      0.2306319624185562,
      0.0,
      0.0744837149977684,
      0.0,
      0.015578260645270348,
      0.0,
      0.46012449264526367,
      0.0
    ],
    "channel_activity": [
      49,
      1,
      2,
      0,
      0,
      2,
      0,
      0,
      0,
      1,
      1,
      1,
      0,
      0,
      0,
      0,
      0,
      0,
      1,
      2,
      0,
      0
    ],
    "top_active_channels": [
      [
        0,
        49
      ],
      [
        2,
        2
      ],
      [
        5,
        2
      ],
      [
        19,
        2
      ],
      [
        1,
        1
      ]
    ],
    "total_board_activity": 60
  },
  "go_pattern_analysis": {
    "move_type": "corner",
    "game_phase": "opening",
    "turn_number": 1,
    "policy_entropy": 5.643856189774725,
    "policy_confidence": 0.02,
    "top_policy_moves": [
      {
        "coord": "PASS",
        "percentage": 2.0,
        "count": 1
      },
      {
        "coord": "(1,5)",
        "percentage": 2.0,
        "count": 1
      },
      {
        "coord": "(3,1)",
        "percentage": 2.0,
        "count": 1
      },
      {
        "coord": "(3,0)",
        "percentage": 2.0,
        "count": 1
      },
      {
        "coord": "(2,6)",
        "percentage": 2.0,
        "count": 1
      }
    ],
    "total_policy_counts": 50
  },
  "part_comparison": {
    "uniqueness_score": 0.18846166133880615,
    "similar_positions": [
      4333,
      4684,
      3374,
      4685,
      5276
    ],
    "part_rank": 3,
    "max_other_part_activation": 0.5346965789794922,
    "activation_percentile": 99.95456610631531
  }
}