{
  "position_info": {
    "part": 30,
    "rank": 19,
    "global_position": 4841,
    "move_coordinate": "C3",
    "turn_number": 1,
    "npz_file": "B330F9C802154800.npz",
    "board_tensor_file": "pos_4841/board.npy",
    "sgf_file": "pos_4841/game.sgf"
  },
  "nmf_analysis": {
    "activation_strength": 0.542468249797821,
    "rank_in_component": 19,
    "activation_in_other_components": [
      0.17844438552856445,
      0.021439198404550552,
      0.0,
      0.02581026405096054,
      0.022747918963432312,
      0.01888364925980568,
      0.004734193440526724,
      0.01744406297802925,
      0.03437921777367592,
      0.029867341741919518,
      0.04667945206165314,
      0.04964910447597504,
      0.0,
      0.007511060684919357,
      0.023046648129820824,
      0.10094637423753738,
      0.017204727977514267,
      0.00028542077052406967,
      0.02470516227185726,
      0.009952683001756668,
      0.030742714181542397,
      0.002598151098936796,
      0.02566394954919815,
      0.0,
      0.0,
      0.008820476941764355,
      0.00673189340159297,
      0.0,
      0.24834637343883514,
      0.025288473814725876,
      0.542468249797821,
      0.10648132115602493,
      0.11156489700078964,
      0.0,
      0.01579236052930355,
      0.009632215835154057,
      0.0,
      0.011919848620891571,
      0.19108247756958008,
      0.0,
      0.22819483280181885,
      0.2531203031539917,
      0.276310533285141,
      0.052079685032367706,
      0.0,
      0.0,
      0.1606721729040146,
      0.0,
      0.30946892499923706,
      0.2608579695224762
    ],
    "channel_activity": [
      49,
      6,
      7,
      0,
      1,
      1,
      0,
      0,
      0,
      1,
      1,
      1,
      1,
      1,
      1,
      1,
      0,
      0,
      6,
      7,
      0,
      0
    ],
    "top_active_channels": [
      [
        0,
        49
      ],
      [
        2,
        7
      ],
      [
        19,
        7
      ],
      [
        1,
        6
      ],
      [
        18,
        6
      ]
    ],
    "total_board_activity": 84
  },
  "go_pattern_analysis": {
    "move_type": "corner",
    "game_phase": "opening",
    "turn_number": 1,
    "policy_entropy": 0.039519934969276804,
    "policy_confidence": 0.9962335216572504,
    "top_policy_moves": [
      {
        "coord": "(2,2)",
        "percentage": 99.6,
        "count": 529
      },
      {
        "coord": "(4,1)",
        "percentage": 0.2,
        "count": 1
      },
      {
        "coord": "(0,5)",
        "percentage": 0.2,
        "count": 1
      }
    ],
    "total_policy_counts": 531
  },
  "component_comparison": {
    "uniqueness_score": 0.6367467641830444,
    "similar_positions": [
      4526,
      1588,
      74,
      1050,
      3124
    ],
    "component_rank": 19,
    "max_other_component_activation": 0.30946892499923706,
    "activation_percentile": 99.71225200666363
  }
}