{
  "position_info": {
    "part": 6,
    "rank": 3,
    "global_position": 4603,
    "move_coordinate": "F4",
    "turn_number": 10,
    "npz_file": "B330F9C802154800.npz",
    "board_tensor_file": "pos_4603/board.npy",
    "sgf_file": "pos_4603/game.sgf"
  },
  "nmf_analysis": {
    "activation_strength": 0.5125783085823059,
    "rank_in_part": 3,
    "activation_in_other_parts": [
      0.024745715782046318,
      0.1752249300479889,
      0.0,
      0.09924644231796265,
      0.06472735106945038,
      0.26330888271331787,
      0.5125783085823059,
      0.06203616037964821,
      0.04313741624355316,
      0.39098355174064636,
      0.12288644164800644,
      0.09555897116661072,
      0.3877890408039093,
      0.05351994186639786,
      0.0453396774828434,
      0.0551636628806591,
      0.052703436464071274,
      0.02518180012702942,
      0.0,
      0.0,
      0.003539162687957287,
      0.0,
      0.2749141752719879,
      0.04754910618066788,
      0.46872615814208984
    ],
    "channel_activity": [
      49,
      5,
      5,
      0,
      2,
      5,
      0,
      0,
      0,
      1,
      1,
      1,
      1,
      1,
      2,
      1,
      1,
      0,
      0,
      0,
      0,
      0
    ],
    "top_active_channels": [
      [
        0,
        49
      ],
      [
        1,
        5
      ],
      [
        2,
        5
      ],
      [
        5,
        5
      ],
      [
        4,
        2
      ]
    ],
    "total_board_activity": 75
  },
  "go_pattern_analysis": {
    "move_type": "side",
    "game_phase": "opening",
    "turn_number": 10,
    "policy_entropy": -0.0,
    "policy_confidence": 1.0,
    "top_policy_moves": [
      {
        "coord": "(3,5)",
        "percentage": 100.0,
        "count": 387
      }
    ],
    "total_policy_counts": 387
  },
  "part_comparison": {
    "uniqueness_score": 0.5223438143730164,
    "similar_positions": [
      5479,
      4516,
      2431,
      4920,
      1408
    ],
    "part_rank": 3,
    "max_other_part_activation": 0.46872615814208984,
    "activation_percentile": 99.95456610631531
  }
}