{
  "position_info": {
    "part": 4,
    "rank": 7,
    "global_position": 1317,
    "move_coordinate": "C4",
    "turn_number": 13,
    "npz_file": "1D638D50844BD930.npz",
    "board_tensor_file": "pos_1317/board.npy",
    "sgf_file": "pos_1317/game.sgf"
  },
  "nmf_analysis": {
    "activation_strength": 353.2138977050781,
    "rank_in_part": 7,
    "activation_in_other_parts": [
      500.28546142578125,
      265.6043701171875,
      63.466270446777344,
      46.47694778442383,
      353.2138977050781,
      0.9448093771934509,
      0.0,
      0.0,
      0.19651371240615845,
      0.0,
      0.4984356462955475,
      0.0,
      0.0,
      0.0,
      0.23053255677223206,
      0.0,
      0.0,
      0.0,
      0.0,
      0.0,
      0.10106566548347473,
      0.0,
      0.09484098106622696,
      0.022096708416938782,
      0.0
    ],
    "channel_activity": [
      49,
      0,
      1,
      0,
      0,
      0,
      0,
      0,
      0,
      1,
      0,
      0,
      0,
      0,
      0,
      0,
      0,
      0,
      0,
      49,
      0,
      0
    ],
    "top_active_channels": [
      [
        0,
        49
      ],
      [
        19,
        49
      ],
      [
        2,
        1
      ],
      [
        9,
        1
      ],
      [
        1,
        0
      ]
    ],
    "total_board_activity": 100
  },
  "go_pattern_analysis": {
    "move_type": "side",
    "game_phase": "opening",
    "turn_number": 13,
    "policy_entropy": 1.90400157571277,
    "policy_confidence": 0.36764705882352944,
    "top_policy_moves": [
      {
        "coord": "(3,2)",
        "percentage": 36.8,
        "count": 50
      },
      {
        "coord": "(3,4)",
        "percentage": 30.9,
        "count": 42
      },
      {
        "coord": "(4,2)",
        "percentage": 16.9,
        "count": 23
      },
      {
        "coord": "(4,4)",
        "percentage": 15.4,
        "count": 21
      }
    ],
    "total_policy_counts": 136
  },
  "part_comparison": {
    "uniqueness_score": 0.41384199261665344,
    "similar_positions": [
      4683,
      89,
      4109,
      4684,
      5036
    ],
    "part_rank": 7,
    "max_other_part_activation": 500.28546142578125,
    "activation_percentile": 99.89398758140238
  }
}