{
  "position_info": {
    "part": 1,
    "rank": 3,
    "global_position": 1822,
    "move_coordinate": "E2",
    "turn_number": 24,
    "npz_file": "1D638D50844BD930.npz",
    "board_tensor_file": "pos_1822/board.npy",
    "sgf_file": "pos_1822/game.sgf"
  },
  "nmf_analysis": {
    "activation_strength": 0.5377928614616394,
    "rank_in_part": 3,
    "activation_in_other_parts": [
      0.16944453120231628,
      0.5377928614616394,
      0.007655249442905188,
      0.008749269880354404,
      0.3597848415374756,
      0.05195434018969536,
      0.0923035517334938,
      0.0,
      0.130790114402771,
      0.1916094720363617,
      0.053298212587833405,
      0.005186060909181833,
      0.012509318999946117,
      0.008545685559511185,
      0.06849881261587143,
      0.20151223242282867,
      0.39176833629608154,
      0.0,
      0.014678287319839,
      0.03481848165392876,
      0.05083811655640602,
      0.006871847901493311,
      0.02594972401857376,
      0.16821244359016418,
      0.4038986563682556
    ],
    "channel_activity": [
      49,
      2,
      3,
      0,
      0,
      0,
      0,
      0,
      0,
      1,
      1,
      1,
      1,
      1,
      0,
      0,
      0,
      0,
      0,
      0,
      0,
      0
    ],
    "top_active_channels": [
      [
        0,
        49
      ],
      [
        2,
        3
      ],
      [
        1,
        2
      ],
      [
        9,
        1
      ],
      [
        10,
        1
      ]
    ],
    "total_board_activity": 59
  },
  "go_pattern_analysis": {
    "move_type": "corner",
    "game_phase": "opening",
    "turn_number": 24,
    "policy_entropy": 0.9586375628867514,
    "policy_confidence": 0.6191536748329621,
    "top_policy_moves": [
      {
        "coord": "(1,4)",
        "percentage": 61.9,
        "count": 278
      },
      {
        "coord": "(5,4)",
        "percentage": 38.1,
        "count": 171
      }
    ],
    "total_policy_counts": 449
  },
  "part_comparison": {
    "uniqueness_score": 0.5710923671722412,
    "similar_positions": [
      88,
      6367,
      2979,
      1823,
      2984
    ],
    "part_rank": 3,
    "max_other_part_activation": 0.4038986563682556,
    "activation_percentile": 99.95456610631531
  }
}