{
  "position_info": {
    "part": 20,
    "rank": 15,
    "global_position": 4501,
    "move_coordinate": "PASS",
    "turn_number": 1,
    "npz_file": "B330F9C802154800.npz",
    "board_tensor_file": "pos_4501/board.npy",
    "sgf_file": "pos_4501/game.sgf"
  },
  "nmf_analysis": {
    "activation_strength": 0.3619984984397888,
    "rank_in_part": 15,
    "activation_in_other_parts": [
      0.2343403697013855,
      0.031005622819066048,
      0.2152300775051117,
      0.11466573923826218,
      0.0671929195523262,
      0.20215560495853424,
      0.013748181983828545,
      0.019401801750063896,
      0.005141414701938629,
      0.1323356330394745,
      0.24863119423389435,
      0.0,
      0.15571147203445435,
      0.2512093186378479,
      0.12000318616628647,
      0.1756627857685089,
      0.04661491885781288,
      0.2315584123134613,
      0.0837092474102974,
      0.128678098320961,
      0.3619984984397888,
      0.08663274347782135,
      0.12078378349542618,
      0.3607918322086334,
      0.12442068010568619
    ],
    "channel_activity": [
      49,
      8,
      8,
      0,
      0,
      0,
      0,
      0,
      0,
      1,
      1,
      1,
      1,
      1,
      0,
      0,
      1,
      0,
      0,
      0,
      0,
      0
    ],
    "top_active_channels": [
      [
        0,
        49
      ],
      [
        1,
        8
      ],
      [
        2,
        8
      ],
      [
        9,
        1
      ],
      [
        10,
        1
      ]
    ],
    "total_board_activity": 71
  },
  "go_pattern_analysis": {
    "move_type": "pass",
    "game_phase": "opening",
    "turn_number": 1,
    "policy_entropy": 0.05437227498139258,
    "policy_confidence": 0.9944852941176471,
    "top_policy_moves": [
      {
        "coord": "PASS",
        "percentage": 99.4,
        "count": 541
      },
      {
        "coord": "(2,1)",
        "percentage": 0.4,
        "count": 2
      },
      {
        "coord": "(4,1)",
        "percentage": 0.2,
        "count": 1
      }
    ],
    "total_policy_counts": 544
  },
  "part_comparison": {
    "uniqueness_score": 0.5008347034454346,
    "similar_positions": [
      3843,
      3842,
      5355,
      6573,
      5699
    ],
    "part_rank": 14,
    "max_other_part_activation": 0.3607918322086334,
    "activation_percentile": 99.78797516280478
  }
}