{
  "position_info": {
    "part": 39,
    "rank": 4,
    "global_position": 1254,
    "move_coordinate": "PASS",
    "turn_number": 1,
    "npz_file": "1D638D50844BD930.npz",
    "board_tensor_file": "pos_1254/board.npy",
    "sgf_file": "pos_1254/game.sgf"
  },
  "nmf_analysis": {
    "activation_strength": 0.3289228677749634,
    "rank_in_component": 4,
    "activation_in_other_components": [
      0.028975706547498703,
      0.17212513089179993,
      0.0,
      0.0,
      0.0,
      0.036589983850717545,
      0.0,
      0.0736575573682785,
      0.018185285851359367,
      0.11939238011837006,
      0.015353407710790634,
      0.002032118383795023,
      0.02103327587246895,
      0.04667997732758522,
      0.011089489795267582,
      0.0,
      0.00046611358993686736,
      0.00130230572540313,
      0.0,
      0.059076789766550064,
      0.015334958210587502,
      0.02363901026546955,
      0.0135764479637146,
      0.0,
      0.0027185517828911543,
      0.0,
      0.005344179924577475,
      0.0,
      0.1369304209947586,
      0.09637583047151566,
      0.15100263059139252,
      0.0745149478316307,
      0.10686276108026505,
      0.21725302934646606,
      0.047224774956703186,
      0.13495752215385437,
      0.28972339630126953,
      0.005449734162539244,
      0.0822051465511322,
      0.3289228677749634,
      0.0625368058681488,
      0.19268108904361725,
      0.0,
      0.08604709804058075,
      0.0769432783126831,
      0.07053022086620331,
      0.03415084257721901,
      0.27487844228744507,
      0.1264745444059372,
      0.37961915135383606
    ],
    "channel_activity": [
      49,
      11,
      11,
      0,
      6,
      10,
      0,
      0,
      0,
      1,
      1,
      1,
      1,
      1,
      0,
      0,
      0,
      0,
      0,
      0,
      0,
      0
    ],
    "top_active_channels": [
      [
        0,
        49
      ],
      [
        1,
        11
      ],
      [
        2,
        11
      ],
      [
        5,
        10
      ],
      [
        4,
        6
      ]
    ],
    "total_board_activity": 92
  },
  "go_pattern_analysis": {
    "move_type": "pass",
    "game_phase": "opening",
    "turn_number": 1,
    "policy_entropy": 0.16337523587104674,
    "policy_confidence": 0.9794520547945206,
    "top_policy_moves": [
      {
        "coord": "PASS",
        "percentage": 97.9,
        "count": 143
      },
      {
        "coord": "(5,1)",
        "percentage": 1.4,
        "count": 2
      },
      {
        "coord": "(4,6)",
        "percentage": 0.7,
        "count": 1
      }
    ],
    "total_policy_counts": 146
  },
  "component_comparison": {
    "uniqueness_score": 0.4642249345779419,
    "similar_positions": [
      6554,
      1145,
      1443,
      6456,
      1782
    ],
    "component_rank": 4,
    "max_other_component_activation": 0.37961915135383606,
    "activation_percentile": 99.93942147508709
  }
}