{
  "position_info": {
    "part": 23,
    "rank": 17,
    "global_position": 996,
    "move_coordinate": "PASS",
    "turn_number": 1,
    "npz_file": "1906C337F5CDAFA9.npz",
    "board_tensor_file": "pos_996/board.npy",
    "sgf_file": "pos_996/game.sgf"
  },
  "nmf_analysis": {
    "activation_strength": 0.37950316071510315,
    "rank_in_part": 17,
    "activation_in_other_parts": [
      0.25570276379585266,
      0.0016004859935492277,
      0.22885221242904663,
      0.13151530921459198,
      0.07237755507230759,
      0.22171702980995178,
      0.014375383034348488,
      0.03980310633778572,
      0.012571637518703938,
      0.12449165433645248,
      0.2821454405784607,
      0.0,
      0.1200019121170044,
      0.2689743936061859,
      0.07449392974376678,
      0.1929909586906433,
      0.05702035501599312,
      0.19134819507598877,
      0.0882040336728096,
      0.04114844650030136,
      0.30190300941467285,
      0.08978982269763947,
      0.12970606982707977,
      0.37950316071510315,
      0.14060117304325104
    ],
    "channel_activity": [
      49,
      8,
      8,
      0,
      0,
      0,
      0,
      0,
      0,
      1,
      1,
      1,
      1,
      1,
      0,
      0,
      1,
      0,
      0,
      0,
      0,
      0
    ],
    "top_active_channels": [
      [
        0,
        49
      ],
      [
        1,
        8
      ],
      [
        2,
        8
      ],
      [
        9,
        1
      ],
      [
        10,
        1
      ]
    ],
    "total_board_activity": 71
  },
  "go_pattern_analysis": {
    "move_type": "pass",
    "game_phase": "opening",
    "turn_number": 1,
    "policy_entropy": 0.03920182567950035,
    "policy_confidence": 0.996268656716418,
    "top_policy_moves": [
      {
        "coord": "PASS",
        "percentage": 99.6,
        "count": 534
      },
      {
        "coord": "(4,1)",
        "percentage": 0.2,
        "count": 1
      },
      {
        "coord": "(2,1)",
        "percentage": 0.2,
        "count": 1
      }
    ],
    "total_policy_counts": 536
  },
  "part_comparison": {
    "uniqueness_score": 0.5569412112236023,
    "similar_positions": [
      2718,
      6240,
      5833,
      5834,
      2473
    ],
    "part_rank": 17,
    "max_other_part_activation": 0.30190300941467285,
    "activation_percentile": 99.7425412691201
  }
}