{
  "position_info": {
    "part": 44,
    "rank": 11,
    "global_position": 5526,
    "move_coordinate": "C3",
    "turn_number": 7,
    "npz_file": "BADFFB51627F24FD.npz",
    "board_tensor_file": "pos_5526/board.npy",
    "sgf_file": "pos_5526/game.sgf"
  },
  "nmf_analysis": {
    "activation_strength": 0.2977861762046814,
    "rank_in_part": 11,
    "activation_in_other_parts": [
      0.0,
      0.0,
      0.0,
      0.0,
      0.0,
      0.0,
      0.34301039576530457,
      0.0,
      0.024668287485837936,
      0.0,
      0.032161250710487366,
      0.024704987183213234,
      0.005159539636224508,
      0.0,
      0.00033803831320255995,
      0.06216735020279884,
      0.0,
      0.0,
      0.0,
      0.0,
      0.003395670559257269,
      0.0,
      0.0032839858904480934,
      0.08312568813562393,
      0.033186811953783035,
      0.0,
      0.00011840694060083479,
      0.055493976920843124,
      0.056224796921014786,
      0.1594732403755188,
      0.028915436938405037,
      0.019484050571918488,
      0.32560789585113525,
      0.11478020995855331,
      0.0003086912911385298,
      0.19105304777622223,
      0.0,
      0.1706552654504776,
      0.2593468129634857,
      0.1291600614786148,
      0.0,
      0.1246635690331459,
      0.0,
      0.025904351845383644,
      0.2977861762046814,
      0.16492041945457458,
      0.0,
      0.2644426226615906,
      0.16262681782245636,
      0.4717395007610321
    ],
    "channel_activity": [
      49,
      5,
      5,
      0,
      0,
      1,
      0,
      0,
      0,
      1,
      1,
      1,
      1,
      1,
      0,
      1,
      0,
      0,
      0,
      0,
      0,
      0
    ],
    "top_active_channels": [
      [
        0,
        49
      ],
      [
        1,
        5
      ],
      [
        2,
        5
      ],
      [
        5,
        1
      ],
      [
        9,
        1
      ]
    ],
    "total_board_activity": 66
  },
  "go_pattern_analysis": {
    "move_type": "corner",
    "game_phase": "opening",
    "turn_number": 7,
    "policy_entropy": 0.9641127530236437,
    "policy_confidence": 0.8475499092558983,
    "top_policy_moves": [
      {
        "coord": "(2,2)",
        "percentage": 84.8,
        "count": 467
      },
      {
        "coord": "(3,5)",
        "percentage": 6.0,
        "count": 33
      },
      {
        "coord": "(1,1)",
        "percentage": 4.2,
        "count": 23
      },
      {
        "coord": "(3,1)",
        "percentage": 2.7,
        "count": 15
      },
      {
        "coord": "(0,2)",
        "percentage": 0.7,
        "count": 4
      }
    ],
    "total_policy_counts": 551
  },
  "part_comparison": {
    "uniqueness_score": 0.38697367906570435,
    "similar_positions": [
      286,
      4869,
      287,
      5778,
      3834
    ],
    "part_rank": 11,
    "max_other_part_activation": 0.4717395007610321,
    "activation_percentile": 99.83340905648947
  }
}