{
  "position_info": {
    "part": 43,
    "rank": 7,
    "global_position": 5338,
    "move_coordinate": "A1",
    "turn_number": 1,
    "npz_file": "BADFFB51627F24FD.npz",
    "board_tensor_file": "pos_5338/board.npy",
    "sgf_file": "pos_5338/game.sgf"
  },
  "nmf_analysis": {
    "activation_strength": 0.2566901743412018,
    "rank_in_component": 7,
    "activation_in_other_components": [
      0.12837955355644226,
      0.050441596657037735,
      0.0,
      0.017564358189702034,
      0.016602395102381706,
      0.017778640612959862,
      0.0,
      0.027068162336945534,
      0.007076147012412548,
      0.13954421877861023,
      0.0034698517993092537,
      0.08901558816432953,
      0.06016381457448006,
      0.013085725717246532,
      0.0039110127836465836,
      0.11930853873491287,
      0.015123536810278893,
      0.0002766309189610183,
      0.019715556874871254,
      0.020346859470009804,
      0.0024867092724889517,
      0.0761852115392685,
      0.002715177135542035,
      0.0,
      0.10010723024606705,
      0.006997494958341122,
      0.002968692686408758,
      0.0,
      0.21839550137519836,
      0.08002334088087082,
      0.16738900542259216,
      0.08834337443113327,
      0.0,
      0.1526327282190323,
      0.12167505919933319,
      0.0,
      0.07047813385725021,
      0.21308790147304535,
      0.0836811289191246,
      0.08972534537315369,
      0.11024980247020721,
      0.0,
      0.027178030461072922,
      0.2566901743412018,
      0.11524707078933716,
      0.14267413318157196,
      0.10247835516929626,
      0.13422326743602753,
      0.4453774094581604,
      0.2504688501358032
    ],
    "channel_activity": [
      49,
      6,
      7,
      0,
      1,
      1,
      0,
      0,
      0,
      1,
      1,
      1,
      1,
      1,
      0,
      0,
      0,
      0,
      0,
      0,
      0,
      0
    ],
    "top_active_channels": [
      [
        0,
        49
      ],
      [
        2,
        7
      ],
      [
        1,
        6
      ],
      [
        4,
        1
      ],
      [
        5,
        1
      ]
    ],
    "total_board_activity": 69
  },
  "go_pattern_analysis": {
    "move_type": "corner",
    "game_phase": "opening",
    "turn_number": 1,
    "policy_entropy": 5.643856189774725,
    "policy_confidence": 0.02,
    "top_policy_moves": [
      {
        "coord": "PASS",
        "percentage": 2.0,
        "count": 1
      },
      {
        "coord": "(1,5)",
        "percentage": 2.0,
        "count": 1
      },
      {
        "coord": "(3,1)",
        "percentage": 2.0,
        "count": 1
      },
      {
        "coord": "(3,0)",
        "percentage": 2.0,
        "count": 1
      },
      {
        "coord": "(2,6)",
        "percentage": 2.0,
        "count": 1
      }
    ],
    "total_policy_counts": 50
  },
  "component_comparison": {
    "uniqueness_score": 0.36562031507492065,
    "similar_positions": [
      2571,
      3279,
      2799,
      4365,
      2077
    ],
    "component_rank": 7,
    "max_other_component_activation": 0.4453774094581604,
    "activation_percentile": 99.89398758140238
  }
}