{
  "position_info": {
    "part": 8,
    "rank": 16,
    "global_position": 1680,
    "move_coordinate": "C5",
    "turn_number": 1,
    "npz_file": "1D638D50844BD930.npz",
    "board_tensor_file": "pos_1680/board.npy",
    "sgf_file": "pos_1680/game.sgf"
  },
  "nmf_analysis": {
    "activation_strength": 0.499169260263443,
    "rank_in_part": 16,
    "activation_in_other_parts": [
      0.1307247132062912,
      0.11716616898775101,
      0.0,
      0.19145937263965607,
      0.08632775396108627,
      0.0,
      0.06619871407747269,
      0.20489419996738434,
      0.499169260263443,
      0.15232691168785095,
      0.04733195900917053,
      0.09134819358587265,
      0.15483137965202332,
      0.0,
      0.1324044018983841,
      0.25206851959228516,
      0.3366585373878479,
      0.0020030327141284943,
      0.14722473919391632,
      0.0,
      0.1957942396402359,
      0.0,
      0.029628034681081772,
      0.02879783697426319,
      0.442735880613327
    ],
    "channel_activity": [
      49,
      6,
      7,
      0,
      1,
      1,
      0,
      0,
      0,
      1,
      1,
      1,
      1,
      1,
      1,
      1,
      0,
      0,
      0,
      0,
      0,
      0
    ],
    "top_active_channels": [
      [
        0,
        49
      ],
      [
        2,
        7
      ],
      [
        1,
        6
      ],
      [
        4,
        1
      ],
      [
        5,
        1
      ]
    ],
    "total_board_activity": 71
  },
  "go_pattern_analysis": {
    "move_type": "corner",
    "game_phase": "opening",
    "turn_number": 1,
    "policy_entropy": -0.0,
    "policy_confidence": 1.0,
    "top_policy_moves": [
      {
        "coord": "(4,2)",
        "percentage": 100.0,
        "count": 532
      }
    ],
    "total_policy_counts": 532
  },
  "part_comparison": {
    "uniqueness_score": 0.5299570560455322,
    "similar_positions": [
      1909,
      4911,
      3071,
      5154,
      3124
    ],
    "part_rank": 16,
    "max_other_part_activation": 0.442735880613327,
    "activation_percentile": 99.75768590034832
  }
}