{
  "position_info": {
    "part": 10,
    "rank": 18,
    "global_position": 2205,
    "move_coordinate": "D3",
    "turn_number": 3,
    "npz_file": "76F9EC3EB6A76AA0.npz",
    "board_tensor_file": "pos_2205/board.npy",
    "sgf_file": "pos_2205/game.sgf"
  },
  "nmf_analysis": {
    "activation_strength": 258.26177978515625,
    "rank_in_part": 18,
    "activation_in_other_parts": [
      0.0,
      79.45213317871094,
      0.0,
      0.0,
      7.919654846191406,
      31.864717483520508,
      0.0,
      7.036980628967285,
      0.3981529474258423,
      0.0,
      258.26177978515625,
      0.0,
      0.0,
      0.2607022821903229,
      0.0,
      0.2650294899940491,
      0.0,
      0.0,
      0.0,
      0.0,
      0.0,
      0.060189489275217056,
      0.0,
      0.0,
      0.0
    ],
    "channel_activity": [
      49,
      0,
      1,
      0,
      0,
      0,
      0,
      0,
      0,
      1,
      0,
      0,
      0,
      0,
      0,
      0,
      0,
      0,
      0,
      49,
      0,
      0
    ],
    "top_active_channels": [
      [
        0,
        49
      ],
      [
        19,
        49
      ],
      [
        2,
        1
      ],
      [
        9,
        1
      ],
      [
        1,
        0
      ]
    ],
    "total_board_activity": 100
  },
  "go_pattern_analysis": {
    "move_type": "side",
    "game_phase": "opening",
    "turn_number": 3,
    "policy_entropy": 1.9547557851962574,
    "policy_confidence": 0.363013698630137,
    "top_policy_moves": [
      {
        "coord": "(2,3)",
        "percentage": 36.3,
        "count": 53
      },
      {
        "coord": "(4,2)",
        "percentage": 21.2,
        "count": 31
      },
      {
        "coord": "(4,3)",
        "percentage": 21.2,
        "count": 31
      },
      {
        "coord": "(2,2)",
        "percentage": 21.2,
        "count": 31
      }
    ],
    "total_policy_counts": 146
  },
  "part_comparison": {
    "uniqueness_score": 0.7647353410720825,
    "similar_positions": [
      779,
      3536,
      1724,
      3835,
      6323
    ],
    "part_rank": 17,
    "max_other_part_activation": 79.45213317871094,
    "activation_percentile": 99.7425412691201
  }
}