{
  "position_info": {
    "part": 0,
    "rank": 15,
    "global_position": 2205,
    "move_coordinate": "D3",
    "turn_number": 3,
    "npz_file": "76F9EC3EB6A76AA0.npz",
    "board_tensor_file": "pos_2205/board.npy",
    "sgf_file": "pos_2205/game.sgf"
  },
  "nmf_analysis": {
    "activation_strength": 0.4606006443500519,
    "rank_in_part": 15,
    "activation_in_other_parts": [
      0.4606006443500519,
      0.37082964181900024,
      0.0,
      0.04973672702908516,
      0.8293620944023132,
      0.01652325876057148,
      0.0,
      0.0,
      0.03638431057333946,
      0.2714657783508301,
      0.014237865805625916,
      0.008551442064344883,
      0.0,
      0.0,
      0.0,
      0.0,
      0.49424126744270325,
      0.0,
      0.0014818632043898106,
      0.0,
      0.0,
      0.012845151126384735,
      0.05686439201235771,
      0.0,
      0.14053751528263092
    ],
    "channel_activity": [
      49,
      0,
      1,
      0,
      0,
      0,
      0,
      0,
      0,
      1,
      0,
      0,
      0,
      0,
      0,
      0,
      0,
      0,
      0,
      49,
      0,
      0
    ],
    "top_active_channels": [
      [
        0,
        49
      ],
      [
        19,
        49
      ],
      [
        2,
        1
      ],
      [
        9,
        1
      ],
      [
        1,
        0
      ]
    ],
    "total_board_activity": 100
  },
  "go_pattern_analysis": {
    "move_type": "side",
    "game_phase": "opening",
    "turn_number": 3,
    "policy_entropy": 1.9547557851962574,
    "policy_confidence": 0.363013698630137,
    "top_policy_moves": [
      {
        "coord": "(2,3)",
        "percentage": 36.3,
        "count": 53
      },
      {
        "coord": "(4,2)",
        "percentage": 21.2,
        "count": 31
      },
      {
        "coord": "(4,3)",
        "percentage": 21.2,
        "count": 31
      },
      {
        "coord": "(2,2)",
        "percentage": 21.2,
        "count": 31
      }
    ],
    "total_policy_counts": 146
  },
  "part_comparison": {
    "uniqueness_score": 0.3570650815963745,
    "similar_positions": [
      786,
      3821,
      6323,
      3536,
      6366
    ],
    "part_rank": 14,
    "max_other_part_activation": 0.8293620944023132,
    "activation_percentile": 99.78797516280478
  }
}