{
  "position_info": {
    "part": 29,
    "rank": 17,
    "global_position": 2122,
    "move_coordinate": "A1",
    "turn_number": 1,
    "npz_file": "565285905A9A0C14.npz",
    "board_tensor_file": "pos_2122/board.npy",
    "sgf_file": "pos_2122/game.sgf"
  },
  "nmf_analysis": {
    "activation_strength": 0.4031634032726288,
    "rank_in_component": 17,
    "activation_in_other_components": [
      0.022490238770842552,
      0.0,
      0.0,
      0.01725746877491474,
      0.026618657633662224,
      0.013575049117207527,
      0.24191464483737946,
      0.0,
      0.04885326698422432,
      0.02434190921485424,
      0.04940607398748398,
      0.034360308200120926,
      0.05197157338261604,
      0.0,
      0.021648427471518517,
      0.060167305171489716,
      0.0,
      0.0,
      0.0,
      0.0,
      0.02794535830616951,
      0.05182424932718277,
      0.02375129424035549,
      0.06044631823897362,
      0.1057533323764801,
      0.0,
      0.005321798846125603,
      0.023983776569366455,
      0.22503748536109924,
      0.4031634032726288,
      0.09613911807537079,
      0.013074119575321674,
      0.04226856678724289,
      0.19699081778526306,
      0.27125048637390137,
      0.0,
      0.20363891124725342,
      0.038999516516923904,
      0.07182209938764572,
      0.05965764820575714,
      0.0,
      0.2891377806663513,
      0.0,
      0.0,
      0.14451903104782104,
      0.121344193816185,
      0.0,
      0.22066687047481537,
      0.15906763076782227,
      0.2943423092365265
    ],
    "channel_activity": [
      49,
      12,
      16,
      5,
      4,
      6,
      0,
      0,
      0,
      1,
      1,
      1,
      1,
      1,
      5,
      5,
      9,
      0,
      0,
      0,
      0,
      0
    ],
    "top_active_channels": [
      [
        0,
        49
      ],
      [
        2,
        16
      ],
      [
        1,
        12
      ],
      [
        16,
        9
      ],
      [
        5,
        6
      ]
    ],
    "total_board_activity": 116
  },
  "go_pattern_analysis": {
    "move_type": "corner",
    "game_phase": "opening",
    "turn_number": 1,
    "policy_entropy": 5.643856189774725,
    "policy_confidence": 0.02,
    "top_policy_moves": [
      {
        "coord": "PASS",
        "percentage": 2.0,
        "count": 1
      },
      {
        "coord": "(1,5)",
        "percentage": 2.0,
        "count": 1
      },
      {
        "coord": "(3,1)",
        "percentage": 2.0,
        "count": 1
      },
      {
        "coord": "(3,0)",
        "percentage": 2.0,
        "count": 1
      },
      {
        "coord": "(2,6)",
        "percentage": 2.0,
        "count": 1
      }
    ],
    "total_policy_counts": 50
  },
  "component_comparison": {
    "uniqueness_score": 0.5780073404312134,
    "similar_positions": [
      4462,
      3673,
      1704,
      3178,
      3180
    ],
    "component_rank": 17,
    "max_other_component_activation": 0.2943423092365265,
    "activation_percentile": 99.7425412691201
  }
}