{
  "position_info": {
    "part": 37,
    "rank": 8,
    "global_position": 3313,
    "move_coordinate": "A1",
    "turn_number": 46,
    "npz_file": "AAE4EE8DC9A92FFF.npz",
    "board_tensor_file": "pos_3313/board.npy",
    "sgf_file": "pos_3313/game.sgf"
  },
  "nmf_analysis": {
    "activation_strength": 0.3121946156024933,
    "rank_in_part": 8,
    "activation_in_other_parts": [
      0.0,
      0.0,
      0.0,
      0.003395572304725647,
      0.009707778692245483,
      0.0,
      0.16557982563972473,
      0.0,
      0.033868227154016495,
      0.0,
      0.031855013221502304,
      0.0,
      0.00942633394151926,
      0.0,
      0.024759620428085327,
      0.009371158666908741,
      0.009546792134642601,
      6.520913302665576e-06,
      0.017265086993575096,
      0.0,
      0.023072747513651848,
      0.0,
      0.020389949902892113,
      0.04486057534813881,
      0.0,
      0.0048346612602472305,
      0.007540711667388678,
      0.01784527115523815,
      0.09514237940311432,
      0.1310901939868927,
      0.08218938857316971,
      0.10235679149627686,
      0.0,
      0.24836888909339905,
      0.06647566705942154,
      0.07034244388341904,
      0.012640601024031639,
      0.3121946156024933,
      0.15171606838703156,
      0.22792865335941315,
      0.13691431283950806,
      0.0,
      0.11550500243902206,
      0.08279009908437729,
      0.14811550080776215,
      0.11557385325431824,
      0.15317216515541077,
      0.2804011404514313,
      0.14236053824424744,
      0.37981095910072327
    ],
    "channel_activity": [
      49,
      7,
      6,
      0,
      1,
      1,
      0,
      0,
      0,
      1,
      1,
      1,
      1,
      1,
      0,
      0,
      0,
      0,
      0,
      0,
      0,
      0
    ],
    "top_active_channels": [
      [
        0,
        49
      ],
      [
        1,
        7
      ],
      [
        2,
        6
      ],
      [
        4,
        1
      ],
      [
        5,
        1
      ]
    ],
    "total_board_activity": 69
  },
  "go_pattern_analysis": {
    "move_type": "corner",
    "game_phase": "middle_game",
    "turn_number": 46,
    "policy_entropy": 5.643856189774725,
    "policy_confidence": 0.02,
    "top_policy_moves": [
      {
        "coord": "PASS",
        "percentage": 2.0,
        "count": 1
      },
      {
        "coord": "(1,5)",
        "percentage": 2.0,
        "count": 1
      },
      {
        "coord": "(3,1)",
        "percentage": 2.0,
        "count": 1
      },
      {
        "coord": "(3,0)",
        "percentage": 2.0,
        "count": 1
      },
      {
        "coord": "(2,6)",
        "percentage": 2.0,
        "count": 1
      }
    ],
    "total_policy_counts": 50
  },
  "part_comparison": {
    "uniqueness_score": 0.45114466547966003,
    "similar_positions": [
      6255,
      4369,
      4370,
      4709,
      2517
    ],
    "part_rank": 8,
    "max_other_part_activation": 0.37981095910072327,
    "activation_percentile": 99.87884295017416
  }
}