{
  "position_info": {
    "part": 1,
    "rank": 2,
    "global_position": 2267,
    "move_coordinate": "D2",
    "turn_number": 12,
    "npz_file": "76F9EC3EB6A76AA0.npz",
    "board_tensor_file": "pos_2267/board.npy",
    "sgf_file": "pos_2267/game.sgf"
  },
  "nmf_analysis": {
    "activation_strength": 474.9551696777344,
    "rank_in_part": 2,
    "activation_in_other_parts": [
      0.0,
      474.9551696777344,
      0.0,
      46.212223052978516,
      4.681449890136719,
      67.299560546875,
      0.39421719312667847,
      6.679556369781494,
      0.0,
      0.0,
      0.0,
      0.5426689386367798,
      0.0,
      0.06380124390125275,
      53.280574798583984,
      0.0,
      0.0,
      0.0,
      0.0,
      0.0,
      0.27963319420814514,
      0.0,
      0.0,
      0.0,
      0.0
    ],
    "channel_activity": [
      49,
      5,
      5,
      0,
      2,
      5,
      0,
      0,
      0,
      1,
      1,
      1,
      1,
      1,
      2,
      1,
      1,
      0,
      0,
      0,
      0,
      0
    ],
    "top_active_channels": [
      [
        0,
        49
      ],
      [
        1,
        5
      ],
      [
        2,
        5
      ],
      [
        5,
        5
      ],
      [
        4,
        2
      ]
    ],
    "total_board_activity": 75
  },
  "go_pattern_analysis": {
    "move_type": "side",
    "game_phase": "opening",
    "turn_number": 12,
    "policy_entropy": -0.0,
    "policy_confidence": 1.0,
    "top_policy_moves": [
      {
        "coord": "(1,3)",
        "percentage": 100.0,
        "count": 253
      }
    ],
    "total_policy_counts": 253
  },
  "part_comparison": {
    "uniqueness_score": 0.8758893609046936,
    "similar_positions": [
      3451,
      1757,
      5492,
      5359,
      4444
    ],
    "part_rank": 2,
    "max_other_part_activation": 67.299560546875,
    "activation_percentile": 99.96971073754354
  }
}