{
  "position_info": {
    "part": 6,
    "rank": 13,
    "global_position": 6330,
    "move_coordinate": "B4",
    "turn_number": 13,
    "npz_file": "E3CD9898B9AFF870.npz",
    "board_tensor_file": "pos_6330/board.npy",
    "sgf_file": "pos_6330/game.sgf"
  },
  "nmf_analysis": {
    "activation_strength": 0.4875836670398712,
    "rank_in_part": 13,
    "activation_in_other_parts": [
      0.0,
      0.16811969876289368,
      0.0,
      0.0778932049870491,
      0.09072649478912354,
      0.2840530276298523,
      0.4875836670398712,
      0.07625462114810944,
      0.09936068207025528,
      0.37884587049484253,
      0.1316211223602295,
      0.0843999981880188,
      0.3504549562931061,
      0.03737460449337959,
      0.032111018896102905,
      0.021450167521834373,
      0.07067815214395523,
      0.04032635688781738,
      0.0,
      0.03815202787518501,
      0.02442077174782753,
      0.01860605552792549,
      0.3029034435749054,
      0.08708794414997101,
      0.43600770831108093
    ],
    "channel_activity": [
      49,
      5,
      5,
      0,
      2,
      5,
      0,
      0,
      0,
      1,
      1,
      1,
      1,
      1,
      2,
      1,
      1,
      0,
      5,
      5,
      0,
      0
    ],
    "top_active_channels": [
      [
        0,
        49
      ],
      [
        1,
        5
      ],
      [
        2,
        5
      ],
      [
        5,
        5
      ],
      [
        18,
        5
      ]
    ],
    "total_board_activity": 85
  },
  "go_pattern_analysis": {
    "move_type": "side",
    "game_phase": "opening",
    "turn_number": 13,
    "policy_entropy": -0.0,
    "policy_confidence": 1.0,
    "top_policy_moves": [
      {
        "coord": "(3,1)",
        "percentage": 100.0,
        "count": 110
      }
    ],
    "total_policy_counts": 110
  },
  "part_comparison": {
    "uniqueness_score": 0.5279214382171631,
    "similar_positions": [
      5479,
      4516,
      4603,
      2431,
      4920
    ],
    "part_rank": 13,
    "max_other_part_activation": 0.43600770831108093,
    "activation_percentile": 99.80311979403301
  }
}