{
  "position_info": {
    "part": 3,
    "rank": 15,
    "global_position": 4857,
    "move_coordinate": "D1",
    "turn_number": 1,
    "npz_file": "B330F9C802154800.npz",
    "board_tensor_file": "pos_4857/board.npy",
    "sgf_file": "pos_4857/game.sgf"
  },
  "nmf_analysis": {
    "activation_strength": 0.41148707270622253,
    "rank_in_part": 15,
    "activation_in_other_parts": [
      0.19334228336811066,
      0.05726957693696022,
      0.09142929315567017,
      0.41148707270622253,
      0.06585870683193207,
      0.23679116368293762,
      0.0360424742102623,
      0.14213958382606506,
      0.060610998421907425,
      0.02823767252266407,
      0.4194515347480774,
      0.004779363051056862,
      0.127890482544899,
      0.42498522996902466,
      0.24391873180866241,
      0.006789464969187975,
      0.0,
      0.12722046673297882,
      0.06300336867570877,
      0.0030713509768247604,
      0.11350590735673904,
      0.07195289433002472,
      0.05164819955825806,
      0.19508004188537598,
      0.12537455558776855
    ],
    "channel_activity": [
      49,
      14,
      11,
      0,
      1,
      4,
      0,
      0,
      0,
      0,
      1,
      1,
      1,
      1,
      0,
      0,
      2,
      0,
      28,
      20,
      0,
      0
    ],
    "top_active_channels": [
      [
        0,
        49
      ],
      [
        18,
        28
      ],
      [
        19,
        20
      ],
      [
        1,
        14
      ],
      [
        2,
        11
      ]
    ],
    "total_board_activity": 133
  },
  "go_pattern_analysis": {
    "move_type": "side",
    "game_phase": "opening",
    "turn_number": 1,
    "policy_entropy": 1.8276737298545873,
    "policy_confidence": 0.47126436781609193,
    "top_policy_moves": [
      {
        "coord": "(0,3)",
        "percentage": 47.1,
        "count": 82
      },
      {
        "coord": "(1,3)",
        "percentage": 21.3,
        "count": 37
      },
      {
        "coord": "(0,2)",
        "percentage": 16.1,
        "count": 28
      },
      {
        "coord": "(0,1)",
        "percentage": 15.5,
        "count": 27
      }
    ],
    "total_policy_counts": 174
  },
  "part_comparison": {
    "uniqueness_score": 0.4919315278530121,
    "similar_positions": [
      1384,
      776,
      1950,
      6214,
      64
    ],
    "part_rank": 15,
    "max_other_part_activation": 0.42498522996902466,
    "activation_percentile": 99.77283053157655
  }
}