{
  "position_info": {
    "part": 13,
    "rank": 6,
    "global_position": 582,
    "move_coordinate": "F6",
    "turn_number": 9,
    "npz_file": "1906C337F5CDAFA9.npz",
    "board_tensor_file": "pos_582/board.npy",
    "sgf_file": "pos_582/game.sgf"
  },
  "nmf_analysis": {
    "activation_strength": 0.5795875787734985,
    "rank_in_part": 6,
    "activation_in_other_parts": [
      0.0,
      326.44140625,
      0.0,
      68.1249008178711,
      0.0,
      87.30633544921875,
      0.2767559289932251,
      6.946452617645264,
      0.0,
      0.0,
      0.0,
      0.0,
      0.0,
      0.5795875787734985,
      62.26231384277344,
      0.0,
      0.0,
      0.0,
      0.04060104489326477,
      0.0,
      0.3240353465080261,
      0.0,
      0.0995137169957161,
      0.0,
      0.0
    ],
    "channel_activity": [
      49,
      3,
      3,
      0,
      0,
      0,
      0,
      0,
      0,
      1,
      1,
      1,
      1,
      1,
      0,
      0,
      0,
      0,
      0,
      0,
      0,
      0
    ],
    "top_active_channels": [
      [
        0,
        49
      ],
      [
        1,
        3
      ],
      [
        2,
        3
      ],
      [
        9,
        1
      ],
      [
        10,
        1
      ]
    ],
    "total_board_activity": 60
  },
  "go_pattern_analysis": {
    "move_type": "corner",
    "game_phase": "opening",
    "turn_number": 9,
    "policy_entropy": 0.8216292954053164,
    "policy_confidence": 0.7433628318584071,
    "top_policy_moves": [
      {
        "coord": "(5,5)",
        "percentage": 74.3,
        "count": 84
      },
      {
        "coord": "(1,3)",
        "percentage": 25.7,
        "count": 29
      }
    ],
    "total_policy_counts": 113
  },
  "part_comparison": {
    "uniqueness_score": 0.0017723252531141043,
    "similar_positions": [
      5524,
      3359,
      3435,
      3436,
      1569
    ],
    "part_rank": 6,
    "max_other_part_activation": 326.44140625,
    "activation_percentile": 99.90913221263062
  }
}