{
  "position_info": {
    "part": 10,
    "rank": 19,
    "global_position": 4271,
    "move_coordinate": "E4",
    "turn_number": 3,
    "npz_file": "B330F9C802154800.npz",
    "board_tensor_file": "pos_4271/board.npy",
    "sgf_file": "pos_4271/game.sgf"
  },
  "nmf_analysis": {
    "activation_strength": 258.18243408203125,
    "rank_in_part": 19,
    "activation_in_other_parts": [
      0.0,
      80.02232360839844,
      0.0,
      0.0,
      7.95111608505249,
      31.724302291870117,
      0.0,
      6.8483405113220215,
      0.4117874205112457,
      0.0,
      258.18243408203125,
      0.0,
      0.0,
      0.2595274746417999,
      0.0,
      0.2571490705013275,
      0.0,
      0.0,
      0.0,
      0.0,
      0.0,
      0.046201929450035095,
      0.0,
      0.0,
      0.0
    ],
    "channel_activity": [
      49,
      0,
      1,
      0,
      0,
      0,
      0,
      0,
      0,
      1,
      0,
      0,
      0,
      0,
      0,
      0,
      0,
      0,
      0,
      49,
      0,
      0
    ],
    "top_active_channels": [
      [
        0,
        49
      ],
      [
        19,
        49
      ],
      [
        2,
        1
      ],
      [
        9,
        1
      ],
      [
        1,
        0
      ]
    ],
    "total_board_activity": 100
  },
  "go_pattern_analysis": {
    "move_type": "side",
    "game_phase": "opening",
    "turn_number": 3,
    "policy_entropy": 1.9528949670810927,
    "policy_confidence": 0.36486486486486486,
    "top_policy_moves": [
      {
        "coord": "(3,4)",
        "percentage": 36.5,
        "count": 54
      },
      {
        "coord": "(2,2)",
        "percentage": 21.6,
        "count": 32
      },
      {
        "coord": "(3,2)",
        "percentage": 21.6,
        "count": 32
      },
      {
        "coord": "(2,4)",
        "percentage": 20.3,
        "count": 30
      }
    ],
    "total_policy_counts": 148
  },
  "part_comparison": {
    "uniqueness_score": 0.763390839099884,
    "similar_positions": [
      779,
      3536,
      1724,
      3835,
      6323
    ],
    "part_rank": 19,
    "max_other_part_activation": 80.02232360839844,
    "activation_percentile": 99.71225200666363
  }
}