{
  "position_info": {
    "part": 9,
    "rank": 13,
    "global_position": 4271,
    "move_coordinate": "E4",
    "turn_number": 3,
    "npz_file": "B330F9C802154800.npz",
    "board_tensor_file": "pos_4271/board.npy",
    "sgf_file": "pos_4271/game.sgf"
  },
  "nmf_analysis": {
    "activation_strength": 0.2234075516462326,
    "rank_in_part": 13,
    "activation_in_other_parts": [
      0.2969767451286316,
      0.07451428472995758,
      0.0,
      0.03179877623915672,
      0.020756559446454048,
      0.04903227835893631,
      0.017308548092842102,
      0.08423517644405365,
      0.0,
      0.2234075516462326,
      0.0,
      0.0,
      0.05755798518657684,
      0.02792016603052616,
      0.0,
      0.0,
      0.005946501158177853,
      0.0,
      0.013881639577448368,
      0.08410324156284332,
      0.0,
      0.10476823151111603,
      0.0,
      0.0,
      0.13940317928791046,
      0.004186711739748716,
      0.0,
      0.0040488475933671,
      0.2744865119457245,
      0.0,
      0.030688300728797913,
      0.9236551523208618,
      0.12180498987436295,
      0.023211397230625153,
      0.009862221777439117,
      0.0,
      0.0,
      0.0,
      0.4004453420639038,
      0.0,
      0.1048298329114914,
      0.017511872574687004,
      0.0622987262904644,
      0.0,
      0.0,
      0.022487977519631386,
      0.0,
      0.0,
      0.20062758028507233,
      0.0010117236524820328
    ],
    "channel_activity": [
      49,
      0,
      1,
      0,
      0,
      0,
      0,
      0,
      0,
      1,
      0,
      0,
      0,
      0,
      0,
      0,
      0,
      0,
      0,
      49,
      0,
      0
    ],
    "top_active_channels": [
      [
        0,
        49
      ],
      [
        19,
        49
      ],
      [
        2,
        1
      ],
      [
        9,
        1
      ],
      [
        1,
        0
      ]
    ],
    "total_board_activity": 100
  },
  "go_pattern_analysis": {
    "move_type": "side",
    "game_phase": "opening",
    "turn_number": 3,
    "policy_entropy": 1.9528949670810927,
    "policy_confidence": 0.36486486486486486,
    "top_policy_moves": [
      {
        "coord": "(3,4)",
        "percentage": 36.5,
        "count": 54
      },
      {
        "coord": "(2,2)",
        "percentage": 21.6,
        "count": 32
      },
      {
        "coord": "(3,2)",
        "percentage": 21.6,
        "count": 32
      },
      {
        "coord": "(2,4)",
        "percentage": 20.3,
        "count": 30
      }
    ],
    "total_policy_counts": 148
  },
  "part_comparison": {
    "uniqueness_score": 0.1947649121284485,
    "similar_positions": [
      6366,
      1821,
      4410,
      786,
      779
    ],
    "part_rank": 13,
    "max_other_part_activation": 0.9236551523208618,
    "activation_percentile": 99.80311979403301
  }
}