{
  "position_info": {
    "part": 4,
    "rank": 10,
    "global_position": 4271,
    "move_coordinate": "E4",
    "turn_number": 3,
    "npz_file": "B330F9C802154800.npz",
    "board_tensor_file": "pos_4271/board.npy",
    "sgf_file": "pos_4271/game.sgf"
  },
  "nmf_analysis": {
    "activation_strength": 0.8271952867507935,
    "rank_in_part": 10,
    "activation_in_other_parts": [
      0.45684322714805603,
      0.37341612577438354,
      0.0,
      0.04745791479945183,
      0.8271952867507935,
      0.014789598993957043,
      0.0,
      0.0,
      0.03400788828730583,
      0.2712744474411011,
      0.012260783463716507,
      0.0064900037832558155,
      0.0,
      0.0,
      0.0,
      0.0,
      0.49439963698387146,
      0.0,
      0.005902906879782677,
      0.0,
      0.0,
      0.013703974895179272,
      0.0559845007956028,
      0.0,
      0.14305105805397034
    ],
    "channel_activity": [
      49,
      0,
      1,
      0,
      0,
      0,
      0,
      0,
      0,
      1,
      0,
      0,
      0,
      0,
      0,
      0,
      0,
      0,
      0,
      49,
      0,
      0
    ],
    "top_active_channels": [
      [
        0,
        49
      ],
      [
        19,
        49
      ],
      [
        2,
        1
      ],
      [
        9,
        1
      ],
      [
        1,
        0
      ]
    ],
    "total_board_activity": 100
  },
  "go_pattern_analysis": {
    "move_type": "side",
    "game_phase": "opening",
    "turn_number": 3,
    "policy_entropy": 1.9528949670810927,
    "policy_confidence": 0.36486486486486486,
    "top_policy_moves": [
      {
        "coord": "(3,4)",
        "percentage": 36.5,
        "count": 54
      },
      {
        "coord": "(2,2)",
        "percentage": 21.6,
        "count": 32
      },
      {
        "coord": "(3,2)",
        "percentage": 21.6,
        "count": 32
      },
      {
        "coord": "(2,4)",
        "percentage": 20.3,
        "count": 30
      }
    ],
    "total_policy_counts": 148
  },
  "part_comparison": {
    "uniqueness_score": 0.6259068250656128,
    "similar_positions": [
      6366,
      4410,
      2582,
      1821,
      4993
    ],
    "part_rank": 10,
    "max_other_part_activation": 0.49439963698387146,
    "activation_percentile": 99.8485536877177
  }
}