{
  "position_info": {
    "part": 30,
    "rank": 14,
    "global_position": 1847,
    "move_coordinate": "C3",
    "turn_number": 7,
    "npz_file": "1D638D50844BD930.npz",
    "board_tensor_file": "pos_1847/board.npy",
    "sgf_file": "pos_1847/game.sgf"
  },
  "nmf_analysis": {
    "activation_strength": 0.5454140901565552,
    "rank_in_part": 14,
    "activation_in_other_parts": [
      0.16058455407619476,
      0.03143396973609924,
      0.0,
      0.025938771665096283,
      0.02315068244934082,
      0.019144779071211815,
      0.009725903160870075,
      0.020997585728764534,
      0.03250361233949661,
      0.031609825789928436,
      0.04451654851436615,
      0.0,
      0.0,
      0.008836423046886921,
      0.022774402052164078,
      0.008742023259401321,
      0.009422033093869686,
      0.0002880445681512356,
      0.017401861026883125,
      0.012853860855102539,
      0.029865501448512077,
      0.004876414313912392,
      0.02496141567826271,
      0.00041138159576803446,
      0.0,
      0.005317759700119495,
      0.006482297088950872,
      0.0,
      0.26073357462882996,
      0.03789767250418663,
      0.5454140901565552,
      0.09915700554847717,
      0.12482531368732452,
      0.0,
      0.009323401376605034,
      0.017951209098100662,
      0.0,
      0.020138928666710854,
      0.1992989480495453,
      0.0,
      0.22650909423828125,
      0.2491963654756546,
      0.2786405086517334,
      0.02778080850839615,
      0.0,
      0.0,
      0.17226439714431763,
      0.0,
      0.30996018648147583,
      0.26164326071739197
    ],
    "channel_activity": [
      49,
      6,
      7,
      0,
      1,
      1,
      0,
      0,
      0,
      1,
      1,
      1,
      1,
      1,
      1,
      1,
      0,
      0,
      6,
      7,
      0,
      0
    ],
    "top_active_channels": [
      [
        0,
        49
      ],
      [
        2,
        7
      ],
      [
        19,
        7
      ],
      [
        1,
        6
      ],
      [
        18,
        6
      ]
    ],
    "total_board_activity": 84
  },
  "go_pattern_analysis": {
    "move_type": "corner",
    "game_phase": "opening",
    "turn_number": 7,
    "policy_entropy": 0.1127961136081709,
    "policy_confidence": 0.987012987012987,
    "top_policy_moves": [
      {
        "coord": "(2,2)",
        "percentage": 98.7,
        "count": 532
      },
      {
        "coord": "(4,1)",
        "percentage": 0.7,
        "count": 4
      },
      {
        "coord": "(0,5)",
        "percentage": 0.6,
        "count": 3
      }
    ],
    "total_policy_counts": 539
  },
  "part_comparison": {
    "uniqueness_score": 0.6376320719718933,
    "similar_positions": [
      4526,
      1588,
      74,
      1050,
      3124
    ],
    "part_rank": 14,
    "max_other_part_activation": 0.30996018648147583,
    "activation_percentile": 99.78797516280478
  }
}