{
  "position_info": {
    "part": 24,
    "rank": 2,
    "global_position": 4794,
    "move_coordinate": "F1",
    "turn_number": 1,
    "npz_file": "B330F9C802154800.npz",
    "board_tensor_file": "pos_4794/board.npy",
    "sgf_file": "pos_4794/game.sgf"
  },
  "nmf_analysis": {
    "activation_strength": 0.834209680557251,
    "rank_in_part": 2,
    "activation_in_other_parts": [
      2198.70654296875,
      0.0,
      9.643253326416016,
      75.34713745117188,
      96.45177459716797,
      4.749682903289795,
      0.12339086830615997,
      18.36802101135254,
      0.04966824874281883,
      0.11030248552560806,
      12.906209945678711,
      0.0,
      0.0,
      0.0,
      9.152575492858887,
      0.0,
      0.0,
      0.0,
      0.23465752601623535,
      0.0,
      0.0,
      0.0,
      0.0,
      0.3004034459590912,
      0.834209680557251
    ],
    "channel_activity": [
      49,
      11,
      12,
      0,
      3,
      8,
      0,
      0,
      0,
      1,
      1,
      1,
      1,
      1,
      0,
      0,
      1,
      0,
      0,
      0,
      0,
      0
    ],
    "top_active_channels": [
      [
        0,
        49
      ],
      [
        2,
        12
      ],
      [
        1,
        11
      ],
      [
        5,
        8
      ],
      [
        4,
        3
      ]
    ],
    "total_board_activity": 89
  },
  "go_pattern_analysis": {
    "move_type": "corner",
    "game_phase": "opening",
    "turn_number": 1,
    "policy_entropy": 1.6654293250307308,
    "policy_confidence": 0.5206611570247934,
    "top_policy_moves": [
      {
        "coord": "(0,5)",
        "percentage": 52.1,
        "count": 63
      },
      {
        "coord": "(3,6)",
        "percentage": 24.8,
        "count": 30
      },
      {
        "coord": "(1,6)",
        "percentage": 17.4,
        "count": 21
      },
      {
        "coord": "(0,1)",
        "percentage": 5.8,
        "count": 7
      }
    ],
    "total_policy_counts": 121
  },
  "part_comparison": {
    "uniqueness_score": 0.00037926537333987653,
    "similar_positions": [
      4796,
      1953,
      1952,
      4893,
      4798
    ],
    "part_rank": 2,
    "max_other_part_activation": 2198.70654296875,
    "activation_percentile": 99.96971073754354
  }
}