{
  "position_info": {
    "part": 20,
    "rank": 2,
    "global_position": 4794,
    "move_coordinate": "F1",
    "turn_number": 1,
    "npz_file": "B330F9C802154800.npz",
    "board_tensor_file": "pos_4794/board.npy",
    "sgf_file": "pos_4794/game.sgf"
  },
  "nmf_analysis": {
    "activation_strength": 1.2226557731628418,
    "rank_in_part": 2,
    "activation_in_other_parts": [
      1598.800048828125,
      247.80897521972656,
      143.65518188476562,
      233.98204040527344,
      53.84101104736328,
      0.0,
      0.0,
      0.12960517406463623,
      1.0905015468597412,
      0.19010533392429352,
      0.1129048615694046,
      0.0,
      0.0,
      0.0,
      0.0,
      0.0,
      0.4888671636581421,
      0.23019300401210785,
      0.0,
      0.0,
      1.2226557731628418,
      0.0,
      0.0,
      0.06860936433076859,
      0.0
    ],
    "channel_activity": [
      49,
      11,
      12,
      0,
      3,
      8,
      0,
      0,
      0,
      1,
      1,
      1,
      1,
      1,
      0,
      0,
      1,
      0,
      0,
      0,
      0,
      0
    ],
    "top_active_channels": [
      [
        0,
        49
      ],
      [
        2,
        12
      ],
      [
        1,
        11
      ],
      [
        5,
        8
      ],
      [
        4,
        3
      ]
    ],
    "total_board_activity": 89
  },
  "go_pattern_analysis": {
    "move_type": "corner",
    "game_phase": "opening",
    "turn_number": 1,
    "policy_entropy": 1.6654293250307308,
    "policy_confidence": 0.5206611570247934,
    "top_policy_moves": [
      {
        "coord": "(0,5)",
        "percentage": 52.1,
        "count": 63
      },
      {
        "coord": "(3,6)",
        "percentage": 24.8,
        "count": 30
      },
      {
        "coord": "(1,6)",
        "percentage": 17.4,
        "count": 21
      },
      {
        "coord": "(0,1)",
        "percentage": 5.8,
        "count": 7
      }
    ],
    "total_policy_counts": 121
  },
  "part_comparison": {
    "uniqueness_score": 0.0007641490083187819,
    "similar_positions": [
      4796,
      3687,
      4792,
      1372,
      4791
    ],
    "part_rank": 2,
    "max_other_part_activation": 1598.800048828125,
    "activation_percentile": 99.96971073754354
  }
}