{
  "position_info": {
    "part": 1,
    "rank": 12,
    "global_position": 5463,
    "move_coordinate": "E6",
    "turn_number": 10,
    "npz_file": "BADFFB51627F24FD.npz",
    "board_tensor_file": "pos_5463/board.npy",
    "sgf_file": "pos_5463/game.sgf"
  },
  "nmf_analysis": {
    "activation_strength": 0.4968900680541992,
    "rank_in_part": 12,
    "activation_in_other_parts": [
      0.1281166523694992,
      0.4968900680541992,
      0.010713428258895874,
      0.011152327992022038,
      0.3339860737323761,
      0.05081956088542938,
      0.13132506608963013,
      0.0,
      0.14635461568832397,
      0.2365853190422058,
      0.021204914897680283,
      0.04723142832517624,
      0.027853190898895264,
      0.0,
      0.10879488289356232,
      0.22503173351287842,
      0.40901872515678406,
      0.0,
      0.0,
      0.06204257905483246,
      0.09551387280225754,
      0.0,
      0.010618573985993862,
      0.14756907522678375,
      0.376634418964386
    ],
    "channel_activity": [
      49,
      2,
      3,
      0,
      0,
      0,
      0,
      0,
      0,
      1,
      1,
      1,
      1,
      1,
      0,
      0,
      0,
      0,
      0,
      0,
      0,
      0
    ],
    "top_active_channels": [
      [
        0,
        49
      ],
      [
        2,
        3
      ],
      [
        1,
        2
      ],
      [
        9,
        1
      ],
      [
        10,
        1
      ]
    ],
    "total_board_activity": 59
  },
  "go_pattern_analysis": {
    "move_type": "corner",
    "game_phase": "opening",
    "turn_number": 10,
    "policy_entropy": 0.9883433411014114,
    "policy_confidence": 0.5634743875278396,
    "top_policy_moves": [
      {
        "coord": "(5,4)",
        "percentage": 56.3,
        "count": 253
      },
      {
        "coord": "(1,4)",
        "percentage": 43.7,
        "count": 196
      }
    ],
    "total_policy_counts": 449
  },
  "part_comparison": {
    "uniqueness_score": 0.5484989881515503,
    "similar_positions": [
      88,
      6367,
      1822,
      2979,
      1823
    ],
    "part_rank": 12,
    "max_other_part_activation": 0.40901872515678406,
    "activation_percentile": 99.81826442526125
  }
}