{
  "position_info": {
    "part": 1,
    "rank": 17,
    "global_position": 5411,
    "move_coordinate": "C6",
    "turn_number": 27,
    "npz_file": "BADFFB51627F24FD.npz",
    "board_tensor_file": "pos_5411/board.npy",
    "sgf_file": "pos_5411/game.sgf"
  },
  "nmf_analysis": {
    "activation_strength": 0.4869486093521118,
    "rank_in_part": 17,
    "activation_in_other_parts": [
      0.1075880154967308,
      0.4869486093521118,
      0.004434213042259216,
      0.013324907049536705,
      0.3218161165714264,
      0.018106162548065186,
      0.1269659847021103,
      0.0,
      0.18057678639888763,
      0.23840776085853577,
      0.0,
      0.057046424597501755,
      0.06746114045381546,
      0.0,
      0.11166264116764069,
      0.19907037913799286,
      0.41770434379577637,
      0.00893568154424429,
      0.0,
      0.06778042763471603,
      0.09854231774806976,
      0.0,
      0.043792642652988434,
      0.1896967589855194,
      0.36308640241622925
    ],
    "channel_activity": [
      49,
      2,
      3,
      0,
      0,
      0,
      0,
      0,
      0,
      1,
      1,
      1,
      1,
      1,
      0,
      0,
      0,
      0,
      0,
      0,
      0,
      0
    ],
    "top_active_channels": [
      [
        0,
        49
      ],
      [
        2,
        3
      ],
      [
        1,
        2
      ],
      [
        9,
        1
      ],
      [
        10,
        1
      ]
    ],
    "total_board_activity": 59
  },
  "go_pattern_analysis": {
    "move_type": "corner",
    "game_phase": "opening",
    "turn_number": 27,
    "policy_entropy": 0.8472331396585547,
    "policy_confidence": 0.7259380097879282,
    "top_policy_moves": [
      {
        "coord": "(5,2)",
        "percentage": 72.6,
        "count": 445
      },
      {
        "coord": "(1,2)",
        "percentage": 27.4,
        "count": 168
      }
    ],
    "total_policy_counts": 613
  },
  "part_comparison": {
    "uniqueness_score": 0.5382711887359619,
    "similar_positions": [
      88,
      6367,
      1822,
      2979,
      1823
    ],
    "part_rank": 17,
    "max_other_part_activation": 0.41770434379577637,
    "activation_percentile": 99.7425412691201
  }
}