{
  "position_info": {
    "part": 1,
    "rank": 2,
    "global_position": 6367,
    "move_coordinate": "B4",
    "turn_number": 1,
    "npz_file": "E3CD9898B9AFF870.npz",
    "board_tensor_file": "pos_6367/board.npy",
    "sgf_file": "pos_6367/game.sgf"
  },
  "nmf_analysis": {
    "activation_strength": 0.5421352386474609,
    "rank_in_part": 2,
    "activation_in_other_parts": [
      0.2944386303424835,
      0.5421352386474609,
      0.14949750900268555,
      0.090105801820755,
      0.4208040237426758,
      0.0,
      0.010402672924101353,
      0.0,
      0.0,
      0.27465012669563293,
      0.0,
      0.0020725412759929895,
      0.06158623471856117,
      0.014503976330161095,
      0.10635250061750412,
      0.0,
      0.36701658368110657,
      0.05807877704501152,
      0.045186012983322144,
      0.2234555333852768,
      0.0,
      0.06619135290384293,
      0.013449355959892273,
      0.03947237506508827,
      0.33682551980018616
    ],
    "channel_activity": [
      49,
      2,
      3,
      0,
      1,
      2,
      0,
      0,
      0,
      1,
      1,
      1,
      1,
      1,
      0,
      0,
      0,
      0,
      2,
      3,
      0,
      0
    ],
    "top_active_channels": [
      [
        0,
        49
      ],
      [
        2,
        3
      ],
      [
        19,
        3
      ],
      [
        1,
        2
      ],
      [
        5,
        2
      ]
    ],
    "total_board_activity": 67
  },
  "go_pattern_analysis": {
    "move_type": "side",
    "game_phase": "opening",
    "turn_number": 1,
    "policy_entropy": 1.3573925808659015,
    "policy_confidence": 0.6304347826086957,
    "top_policy_moves": [
      {
        "coord": "(3,1)",
        "percentage": 63.0,
        "count": 87
      },
      {
        "coord": "(4,4)",
        "percentage": 21.0,
        "count": 29
      },
      {
        "coord": "(2,1)",
        "percentage": 15.2,
        "count": 21
      },
      {
        "coord": "(5,2)",
        "percentage": 0.7,
        "count": 1
      }
    ],
    "total_policy_counts": 138
  },
  "part_comparison": {
    "uniqueness_score": 0.5630004405975342,
    "similar_positions": [
      88,
      1822,
      2979,
      1823,
      2984
    ],
    "part_rank": 2,
    "max_other_part_activation": 0.4208040237426758,
    "activation_percentile": 99.96971073754354
  }
}