{
  "position_info": {
    "part": 15,
    "rank": 5,
    "global_position": 4583,
    "move_coordinate": "B7",
    "turn_number": 1,
    "npz_file": "B330F9C802154800.npz",
    "board_tensor_file": "pos_4583/board.npy",
    "sgf_file": "pos_4583/game.sgf"
  },
  "nmf_analysis": {
    "activation_strength": 0.5841987729072571,
    "rank_in_part": 5,
    "activation_in_other_parts": [
      2346.916748046875,
      205.552734375,
      104.03414916992188,
      16.20119857788086,
      10.081744194030762,
      3.652064800262451,
      0.00034536654129624367,
      3.000431776046753,
      0.0,
      0.11417116224765778,
      12.55899715423584,
      0.0,
      0.0,
      0.0,
      47.3023681640625,
      0.5841987729072571,
      0.0,
      0.04403536394238472,
      0.0,
      0.0,
      0.0,
      0.0,
      0.0,
      0.0,
      0.0
    ],
    "channel_activity": [
      49,
      7,
      7,
      0,
      3,
      2,
      0,
      0,
      0,
      1,
      1,
      1,
      1,
      1,
      1,
      0,
      0,
      0,
      0,
      0,
      0,
      0
    ],
    "top_active_channels": [
      [
        0,
        49
      ],
      [
        1,
        7
      ],
      [
        2,
        7
      ],
      [
        4,
        3
      ],
      [
        5,
        2
      ]
    ],
    "total_board_activity": 74
  },
  "go_pattern_analysis": {
    "move_type": "corner",
    "game_phase": "opening",
    "turn_number": 1,
    "policy_entropy": 0.31841866320855566,
    "policy_confidence": 0.9422572178477691,
    "top_policy_moves": [
      {
        "coord": "(6,1)",
        "percentage": 94.2,
        "count": 359
      },
      {
        "coord": "(5,1)",
        "percentage": 5.8,
        "count": 22
      }
    ],
    "total_policy_counts": 381
  },
  "part_comparison": {
    "uniqueness_score": 0.0002488598693162203,
    "similar_positions": [
      385,
      3145,
      4430,
      4429,
      605
    ],
    "part_rank": 5,
    "max_other_part_activation": 2346.916748046875,
    "activation_percentile": 99.92427684385885
  }
}