{
  "position_info": {
    "part": 5,
    "rank": 13,
    "global_position": 3889,
    "move_coordinate": "D5",
    "turn_number": 6,
    "npz_file": "AAE4EE8DC9A92FFF.npz",
    "board_tensor_file": "pos_3889/board.npy",
    "sgf_file": "pos_3889/game.sgf"
  },
  "nmf_analysis": {
    "activation_strength": 0.5791908502578735,
    "rank_in_part": 13,
    "activation_in_other_parts": [
      0.020232712849974632,
      2.7285579562885687e-05,
      0.1284283995628357,
      0.07777353376150131,
      0.6503827571868896,
      0.5791908502578735,
      0.053886767476797104,
      0.0,
      0.03310862183570862,
      0.24408666789531708,
      0.0042150248773396015,
      0.4054647982120514,
      0.28725114464759827,
      0.03066636249423027,
      0.02574603259563446,
      0.019232721999287605,
      0.049855832010507584,
      0.005960702430456877,
      0.14151503145694733,
      0.0,
      0.035838499665260315,
      0.0,
      0.025360288098454475,
      0.05839836597442627,
      0.2670177221298218
    ],
    "channel_activity": [
      49,
      0,
      0,
      0,
      0,
      0,
      0,
      0,
      0,
      0,
      0,
      0,
      0,
      0,
      0,
      0,
      0,
      0,
      0,
      0,
      0,
      0
    ],
    "top_active_channels": [
      [
        0,
        49
      ],
      [
        1,
        0
      ],
      [
        2,
        0
      ],
      [
        3,
        0
      ],
      [
        4,
        0
      ]
    ],
    "total_board_activity": 49
  },
  "go_pattern_analysis": {
    "move_type": "side",
    "game_phase": "opening",
    "turn_number": 6,
    "policy_entropy": 1.9793242181226538,
    "policy_confidence": 0.31844660194174756,
    "top_policy_moves": [
      {
        "coord": "(4,3)",
        "percentage": 31.8,
        "count": 164
      },
      {
        "coord": "(3,2)",
        "percentage": 24.1,
        "count": 124
      },
      {
        "coord": "(3,4)",
        "percentage": 24.1,
        "count": 124
      },
      {
        "coord": "(2,3)",
        "percentage": 20.0,
        "count": 103
      }
    ],
    "total_policy_counts": 515
  },
  "part_comparison": {
    "uniqueness_score": 0.4710501730442047,
    "similar_positions": [
      4832,
      5421,
      3295,
      3297,
      1316
    ],
    "part_rank": 13,
    "max_other_part_activation": 0.6503827571868896,
    "activation_percentile": 99.80311979403301
  }
}