{
  "position_info": {
    "part": 15,
    "rank": 12,
    "global_position": 1675,
    "move_coordinate": "F2",
    "turn_number": 1,
    "npz_file": "1D638D50844BD930.npz",
    "board_tensor_file": "pos_1675/board.npy",
    "sgf_file": "pos_1675/game.sgf"
  },
  "nmf_analysis": {
    "activation_strength": 0.8882116675376892,
    "rank_in_part": 12,
    "activation_in_other_parts": [
      126.6517105102539,
      751.7991943359375,
      0.0,
      260.13623046875,
      14.864368438720703,
      0.0,
      0.0,
      0.10680864751338959,
      0.0,
      0.034070372581481934,
      0.0,
      0.0,
      0.0,
      0.0,
      0.0,
      0.8882116675376892,
      0.0,
      0.0,
      0.0,
      0.04481492191553116,
      0.0,
      0.0,
      0.0,
      0.0,
      0.0
    ],
    "channel_activity": [
      49,
      3,
      3,
      0,
      0,
      0,
      0,
      0,
      0,
      1,
      1,
      1,
      1,
      1,
      0,
      0,
      0,
      0,
      3,
      3,
      0,
      0
    ],
    "top_active_channels": [
      [
        0,
        49
      ],
      [
        1,
        3
      ],
      [
        2,
        3
      ],
      [
        18,
        3
      ],
      [
        19,
        3
      ]
    ],
    "total_board_activity": 66
  },
  "go_pattern_analysis": {
    "move_type": "corner",
    "game_phase": "opening",
    "turn_number": 1,
    "policy_entropy": 0.7237508231139651,
    "policy_confidence": 0.7990867579908676,
    "top_policy_moves": [
      {
        "coord": "(1,5)",
        "percentage": 79.9,
        "count": 175
      },
      {
        "coord": "(3,1)",
        "percentage": 20.1,
        "count": 44
      }
    ],
    "total_policy_counts": 219
  },
  "part_comparison": {
    "uniqueness_score": 0.0011800539214164019,
    "similar_positions": [
      2354,
      5019,
      2470,
      3394,
      3642
    ],
    "part_rank": 12,
    "max_other_part_activation": 751.7991943359375,
    "activation_percentile": 99.81826442526125
  }
}