{
  "position_info": {
    "part": 12,
    "rank": 14,
    "global_position": 2347,
    "move_coordinate": "D7",
    "turn_number": 19,
    "npz_file": "76F9EC3EB6A76AA0.npz",
    "board_tensor_file": "pos_2347/board.npy",
    "sgf_file": "pos_2347/game.sgf"
  },
  "nmf_analysis": {
    "activation_strength": 0.07422243058681488,
    "rank_in_part": 14,
    "activation_in_other_parts": [
      0.09364815056324005,
      0.03557274863123894,
      0.0,
      0.018155917525291443,
      0.030822407454252243,
      0.017481604591012,
      0.056441813707351685,
      0.0018050424987450242,
      0.017299611121416092,
      0.10342298448085785,
      0.026177696883678436,
      0.12628844380378723,
      0.07422243058681488,
      0.005478421691805124,
      0.005699789617210627,
      0.16476698219776154,
      0.014056630432605743,
      0.0003228593268431723,
      0.01760287955403328,
      0.0004507494159042835,
      0.003652071114629507,
      0.07882946729660034,
      0.0035992565099149942,
      0.0,
      0.12957841157913208,
      0.006613892037421465,
      0.002154096495360136,
      0.0,
      0.19172732532024384,
      0.39098304510116577,
      0.023501072078943253,
      0.06165371462702751,
      0.0,
      0.34492507576942444,
      0.3295292258262634,
      0.0,
      0.26834458112716675,
      0.05966966599225998,
      0.0,
      0.04216689243912697,
      0.0,
      0.14740072190761566,
      0.0,
      0.07915093004703522,
      0.13768282532691956,
      0.10678207874298096,
      0.010235614143311977,
      0.1790357381105423,
      0.25424423813819885,
      0.22708885371685028
    ],
    "channel_activity": [
      49,
      11,
      16,
      3,
      2,
      3,
      0,
      0,
      0,
      1,
      1,
      1,
      1,
      1,
      0,
      1,
      1,
      0,
      0,
      0,
      0,
      0
    ],
    "top_active_channels": [
      [
        0,
        49
      ],
      [
        2,
        16
      ],
      [
        1,
        11
      ],
      [
        3,
        3
      ],
      [
        5,
        3
      ]
    ],
    "total_board_activity": 91
  },
  "go_pattern_analysis": {
    "move_type": "side",
    "game_phase": "opening",
    "turn_number": 19,
    "policy_entropy": -0.0,
    "policy_confidence": 1.0,
    "top_policy_moves": [
      {
        "coord": "(6,3)",
        "percentage": 100.0,
        "count": 557
      }
    ],
    "total_policy_counts": 557
  },
  "part_comparison": {
    "uniqueness_score": 0.1595476269721985,
    "similar_positions": [
      3178,
      1081,
      2963,
      480,
      4798
    ],
    "part_rank": 14,
    "max_other_part_activation": 0.39098304510116577,
    "activation_percentile": 99.78797516280478
  }
}