{
  "position_info": {
    "part": 5,
    "rank": 14,
    "global_position": 1285,
    "move_coordinate": "E3",
    "turn_number": 9,
    "npz_file": "1D638D50844BD930.npz",
    "board_tensor_file": "pos_1285/board.npy",
    "sgf_file": "pos_1285/game.sgf"
  },
  "nmf_analysis": {
    "activation_strength": 1.0217883586883545,
    "rank_in_part": 14,
    "activation_in_other_parts": [
      483.0650634765625,
      833.4888916015625,
      46.189178466796875,
      29.412357330322266,
      86.52212524414062,
      1.0217883586883545,
      0.0,
      0.0,
      0.0,
      0.17878571152687073,
      0.0,
      0.47682225704193115,
      0.0,
      0.0,
      0.0,
      0.0,
      0.0,
      0.0,
      0.0,
      0.1655314564704895,
      0.0,
      0.1090657189488411,
      0.0,
      0.0,
      0.2822993993759155
    ],
    "channel_activity": [
      49,
      0,
      1,
      0,
      0,
      0,
      0,
      0,
      0,
      1,
      0,
      0,
      0,
      0,
      0,
      0,
      0,
      0,
      0,
      49,
      0,
      0
    ],
    "top_active_channels": [
      [
        0,
        49
      ],
      [
        19,
        49
      ],
      [
        2,
        1
      ],
      [
        9,
        1
      ],
      [
        1,
        0
      ]
    ],
    "total_board_activity": 100
  },
  "go_pattern_analysis": {
    "move_type": "corner",
    "game_phase": "opening",
    "turn_number": 9,
    "policy_entropy": 1.8357805989912825,
    "policy_confidence": 0.4630969609261939,
    "top_policy_moves": [
      {
        "coord": "(2,4)",
        "percentage": 46.3,
        "count": 320
      },
      {
        "coord": "(2,2)",
        "percentage": 22.3,
        "count": 154
      },
      {
        "coord": "(3,4)",
        "percentage": 15.8,
        "count": 109
      },
      {
        "coord": "(3,2)",
        "percentage": 15.6,
        "count": 108
      }
    ],
    "total_policy_counts": 691
  },
  "part_comparison": {
    "uniqueness_score": 0.00122441619168967,
    "similar_positions": [
      912,
      5561,
      5780,
      2809,
      231
    ],
    "part_rank": 2,
    "max_other_part_activation": 833.4888916015625,
    "activation_percentile": 99.96971073754354
  }
}