{
  "position_info": {
    "part": 5,
    "rank": 7,
    "global_position": 1285,
    "move_coordinate": "E3",
    "turn_number": 9,
    "npz_file": "1D638D50844BD930.npz",
    "board_tensor_file": "pos_1285/board.npy",
    "sgf_file": "pos_1285/game.sgf"
  },
  "nmf_analysis": {
    "activation_strength": 1.0753753185272217,
    "rank_in_part": 7,
    "activation_in_other_parts": [
      476.70257568359375,
      373.5146484375,
      71.41496276855469,
      36.04555892944336,
      299.4622497558594,
      1.0753753185272217,
      0.0,
      0.0,
      0.10484841465950012,
      0.0,
      0.6122102737426758,
      0.0,
      0.0,
      0.0,
      0.1726880967617035,
      0.0,
      0.0,
      0.0,
      0.0,
      0.29294633865356445,
      0.0,
      0.0,
      0.0,
      0.0,
      0.02409406006336212
    ],
    "channel_activity": [
      49,
      0,
      1,
      0,
      0,
      0,
      0,
      0,
      0,
      1,
      0,
      0,
      0,
      0,
      0,
      0,
      0,
      0,
      0,
      49,
      0,
      0
    ],
    "top_active_channels": [
      [
        0,
        49
      ],
      [
        19,
        49
      ],
      [
        2,
        1
      ],
      [
        9,
        1
      ],
      [
        1,
        0
      ]
    ],
    "total_board_activity": 100
  },
  "go_pattern_analysis": {
    "move_type": "corner",
    "game_phase": "opening",
    "turn_number": 9,
    "policy_entropy": 1.8357805989912825,
    "policy_confidence": 0.4630969609261939,
    "top_policy_moves": [
      {
        "coord": "(2,4)",
        "percentage": 46.3,
        "count": 320
      },
      {
        "coord": "(2,2)",
        "percentage": 22.3,
        "count": 154
      },
      {
        "coord": "(3,4)",
        "percentage": 15.8,
        "count": 109
      },
      {
        "coord": "(3,2)",
        "percentage": 15.6,
        "count": 108
      }
    ],
    "total_policy_counts": 691
  },
  "part_comparison": {
    "uniqueness_score": 0.0022507847752422094,
    "similar_positions": [
      726,
      725,
      786,
      3821,
      2582
    ],
    "part_rank": 7,
    "max_other_part_activation": 476.70257568359375,
    "activation_percentile": 99.89398758140238
  }
}