{
  "position_info": {
    "part": 28,
    "rank": 5,
    "global_position": 1569,
    "move_coordinate": "A1",
    "turn_number": 1,
    "npz_file": "1D638D50844BD930.npz",
    "board_tensor_file": "pos_1569/board.npy",
    "sgf_file": "pos_1569/game.sgf"
  },
  "nmf_analysis": {
    "activation_strength": 0.5963966250419617,
    "rank_in_part": 5,
    "activation_in_other_parts": [
      0.0,
      0.06962200999259949,
      0.0,
      0.0,
      0.0,
      0.01727636530995369,
      0.28015318512916565,
      0.02387433499097824,
      0.03237359598278999,
      0.08475157618522644,
      0.024201279506087303,
      0.03656727820634842,
      0.029785821214318275,
      0.005388146266341209,
      0.0,
      0.04588456451892853,
      0.0,
      0.0,
      0.0,
      0.018977129831910133,
      0.006470460444688797,
      0.05315866321325302,
      0.004147151950746775,
      0.09275240451097488,
      0.09789597243070602,
      0.0,
      0.0,
      0.057495612651109695,
      0.5963966250419617,
      0.06480477005243301,
      0.17130962014198303,
      0.2157813310623169,
      0.16630840301513672,
      0.0,
      0.20478428900241852,
      0.0,
      0.03442232310771942,
      0.007395388558506966,
      0.013811638578772545,
      0.0,
      0.0,
      0.004456032067537308,
      0.0002936714154202491,
      0.05017600953578949,
      0.13966800272464752,
      0.1710563451051712,
      0.08780830353498459,
      0.02966771274805069,
      0.6133155822753906,
      0.04418594017624855
    ],
    "channel_activity": [
      49,
      2,
      4,
      0,
      0,
      3,
      0,
      0,
      0,
      1,
      1,
      1,
      0,
      1,
      0,
      0,
      1,
      0,
      2,
      4,
      0,
      0
    ],
    "top_active_channels": [
      [
        0,
        49
      ],
      [
        2,
        4
      ],
      [
        19,
        4
      ],
      [
        5,
        3
      ],
      [
        1,
        2
      ]
    ],
    "total_board_activity": 69
  },
  "go_pattern_analysis": {
    "move_type": "corner",
    "game_phase": "opening",
    "turn_number": 1,
    "policy_entropy": 5.643856189774725,
    "policy_confidence": 0.02,
    "top_policy_moves": [
      {
        "coord": "PASS",
        "percentage": 2.0,
        "count": 1
      },
      {
        "coord": "(1,5)",
        "percentage": 2.0,
        "count": 1
      },
      {
        "coord": "(3,1)",
        "percentage": 2.0,
        "count": 1
      },
      {
        "coord": "(3,0)",
        "percentage": 2.0,
        "count": 1
      },
      {
        "coord": "(2,6)",
        "percentage": 2.0,
        "count": 1
      }
    ],
    "total_policy_counts": 50
  },
  "part_comparison": {
    "uniqueness_score": 0.49300700426101685,
    "similar_positions": [
      1568,
      1567,
      1566,
      1565,
      1564
    ],
    "part_rank": 5,
    "max_other_part_activation": 0.6133155822753906,
    "activation_percentile": 99.92427684385885
  }
}