{
  "position_info": {
    "part": 25,
    "rank": 10,
    "global_position": 4735,
    "move_coordinate": "A1",
    "turn_number": 1,
    "npz_file": "B330F9C802154800.npz",
    "board_tensor_file": "pos_4735/board.npy",
    "sgf_file": "pos_4735/game.sgf"
  },
  "nmf_analysis": {
    "activation_strength": 0.014092025347054005,
    "rank_in_part": 10,
    "activation_in_other_parts": [
      0.08251122385263443,
      0.02418457716703415,
      0.0,
      0.018229546025395393,
      0.02186107635498047,
      0.0016286522150039673,
      0.0,
      0.005367003381252289,
      0.044179536402225494,
      0.0,
      0.012624016962945461,
      0.07962600886821747,
      0.0006245796103030443,
      0.0032260622829198837,
      0.022709228098392487,
      0.1154070794582367,
      0.027684785425662994,
      5.1931856432929635e-05,
      0.040047839283943176,
      0.0003281589306425303,
      0.028327496722340584,
      0.0,
      0.021838434040546417,
      0.055468183010816574,
      0.0,
      0.014092025347054005,
      0.004402610938996077,
      0.010871858336031437,
      0.07125148177146912,
      0.13325373828411102,
      0.0,
      0.07479409873485565,
      0.015112383291125298,
      0.5506806969642639,
      0.34839609265327454,
      0.005042273085564375,
      0.1634298861026764,
      0.11354589462280273,
      0.0,
      0.09511952102184296,
      0.0,
      0.14791949093341827,
      0.13463573157787323,
      0.05817120522260666,
      0.0,
      0.0,
      0.04310772195458412,
      0.08798898011445999,
      0.08519887179136276,
      0.5164828896522522
    ],
    "channel_activity": [
      49,
      19,
      10,
      0,
      0,
      0,
      0,
      0,
      0,
      1,
      1,
      0,
      1,
      0,
      0,
      0,
      0,
      0,
      29,
      20,
      0,
      0
    ],
    "top_active_channels": [
      [
        0,
        49
      ],
      [
        18,
        29
      ],
      [
        19,
        20
      ],
      [
        1,
        19
      ],
      [
        2,
        10
      ]
    ],
    "total_board_activity": 130
  },
  "go_pattern_analysis": {
    "move_type": "corner",
    "game_phase": "opening",
    "turn_number": 1,
    "policy_entropy": 5.643856189774725,
    "policy_confidence": 0.02,
    "top_policy_moves": [
      {
        "coord": "PASS",
        "percentage": 2.0,
        "count": 1
      },
      {
        "coord": "(1,5)",
        "percentage": 2.0,
        "count": 1
      },
      {
        "coord": "(3,1)",
        "percentage": 2.0,
        "count": 1
      },
      {
        "coord": "(3,0)",
        "percentage": 2.0,
        "count": 1
      },
      {
        "coord": "(2,6)",
        "percentage": 2.0,
        "count": 1
      }
    ],
    "total_policy_counts": 50
  },
  "part_comparison": {
    "uniqueness_score": 0.024951674044132233,
    "similar_positions": [
      1177,
      776,
      6571,
      1562,
      5602
    ],
    "part_rank": 10,
    "max_other_part_activation": 0.5506806969642639,
    "activation_percentile": 99.8485536877177
  }
}