{
  "position_info": {
    "part": 1,
    "rank": 19,
    "global_position": 727,
    "move_coordinate": "E6",
    "turn_number": 8,
    "npz_file": "1906C337F5CDAFA9.npz",
    "board_tensor_file": "pos_727/board.npy",
    "sgf_file": "pos_727/game.sgf"
  },
  "nmf_analysis": {
    "activation_strength": 0.4864142835140228,
    "rank_in_part": 19,
    "activation_in_other_parts": [
      0.11991967260837555,
      0.4864142835140228,
      0.04036824032664299,
      0.01819070801138878,
      0.35396820306777954,
      0.05343371257185936,
      0.12103535234928131,
      0.0,
      0.15958580374717712,
      0.18410822749137878,
      0.06138232350349426,
      0.038967449218034744,
      0.0,
      0.01840977370738983,
      0.09008614718914032,
      0.21210268139839172,
      0.41334205865859985,
      0.0,
      0.010439247824251652,
      0.04164738953113556,
      0.04422764852643013,
      0.005096728913486004,
      0.028038911521434784,
      0.17197608947753906,
      0.38452228903770447
    ],
    "channel_activity": [
      49,
      2,
      3,
      0,
      0,
      0,
      0,
      0,
      0,
      1,
      1,
      1,
      1,
      1,
      0,
      0,
      0,
      0,
      2,
      3,
      0,
      0
    ],
    "top_active_channels": [
      [
        0,
        49
      ],
      [
        2,
        3
      ],
      [
        19,
        3
      ],
      [
        1,
        2
      ],
      [
        18,
        2
      ]
    ],
    "total_board_activity": 64
  },
  "go_pattern_analysis": {
    "move_type": "corner",
    "game_phase": "opening",
    "turn_number": 8,
    "policy_entropy": 0.9594389437397959,
    "policy_confidence": 0.6180048661800487,
    "top_policy_moves": [
      {
        "coord": "(5,4)",
        "percentage": 61.8,
        "count": 254
      },
      {
        "coord": "(1,4)",
        "percentage": 38.2,
        "count": 157
      }
    ],
    "total_policy_counts": 411
  },
  "part_comparison": {
    "uniqueness_score": 0.540606677532196,
    "similar_positions": [
      88,
      6367,
      1822,
      2979,
      1823
    ],
    "part_rank": 19,
    "max_other_part_activation": 0.41334205865859985,
    "activation_percentile": 99.71225200666363
  }
}