{
  "position_info": {
    "part": 14,
    "rank": 3,
    "global_position": 4457,
    "move_coordinate": "E2",
    "turn_number": 16,
    "npz_file": "B330F9C802154800.npz",
    "board_tensor_file": "pos_4457/board.npy",
    "sgf_file": "pos_4457/game.sgf"
  },
  "nmf_analysis": {
    "activation_strength": 137.05010986328125,
    "rank_in_part": 3,
    "activation_in_other_parts": [
      618.4735107421875,
      79.0837173461914,
      43.37014389038086,
      7.581968784332275,
      0.0,
      0.15884186327457428,
      0.497285932302475,
      0.0,
      0.0,
      0.0,
      124.9906234741211,
      0.0,
      0.2504569888114929,
      0.0,
      137.05010986328125,
      0.0,
      0.0,
      0.0,
      0.0,
      0.0,
      0.0,
      0.0,
      0.18956634402275085,
      0.0,
      0.0
    ],
    "channel_activity": [
      49,
      2,
      3,
      0,
      1,
      2,
      0,
      0,
      0,
      1,
      1,
      1,
      1,
      1,
      0,
      0,
      0,
      0,
      0,
      0,
      0,
      0
    ],
    "top_active_channels": [
      [
        0,
        49
      ],
      [
        2,
        3
      ],
      [
        1,
        2
      ],
      [
        5,
        2
      ],
      [
        4,
        1
      ]
    ],
    "total_board_activity": 62
  },
  "go_pattern_analysis": {
    "move_type": "corner",
    "game_phase": "opening",
    "turn_number": 16,
    "policy_entropy": -0.0,
    "policy_confidence": 1.0,
    "top_policy_moves": [
      {
        "coord": "(1,4)",
        "percentage": 100.0,
        "count": 344
      }
    ],
    "total_policy_counts": 344
  },
  "part_comparison": {
    "uniqueness_score": 0.18139751255512238,
    "similar_positions": [
      427,
      2710,
      988,
      2356,
      1367
    ],
    "part_rank": 3,
    "max_other_part_activation": 618.4735107421875,
    "activation_percentile": 99.95456610631531
  }
}