{
  "position_info": {
    "part": 35,
    "rank": 19,
    "global_position": 5021,
    "move_coordinate": "F2",
    "turn_number": 11,
    "npz_file": "B330F9C802154800.npz",
    "board_tensor_file": "pos_5021/board.npy",
    "sgf_file": "pos_5021/game.sgf"
  },
  "nmf_analysis": {
    "activation_strength": 0.44702836871147156,
    "rank_in_part": 19,
    "activation_in_other_parts": [
      0.0,
      0.0,
      0.0,
      0.004136131145060062,
      0.011343303136527538,
      0.0,
      0.04447107017040253,
      0.0,
      0.008615006692707539,
      0.0,
      0.0,
      0.00406156200915575,
      0.0,
      0.00044824095675721765,
      0.0037980664055794477,
      0.0,
      0.004406222142279148,
      2.105841485899873e-05,
      0.010715842247009277,
      0.00015933126269374043,
      0.007156466133892536,
      0.0,
      0.004390038084238768,
      0.024889787659049034,
      0.0,
      0.002920197555795312,
      0.001258189557120204,
      0.031018832698464394,
      0.020686862990260124,
      0.33086687326431274,
      0.01672513410449028,
      0.022743847221136093,
      0.20396490395069122,
      0.035835202783346176,
      0.0,
      0.44702836871147156,
      0.0,
      0.09098722785711288,
      0.42469146847724915,
      0.0,
      0.33632540702819824,
      0.0,
      0.14658783376216888,
      0.24400269985198975,
      0.0,
      0.0226763729006052,
      0.0013576480560004711,
      0.05368519201874733,
      0.2355222851037979,
      0.3666233718395233
    ],
    "channel_activity": [
      49,
      4,
      4,
      0,
      1,
      1,
      0,
      0,
      0,
      1,
      1,
      1,
      1,
      1,
      1,
      0,
      0,
      0,
      0,
      0,
      0,
      0
    ],
    "top_active_channels": [
      [
        0,
        49
      ],
      [
        1,
        4
      ],
      [
        2,
        4
      ],
      [
        4,
        1
      ],
      [
        5,
        1
      ]
    ],
    "total_board_activity": 65
  },
  "go_pattern_analysis": {
    "move_type": "corner",
    "game_phase": "opening",
    "turn_number": 11,
    "policy_entropy": 1.2258950140030602,
    "policy_confidence": 0.6682692307692307,
    "top_policy_moves": [
      {
        "coord": "(1,5)",
        "percentage": 66.8,
        "count": 139
      },
      {
        "coord": "(3,5)",
        "percentage": 21.6,
        "count": 45
      },
      {
        "coord": "(3,1)",
        "percentage": 11.5,
        "count": 24
      }
    ],
    "total_policy_counts": 208
  },
  "part_comparison": {
    "uniqueness_score": 0.5128119587898254,
    "similar_positions": [
      4516,
      582,
      2431,
      4515,
      1408
    ],
    "part_rank": 19,
    "max_other_part_activation": 0.42469146847724915,
    "activation_percentile": 99.71225200666363
  }
}