{
  "position_info": {
    "part": 49,
    "rank": 16,
    "global_position": 1835,
    "move_coordinate": "PASS",
    "turn_number": 1,
    "npz_file": "1D638D50844BD930.npz",
    "board_tensor_file": "pos_1835/board.npy",
    "sgf_file": "pos_1835/game.sgf"
  },
  "nmf_analysis": {
    "activation_strength": 0.5659851431846619,
    "rank_in_component": 16,
    "activation_in_other_components": [
      0.10341410338878632,
      0.03451240435242653,
      0.0,
      0.01313928235322237,
      0.015717126429080963,
      0.0098305968567729,
      0.01089081633836031,
      0.014663692563772202,
      0.05863264203071594,
      0.0,
      0.0460810661315918,
      0.0,
      0.0,
      0.014356042258441448,
      0.029880225658416748,
      0.0,
      0.01614535227417946,
      0.0002637673751451075,
      0.026238081976771355,
      0.017454560846090317,
      0.03753943741321564,
      0.0,
      0.030807562172412872,
      0.06436009705066681,
      0.0,
      0.008605320006608963,
      0.0067008682526648045,
      0.020553234964609146,
      0.023522615432739258,
      0.0784614309668541,
      0.03166735917329788,
      0.11356154829263687,
      0.04233122989535332,
      0.5030820965766907,
      0.36102548241615295,
      0.10030344128608704,
      0.13045290112495422,
      0.028226584196090698,
      0.0,
      0.08966896682977676,
      0.020401591435074806,
      0.1610475331544876,
      0.08741185814142227,
      0.026418888941407204,
      0.0,
      0.0,
      0.14368011057376862,
      0.13965822756290436,
      0.012644313275814056,
      0.5659851431846619
    ],
    "channel_activity": [
      49,
      17,
      11,
      0,
      0,
      0,
      0,
      0,
      0,
      0,
      1,
      0,
      1,
      0,
      0,
      0,
      2,
      0,
      29,
      20,
      0,
      0
    ],
    "top_active_channels": [
      [
        0,
        49
      ],
      [
        18,
        29
      ],
      [
        19,
        20
      ],
      [
        1,
        17
      ],
      [
        2,
        11
      ]
    ],
    "total_board_activity": 130
  },
  "go_pattern_analysis": {
    "move_type": "pass",
    "game_phase": "opening",
    "turn_number": 1,
    "policy_entropy": 2.4553168018731464,
    "policy_confidence": 0.5220994475138122,
    "top_policy_moves": [
      {
        "coord": "PASS",
        "percentage": 52.2,
        "count": 189
      },
      {
        "coord": "(1,1)",
        "percentage": 12.7,
        "count": 46
      },
      {
        "coord": "(2,0)",
        "percentage": 7.5,
        "count": 27
      },
      {
        "coord": "(1,0)",
        "percentage": 5.0,
        "count": 18
      },
      {
        "coord": "(2,1)",
        "percentage": 5.0,
        "count": 18
      }
    ],
    "total_policy_counts": 362
  },
  "component_comparison": {
    "uniqueness_score": 0.5294196009635925,
    "similar_positions": [
      1950,
      4857,
      2565,
      2566,
      3711
    ],
    "component_rank": 16,
    "max_other_component_activation": 0.5030820965766907,
    "activation_percentile": 99.75768590034832
  }
}