{
  "position_info": {
    "part": 44,
    "rank": 20,
    "global_position": 2886,
    "move_coordinate": "B4",
    "turn_number": 15,
    "npz_file": "76F9EC3EB6A76AA0.npz",
    "board_tensor_file": "pos_2886/board.npy",
    "sgf_file": "pos_2886/game.sgf"
  },
  "nmf_analysis": {
    "activation_strength": 0.2840384542942047,
    "rank_in_component": 20,
    "activation_in_other_components": [
      0.012150798924267292,
      0.024101298302412033,
      0.0,
      0.0033033734653145075,
      0.008930535055696964,
      0.0,
      0.17441177368164062,
      0.004795785993337631,
      0.02829873003065586,
      0.054796937853097916,
      0.04164130985736847,
      0.02860022522509098,
      0.042766693979501724,
      0.0,
      0.009763790294528008,
      0.04878455400466919,
      0.006615363992750645,
      0.00013365011545829475,
      0.01041457150131464,
      0.0,
      0.009430132806301117,
      0.036703113466501236,
      0.009702920913696289,
      0.02874152921140194,
      0.07926418632268906,
      0.003256527939811349,
      0.005380363669246435,
      0.015215224586427212,
      0.0,
      0.23409529030323029,
      0.13913479447364807,
      0.14983928203582764,
      0.005126497242599726,
      0.29053592681884766,
      0.025914287194609642,
      0.058987826108932495,
      0.05648483335971832,
      0.12769728899002075,
      0.16774030029773712,
      0.09822283685207367,
      0.11083164066076279,
      0.020049825310707092,
      0.011424371041357517,
      0.04144705459475517,
      0.2840384542942047,
      0.08134011924266815,
      0.04848317429423332,
      0.28610751032829285,
      0.29982519149780273,
      0.3305639922618866
    ],
    "channel_activity": [
      49,
      7,
      7,
      4,
      0,
      0,
      0,
      0,
      0,
      1,
      1,
      1,
      1,
      1,
      0,
      2,
      4,
      0,
      7,
      7,
      0,
      0
    ],
    "top_active_channels": [
      [
        0,
        49
      ],
      [
        1,
        7
      ],
      [
        2,
        7
      ],
      [
        18,
        7
      ],
      [
        19,
        7
      ]
    ],
    "total_board_activity": 92
  },
  "go_pattern_analysis": {
    "move_type": "side",
    "game_phase": "opening",
    "turn_number": 15,
    "policy_entropy": -0.0,
    "policy_confidence": 1.0,
    "top_policy_moves": [
      {
        "coord": "(3,1)",
        "percentage": 100.0,
        "count": 425
      }
    ],
    "total_policy_counts": 425
  },
  "component_comparison": {
    "uniqueness_score": 0.46214988827705383,
    "similar_positions": [
      286,
      4869,
      287,
      5778,
      3834
    ],
    "component_rank": 20,
    "max_other_component_activation": 0.3305639922618866,
    "activation_percentile": 99.69710737543541
  }
}