{
  "position_info": {
    "part": 4,
    "rank": 11,
    "global_position": 3978,
    "move_coordinate": "E2",
    "turn_number": 17,
    "npz_file": "AAE4EE8DC9A92FFF.npz",
    "board_tensor_file": "pos_3978/board.npy",
    "sgf_file": "pos_3978/game.sgf"
  },
  "nmf_analysis": {
    "activation_strength": 145.96629333496094,
    "rank_in_part": 11,
    "activation_in_other_parts": [
      734.5843505859375,
      55.89270782470703,
      24.00975799560547,
      72.8425064086914,
      145.96629333496094,
      26.118940353393555,
      0.0,
      0.0,
      0.0,
      0.0,
      15.115337371826172,
      0.0,
      0.0,
      0.0,
      9.706521987915039,
      0.0,
      0.32516831159591675,
      0.0,
      0.15902917087078094,
      0.0017927661538124084,
      0.0,
      0.09757422655820847,
      0.0,
      0.0847225934267044,
      0.10791660100221634
    ],
    "channel_activity": [
      49,
      8,
      8,
      0,
      2,
      0,
      0,
      0,
      0,
      1,
      1,
      1,
      1,
      1,
      1,
      1,
      1,
      1,
      8,
      8,
      0,
      0
    ],
    "top_active_channels": [
      [
        0,
        49
      ],
      [
        1,
        8
      ],
      [
        2,
        8
      ],
      [
        18,
        8
      ],
      [
        19,
        8
      ]
    ],
    "total_board_activity": 92
  },
  "go_pattern_analysis": {
    "move_type": "corner",
    "game_phase": "opening",
    "turn_number": 17,
    "policy_entropy": 0.17203694935311378,
    "policy_confidence": 0.9743589743589743,
    "top_policy_moves": [
      {
        "coord": "(1,4)",
        "percentage": 97.4,
        "count": 152
      },
      {
        "coord": "(4,5)",
        "percentage": 2.6,
        "count": 4
      }
    ],
    "total_policy_counts": 156
  },
  "part_comparison": {
    "uniqueness_score": 0.16576705873012543,
    "similar_positions": [
      3783,
      1885,
      145,
      4387,
      2411
    ],
    "part_rank": 11,
    "max_other_part_activation": 734.5843505859375,
    "activation_percentile": 99.83340905648947
  }
}