{
  "position_info": {
    "part": 6,
    "rank": 12,
    "global_position": 296,
    "move_coordinate": "B4",
    "turn_number": 1,
    "npz_file": "1906C337F5CDAFA9.npz",
    "board_tensor_file": "pos_296/board.npy",
    "sgf_file": "pos_296/game.sgf"
  },
  "nmf_analysis": {
    "activation_strength": 0.48968926072120667,
    "rank_in_part": 12,
    "activation_in_other_parts": [
      0.0,
      0.1315222829580307,
      0.04992218315601349,
      0.15033003687858582,
      0.025813423097133636,
      0.27399253845214844,
      0.48968926072120667,
      0.07732921093702316,
      0.06175422668457031,
      0.34902215003967285,
      0.12721247971057892,
      0.1262103021144867,
      0.28580141067504883,
      0.11780916899442673,
      0.05388812720775604,
      0.07277795672416687,
      0.041533950716257095,
      0.06775461882352829,
      0.0,
      0.05968523025512695,
      0.0,
      0.09126389771699905,
      0.24232684075832367,
      0.08046489953994751,
      0.4397406280040741
    ],
    "channel_activity": [
      49,
      6,
      6,
      2,
      1,
      6,
      0,
      0,
      0,
      1,
      1,
      1,
      1,
      1,
      1,
      2,
      3,
      0,
      6,
      6,
      0,
      0
    ],
    "top_active_channels": [
      [
        0,
        49
      ],
      [
        1,
        6
      ],
      [
        2,
        6
      ],
      [
        5,
        6
      ],
      [
        18,
        6
      ]
    ],
    "total_board_activity": 93
  },
  "go_pattern_analysis": {
    "move_type": "side",
    "game_phase": "opening",
    "turn_number": 1,
    "policy_entropy": -0.0,
    "policy_confidence": 1.0,
    "top_policy_moves": [
      {
        "coord": "(3,1)",
        "percentage": 100.0,
        "count": 186
      }
    ],
    "total_policy_counts": 186
  },
  "part_comparison": {
    "uniqueness_score": 0.5268705487251282,
    "similar_positions": [
      5479,
      4516,
      4603,
      2431,
      4920
    ],
    "part_rank": 12,
    "max_other_part_activation": 0.4397406280040741,
    "activation_percentile": 99.81826442526125
  }
}