{
  "position_info": {
    "part": 23,
    "rank": 14,
    "global_position": 4335,
    "move_coordinate": "G4",
    "turn_number": 1,
    "npz_file": "B330F9C802154800.npz",
    "board_tensor_file": "pos_4335/board.npy",
    "sgf_file": "pos_4335/game.sgf"
  },
  "nmf_analysis": {
    "activation_strength": 0.11070158332586288,
    "rank_in_component": 14,
    "activation_in_other_components": [
      0.0,
      0.03990566357970238,
      0.0,
      0.0,
      0.0,
      0.013316989876329899,
      0.3212604522705078,
      0.00982442032545805,
      0.0622628852725029,
      0.050602156668901443,
      0.05616804212331772,
      0.04747256636619568,
      0.021072473376989365,
      0.003678388660773635,
      0.012516811490058899,
      0.06104842573404312,
      0.0,
      0.00016001719632185996,
      0.0,
      0.009075136855244637,
      0.02772541530430317,
      0.029336340725421906,
      0.02252369001507759,
      0.11070158332586288,
      0.07640819251537323,
      0.0,
      0.003428602823987603,
      0.0596434511244297,
      0.47459277510643005,
      0.13489827513694763,
      0.21797676384449005,
      0.17986255884170532,
      0.31791290640830994,
      0.0,
      0.11684414744377136,
      0.0,
      0.07446616142988205,
      0.0,
      0.029272185638546944,
      0.0,
      0.0,
      0.16156552731990814,
      0.0,
      0.0,
      0.20940805971622467,
      0.10177278518676758,
      0.0,
      0.12256842106580734,
      0.45606765151023865,
      0.1806376576423645
    ],
    "channel_activity": [
      49,
      5,
      6,
      0,
      2,
      3,
      0,
      0,
      0,
      1,
      1,
      1,
      1,
      1,
      2,
      1,
      0,
      0,
      0,
      0,
      0,
      0
    ],
    "top_active_channels": [
      [
        0,
        49
      ],
      [
        2,
        6
      ],
      [
        1,
        5
      ],
      [
        5,
        3
      ],
      [
        4,
        2
      ]
    ],
    "total_board_activity": 73
  },
  "go_pattern_analysis": {
    "move_type": "side",
    "game_phase": "opening",
    "turn_number": 1,
    "policy_entropy": 1.028851814392811,
    "policy_confidence": 0.507563025210084,
    "top_policy_moves": [
      {
        "coord": "(3,6)",
        "percentage": 50.8,
        "count": 302
      },
      {
        "coord": "(4,5)",
        "percentage": 48.9,
        "count": 291
      },
      {
        "coord": "(2,6)",
        "percentage": 0.3,
        "count": 2
      }
    ],
    "total_policy_counts": 595
  },
  "component_comparison": {
    "uniqueness_score": 0.18913830816745758,
    "similar_positions": [
      4333,
      4684,
      5036,
      3374,
      4685
    ],
    "component_rank": 14,
    "max_other_component_activation": 0.47459277510643005,
    "activation_percentile": 99.78797516280478
  }
}