{
  "position_info": {
    "part": 8,
    "rank": 2,
    "global_position": 423,
    "move_coordinate": "B1",
    "turn_number": 14,
    "npz_file": "1906C337F5CDAFA9.npz",
    "board_tensor_file": "pos_423/board.npy",
    "sgf_file": "pos_423/game.sgf"
  },
  "nmf_analysis": {
    "activation_strength": 1.4238762855529785,
    "rank_in_part": 2,
    "activation_in_other_parts": [
      1857.1207275390625,
      30.64303970336914,
      143.58277893066406,
      195.02239990234375,
      151.1919403076172,
      0.0,
      0.0,
      0.0,
      1.4238762855529785,
      0.0,
      0.0,
      0.0,
      0.0,
      0.0,
      0.0,
      0.0,
      0.0,
      0.0,
      0.0,
      0.6487159729003906,
      0.0,
      0.24983519315719604,
      0.11977120488882065,
      0.13090461492538452,
      0.4871961772441864
    ],
    "channel_activity": [
      49,
      13,
      14,
      1,
      6,
      10,
      0,
      0,
      0,
      1,
      1,
      1,
      1,
      1,
      1,
      1,
      2,
      0,
      13,
      14,
      0,
      0
    ],
    "top_active_channels": [
      [
        0,
        49
      ],
      [
        2,
        14
      ],
      [
        19,
        14
      ],
      [
        1,
        13
      ],
      [
        18,
        13
      ]
    ],
    "total_board_activity": 129
  },
  "go_pattern_analysis": {
    "move_type": "corner",
    "game_phase": "opening",
    "turn_number": 14,
    "policy_entropy": -0.0,
    "policy_confidence": 1.0,
    "top_policy_moves": [
      {
        "coord": "(0,1)",
        "percentage": 100.0,
        "count": 174
      }
    ],
    "total_policy_counts": 174
  },
  "part_comparison": {
    "uniqueness_score": 0.0007661244017072022,
    "similar_positions": [
      3786,
      424,
      1885,
      426,
      425
    ],
    "part_rank": 2,
    "max_other_part_activation": 1857.1207275390625,
    "activation_percentile": 99.96971073754354
  }
}