{
  "position_info": {
    "part": 16,
    "rank": 20,
    "global_position": 5985,
    "move_coordinate": "C4",
    "turn_number": 13,
    "npz_file": "E3CD9898B9AFF870.npz",
    "board_tensor_file": "pos_5985/board.npy",
    "sgf_file": "pos_5985/game.sgf"
  },
  "nmf_analysis": {
    "activation_strength": 0.7361060976982117,
    "rank_in_part": 20,
    "activation_in_other_parts": [
      0.2998317778110504,
      0.11465216428041458,
      0.14083871245384216,
      0.10003311187028885,
      0.6852040886878967,
      0.0,
      0.18042507767677307,
      0.009808873757719994,
      0.11646732687950134,
      0.37534889578819275,
      0.012580947950482368,
      0.14652614295482635,
      0.0,
      0.0,
      0.009046914987266064,
      0.10860605537891388,
      0.7361060976982117,
      0.0,
      0.0,
      0.0,
      0.0,
      0.0,
      0.03662651777267456,
      0.0,
      0.0014181432779878378
    ],
    "channel_activity": [
      49,
      0,
      1,
      0,
      0,
      0,
      0,
      0,
      0,
      1,
      0,
      0,
      0,
      0,
      0,
      0,
      0,
      0,
      0,
      49,
      0,
      0
    ],
    "top_active_channels": [
      [
        0,
        49
      ],
      [
        19,
        49
      ],
      [
        2,
        1
      ],
      [
        9,
        1
      ],
      [
        1,
        0
      ]
    ],
    "total_board_activity": 100
  },
  "go_pattern_analysis": {
    "move_type": "side",
    "game_phase": "opening",
    "turn_number": 13,
    "policy_entropy": 1.884791157406551,
    "policy_confidence": 0.37423312883435583,
    "top_policy_moves": [
      {
        "coord": "(3,2)",
        "percentage": 37.4,
        "count": 61
      },
      {
        "coord": "(3,4)",
        "percentage": 31.9,
        "count": 52
      },
      {
        "coord": "(4,2)",
        "percentage": 16.6,
        "count": 27
      },
      {
        "coord": "(4,4)",
        "percentage": 14.1,
        "count": 23
      }
    ],
    "total_policy_counts": 163
  },
  "part_comparison": {
    "uniqueness_score": 0.5179067254066467,
    "similar_positions": [
      89,
      4109,
      4683,
      4684,
      1317
    ],
    "part_rank": 20,
    "max_other_part_activation": 0.6852040886878967,
    "activation_percentile": 99.69710737543541
  }
}