{
  "position_info": {
    "part": 2,
    "rank": 14,
    "global_position": 2192,
    "move_coordinate": "B3",
    "turn_number": 24,
    "npz_file": "76F9EC3EB6A76AA0.npz",
    "board_tensor_file": "pos_2192/board.npy",
    "sgf_file": "pos_2192/game.sgf"
  },
  "nmf_analysis": {
    "activation_strength": 0.0,
    "rank_in_part": 14,
    "activation_in_other_parts": [
      0.07959958910942078,
      0.06564858555793762,
      0.0,
      0.01923675835132599,
      0.022913677617907524,
      0.004106086678802967,
      0.06583896279335022,
      0.043647363781929016,
      0.0,
      0.08962568640708923,
      0.0,
      0.0,
      0.009845669381320477,
      0.004951188340783119,
      0.0010801763273775578,
      0.0,
      0.0008433508919551969,
      0.0,
      0.006792856380343437,
      0.026369595900177956,
      0.0,
      0.02880026400089264,
      0.0,
      0.0,
      0.02263687551021576,
      0.0010923155350610614,
      0.0,
      0.0,
      0.15759985148906708,
      0.12345611304044724,
      0.23059627413749695,
      0.35673031210899353,
      0.2002735137939453,
      0.06169228255748749,
      0.02072484791278839,
      0.10810549557209015,
      0.0,
      0.08265121281147003,
      0.252934992313385,
      0.02541208639740944,
      0.09519769996404648,
      0.0,
      0.32772859930992126,
      0.0,
      0.0,
      0.04907090589404106,
      0.053590837866067886,
      0.0,
      0.5352309942245483,
      0.06726457923650742
    ],
    "channel_activity": [
      49,
      2,
      3,
      0,
      0,
      0,
      0,
      0,
      0,
      1,
      1,
      1,
      1,
      1,
      0,
      0,
      0,
      0,
      0,
      0,
      0,
      0
    ],
    "top_active_channels": [
      [
        0,
        49
      ],
      [
        2,
        3
      ],
      [
        1,
        2
      ],
      [
        9,
        1
      ],
      [
        10,
        1
      ]
    ],
    "total_board_activity": 59
  },
  "go_pattern_analysis": {
    "move_type": "corner",
    "game_phase": "opening",
    "turn_number": 24,
    "policy_entropy": 0.9964682390802343,
    "policy_confidence": 0.5349716446124764,
    "top_policy_moves": [
      {
        "coord": "(2,1)",
        "percentage": 53.5,
        "count": 283
      },
      {
        "coord": "(2,5)",
        "percentage": 46.5,
        "count": 246
      }
    ],
    "total_policy_counts": 529
  },
  "part_comparison": {
    "uniqueness_score": 0.0,
    "similar_positions": [
      6602,
      2204,
      2194,
      2195,
      2196
    ],
    "part_rank": 1,
    "max_other_part_activation": 0.5352309942245483,
    "activation_percentile": 99.98485536877178
  }
}