{
  "position_info": {
    "part": 11,
    "rank": 2,
    "global_position": 5785,
    "move_coordinate": "B2",
    "turn_number": 1,
    "npz_file": "E3CD9898B9AFF870.npz",
    "board_tensor_file": "pos_5785/board.npy",
    "sgf_file": "pos_5785/game.sgf"
  },
  "nmf_analysis": {
    "activation_strength": 0.877435564994812,
    "rank_in_part": 2,
    "activation_in_other_parts": [
      372.21990966796875,
      377.8046569824219,
      18.335004806518555,
      50.05134963989258,
      3.0829524993896484,
      68.15727233886719,
      0.0,
      7.978578567504883,
      0.0,
      0.0,
      7.308594226837158,
      0.877435564994812,
      0.0,
      0.038684651255607605,
      30.160654067993164,
      0.0,
      0.0,
      0.0,
      0.05027707666158676,
      0.0,
      0.0,
      0.0,
      0.0,
      0.0,
      0.0
    ],
    "channel_activity": [
      49,
      4,
      4,
      0,
      1,
      1,
      0,
      0,
      0,
      1,
      1,
      1,
      1,
      1,
      1,
      0,
      0,
      0,
      0,
      0,
      0,
      0
    ],
    "top_active_channels": [
      [
        0,
        49
      ],
      [
        1,
        4
      ],
      [
        2,
        4
      ],
      [
        4,
        1
      ],
      [
        5,
        1
      ]
    ],
    "total_board_activity": 65
  },
  "go_pattern_analysis": {
    "move_type": "corner",
    "game_phase": "opening",
    "turn_number": 1,
    "policy_entropy": 1.1739397642172924,
    "policy_confidence": 0.6030534351145038,
    "top_policy_moves": [
      {
        "coord": "(1,1)",
        "percentage": 60.3,
        "count": 79
      },
      {
        "coord": "(1,3)",
        "percentage": 35.1,
        "count": 46
      },
      {
        "coord": "(5,3)",
        "percentage": 4.6,
        "count": 6
      }
    ],
    "total_policy_counts": 131
  },
  "part_comparison": {
    "uniqueness_score": 0.00231707701459527,
    "similar_positions": [
      5851,
      3402,
      4189,
      6579,
      2617
    ],
    "part_rank": 2,
    "max_other_part_activation": 377.8046569824219,
    "activation_percentile": 99.96971073754354
  }
}