{
  "position_info": {
    "part": 23,
    "rank": 13,
    "global_position": 4679,
    "move_coordinate": "D3",
    "turn_number": 5,
    "npz_file": "B330F9C802154800.npz",
    "board_tensor_file": "pos_4679/board.npy",
    "sgf_file": "pos_4679/game.sgf"
  },
  "nmf_analysis": {
    "activation_strength": 0.4848729968070984,
    "rank_in_part": 13,
    "activation_in_other_parts": [
      558.4463500976562,
      412.197998046875,
      14.219284057617188,
      82.88533782958984,
      25.410808563232422,
      35.60102462768555,
      0.0,
      1.3774962425231934,
      0.0,
      0.0,
      0.0,
      0.0050774733535945415,
      0.0,
      0.0,
      16.92701530456543,
      0.021178683266043663,
      0.0,
      0.182016059756279,
      0.0,
      0.2620525658130646,
      0.0,
      0.16878049075603485,
      0.20862451195716858,
      0.4848729968070984,
      0.0
    ],
    "channel_activity": [
      49,
      5,
      5,
      0,
      1,
      3,
      0,
      0,
      0,
      1,
      1,
      1,
      1,
      1,
      1,
      0,
      0,
      0,
      0,
      0,
      0,
      0
    ],
    "top_active_channels": [
      [
        0,
        49
      ],
      [
        1,
        5
      ],
      [
        2,
        5
      ],
      [
        5,
        3
      ],
      [
        4,
        1
      ]
    ],
    "total_board_activity": 69
  },
  "go_pattern_analysis": {
    "move_type": "side",
    "game_phase": "opening",
    "turn_number": 5,
    "policy_entropy": -0.0,
    "policy_confidence": 1.0,
    "top_policy_moves": [
      {
        "coord": "(2,3)",
        "percentage": 100.0,
        "count": 525
      }
    ],
    "total_policy_counts": 525
  },
  "part_comparison": {
    "uniqueness_score": 0.0008675003191456199,
    "similar_positions": [
      4033,
      2723,
      6194,
      3399,
      4973
    ],
    "part_rank": 13,
    "max_other_part_activation": 558.4463500976562,
    "activation_percentile": 99.80311979403301
  }
}