{
  "position_info": {
    "part": 15,
    "rank": 8,
    "global_position": 3621,
    "move_coordinate": "C6",
    "turn_number": 15,
    "npz_file": "AAE4EE8DC9A92FFF.npz",
    "board_tensor_file": "pos_3621/board.npy",
    "sgf_file": "pos_3621/game.sgf"
  },
  "nmf_analysis": {
    "activation_strength": 0.44405752420425415,
    "rank_in_part": 8,
    "activation_in_other_parts": [
      0.04726294055581093,
      0.1831047087907791,
      0.1281806230545044,
      0.018644336611032486,
      0.07675576955080032,
      0.14974798262119293,
      0.2496148645877838,
      0.16642539203166962,
      0.2589687705039978,
      0.20505377650260925,
      0.07799401879310608,
      0.05687860772013664,
      0.08405057340860367,
      0.026606149971485138,
      0.12150631099939346,
      0.44405752420425415,
      0.28636446595191956,
      0.0,
      0.03042595274746418,
      0.1969146430492401,
      0.0,
      0.08242328464984894,
      0.047807347029447556,
      0.21221058070659637,
      0.2873810827732086
    ],
    "channel_activity": [
      49,
      5,
      6,
      0,
      1,
      5,
      0,
      0,
      0,
      1,
      1,
      1,
      1,
      1,
      1,
      2,
      1,
      1,
      0,
      0,
      0,
      0
    ],
    "top_active_channels": [
      [
        0,
        49
      ],
      [
        2,
        6
      ],
      [
        1,
        5
      ],
      [
        5,
        5
      ],
      [
        15,
        2
      ]
    ],
    "total_board_activity": 76
  },
  "go_pattern_analysis": {
    "move_type": "corner",
    "game_phase": "opening",
    "turn_number": 15,
    "policy_entropy": -0.0,
    "policy_confidence": 1.0,
    "top_policy_moves": [
      {
        "coord": "(5,2)",
        "percentage": 100.0,
        "count": 556
      }
    ],
    "total_policy_counts": 556
  },
  "part_comparison": {
    "uniqueness_score": 0.607101559638977,
    "similar_positions": [
      4580,
      4581,
      3622,
      4195,
      3156
    ],
    "part_rank": 8,
    "max_other_part_activation": 0.2873810827732086,
    "activation_percentile": 99.87884295017416
  }
}