{
  "position_info": {
    "part": 34,
    "rank": 15,
    "global_position": 6126,
    "move_coordinate": "B3",
    "turn_number": 16,
    "npz_file": "E3CD9898B9AFF870.npz",
    "board_tensor_file": "pos_6126/board.npy",
    "sgf_file": "pos_6126/game.sgf"
  },
  "nmf_analysis": {
    "activation_strength": 0.6448729038238525,
    "rank_in_component": 15,
    "activation_in_other_components": [
      0.07638739049434662,
      0.021331043913960457,
      0.0,
      0.020695479586720467,
      0.024844583123922348,
      0.027827847748994827,
      0.0029362610075622797,
      0.0,
      0.007124354597181082,
      0.06830742955207825,
      0.010251201689243317,
      0.016162341460585594,
      0.042406678199768066,
      0.00699676014482975,
      0.002271444071084261,
      0.0,
      0.0008837124914862216,
      0.0003670280857477337,
      0.004780807998031378,
      0.0017530468758195639,
      0.007518453057855368,
      0.060142215341329575,
      0.004751396831125021,
      0.0,
      0.09183679521083832,
      0.0007035129237920046,
      0.0,
      0.004137519747018814,
      0.19056470692157745,
      0.20682108402252197,
      0.0027738565113395452,
      0.07724396139383316,
      0.006852505262941122,
      0.34224769473075867,
      0.6448729038238525,
      0.0,
      0.11103153228759766,
      0.0,
      0.0,
      0.0,
      0.0,
      0.08214414119720459,
      0.001999947940930724,
      0.06279569864273071,
      0.0,
      0.09605324268341064,
      0.013378232717514038,
      0.12750659883022308,
      0.22323250770568848,
      0.4262799024581909
    ],
    "channel_activity": [
      49,
      9,
      16,
      0,
      0,
      0,
      0,
      0,
      0,
      1,
      0,
      1,
      0,
      1,
      0,
      0,
      0,
      0,
      20,
      29,
      11,
      12
    ],
    "top_active_channels": [
      [
        0,
        49
      ],
      [
        19,
        29
      ],
      [
        18,
        20
      ],
      [
        2,
        16
      ],
      [
        21,
        12
      ]
    ],
    "total_board_activity": 149
  },
  "go_pattern_analysis": {
    "move_type": "corner",
    "game_phase": "opening",
    "turn_number": 16,
    "policy_entropy": 1.812399765044046,
    "policy_confidence": 0.45243619489559167,
    "top_policy_moves": [
      {
        "coord": "(2,1)",
        "percentage": 45.2,
        "count": 195
      },
      {
        "coord": "(3,1)",
        "percentage": 37.6,
        "count": 162
      },
      {
        "coord": "(4,0)",
        "percentage": 7.7,
        "count": 33
      },
      {
        "coord": "PASS",
        "percentage": 6.0,
        "count": 26
      },
      {
        "coord": "(1,0)",
        "percentage": 1.2,
        "count": 5
      }
    ],
    "total_policy_counts": 431
  },
  "component_comparison": {
    "uniqueness_score": 0.6020363569259644,
    "similar_positions": [
      5507,
      2387,
      1466,
      460,
      2776
    ],
    "component_rank": 15,
    "max_other_component_activation": 0.4262799024581909,
    "activation_percentile": 99.77283053157655
  }
}