{
  "position_info": {
    "part": 9,
    "rank": 13,
    "global_position": 5630,
    "move_coordinate": "C6",
    "turn_number": 35,
    "npz_file": "E3CD9898B9AFF870.npz",
    "board_tensor_file": "pos_5630/board.npy",
    "sgf_file": "pos_5630/game.sgf"
  },
  "nmf_analysis": {
    "activation_strength": 0.9070551991462708,
    "rank_in_part": 13,
    "activation_in_other_parts": [
      833.9463500976562,
      431.7608642578125,
      81.06432342529297,
      234.3991241455078,
      76.45926666259766,
      0.0,
      0.0,
      0.0,
      0.5625531673431396,
      0.9070551991462708,
      0.0,
      0.0,
      0.0,
      0.0,
      0.0,
      0.0,
      0.2946511507034302,
      0.0,
      0.0,
      0.0,
      0.044765904545784,
      0.0,
      0.36291277408599854,
      0.0,
      0.03394991159439087
    ],
    "channel_activity": [
      49,
      7,
      7,
      0,
      0,
      1,
      0,
      0,
      0,
      1,
      1,
      1,
      1,
      1,
      0,
      1,
      1,
      0,
      0,
      0,
      0,
      0
    ],
    "top_active_channels": [
      [
        0,
        49
      ],
      [
        1,
        7
      ],
      [
        2,
        7
      ],
      [
        5,
        1
      ],
      [
        9,
        1
      ]
    ],
    "total_board_activity": 71
  },
  "go_pattern_analysis": {
    "move_type": "corner",
    "game_phase": "middle_game",
    "turn_number": 35,
    "policy_entropy": 0.16788072131490614,
    "policy_confidence": 0.9793233082706767,
    "top_policy_moves": [
      {
        "coord": "(5,2)",
        "percentage": 97.9,
        "count": 521
      },
      {
        "coord": "(2,5)",
        "percentage": 1.5,
        "count": 8
      },
      {
        "coord": "(5,4)",
        "percentage": 0.4,
        "count": 2
      },
      {
        "coord": "(2,0)",
        "percentage": 0.2,
        "count": 1
      }
    ],
    "total_policy_counts": 532
  },
  "part_comparison": {
    "uniqueness_score": 0.001086484408006072,
    "similar_positions": [
      421,
      145,
      3783,
      4943,
      3685
    ],
    "part_rank": 13,
    "max_other_part_activation": 833.9463500976562,
    "activation_percentile": 99.80311979403301
  }
}