{
  "position_info": {
    "part": 3,
    "rank": 4,
    "global_position": 6214,
    "move_coordinate": "F2",
    "turn_number": 1,
    "npz_file": "E3CD9898B9AFF870.npz",
    "board_tensor_file": "pos_6214/board.npy",
    "sgf_file": "pos_6214/game.sgf"
  },
  "nmf_analysis": {
    "activation_strength": 0.4558616578578949,
    "rank_in_part": 4,
    "activation_in_other_parts": [
      0.1032276377081871,
      0.04240107536315918,
      0.0,
      0.4558616578578949,
      0.014506376348435879,
      0.19661587476730347,
      0.0635298490524292,
      0.17943689227104187,
      0.057607050985097885,
      0.10647056996822357,
      0.39607173204421997,
      0.029522674158215523,
      0.09361471980810165,
      0.4451218843460083,
      0.35205352306365967,
      0.06083659827709198,
      0.0064734844490885735,
      0.1825912743806839,
      0.05448807403445244,
      0.0,
      0.16631433367729187,
      0.19443534314632416,
      0.0,
      0.15655741095542908,
      0.045727506279945374
    ],
    "channel_activity": [
      49,
      19,
      14,
      0,
      1,
      0,
      0,
      0,
      0,
      1,
      1,
      0,
      1,
      0,
      1,
      0,
      0,
      0,
      30,
      16,
      0,
      0
    ],
    "top_active_channels": [
      [
        0,
        49
      ],
      [
        18,
        30
      ],
      [
        1,
        19
      ],
      [
        19,
        16
      ],
      [
        2,
        14
      ]
    ],
    "total_board_activity": 133
  },
  "go_pattern_analysis": {
    "move_type": "corner",
    "game_phase": "opening",
    "turn_number": 1,
    "policy_entropy": 1.1668017816580991,
    "policy_confidence": 0.6666666666666666,
    "top_policy_moves": [
      {
        "coord": "(1,5)",
        "percentage": 66.7,
        "count": 66
      },
      {
        "coord": "(0,6)",
        "percentage": 26.3,
        "count": 26
      },
      {
        "coord": "(1,6)",
        "percentage": 7.1,
        "count": 7
      }
    ],
    "total_policy_counts": 99
  },
  "part_comparison": {
    "uniqueness_score": 0.5059599876403809,
    "similar_positions": [
      1384,
      776,
      1950,
      64,
      4721
    ],
    "part_rank": 4,
    "max_other_part_activation": 0.4451218843460083,
    "activation_percentile": 99.93942147508709
  }
}