{
  "position_info": {
    "part": 35,
    "rank": 4,
    "global_position": 4515,
    "move_coordinate": "B2",
    "turn_number": 1,
    "npz_file": "B330F9C802154800.npz",
    "board_tensor_file": "pos_4515/board.npy",
    "sgf_file": "pos_4515/game.sgf"
  },
  "nmf_analysis": {
    "activation_strength": 0.48130854964256287,
    "rank_in_part": 4,
    "activation_in_other_parts": [
      0.0,
      0.027601785957813263,
      0.0,
      7.371496758423746e-05,
      0.008025065064430237,
      0.0,
      0.03580373525619507,
      0.005177063401788473,
      0.0,
      0.002208684105426073,
      0.008723513223230839,
      0.008509045466780663,
      0.0,
      0.008227827027440071,
      0.0,
      0.0035734002012759447,
      0.0036325526889413595,
      0.0003987421514466405,
      0.008192343637347221,
      0.00380941154435277,
      0.0,
      0.0,
      0.0,
      0.006601251196116209,
      0.0,
      0.003099205205217004,
      0.0,
      0.03537244722247124,
      0.0,
      0.3296690583229065,
      0.02250954508781433,
      0.02446325495839119,
      0.18469086289405823,
      0.0030787179712206125,
      0.007422261871397495,
      0.48130854964256287,
      0.00894381757825613,
      0.047800347208976746,
      0.41733160614967346,
      0.0,
      0.33535340428352356,
      0.0,
      0.13941384851932526,
      0.20604775846004486,
      0.0,
      0.009529976174235344,
      0.07884429395198822,
      0.02369227260351181,
      0.2644776403903961,
      0.3761235773563385
    ],
    "channel_activity": [
      49,
      4,
      4,
      0,
      1,
      1,
      0,
      0,
      0,
      1,
      1,
      1,
      1,
      1,
      1,
      0,
      0,
      0,
      0,
      0,
      0,
      0
    ],
    "top_active_channels": [
      [
        0,
        49
      ],
      [
        1,
        4
      ],
      [
        2,
        4
      ],
      [
        4,
        1
      ],
      [
        5,
        1
      ]
    ],
    "total_board_activity": 65
  },
  "go_pattern_analysis": {
    "move_type": "corner",
    "game_phase": "opening",
    "turn_number": 1,
    "policy_entropy": 1.0786380872008843,
    "policy_confidence": 0.7163120567375887,
    "top_policy_moves": [
      {
        "coord": "(1,1)",
        "percentage": 71.6,
        "count": 101
      },
      {
        "coord": "(1,3)",
        "percentage": 22.0,
        "count": 31
      },
      {
        "coord": "(5,3)",
        "percentage": 6.4,
        "count": 9
      }
    ],
    "total_policy_counts": 141
  },
  "part_comparison": {
    "uniqueness_score": 0.5355965495109558,
    "similar_positions": [
      4516,
      582,
      2431,
      1408,
      1209
    ],
    "part_rank": 4,
    "max_other_part_activation": 0.41733160614967346,
    "activation_percentile": 99.93942147508709
  }
}