{
  "position_info": {
    "part": 32,
    "rank": 5,
    "global_position": 4460,
    "move_coordinate": "B7",
    "turn_number": 32,
    "npz_file": "B330F9C802154800.npz",
    "board_tensor_file": "pos_4460/board.npy",
    "sgf_file": "pos_4460/game.sgf"
  },
  "nmf_analysis": {
    "activation_strength": 0.49092522263526917,
    "rank_in_part": 5,
    "activation_in_other_parts": [
      0.10294413566589355,
      0.10603950917720795,
      0.0,
      0.00712968222796917,
      0.005728709511458874,
      0.026618357747793198,
      0.03128957003355026,
      0.057682935148477554,
      0.0,
      0.0476665236055851,
      0.0,
      0.0031106004025787115,
      0.0,
      0.03777839243412018,
      0.0,
      0.0,
      0.004740408156067133,
      0.0006083333282731473,
      0.0073214005678892136,
      0.05779329314827919,
      0.0,
      0.0,
      0.0,
      0.011748461052775383,
      0.0,
      0.0031415834091603756,
      0.0,
      0.018263433128595352,
      0.1617649793624878,
      0.07703917473554611,
      0.20311219990253448,
      0.025509817525744438,
      0.49092522263526917,
      0.027798591181635857,
      0.0,
      0.1934686005115509,
      0.039394743740558624,
      0.0030408999882638454,
      0.15366144478321075,
      0.19415809214115143,
      0.19969186186790466,
      0.32453468441963196,
      0.03669753670692444,
      0.059191081672906876,
      0.13605110347270966,
      0.0,
      0.05544375255703926,
      0.1752111315727234,
      0.12863466143608093,
      0.4184040427207947
    ],
    "channel_activity": [
      49,
      8,
      8,
      0,
      0,
      6,
      0,
      0,
      0,
      1,
      1,
      1,
      1,
      1,
      0,
      0,
      0,
      0,
      0,
      0,
      0,
      0
    ],
    "top_active_channels": [
      [
        0,
        49
      ],
      [
        1,
        8
      ],
      [
        2,
        8
      ],
      [
        5,
        6
      ],
      [
        9,
        1
      ]
    ],
    "total_board_activity": 76
  },
  "go_pattern_analysis": {
    "move_type": "corner",
    "game_phase": "middle_game",
    "turn_number": 32,
    "policy_entropy": 0.0756493779002165,
    "policy_confidence": 0.9907692307692307,
    "top_policy_moves": [
      {
        "coord": "(6,1)",
        "percentage": 99.1,
        "count": 322
      },
      {
        "coord": "(1,2)",
        "percentage": 0.9,
        "count": 3
      }
    ],
    "total_policy_counts": 325
  },
  "part_comparison": {
    "uniqueness_score": 0.5398761630058289,
    "similar_positions": [
      2356,
      4266,
      1365,
      2353,
      5036
    ],
    "part_rank": 5,
    "max_other_part_activation": 0.4184040427207947,
    "activation_percentile": 99.92427684385885
  }
}