{
  "position_info": {
    "part": 1,
    "rank": 17,
    "global_position": 3263,
    "move_coordinate": "E4",
    "turn_number": 6,
    "npz_file": "AAE4EE8DC9A92FFF.npz",
    "board_tensor_file": "pos_3263/board.npy",
    "sgf_file": "pos_3263/game.sgf"
  },
  "nmf_analysis": {
    "activation_strength": 833.4888916015625,
    "rank_in_part": 17,
    "activation_in_other_parts": [
      483.0650634765625,
      833.4888916015625,
      46.189178466796875,
      29.412357330322266,
      86.52212524414062,
      1.0217883586883545,
      0.0,
      0.0,
      0.0,
      0.17878571152687073,
      0.0,
      0.47682225704193115,
      0.0,
      0.0,
      0.0,
      0.0,
      0.0,
      0.0,
      0.0,
      0.1655314564704895,
      0.0,
      0.1090657189488411,
      0.0,
      0.0,
      0.2822993993759155
    ],
    "channel_activity": [
      49,
      0,
      1,
      0,
      0,
      0,
      0,
      0,
      0,
      1,
      0,
      0,
      0,
      0,
      0,
      0,
      0,
      0,
      0,
      49,
      0,
      0
    ],
    "top_active_channels": [
      [
        0,
        49
      ],
      [
        19,
        49
      ],
      [
        2,
        1
      ],
      [
        9,
        1
      ],
      [
        1,
        0
      ]
    ],
    "total_board_activity": 100
  },
  "go_pattern_analysis": {
    "move_type": "side",
    "game_phase": "opening",
    "turn_number": 6,
    "policy_entropy": 1.8837614407789252,
    "policy_confidence": 0.3716216216216216,
    "top_policy_moves": [
      {
        "coord": "(3,4)",
        "percentage": 37.2,
        "count": 55
      },
      {
        "coord": "(3,2)",
        "percentage": 32.4,
        "count": 48
      },
      {
        "coord": "(4,4)",
        "percentage": 15.5,
        "count": 23
      },
      {
        "coord": "(4,2)",
        "percentage": 14.9,
        "count": 22
      }
    ],
    "total_policy_counts": 148
  },
  "part_comparison": {
    "uniqueness_score": 0.6330837607383728,
    "similar_positions": [
      5036,
      5524,
      3296,
      5539,
      632
    ],
    "part_rank": 3,
    "max_other_part_activation": 483.0650634765625,
    "activation_percentile": 99.95456610631531
  }
}