{
  "position_info": {
    "part": 3,
    "rank": 17,
    "global_position": 164,
    "move_coordinate": "G2",
    "turn_number": 1,
    "npz_file": "1906C337F5CDAFA9.npz",
    "board_tensor_file": "pos_164/board.npy",
    "sgf_file": "pos_164/game.sgf"
  },
  "nmf_analysis": {
    "activation_strength": 0.03833167254924774,
    "rank_in_part": 17,
    "activation_in_other_parts": [
      0.2107120156288147,
      0.0,
      0.0,
      0.03833167254924774,
      0.03440190106630325,
      0.029471781104803085,
      0.035867802798748016,
      0.017242100089788437,
      0.034334447234869,
      0.08204309642314911,
      0.02997358702123165,
      0.0,
      0.01448966097086668,
      0.006454508751630783,
      0.02531771920621395,
      0.0,
      0.011685075238347054,
      5.3575040510622784e-06,
      0.02417965792119503,
      0.021777279675006866,
      0.0362083725631237,
      0.0370793454349041,
      0.028559034690260887,
      0.01159429270774126,
      0.03203954920172691,
      0.006487706210464239,
      0.006384633481502533,
      0.0,
      0.24032658338546753,
      0.050655901432037354,
      0.5266641974449158,
      0.10434699803590775,
      0.14102669060230255,
      0.0,
      0.043261487036943436,
      0.005518459714949131,
      0.0,
      0.0,
      0.15384991466999054,
      0.01666727475821972,
      0.20717944204807281,
      0.31666120886802673,
      0.19643066823482513,
      0.05760058015584946,
      0.0,
      0.0015050667570903897,
      0.05705549567937851,
      0.03694895654916763,
      0.28872302174568176,
      0.29746532440185547
    ],
    "channel_activity": [
      49,
      7,
      8,
      0,
      2,
      1,
      0,
      0,
      0,
      1,
      1,
      1,
      1,
      1,
      2,
      0,
      1,
      0,
      7,
      8,
      0,
      0
    ],
    "top_active_channels": [
      [
        0,
        49
      ],
      [
        2,
        8
      ],
      [
        19,
        8
      ],
      [
        1,
        7
      ],
      [
        18,
        7
      ]
    ],
    "total_board_activity": 90
  },
  "go_pattern_analysis": {
    "move_type": "corner",
    "game_phase": "opening",
    "turn_number": 1,
    "policy_entropy": -0.0,
    "policy_confidence": 1.0,
    "top_policy_moves": [
      {
        "coord": "(1,6)",
        "percentage": 100.0,
        "count": 311
      }
    ],
    "total_policy_counts": 311
  },
  "part_comparison": {
    "uniqueness_score": 0.06784415990114212,
    "similar_positions": [
      426,
      4798,
      1704,
      5385,
      5609
    ],
    "part_rank": 17,
    "max_other_part_activation": 0.5266641974449158,
    "activation_percentile": 99.7425412691201
  }
}