{
  "position_info": {
    "part": 1,
    "rank": 8,
    "global_position": 3714,
    "move_coordinate": "C3",
    "turn_number": 7,
    "npz_file": "AAE4EE8DC9A92FFF.npz",
    "board_tensor_file": "pos_3714/board.npy",
    "sgf_file": "pos_3714/game.sgf"
  },
  "nmf_analysis": {
    "activation_strength": 953.0846557617188,
    "rank_in_part": 8,
    "activation_in_other_parts": [
      551.9572143554688,
      953.0846557617188,
      42.634090423583984,
      105.34088897705078,
      0.0,
      0.605017900466919,
      0.0,
      0.0,
      0.019794195890426636,
      0.07733547687530518,
      0.0,
      0.18243253231048584,
      0.0,
      0.14688697457313538,
      0.0,
      0.0,
      0.0,
      0.0,
      0.0,
      0.23203003406524658,
      0.0,
      0.0,
      0.0,
      0.0,
      0.0
    ],
    "channel_activity": [
      49,
      1,
      1,
      0,
      0,
      2,
      0,
      0,
      0,
      1,
      1,
      0,
      0,
      0,
      0,
      0,
      0,
      0,
      0,
      0,
      0,
      0
    ],
    "top_active_channels": [
      [
        0,
        49
      ],
      [
        5,
        2
      ],
      [
        1,
        1
      ],
      [
        2,
        1
      ],
      [
        9,
        1
      ]
    ],
    "total_board_activity": 55
  },
  "go_pattern_analysis": {
    "move_type": "corner",
    "game_phase": "opening",
    "turn_number": 7,
    "policy_entropy": -0.0,
    "policy_confidence": 1.0,
    "top_policy_moves": [
      {
        "coord": "(2,2)",
        "percentage": 100.0,
        "count": 158
      }
    ],
    "total_policy_counts": 158
  },
  "part_comparison": {
    "uniqueness_score": 0.6332612037658691,
    "similar_positions": [
      3841,
      1424,
      5462,
      5625,
      5626
    ],
    "part_rank": 8,
    "max_other_part_activation": 551.9572143554688,
    "activation_percentile": 99.87884295017416
  }
}