{
  "position_info": {
    "part": 24,
    "rank": 7,
    "global_position": 4792,
    "move_coordinate": "B2",
    "turn_number": 11,
    "npz_file": "B330F9C802154800.npz",
    "board_tensor_file": "pos_4792/board.npy",
    "sgf_file": "pos_4792/game.sgf"
  },
  "nmf_analysis": {
    "activation_strength": 0.7068901658058167,
    "rank_in_part": 7,
    "activation_in_other_parts": [
      1839.8006591796875,
      0.0,
      17.27627182006836,
      82.67437744140625,
      109.468994140625,
      9.861510276794434,
      0.0,
      11.974913597106934,
      0.0,
      0.18477191030979156,
      14.70085620880127,
      0.0,
      0.0,
      0.05677865445613861,
      0.9407792687416077,
      0.0,
      0.0,
      0.10750973224639893,
      0.15142039954662323,
      0.03555717691779137,
      0.06577476114034653,
      0.0,
      0.0,
      0.2360762655735016,
      0.7068901658058167
    ],
    "channel_activity": [
      49,
      11,
      10,
      0,
      2,
      8,
      0,
      0,
      0,
      1,
      1,
      1,
      1,
      1,
      0,
      0,
      0,
      0,
      0,
      0,
      0,
      0
    ],
    "top_active_channels": [
      [
        0,
        49
      ],
      [
        1,
        11
      ],
      [
        2,
        10
      ],
      [
        5,
        8
      ],
      [
        4,
        2
      ]
    ],
    "total_board_activity": 85
  },
  "go_pattern_analysis": {
    "move_type": "corner",
    "game_phase": "opening",
    "turn_number": 11,
    "policy_entropy": 0.4050201326242423,
    "policy_confidence": 0.9191919191919192,
    "top_policy_moves": [
      {
        "coord": "(1,1)",
        "percentage": 91.9,
        "count": 91
      },
      {
        "coord": "(0,2)",
        "percentage": 8.1,
        "count": 8
      }
    ],
    "total_policy_counts": 99
  },
  "part_comparison": {
    "uniqueness_score": 0.0003840735007543117,
    "similar_positions": [
      4796,
      4794,
      1953,
      1952,
      4893
    ],
    "part_rank": 7,
    "max_other_part_activation": 1839.8006591796875,
    "activation_percentile": 99.89398758140238
  }
}