{
  "position_info": {
    "part": 21,
    "rank": 14,
    "global_position": 4792,
    "move_coordinate": "B2",
    "turn_number": 11,
    "npz_file": "B330F9C802154800.npz",
    "board_tensor_file": "pos_4792/board.npy",
    "sgf_file": "pos_4792/game.sgf"
  },
  "nmf_analysis": {
    "activation_strength": 0.9830893278121948,
    "rank_in_part": 14,
    "activation_in_other_parts": [
      1401.6085205078125,
      280.1648254394531,
      169.0381622314453,
      217.54254150390625,
      37.88832092285156,
      0.0,
      0.045106206089258194,
      0.0,
      1.1816407442092896,
      0.0,
      0.036817505955696106,
      0.0,
      0.0,
      0.0,
      0.23438392579555511,
      0.0920395478606224,
      0.0,
      0.10940578579902649,
      0.0,
      0.596937358379364,
      0.0,
      0.9830893278121948,
      0.0,
      0.0,
      0.08899129927158356
    ],
    "channel_activity": [
      49,
      11,
      10,
      0,
      2,
      8,
      0,
      0,
      0,
      1,
      1,
      1,
      1,
      1,
      0,
      0,
      0,
      0,
      0,
      0,
      0,
      0
    ],
    "top_active_channels": [
      [
        0,
        49
      ],
      [
        1,
        11
      ],
      [
        2,
        10
      ],
      [
        5,
        8
      ],
      [
        4,
        2
      ]
    ],
    "total_board_activity": 85
  },
  "go_pattern_analysis": {
    "move_type": "corner",
    "game_phase": "opening",
    "turn_number": 11,
    "policy_entropy": 0.4050201326242423,
    "policy_confidence": 0.9191919191919192,
    "top_policy_moves": [
      {
        "coord": "(1,1)",
        "percentage": 91.9,
        "count": 91
      },
      {
        "coord": "(0,2)",
        "percentage": 8.1,
        "count": 8
      }
    ],
    "total_policy_counts": 99
  },
  "part_comparison": {
    "uniqueness_score": 0.0007009091787040234,
    "similar_positions": [
      773,
      774,
      1372,
      4796,
      772
    ],
    "part_rank": 14,
    "max_other_part_activation": 1401.6085205078125,
    "activation_percentile": 99.78797516280478
  }
}