{
  "position_info": {
    "part": 15,
    "rank": 4,
    "global_position": 1034,
    "move_coordinate": "A1",
    "turn_number": 1,
    "npz_file": "1D638D50844BD930.npz",
    "board_tensor_file": "pos_1034/board.npy",
    "sgf_file": "pos_1034/game.sgf"
  },
  "nmf_analysis": {
    "activation_strength": 0.19546344876289368,
    "rank_in_part": 4,
    "activation_in_other_parts": [
      0.0,
      0.06609492003917694,
      0.0,
      0.0,
      0.0,
      0.0,
      0.17201288044452667,
      0.02050010859966278,
      0.04197116196155548,
      0.08501775562763214,
      0.07741887122392654,
      0.10403548181056976,
      0.058226898312568665,
      0.004633917938917875,
      0.009627082385122776,
      0.19546344876289368,
      0.004135665949434042,
      0.0005758203333243728,
      0.0,
      0.0,
      0.01472526229918003,
      0.04692196100950241,
      0.017723605036735535,
      0.006247837096452713,
      0.088967464864254,
      0.0007045681122690439,
      0.010062340646982193,
      0.0,
      0.0,
      0.0,
      0.0840107873082161,
      0.22819343209266663,
      0.06663461774587631,
      0.0,
      0.0,
      0.023215554654598236,
      0.012942200526595116,
      0.0,
      0.692156970500946,
      0.018955476582050323,
      0.07531693577766418,
      0.033665407449007034,
      0.0,
      0.00929187424480915,
      0.11628850549459457,
      0.20543023943901062,
      0.0,
      0.029374487698078156,
      0.11175945401191711,
      0.5026097297668457
    ],
    "channel_activity": [
      49,
      2,
      2,
      0,
      4,
      0,
      0,
      0,
      0,
      1,
      1,
      1,
      1,
      0,
      0,
      0,
      0,
      0,
      0,
      0,
      0,
      0
    ],
    "top_active_channels": [
      [
        0,
        49
      ],
      [
        4,
        4
      ],
      [
        1,
        2
      ],
      [
        2,
        2
      ],
      [
        9,
        1
      ]
    ],
    "total_board_activity": 61
  },
  "go_pattern_analysis": {
    "move_type": "corner",
    "game_phase": "opening",
    "turn_number": 1,
    "policy_entropy": 5.643856189774725,
    "policy_confidence": 0.02,
    "top_policy_moves": [
      {
        "coord": "PASS",
        "percentage": 2.0,
        "count": 1
      },
      {
        "coord": "(1,5)",
        "percentage": 2.0,
        "count": 1
      },
      {
        "coord": "(3,1)",
        "percentage": 2.0,
        "count": 1
      },
      {
        "coord": "(3,0)",
        "percentage": 2.0,
        "count": 1
      },
      {
        "coord": "(2,6)",
        "percentage": 2.0,
        "count": 1
      }
    ],
    "total_policy_counts": 50
  },
  "part_comparison": {
    "uniqueness_score": 0.22021061182022095,
    "similar_positions": [
      3351,
      5466,
      4811,
      2335,
      2336
    ],
    "part_rank": 4,
    "max_other_part_activation": 0.692156970500946,
    "activation_percentile": 99.93942147508709
  }
}