{
  "position_info": {
    "part": 31,
    "rank": 18,
    "global_position": 1624,
    "move_coordinate": "C4",
    "turn_number": 6,
    "npz_file": "1D638D50844BD930.npz",
    "board_tensor_file": "pos_1624/board.npy",
    "sgf_file": "pos_1624/game.sgf"
  },
  "nmf_analysis": {
    "activation_strength": 0.9237471222877502,
    "rank_in_component": 18,
    "activation_in_other_components": [
      0.29587221145629883,
      0.07473829388618469,
      0.0,
      0.03161775320768356,
      0.020601293072104454,
      0.04876161366701126,
      0.017854129895567894,
      0.08402195572853088,
      0.0,
      0.22167134284973145,
      0.0,
      0.0,
      0.05708824098110199,
      0.027847768738865852,
      0.0,
      0.0,
      0.006014744285494089,
      0.0,
      0.01391885057091713,
      0.08379730582237244,
      0.0,
      0.10384958237409592,
      0.0,
      0.0,
      0.13820374011993408,
      0.004215709865093231,
      0.0,
      0.00419959332793951,
      0.2753146290779114,
      0.0,
      0.029246307909488678,
      0.9237471222877502,
      0.12473030388355255,
      0.022729970514774323,
      0.008968275040388107,
      0.0,
      0.0,
      0.0,
      0.40021899342536926,
      0.0,
      0.10365962237119675,
      0.017000993713736534,
      0.06453484296798706,
      0.0,
      0.0,
      0.02104259841144085,
      0.0,
      0.0,
      0.20195960998535156,
      0.0009559057652950287
    ],
    "channel_activity": [
      49,
      0,
      1,
      0,
      0,
      0,
      0,
      0,
      0,
      1,
      0,
      0,
      0,
      0,
      0,
      0,
      0,
      0,
      0,
      49,
      0,
      0
    ],
    "top_active_channels": [
      [
        0,
        49
      ],
      [
        19,
        49
      ],
      [
        2,
        1
      ],
      [
        9,
        1
      ],
      [
        1,
        0
      ]
    ],
    "total_board_activity": 100
  },
  "go_pattern_analysis": {
    "move_type": "side",
    "game_phase": "opening",
    "turn_number": 6,
    "policy_entropy": 1.9718538314840883,
    "policy_confidence": 0.3333333333333333,
    "top_policy_moves": [
      {
        "coord": "(3,2)",
        "percentage": 33.3,
        "count": 47
      },
      {
        "coord": "(3,4)",
        "percentage": 24.1,
        "count": 34
      },
      {
        "coord": "(2,4)",
        "percentage": 22.7,
        "count": 32
      },
      {
        "coord": "(2,2)",
        "percentage": 19.9,
        "count": 28
      }
    ],
    "total_policy_counts": 141
  },
  "component_comparison": {
    "uniqueness_score": 0.6977120637893677,
    "similar_positions": [
      786,
      6366,
      3821,
      4015,
      4410
    ],
    "component_rank": 18,
    "max_other_component_activation": 0.40021899342536926,
    "activation_percentile": 99.72739663789186
  }
}