{
  "position_info": {
    "part": 10,
    "rank": 16,
    "global_position": 1624,
    "move_coordinate": "C4",
    "turn_number": 6,
    "npz_file": "1D638D50844BD930.npz",
    "board_tensor_file": "pos_1624/board.npy",
    "sgf_file": "pos_1624/game.sgf"
  },
  "nmf_analysis": {
    "activation_strength": 258.38824462890625,
    "rank_in_part": 16,
    "activation_in_other_parts": [
      0.0,
      80.0263671875,
      0.0,
      0.0,
      8.015693664550781,
      31.620649337768555,
      0.0,
      6.7822771072387695,
      0.4022975265979767,
      0.0,
      258.38824462890625,
      0.0,
      0.0,
      0.258543461561203,
      0.0,
      0.25738394260406494,
      0.0,
      0.0,
      0.0,
      0.0,
      0.0,
      0.045282527804374695,
      0.0,
      0.0,
      0.0
    ],
    "channel_activity": [
      49,
      0,
      1,
      0,
      0,
      0,
      0,
      0,
      0,
      1,
      0,
      0,
      0,
      0,
      0,
      0,
      0,
      0,
      0,
      49,
      0,
      0
    ],
    "top_active_channels": [
      [
        0,
        49
      ],
      [
        19,
        49
      ],
      [
        2,
        1
      ],
      [
        9,
        1
      ],
      [
        1,
        0
      ]
    ],
    "total_board_activity": 100
  },
  "go_pattern_analysis": {
    "move_type": "side",
    "game_phase": "opening",
    "turn_number": 6,
    "policy_entropy": 1.9718538314840883,
    "policy_confidence": 0.3333333333333333,
    "top_policy_moves": [
      {
        "coord": "(3,2)",
        "percentage": 33.3,
        "count": 47
      },
      {
        "coord": "(3,4)",
        "percentage": 24.1,
        "count": 34
      },
      {
        "coord": "(2,4)",
        "percentage": 22.7,
        "count": 32
      },
      {
        "coord": "(2,2)",
        "percentage": 19.9,
        "count": 28
      }
    ],
    "total_policy_counts": 141
  },
  "part_comparison": {
    "uniqueness_score": 0.763525664806366,
    "similar_positions": [
      779,
      3536,
      1724,
      3835,
      6323
    ],
    "part_rank": 16,
    "max_other_part_activation": 80.0263671875,
    "activation_percentile": 99.75768590034832
  }
}