{
  "position_info": {
    "part": 4,
    "rank": 13,
    "global_position": 1624,
    "move_coordinate": "C4",
    "turn_number": 6,
    "npz_file": "1D638D50844BD930.npz",
    "board_tensor_file": "pos_1624/board.npy",
    "sgf_file": "pos_1624/game.sgf"
  },
  "nmf_analysis": {
    "activation_strength": 0.8259357810020447,
    "rank_in_part": 13,
    "activation_in_other_parts": [
      0.4555896520614624,
      0.37222805619239807,
      0.0,
      0.04821070283651352,
      0.8259357810020447,
      0.014245009049773216,
      0.0,
      0.0,
      0.03401646390557289,
      0.2736741006374359,
      0.011825242079794407,
      0.008078393526375294,
      0.0,
      0.0,
      0.0,
      0.0,
      0.49742040038108826,
      0.0,
      0.004560165107250214,
      0.0,
      0.0,
      0.014229378663003445,
      0.05716962367296219,
      0.0,
      0.14174719154834747
    ],
    "channel_activity": [
      49,
      0,
      1,
      0,
      0,
      0,
      0,
      0,
      0,
      1,
      0,
      0,
      0,
      0,
      0,
      0,
      0,
      0,
      0,
      49,
      0,
      0
    ],
    "top_active_channels": [
      [
        0,
        49
      ],
      [
        19,
        49
      ],
      [
        2,
        1
      ],
      [
        9,
        1
      ],
      [
        1,
        0
      ]
    ],
    "total_board_activity": 100
  },
  "go_pattern_analysis": {
    "move_type": "side",
    "game_phase": "opening",
    "turn_number": 6,
    "policy_entropy": 1.9718538314840883,
    "policy_confidence": 0.3333333333333333,
    "top_policy_moves": [
      {
        "coord": "(3,2)",
        "percentage": 33.3,
        "count": 47
      },
      {
        "coord": "(3,4)",
        "percentage": 24.1,
        "count": 34
      },
      {
        "coord": "(2,4)",
        "percentage": 22.7,
        "count": 32
      },
      {
        "coord": "(2,2)",
        "percentage": 19.9,
        "count": 28
      }
    ],
    "total_policy_counts": 141
  },
  "part_comparison": {
    "uniqueness_score": 0.6241220831871033,
    "similar_positions": [
      6366,
      4410,
      2582,
      1821,
      4993
    ],
    "part_rank": 13,
    "max_other_part_activation": 0.49742040038108826,
    "activation_percentile": 99.80311979403301
  }
}