{
  "position_info": {
    "part": 1,
    "rank": 13,
    "global_position": 1194,
    "move_coordinate": "C1",
    "turn_number": 1,
    "npz_file": "1D638D50844BD930.npz",
    "board_tensor_file": "pos_1194/board.npy",
    "sgf_file": "pos_1194/game.sgf"
  },
  "nmf_analysis": {
    "activation_strength": 0.1929422914981842,
    "rank_in_component": 13,
    "activation_in_other_components": [
      0.06301956623792648,
      0.1929422914981842,
      0.0,
      0.0,
      0.002559626940637827,
      0.03266134485602379,
      0.022987592965364456,
      0.0819261223077774,
      0.005055239424109459,
      0.09807346016168594,
      0.011936362832784653,
      0.0,
      0.010738462209701538,
      0.04812509939074516,
      0.0039568087086081505,
      0.0,
      0.0,
      0.0011828875867649913,
      0.0,
      0.06466907262802124,
      0.006707191001623869,
      0.012919940985739231,
      0.004752428736537695,
      0.0,
      0.0,
      0.0,
      0.0018894996028393507,
      0.0030365069396793842,
      0.12383567541837692,
      0.03803075850009918,
      0.2155177742242813,
      0.07082468271255493,
      0.13533425331115723,
      0.14480379223823547,
      0.04482019692659378,
      0.14077100157737732,
      0.24206280708312988,
      0.02066444791853428,
      0.09196466207504272,
      0.26311445236206055,
      0.14252948760986328,
      0.24331587553024292,
      0.014248576946556568,
      0.024526121094822884,
      0.10236132144927979,
      0.029783746227622032,
      0.12379492074251175,
      0.26612380146980286,
      0.11667000502347946,
      0.3877304792404175
    ],
    "channel_activity": [
      49,
      10,
      10,
      0,
      6,
      6,
      0,
      0,
      0,
      1,
      1,
      1,
      1,
      1,
      0,
      0,
      0,
      0,
      0,
      0,
      0,
      0
    ],
    "top_active_channels": [
      [
        0,
        49
      ],
      [
        1,
        10
      ],
      [
        2,
        10
      ],
      [
        4,
        6
      ],
      [
        5,
        6
      ]
    ],
    "total_board_activity": 86
  },
  "go_pattern_analysis": {
    "move_type": "corner",
    "game_phase": "opening",
    "turn_number": 1,
    "policy_entropy": 1.526826983474276,
    "policy_confidence": 0.7325905292479109,
    "top_policy_moves": [
      {
        "coord": "(0,2)",
        "percentage": 73.3,
        "count": 263
      },
      {
        "coord": "(5,6)",
        "percentage": 8.9,
        "count": 32
      },
      {
        "coord": "(2,5)",
        "percentage": 6.7,
        "count": 24
      },
      {
        "coord": "(6,5)",
        "percentage": 3.3,
        "count": 12
      },
      {
        "coord": "(6,4)",
        "percentage": 1.9,
        "count": 7
      }
    ],
    "total_policy_counts": 359
  },
  "component_comparison": {
    "uniqueness_score": 0.3322737216949463,
    "similar_positions": [
      4536,
      6120,
      6121,
      262,
      536
    ],
    "component_rank": 13,
    "max_other_component_activation": 0.3877304792404175,
    "activation_percentile": 99.80311979403301
  }
}