{
  "position_info": {
    "part": 35,
    "rank": 17,
    "global_position": 1024,
    "move_coordinate": "B6",
    "turn_number": 51,
    "npz_file": "1D638D50844BD930.npz",
    "board_tensor_file": "pos_1024/board.npy",
    "sgf_file": "pos_1024/game.sgf"
  },
  "nmf_analysis": {
    "activation_strength": 0.4481271207332611,
    "rank_in_component": 17,
    "activation_in_other_components": [
      0.03181244432926178,
      0.02580769918859005,
      0.0,
      0.007254411932080984,
      0.014459934085607529,
      0.002568288007751107,
      0.004191365092992783,
      0.009036688134074211,
      0.0,
      0.015038294717669487,
      0.00926213152706623,
      0.0,
      0.0,
      0.010142141953110695,
      0.0,
      0.0015629192348569632,
      0.00615394813939929,
      0.00045776856131851673,
      0.014367125928401947,
      0.008215430192649364,
      0.0,
      0.002878983970731497,
      0.0,
      0.0,
      0.0,
      0.004521729424595833,
      0.0,
      0.032525934278964996,
      0.0,
      0.3077443242073059,
      0.033399082720279694,
      0.06627356261014938,
      0.10100524872541428,
      0.0,
      0.0,
      0.4481271207332611,
      0.006684672087430954,
      0.061467111110687256,
      0.4348551630973816,
      0.0,
      0.3991888165473938,
      0.0,
      0.1345924735069275,
      0.19085119664669037,
      0.0,
      0.0,
      0.07044316083192825,
      0.005233487114310265,
      0.2603707015514374,
      0.37580716609954834
    ],
    "channel_activity": [
      49,
      4,
      4,
      0,
      1,
      1,
      0,
      0,
      0,
      1,
      1,
      1,
      1,
      1,
      1,
      0,
      0,
      0,
      0,
      0,
      0,
      0
    ],
    "top_active_channels": [
      [
        0,
        49
      ],
      [
        1,
        4
      ],
      [
        2,
        4
      ],
      [
        4,
        1
      ],
      [
        5,
        1
      ]
    ],
    "total_board_activity": 65
  },
  "go_pattern_analysis": {
    "move_type": "corner",
    "game_phase": "middle_game",
    "turn_number": 51,
    "policy_entropy": 0.9311271974441355,
    "policy_confidence": 0.7894736842105263,
    "top_policy_moves": [
      {
        "coord": "(5,1)",
        "percentage": 78.9,
        "count": 180
      },
      {
        "coord": "(5,3)",
        "percentage": 14.5,
        "count": 33
      },
      {
        "coord": "(1,3)",
        "percentage": 6.6,
        "count": 15
      }
    ],
    "total_policy_counts": 228
  },
  "component_comparison": {
    "uniqueness_score": 0.5075154304504395,
    "similar_positions": [
      4516,
      582,
      2431,
      4515,
      1408
    ],
    "component_rank": 17,
    "max_other_component_activation": 0.4348551630973816,
    "activation_percentile": 99.7425412691201
  }
}