{
  "position_info": {
    "part": 7,
    "rank": 9,
    "global_position": 200,
    "move_coordinate": "PASS",
    "turn_number": 1,
    "npz_file": "1906C337F5CDAFA9.npz",
    "board_tensor_file": "pos_200/board.npy",
    "sgf_file": "pos_200/game.sgf"
  },
  "nmf_analysis": {
    "activation_strength": 108.57463836669922,
    "rank_in_part": 9,
    "activation_in_other_parts": [
      108.93841552734375,
      8.189223289489746,
      1.5825401544570923,
      76.79664611816406,
      28.134916305541992,
      1.404435396194458,
      0.1280810832977295,
      108.57463836669922,
      0.0,
      0.2967652976512909,
      4.6123270988464355,
      0.0,
      0.031364619731903076,
      0.0,
      7.388898849487305,
      0.09741784632205963,
      0.0,
      0.15750887989997864,
      0.2798107862472534,
      0.0,
      0.008758101612329483,
      0.10425134003162384,
      0.07997974008321762,
      0.0,
      0.0
    ],
    "channel_activity": [
      49,
      17,
      9,
      0,
      0,
      0,
      0,
      0,
      0,
      0,
      1,
      0,
      1,
      0,
      0,
      0,
      0,
      0,
      29,
      20,
      12,
      11
    ],
    "top_active_channels": [
      [
        0,
        49
      ],
      [
        18,
        29
      ],
      [
        19,
        20
      ],
      [
        1,
        17
      ],
      [
        20,
        12
      ]
    ],
    "total_board_activity": 149
  },
  "go_pattern_analysis": {
    "move_type": "pass",
    "game_phase": "opening",
    "turn_number": 1,
    "policy_entropy": 0.245972264610718,
    "policy_confidence": 0.9693877551020408,
    "top_policy_moves": [
      {
        "coord": "PASS",
        "percentage": 96.9,
        "count": 95
      },
      {
        "coord": "(2,6)",
        "percentage": 1.0,
        "count": 1
      },
      {
        "coord": "(6,1)",
        "percentage": 1.0,
        "count": 1
      },
      {
        "coord": "(5,4)",
        "percentage": 1.0,
        "count": 1
      }
    ],
    "total_policy_counts": 98
  },
  "part_comparison": {
    "uniqueness_score": 0.49916377663612366,
    "similar_positions": [
      539,
      540,
      2998,
      1993,
      1137
    ],
    "part_rank": 9,
    "max_other_part_activation": 108.93841552734375,
    "activation_percentile": 99.86369831894594
  }
}