{
  "position_info": {
    "part": 17,
    "rank": 5,
    "global_position": 4175,
    "move_coordinate": "D5",
    "turn_number": 1,
    "npz_file": "AAE4EE8DC9A92FFF.npz",
    "board_tensor_file": "pos_4175/board.npy",
    "sgf_file": "pos_4175/game.sgf"
  },
  "nmf_analysis": {
    "activation_strength": 0.6374879479408264,
    "rank_in_part": 5,
    "activation_in_other_parts": [
      257.17474365234375,
      415.1343078613281,
      20.47571563720703,
      80.64115905761719,
      33.63126754760742,
      36.089195251464844,
      0.0,
      5.312930583953857,
      0.0,
      0.0,
      1.7055702209472656,
      0.2619306147098541,
      0.0,
      0.0,
      3.6318345069885254,
      0.0,
      0.0,
      0.6374879479408264,
      0.0,
      0.0,
      0.0,
      0.0,
      0.0,
      0.19260554015636444,
      0.0058555081486701965
    ],
    "channel_activity": [
      49,
      5,
      5,
      0,
      1,
      3,
      0,
      0,
      0,
      1,
      1,
      1,
      1,
      1,
      1,
      0,
      0,
      0,
      0,
      0,
      0,
      0
    ],
    "top_active_channels": [
      [
        0,
        49
      ],
      [
        1,
        5
      ],
      [
        2,
        5
      ],
      [
        5,
        3
      ],
      [
        4,
        1
      ]
    ],
    "total_board_activity": 69
  },
  "go_pattern_analysis": {
    "move_type": "side",
    "game_phase": "opening",
    "turn_number": 1,
    "policy_entropy": 0.02364864070518178,
    "policy_confidence": 0.9976798143851509,
    "top_policy_moves": [
      {
        "coord": "(4,3)",
        "percentage": 99.8,
        "count": 430
      },
      {
        "coord": "(3,1)",
        "percentage": 0.2,
        "count": 1
      }
    ],
    "total_policy_counts": 431
  },
  "part_comparison": {
    "uniqueness_score": 0.001533264061436057,
    "similar_positions": [
      524,
      5650,
      4907,
      1437,
      3847
    ],
    "part_rank": 5,
    "max_other_part_activation": 415.1343078613281,
    "activation_percentile": 99.92427684385885
  }
}