{
  "position_info": {
    "part": 24,
    "rank": 13,
    "global_position": 4175,
    "move_coordinate": "D5",
    "turn_number": 1,
    "npz_file": "AAE4EE8DC9A92FFF.npz",
    "board_tensor_file": "pos_4175/board.npy",
    "sgf_file": "pos_4175/game.sgf"
  },
  "nmf_analysis": {
    "activation_strength": 0.532344400882721,
    "rank_in_part": 13,
    "activation_in_other_parts": [
      0.15739190578460693,
      0.02842847630381584,
      0.056275151669979095,
      0.0,
      0.08290357142686844,
      0.10530053824186325,
      0.05937851592898369,
      0.04412508010864258,
      0.08723898977041245,
      0.25143665075302124,
      0.2711968421936035,
      0.08887846022844315,
      0.3418380916118622,
      0.10387144982814789,
      0.04877062514424324,
      0.1510731428861618,
      0.08014990389347076,
      0.17806439101696014,
      0.03997107595205307,
      0.04197515919804573,
      0.0,
      0.0617084801197052,
      0.18561013042926788,
      0.15157002210617065,
      0.532344400882721
    ],
    "channel_activity": [
      49,
      5,
      5,
      0,
      1,
      3,
      0,
      0,
      0,
      1,
      1,
      1,
      1,
      1,
      1,
      0,
      0,
      0,
      0,
      0,
      0,
      0
    ],
    "top_active_channels": [
      [
        0,
        49
      ],
      [
        1,
        5
      ],
      [
        2,
        5
      ],
      [
        5,
        3
      ],
      [
        4,
        1
      ]
    ],
    "total_board_activity": 69
  },
  "go_pattern_analysis": {
    "move_type": "side",
    "game_phase": "opening",
    "turn_number": 1,
    "policy_entropy": 0.02364864070518178,
    "policy_confidence": 0.9976798143851509,
    "top_policy_moves": [
      {
        "coord": "(4,3)",
        "percentage": 99.8,
        "count": 430
      },
      {
        "coord": "(3,1)",
        "percentage": 0.2,
        "count": 1
      }
    ],
    "total_policy_counts": 431
  },
  "part_comparison": {
    "uniqueness_score": 0.6089625954627991,
    "similar_positions": [
      3326,
      6265,
      2925,
      6312,
      1641
    ],
    "part_rank": 13,
    "max_other_part_activation": 0.3418380916118622,
    "activation_percentile": 99.80311979403301
  }
}