{
  "position_info": {
    "part": 42,
    "rank": 12,
    "global_position": 2661,
    "move_coordinate": "F5",
    "turn_number": 23,
    "npz_file": "76F9EC3EB6A76AA0.npz",
    "board_tensor_file": "pos_2661/board.npy",
    "sgf_file": "pos_2661/game.sgf"
  },
  "nmf_analysis": {
    "activation_strength": 0.38211479783058167,
    "rank_in_component": 12,
    "activation_in_other_components": [
      0.0020697975996881723,
      0.03687090799212456,
      0.0,
      0.010672462172806263,
      0.01601647026836872,
      0.0,
      0.1541990488767624,
      0.01732269674539566,
      0.007779069244861603,
      0.013465815223753452,
      0.0,
      0.0,
      0.0,
      0.0,
      0.007782734930515289,
      0.019387487322092056,
      0.0,
      0.0,
      0.0008287779055535793,
      0.006231521721929312,
      0.007056543603539467,
      0.002515478990972042,
      0.0034393933601677418,
      0.03219642490148544,
      0.0,
      0.0,
      0.0,
      0.009788872674107552,
      0.1703609675168991,
      0.18629145622253418,
      0.221591055393219,
      0.2815490961074829,
      0.3225340247154236,
      0.06905397772789001,
      0.05071702599525452,
      0.10513457655906677,
      0.0,
      0.120282843708992,
      0.2452698051929474,
      0.0016088751144707203,
      0.04112962633371353,
      0.0,
      0.38211479783058167,
      0.017011459916830063,
      0.0,
      0.07038813084363937,
      0.0,
      0.0,
      0.5514497756958008,
      0.05885706841945648
    ],
    "channel_activity": [
      49,
      2,
      3,
      0,
      0,
      0,
      0,
      0,
      0,
      1,
      1,
      1,
      1,
      1,
      0,
      0,
      0,
      0,
      2,
      3,
      0,
      0
    ],
    "top_active_channels": [
      [
        0,
        49
      ],
      [
        2,
        3
      ],
      [
        19,
        3
      ],
      [
        1,
        2
      ],
      [
        18,
        2
      ]
    ],
    "total_board_activity": 64
  },
  "go_pattern_analysis": {
    "move_type": "corner",
    "game_phase": "opening",
    "turn_number": 23,
    "policy_entropy": 1.0339686134359916,
    "policy_confidence": 0.5362997658079626,
    "top_policy_moves": [
      {
        "coord": "(4,5)",
        "percentage": 53.6,
        "count": 229
      },
      {
        "coord": "(4,1)",
        "percentage": 45.9,
        "count": 196
      },
      {
        "coord": "(3,1)",
        "percentage": 0.5,
        "count": 2
      }
    ],
    "total_policy_counts": 427
  },
  "component_comparison": {
    "uniqueness_score": 0.4093073308467865,
    "similar_positions": [
      3644,
      722,
      2662,
      4972,
      4306
    ],
    "component_rank": 12,
    "max_other_component_activation": 0.5514497756958008,
    "activation_percentile": 99.81826442526125
  }
}