{
  "position_info": {
    "part": 13,
    "rank": 20,
    "global_position": 3530,
    "move_coordinate": "PASS",
    "turn_number": 1,
    "npz_file": "AAE4EE8DC9A92FFF.npz",
    "board_tensor_file": "pos_3530/board.npy",
    "sgf_file": "pos_3530/game.sgf"
  },
  "nmf_analysis": {
    "activation_strength": 0.05059567466378212,
    "rank_in_component": 20,
    "activation_in_other_components": [
      0.03939545527100563,
      0.1944272816181183,
      0.0,
      0.0,
      0.0,
      0.03913496062159538,
      0.0,
      0.07506994158029556,
      0.00943321455270052,
      0.08896417915821075,
      0.028071029111742973,
      0.08675788342952728,
      0.01125259604305029,
      0.05059567466378212,
      0.0028337198309600353,
      0.1209658682346344,
      0.004284984897822142,
      0.001542306155897677,
      0.0,
      0.05616890639066696,
      0.004277036990970373,
      0.004612361080944538,
      0.00626030471175909,
      0.0,
      0.0,
      0.0008833387983031571,
      0.003643821459263563,
      0.0,
      0.07882093638181686,
      0.08555474132299423,
      0.14081697165966034,
      0.07821296155452728,
      0.08479674905538559,
      0.17875263094902039,
      0.08213471621274948,
      0.12450806051492691,
      0.3677142560482025,
      0.0,
      0.08614467084407806,
      0.29370540380477905,
      0.05596931278705597,
      0.20684359967708588,
      0.0,
      0.05096324533224106,
      0.12292221188545227,
      0.053856994956731796,
      0.07625122368335724,
      0.24039940536022186,
      0.15077891945838928,
      0.3809790313243866
    ],
    "channel_activity": [
      49,
      11,
      11,
      0,
      6,
      10,
      0,
      0,
      0,
      1,
      1,
      1,
      1,
      1,
      0,
      0,
      0,
      0,
      11,
      23,
      0,
      0
    ],
    "top_active_channels": [
      [
        0,
        49
      ],
      [
        19,
        23
      ],
      [
        1,
        11
      ],
      [
        2,
        11
      ],
      [
        18,
        11
      ]
    ],
    "total_board_activity": 126
  },
  "go_pattern_analysis": {
    "move_type": "pass",
    "game_phase": "opening",
    "turn_number": 1,
    "policy_entropy": 1.7451343560829768,
    "policy_confidence": 0.7142857142857143,
    "top_policy_moves": [
      {
        "coord": "PASS",
        "percentage": 71.4,
        "count": 150
      },
      {
        "coord": "(4,1)",
        "percentage": 4.8,
        "count": 10
      },
      {
        "coord": "(1,2)",
        "percentage": 4.3,
        "count": 9
      },
      {
        "coord": "(2,0)",
        "percentage": 4.3,
        "count": 9
      },
      {
        "coord": "(0,2)",
        "percentage": 3.8,
        "count": 8
      }
    ],
    "total_policy_counts": 210
  },
  "component_comparison": {
    "uniqueness_score": 0.11723503470420837,
    "similar_positions": [
      2742,
      5172,
      5756,
      262,
      6121
    ],
    "component_rank": 20,
    "max_other_component_activation": 0.3809790313243866,
    "activation_percentile": 99.69710737543541
  }
}