{
  "position_info": {
    "part": 14,
    "rank": 19,
    "global_position": 1217,
    "move_coordinate": "C6",
    "turn_number": 8,
    "npz_file": "1D638D50844BD930.npz",
    "board_tensor_file": "pos_1217/board.npy",
    "sgf_file": "pos_1217/game.sgf"
  },
  "nmf_analysis": {
    "activation_strength": 124.7762222290039,
    "rank_in_part": 19,
    "activation_in_other_parts": [
      491.4374084472656,
      123.95592498779297,
      41.953407287597656,
      2.776782512664795,
      0.7320883870124817,
      0.7653860449790955,
      0.38788363337516785,
      0.0,
      0.0,
      0.0,
      129.6759490966797,
      0.010559536516666412,
      0.25437918305397034,
      0.0,
      124.7762222290039,
      0.0,
      0.0,
      0.0,
      0.0,
      0.0,
      0.0,
      0.0,
      0.0,
      0.0,
      0.0
    ],
    "channel_activity": [
      49,
      2,
      3,
      0,
      1,
      2,
      0,
      0,
      0,
      1,
      1,
      1,
      1,
      1,
      0,
      0,
      0,
      0,
      2,
      3,
      0,
      0
    ],
    "top_active_channels": [
      [
        0,
        49
      ],
      [
        2,
        3
      ],
      [
        19,
        3
      ],
      [
        1,
        2
      ],
      [
        5,
        2
      ]
    ],
    "total_board_activity": 67
  },
  "go_pattern_analysis": {
    "move_type": "corner",
    "game_phase": "opening",
    "turn_number": 8,
    "policy_entropy": -0.0,
    "policy_confidence": 1.0,
    "top_policy_moves": [
      {
        "coord": "(5,2)",
        "percentage": 100.0,
        "count": 190
      }
    ],
    "total_policy_counts": 190
  },
  "part_comparison": {
    "uniqueness_score": 0.20248858630657196,
    "similar_positions": [
      427,
      2710,
      4457,
      988,
      2356
    ],
    "part_rank": 19,
    "max_other_part_activation": 491.4374084472656,
    "activation_percentile": 99.71225200666363
  }
}