{
  "position_info": {
    "part": 23,
    "rank": 1,
    "global_position": 4033,
    "move_coordinate": "C4",
    "turn_number": 4,
    "npz_file": "AAE4EE8DC9A92FFF.npz",
    "board_tensor_file": "pos_4033/board.npy",
    "sgf_file": "pos_4033/game.sgf"
  },
  "nmf_analysis": {
    "activation_strength": 0.5396262407302856,
    "rank_in_part": 1,
    "activation_in_other_parts": [
      431.7069091796875,
      402.04449462890625,
      16.280527114868164,
      78.02629852294922,
      34.295894622802734,
      41.341182708740234,
      0.0,
      5.387096881866455,
      0.0,
      0.0,
      0.0,
      0.18765892088413239,
      0.018229730427265167,
      0.0,
      2.872406482696533,
      0.0030476150568574667,
      0.0,
      0.3341119885444641,
      0.0,
      0.014197662472724915,
      0.21163754165172577,
      0.0,
      0.042084965854883194,
      0.5396262407302856,
      0.0
    ],
    "channel_activity": [
      49,
      5,
      5,
      0,
      1,
      3,
      0,
      0,
      0,
      1,
      1,
      1,
      1,
      1,
      1,
      0,
      0,
      0,
      5,
      5,
      0,
      0
    ],
    "top_active_channels": [
      [
        0,
        49
      ],
      [
        1,
        5
      ],
      [
        2,
        5
      ],
      [
        18,
        5
      ],
      [
        19,
        5
      ]
    ],
    "total_board_activity": 79
  },
  "go_pattern_analysis": {
    "move_type": "side",
    "game_phase": "opening",
    "turn_number": 4,
    "policy_entropy": -0.0,
    "policy_confidence": 1.0,
    "top_policy_moves": [
      {
        "coord": "(3,2)",
        "percentage": 100.0,
        "count": 540
      }
    ],
    "total_policy_counts": 540
  },
  "part_comparison": {
    "uniqueness_score": 0.001248422428034246,
    "similar_positions": [
      2723,
      6194,
      3399,
      4973,
      6216
    ],
    "part_rank": 1,
    "max_other_part_activation": 431.7069091796875,
    "activation_percentile": 99.98485536877178
  }
}