{
  "position_info": {
    "part": 16,
    "rank": 10,
    "global_position": 2191,
    "move_coordinate": "A1",
    "turn_number": 1,
    "npz_file": "76F9EC3EB6A76AA0.npz",
    "board_tensor_file": "pos_2191/board.npy",
    "sgf_file": "pos_2191/game.sgf"
  },
  "nmf_analysis": {
    "activation_strength": 0.02788505330681801,
    "rank_in_part": 10,
    "activation_in_other_parts": [
      0.11361948400735855,
      0.027039360255002975,
      0.0,
      0.010421300306916237,
      0.010579463094472885,
      0.012821448035538197,
      0.0,
      0.0024293409660458565,
      0.04429817199707031,
      0.0,
      0.04153032973408699,
      0.08426407724618912,
      0.0,
      0.011499888263642788,
      0.017595022916793823,
      0.11579776555299759,
      0.02788505330681801,
      0.0005017638322897255,
      0.03629845753312111,
      0.0035595502704381943,
      0.023046519607305527,
      0.0,
      0.019103318452835083,
      0.04524271562695503,
      0.0,
      0.014187217690050602,
      0.004593537654727697,
      0.017180459573864937,
      0.0,
      0.11265890300273895,
      0.0,
      0.09028921276330948,
      0.013380427844822407,
      0.554956316947937,
      0.4620683789253235,
      0.06131090968847275,
      0.15317657589912415,
      0.034444600343704224,
      0.0,
      0.057760316878557205,
      0.008081043139100075,
      0.1374075710773468,
      0.09693434089422226,
      0.06531891971826553,
      0.0001984412519959733,
      0.0,
      0.08600788563489914,
      0.07564224302768707,
      0.0420689582824707,
      0.5338212251663208
    ],
    "channel_activity": [
      49,
      17,
      11,
      0,
      0,
      0,
      0,
      0,
      0,
      0,
      1,
      0,
      1,
      0,
      0,
      0,
      0,
      0,
      29,
      20,
      0,
      0
    ],
    "top_active_channels": [
      [
        0,
        49
      ],
      [
        18,
        29
      ],
      [
        19,
        20
      ],
      [
        1,
        17
      ],
      [
        2,
        11
      ]
    ],
    "total_board_activity": 128
  },
  "go_pattern_analysis": {
    "move_type": "corner",
    "game_phase": "opening",
    "turn_number": 1,
    "policy_entropy": 5.643856189774725,
    "policy_confidence": 0.02,
    "top_policy_moves": [
      {
        "coord": "PASS",
        "percentage": 2.0,
        "count": 1
      },
      {
        "coord": "(1,5)",
        "percentage": 2.0,
        "count": 1
      },
      {
        "coord": "(3,1)",
        "percentage": 2.0,
        "count": 1
      },
      {
        "coord": "(3,0)",
        "percentage": 2.0,
        "count": 1
      },
      {
        "coord": "(2,6)",
        "percentage": 2.0,
        "count": 1
      }
    ],
    "total_policy_counts": 50
  },
  "part_comparison": {
    "uniqueness_score": 0.04784329608082771,
    "similar_positions": [
      1177,
      6571,
      1562,
      5602,
      5601
    ],
    "part_rank": 10,
    "max_other_part_activation": 0.554956316947937,
    "activation_percentile": 99.8485536877177
  }
}