{
  "position_info": {
    "part": 42,
    "rank": 17,
    "global_position": 2715,
    "move_coordinate": "D2",
    "turn_number": 12,
    "npz_file": "76F9EC3EB6A76AA0.npz",
    "board_tensor_file": "pos_2715/board.npy",
    "sgf_file": "pos_2715/game.sgf"
  },
  "nmf_analysis": {
    "activation_strength": 0.37638139724731445,
    "rank_in_part": 17,
    "activation_in_other_parts": [
      0.023836292326450348,
      0.06787018477916718,
      0.0,
      0.0064352937042713165,
      0.011402969248592854,
      0.0,
      0.1063518151640892,
      0.028859218582510948,
      0.0028735301457345486,
      0.035488978028297424,
      0.0037318465765565634,
      0.0,
      0.0,
      0.0027148134540766478,
      0.0,
      0.026307303458452225,
      0.0,
      9.937902359524742e-05,
      0.00018415188242215663,
      0.009900741279125214,
      0.0,
      0.003101843176409602,
      0.0,
      0.014508865773677826,
      0.0,
      0.0002191261010011658,
      0.0,
      0.012747596949338913,
      0.11084920912981033,
      0.23070897161960602,
      0.3048669993877411,
      0.23006071150302887,
      0.2259182184934616,
      0.0351286306977272,
      0.08180654048919678,
      0.14236818253993988,
      0.0,
      0.06451418995857239,
      0.24639727175235748,
      0.0,
      0.04023350402712822,
      0.011516176164150238,
      0.37638139724731445,
      0.02872609719634056,
      0.0,
      0.03991777077317238,
      0.049878910183906555,
      0.0,
      0.5418757796287537,
      0.08740142732858658
    ],
    "channel_activity": [
      49,
      3,
      4,
      0,
      0,
      1,
      0,
      0,
      0,
      1,
      1,
      1,
      1,
      1,
      0,
      0,
      0,
      0,
      3,
      4,
      0,
      0
    ],
    "top_active_channels": [
      [
        0,
        49
      ],
      [
        2,
        4
      ],
      [
        19,
        4
      ],
      [
        1,
        3
      ],
      [
        18,
        3
      ]
    ],
    "total_board_activity": 69
  },
  "go_pattern_analysis": {
    "move_type": "side",
    "game_phase": "opening",
    "turn_number": 12,
    "policy_entropy": 1.0967573258601193,
    "policy_confidence": 0.7416020671834626,
    "top_policy_moves": [
      {
        "coord": "(1,3)",
        "percentage": 74.2,
        "count": 287
      },
      {
        "coord": "(5,4)",
        "percentage": 14.7,
        "count": 57
      },
      {
        "coord": "(5,3)",
        "percentage": 10.9,
        "count": 42
      },
      {
        "coord": "(5,2)",
        "percentage": 0.3,
        "count": 1
      }
    ],
    "total_policy_counts": 387
  },
  "part_comparison": {
    "uniqueness_score": 0.4098866879940033,
    "similar_positions": [
      3644,
      722,
      2662,
      4972,
      4306
    ],
    "part_rank": 17,
    "max_other_part_activation": 0.5418757796287537,
    "activation_percentile": 99.7425412691201
  }
}