{
  "position_info": {
    "part": 6,
    "rank": 12,
    "global_position": 253,
    "move_coordinate": "C7",
    "turn_number": 1,
    "npz_file": "1906C337F5CDAFA9.npz",
    "board_tensor_file": "pos_253/board.npy",
    "sgf_file": "pos_253/game.sgf"
  },
  "nmf_analysis": {
    "activation_strength": 0.8440356850624084,
    "rank_in_part": 12,
    "activation_in_other_parts": [
      2662.8115234375,
      115.69263458251953,
      0.0,
      136.75222778320312,
      209.87655639648438,
      0.0,
      0.8440356850624084,
      0.27260518074035645,
      0.0,
      0.06327210366725922,
      0.0,
      0.283302366733551,
      0.0,
      0.3939318358898163,
      0.0,
      0.0,
      0.1328422725200653,
      0.0,
      0.0,
      0.0,
      0.0,
      0.0,
      0.4261542558670044,
      0.0,
      0.6293030977249146
    ],
    "channel_activity": [
      49,
      5,
      6,
      0,
      0,
      1,
      0,
      0,
      0,
      1,
      1,
      1,
      1,
      1,
      0,
      1,
      1,
      0,
      5,
      6,
      0,
      0
    ],
    "top_active_channels": [
      [
        0,
        49
      ],
      [
        2,
        6
      ],
      [
        19,
        6
      ],
      [
        1,
        5
      ],
      [
        18,
        5
      ]
    ],
    "total_board_activity": 79
  },
  "go_pattern_analysis": {
    "move_type": "corner",
    "game_phase": "opening",
    "turn_number": 1,
    "policy_entropy": 0.8730709847370584,
    "policy_confidence": 0.706601466992665,
    "top_policy_moves": [
      {
        "coord": "(6,2)",
        "percentage": 70.7,
        "count": 289
      },
      {
        "coord": "(5,2)",
        "percentage": 29.3,
        "count": 120
      }
    ],
    "total_policy_counts": 409
  },
  "part_comparison": {
    "uniqueness_score": 0.0003168711846228689,
    "similar_positions": [
      4150,
      3862,
      5833,
      5834,
      4238
    ],
    "part_rank": 11,
    "max_other_part_activation": 2662.8115234375,
    "activation_percentile": 99.83340905648947
  }
}