{
  "position_info": {
    "part": 6,
    "rank": 6,
    "global_position": 253,
    "move_coordinate": "C7",
    "turn_number": 1,
    "npz_file": "1906C337F5CDAFA9.npz",
    "board_tensor_file": "pos_253/board.npy",
    "sgf_file": "pos_253/game.sgf"
  },
  "nmf_analysis": {
    "activation_strength": 0.8987782597541809,
    "rank_in_part": 6,
    "activation_in_other_parts": [
      3040.382080078125,
      508.25189208984375,
      0.0,
      153.754150390625,
      0.0,
      0.0,
      0.8987782597541809,
      0.0,
      0.0,
      0.0,
      0.0,
      0.0,
      0.0,
      0.4021878242492676,
      0.19799628853797913,
      0.0,
      0.0,
      0.0,
      0.0,
      0.0,
      0.0,
      0.0,
      0.03904815763235092,
      0.5670213103294373,
      0.00238586962223053
    ],
    "channel_activity": [
      49,
      5,
      6,
      0,
      0,
      1,
      0,
      0,
      0,
      1,
      1,
      1,
      1,
      1,
      0,
      1,
      1,
      0,
      5,
      6,
      0,
      0
    ],
    "top_active_channels": [
      [
        0,
        49
      ],
      [
        2,
        6
      ],
      [
        19,
        6
      ],
      [
        1,
        5
      ],
      [
        18,
        5
      ]
    ],
    "total_board_activity": 79
  },
  "go_pattern_analysis": {
    "move_type": "corner",
    "game_phase": "opening",
    "turn_number": 1,
    "policy_entropy": 0.8730709847370584,
    "policy_confidence": 0.706601466992665,
    "top_policy_moves": [
      {
        "coord": "(6,2)",
        "percentage": 70.7,
        "count": 289
      },
      {
        "coord": "(5,2)",
        "percentage": 29.3,
        "count": 120
      }
    ],
    "total_policy_counts": 409
  },
  "part_comparison": {
    "uniqueness_score": 0.0002955262316390872,
    "similar_positions": [
      4237,
      5832,
      6357,
      6356,
      252
    ],
    "part_rank": 5,
    "max_other_part_activation": 3040.382080078125,
    "activation_percentile": 99.92427684385885
  }
}