{
  "position_info": {
    "part": 30,
    "rank": 18,
    "global_position": 389,
    "move_coordinate": "C3",
    "turn_number": 9,
    "npz_file": "1906C337F5CDAFA9.npz",
    "board_tensor_file": "pos_389/board.npy",
    "sgf_file": "pos_389/game.sgf"
  },
  "nmf_analysis": {
    "activation_strength": 0.5436261892318726,
    "rank_in_part": 18,
    "activation_in_other_parts": [
      0.11000356078147888,
      0.04024317488074303,
      0.0,
      0.018640929833054543,
      0.017015302553772926,
      0.012091371230781078,
      0.05241219326853752,
      0.017998088151216507,
      0.03807985782623291,
      0.012378575280308723,
      0.044688619673252106,
      0.0,
      0.0,
      0.0062652588821947575,
      0.022314270958304405,
      0.01653910055756569,
      0.007469763047993183,
      0.00028285139705985785,
      0.012796923518180847,
      0.006366922054439783,
      0.03127071261405945,
      0.0,
      0.02561356872320175,
      0.016614340245723724,
      0.0,
      0.004216336645185947,
      0.00571786193177104,
      0.0061639780178666115,
      0.28005826473236084,
      0.05854742228984833,
      0.5436261892318726,
      0.0685456171631813,
      0.15881475806236267,
      0.0,
      0.03485926613211632,
      0.012988884001970291,
      0.0,
      0.02459227293729782,
      0.1899573802947998,
      0.0,
      0.18375012278556824,
      0.2339390069246292,
      0.27954283356666565,
      0.03590332716703415,
      0.0,
      0.002674857620149851,
      0.16001394391059875,
      0.0,
      0.30634602904319763,
      0.2763606309890747
    ],
    "channel_activity": [
      49,
      6,
      7,
      0,
      1,
      1,
      0,
      0,
      0,
      1,
      1,
      1,
      1,
      1,
      1,
      1,
      0,
      0,
      6,
      7,
      0,
      0
    ],
    "top_active_channels": [
      [
        0,
        49
      ],
      [
        2,
        7
      ],
      [
        19,
        7
      ],
      [
        1,
        6
      ],
      [
        18,
        6
      ]
    ],
    "total_board_activity": 84
  },
  "go_pattern_analysis": {
    "move_type": "corner",
    "game_phase": "opening",
    "turn_number": 9,
    "policy_entropy": 0.0582334538564538,
    "policy_confidence": 0.9944649446494465,
    "top_policy_moves": [
      {
        "coord": "(2,2)",
        "percentage": 99.4,
        "count": 539
      },
      {
        "coord": "(4,1)",
        "percentage": 0.2,
        "count": 1
      },
      {
        "coord": "(0,5)",
        "percentage": 0.2,
        "count": 1
      },
      {
        "coord": "(2,1)",
        "percentage": 0.2,
        "count": 1
      }
    ],
    "total_policy_counts": 542
  },
  "part_comparison": {
    "uniqueness_score": 0.6395810842514038,
    "similar_positions": [
      4526,
      1588,
      74,
      1050,
      3124
    ],
    "part_rank": 18,
    "max_other_part_activation": 0.30634602904319763,
    "activation_percentile": 99.72739663789186
  }
}