{
  "position_info": {
    "part": 16,
    "rank": 8,
    "global_position": 1169,
    "move_coordinate": "D3",
    "turn_number": 6,
    "npz_file": "1D638D50844BD930.npz",
    "board_tensor_file": "pos_1169/board.npy",
    "sgf_file": "pos_1169/game.sgf"
  },
  "nmf_analysis": {
    "activation_strength": 0.7628582119941711,
    "rank_in_part": 8,
    "activation_in_other_parts": [
      0.30037450790405273,
      0.11753858625888824,
      0.12265332788228989,
      0.0893341675400734,
      0.6641342639923096,
      0.0,
      0.16322767734527588,
      0.0,
      0.1053687259554863,
      0.39260101318359375,
      0.001569604966789484,
      0.12767642736434937,
      0.0,
      0.0,
      0.048278745263814926,
      0.09690839797258377,
      0.7628582119941711,
      0.0,
      0.0,
      0.031765665858983994,
      0.026337280869483948,
      0.0,
      0.029820196330547333,
      0.0,
      0.0
    ],
    "channel_activity": [
      49,
      0,
      1,
      0,
      0,
      0,
      0,
      0,
      0,
      1,
      0,
      0,
      0,
      0,
      0,
      0,
      0,
      0,
      0,
      49,
      0,
      0
    ],
    "top_active_channels": [
      [
        0,
        49
      ],
      [
        19,
        49
      ],
      [
        2,
        1
      ],
      [
        9,
        1
      ],
      [
        1,
        0
      ]
    ],
    "total_board_activity": 100
  },
  "go_pattern_analysis": {
    "move_type": "side",
    "game_phase": "opening",
    "turn_number": 6,
    "policy_entropy": 1.8573443097190778,
    "policy_confidence": 0.39766081871345027,
    "top_policy_moves": [
      {
        "coord": "(2,3)",
        "percentage": 39.8,
        "count": 68
      },
      {
        "coord": "(4,3)",
        "percentage": 31.6,
        "count": 54
      },
      {
        "coord": "(2,2)",
        "percentage": 14.6,
        "count": 25
      },
      {
        "coord": "(4,2)",
        "percentage": 14.0,
        "count": 24
      }
    ],
    "total_policy_counts": 171
  },
  "part_comparison": {
    "uniqueness_score": 0.5345916152000427,
    "similar_positions": [
      89,
      4109,
      4683,
      4684,
      1317
    ],
    "part_rank": 8,
    "max_other_part_activation": 0.6641342639923096,
    "activation_percentile": 99.87884295017416
  }
}