{
  "position_info": {
    "part": 4,
    "rank": 10,
    "global_position": 1169,
    "move_coordinate": "D3",
    "turn_number": 6,
    "npz_file": "1D638D50844BD930.npz",
    "board_tensor_file": "pos_1169/board.npy",
    "sgf_file": "pos_1169/game.sgf"
  },
  "nmf_analysis": {
    "activation_strength": 348.359130859375,
    "rank_in_part": 10,
    "activation_in_other_parts": [
      507.4907531738281,
      272.4679870605469,
      64.14917755126953,
      45.84174346923828,
      348.359130859375,
      0.9952467679977417,
      0.0,
      0.0,
      0.17754244804382324,
      0.0,
      0.5078395009040833,
      0.0,
      0.0,
      0.0,
      0.1667901873588562,
      0.0,
      0.0,
      0.0,
      0.0,
      0.0,
      0.07444173097610474,
      0.0,
      0.0064581334590911865,
      0.001432020217180252,
      0.0
    ],
    "channel_activity": [
      49,
      0,
      1,
      0,
      0,
      0,
      0,
      0,
      0,
      1,
      0,
      0,
      0,
      0,
      0,
      0,
      0,
      0,
      0,
      49,
      0,
      0
    ],
    "top_active_channels": [
      [
        0,
        49
      ],
      [
        19,
        49
      ],
      [
        2,
        1
      ],
      [
        9,
        1
      ],
      [
        1,
        0
      ]
    ],
    "total_board_activity": 100
  },
  "go_pattern_analysis": {
    "move_type": "side",
    "game_phase": "opening",
    "turn_number": 6,
    "policy_entropy": 1.8573443097190778,
    "policy_confidence": 0.39766081871345027,
    "top_policy_moves": [
      {
        "coord": "(2,3)",
        "percentage": 39.8,
        "count": 68
      },
      {
        "coord": "(4,3)",
        "percentage": 31.6,
        "count": 54
      },
      {
        "coord": "(2,2)",
        "percentage": 14.6,
        "count": 25
      },
      {
        "coord": "(4,2)",
        "percentage": 14.0,
        "count": 24
      }
    ],
    "total_policy_counts": 171
  },
  "part_comparison": {
    "uniqueness_score": 0.4070329964160919,
    "similar_positions": [
      4683,
      89,
      4109,
      4684,
      5036
    ],
    "part_rank": 10,
    "max_other_part_activation": 507.4907531738281,
    "activation_percentile": 99.8485536877177
  }
}