{
  "position_info": {
    "part": 14,
    "rank": 16,
    "global_position": 4407,
    "move_coordinate": "C6",
    "turn_number": 28,
    "npz_file": "B330F9C802154800.npz",
    "board_tensor_file": "pos_4407/board.npy",
    "sgf_file": "pos_4407/game.sgf"
  },
  "nmf_analysis": {
    "activation_strength": 125.14661407470703,
    "rank_in_part": 16,
    "activation_in_other_parts": [
      495.6822814941406,
      123.49893951416016,
      41.62608337402344,
      2.840496301651001,
      0.7045450806617737,
      0.5390881299972534,
      0.3931383192539215,
      0.0,
      0.0,
      0.0,
      129.79335021972656,
      0.010637454688549042,
      0.25237223505973816,
      0.0,
      125.14661407470703,
      0.0,
      0.0,
      0.0,
      0.0,
      0.0,
      0.0,
      0.0,
      0.0,
      0.0,
      0.0
    ],
    "channel_activity": [
      49,
      2,
      3,
      0,
      1,
      2,
      0,
      0,
      0,
      1,
      1,
      1,
      1,
      1,
      0,
      0,
      0,
      0,
      2,
      3,
      0,
      0
    ],
    "top_active_channels": [
      [
        0,
        49
      ],
      [
        2,
        3
      ],
      [
        19,
        3
      ],
      [
        1,
        2
      ],
      [
        5,
        2
      ]
    ],
    "total_board_activity": 67
  },
  "go_pattern_analysis": {
    "move_type": "corner",
    "game_phase": "opening",
    "turn_number": 28,
    "policy_entropy": -0.0,
    "policy_confidence": 1.0,
    "top_policy_moves": [
      {
        "coord": "(5,2)",
        "percentage": 100.0,
        "count": 203
      }
    ],
    "total_policy_counts": 203
  },
  "part_comparison": {
    "uniqueness_score": 0.20157986879348755,
    "similar_positions": [
      427,
      2710,
      4457,
      988,
      2356
    ],
    "part_rank": 16,
    "max_other_part_activation": 495.6822814941406,
    "activation_percentile": 99.75768590034832
  }
}