{
  "position_info": {
    "part": 11,
    "rank": 13,
    "global_position": 3300,
    "move_coordinate": "G4",
    "turn_number": 33,
    "npz_file": "AAE4EE8DC9A92FFF.npz",
    "board_tensor_file": "pos_3300/board.npy",
    "sgf_file": "pos_3300/game.sgf"
  },
  "nmf_analysis": {
    "activation_strength": 0.4334314167499542,
    "rank_in_part": 13,
    "activation_in_other_parts": [
      0.23738765716552734,
      0.0,
      0.14337745308876038,
      0.37978577613830566,
      0.04506216570734978,
      0.10340571403503418,
      0.04298017919063568,
      0.2957049310207367,
      0.33195799589157104,
      0.07330052554607391,
      0.15311460196971893,
      0.4334314167499542,
      0.0,
      0.08621522039175034,
      0.02011566236615181,
      0.0,
      0.056326866149902344,
      0.34194132685661316,
      0.21518376469612122,
      0.0,
      0.03088764287531376,
      0.04469994455575943,
      0.08861912041902542,
      0.0,
      0.3601611256599426
    ],
    "channel_activity": [
      49,
      9,
      9,
      0,
      2,
      2,
      0,
      0,
      0,
      1,
      1,
      1,
      1,
      1,
      1,
      1,
      1,
      1,
      9,
      9,
      0,
      0
    ],
    "top_active_channels": [
      [
        0,
        49
      ],
      [
        1,
        9
      ],
      [
        2,
        9
      ],
      [
        18,
        9
      ],
      [
        19,
        9
      ]
    ],
    "total_board_activity": 98
  },
  "go_pattern_analysis": {
    "move_type": "side",
    "game_phase": "middle_game",
    "turn_number": 33,
    "policy_entropy": 0.6824121303208953,
    "policy_confidence": 0.8189300411522634,
    "top_policy_moves": [
      {
        "coord": "(3,6)",
        "percentage": 81.9,
        "count": 199
      },
      {
        "coord": "(0,1)",
        "percentage": 18.1,
        "count": 44
      }
    ],
    "total_policy_counts": 243
  },
  "part_comparison": {
    "uniqueness_score": 0.5329836010932922,
    "similar_positions": [
      4832,
      4266,
      5032,
      5421,
      5031
    ],
    "part_rank": 13,
    "max_other_part_activation": 0.37978577613830566,
    "activation_percentile": 99.80311979403301
  }
}