{
  "position_info": {
    "part": 22,
    "rank": 11,
    "global_position": 147,
    "move_coordinate": "A4",
    "turn_number": 12,
    "npz_file": "1906C337F5CDAFA9.npz",
    "board_tensor_file": "pos_147/board.npy",
    "sgf_file": "pos_147/game.sgf"
  },
  "nmf_analysis": {
    "activation_strength": 0.48847857117652893,
    "rank_in_part": 11,
    "activation_in_other_parts": [
      3128.416748046875,
      75.6128158569336,
      72.22126770019531,
      4.7470550537109375,
      45.254459381103516,
      0.0,
      0.1457630693912506,
      37.694522857666016,
      0.3993569612503052,
      0.0,
      1.99751615524292,
      0.20026589930057526,
      0.0,
      0.14804619550704956,
      0.0,
      0.0,
      0.0,
      0.10157492756843567,
      0.0,
      0.0,
      0.0,
      0.02658582478761673,
      0.48847857117652893,
      0.08777749538421631,
      0.0
    ],
    "channel_activity": [
      49,
      14,
      15,
      5,
      10,
      5,
      0,
      0,
      0,
      1,
      1,
      1,
      1,
      1,
      5,
      5,
      5,
      0,
      14,
      15,
      0,
      0
    ],
    "top_active_channels": [
      [
        0,
        49
      ],
      [
        2,
        15
      ],
      [
        19,
        15
      ],
      [
        1,
        14
      ],
      [
        18,
        14
      ]
    ],
    "total_board_activity": 147
  },
  "go_pattern_analysis": {
    "move_type": "side",
    "game_phase": "opening",
    "turn_number": 12,
    "policy_entropy": -0.0,
    "policy_confidence": 1.0,
    "top_policy_moves": [
      {
        "coord": "(3,0)",
        "percentage": 100.0,
        "count": 99
      }
    ],
    "total_policy_counts": 99
  },
  "part_comparison": {
    "uniqueness_score": 0.00015611803974024951,
    "similar_positions": [
      6422,
      772,
      4627,
      4624,
      1370
    ],
    "part_rank": 11,
    "max_other_part_activation": 3128.416748046875,
    "activation_percentile": 99.83340905648947
  }
}