{
  "position_info": {
    "part": 11,
    "rank": 15,
    "global_position": 6452,
    "move_coordinate": "E6",
    "turn_number": 8,
    "npz_file": "E3CD9898B9AFF870.npz",
    "board_tensor_file": "pos_6452/board.npy",
    "sgf_file": "pos_6452/game.sgf"
  },
  "nmf_analysis": {
    "activation_strength": 0.11895158886909485,
    "rank_in_part": 15,
    "activation_in_other_parts": [
      0.03922533616423607,
      0.009876265190541744,
      0.0,
      0.014113640412688255,
      0.021532723680138588,
      0.0028302124701440334,
      0.0,
      0.0,
      0.020810894668102264,
      0.09148319810628891,
      0.010126912966370583,
      0.11895158886909485,
      0.05753159150481224,
      0.0,
      0.011134983971714973,
      0.14296047389507294,
      0.015193985775113106,
      7.356215792242438e-05,
      0.018887685611844063,
      0.0,
      0.011578184552490711,
      0.06599943339824677,
      0.009750764816999435,
      0.0,
      0.10186612606048584,
      0.007005725055932999,
      0.0029738994780927896,
      0.0,
      0.26979219913482666,
      0.3151991069316864,
      0.0,
      0.052564170211553574,
      0.0,
      0.35454052686691284,
      0.39122480154037476,
      0.0,
      0.21351973712444305,
      0.07238758355379105,
      0.0,
      0.007968011312186718,
      0.0,
      0.0009147915989160538,
      0.01795976050198078,
      0.1398593932390213,
      0.07230572402477264,
      0.1585734337568283,
      0.04964584857225418,
      0.17227491736412048,
      0.29353928565979004,
      0.2788803279399872
    ],
    "channel_activity": [
      49,
      11,
      14,
      2,
      1,
      6,
      0,
      0,
      0,
      1,
      1,
      1,
      1,
      1,
      1,
      1,
      2,
      0,
      11,
      14,
      0,
      0
    ],
    "top_active_channels": [
      [
        0,
        49
      ],
      [
        2,
        14
      ],
      [
        19,
        14
      ],
      [
        1,
        11
      ],
      [
        18,
        11
      ]
    ],
    "total_board_activity": 117
  },
  "go_pattern_analysis": {
    "move_type": "corner",
    "game_phase": "opening",
    "turn_number": 8,
    "policy_entropy": 2.4719182221630054,
    "policy_confidence": 0.4323943661971831,
    "top_policy_moves": [
      {
        "coord": "(5,4)",
        "percentage": 43.2,
        "count": 307
      },
      {
        "coord": "(6,1)",
        "percentage": 21.3,
        "count": 151
      },
      {
        "coord": "(4,3)",
        "percentage": 11.5,
        "count": 82
      },
      {
        "coord": "(4,2)",
        "percentage": 10.1,
        "count": 72
      },
      {
        "coord": "(4,0)",
        "percentage": 6.9,
        "count": 49
      }
    ],
    "total_policy_counts": 710
  },
  "part_comparison": {
    "uniqueness_score": 0.23315775394439697,
    "similar_positions": [
      1536,
      6524,
      623,
      6523,
      1729
    ],
    "part_rank": 15,
    "max_other_part_activation": 0.39122480154037476,
    "activation_percentile": 99.77283053157655
  }
}