{
  "position_info": {
    "part": 15,
    "rank": 14,
    "global_position": 2504,
    "move_coordinate": "B1",
    "turn_number": 18,
    "npz_file": "76F9EC3EB6A76AA0.npz",
    "board_tensor_file": "pos_2504/board.npy",
    "sgf_file": "pos_2504/game.sgf"
  },
  "nmf_analysis": {
    "activation_strength": 0.5575622916221619,
    "rank_in_part": 14,
    "activation_in_other_parts": [
      2376.34765625,
      208.42373657226562,
      102.32369232177734,
      14.246011734008789,
      12.366019248962402,
      6.531943321228027,
      0.0037229456938803196,
      2.920714855194092,
      0.0,
      0.13141538202762604,
      12.770750999450684,
      0.0,
      0.0,
      0.0,
      44.13766860961914,
      0.5575622916221619,
      0.0,
      0.0,
      0.0,
      0.0,
      0.0,
      0.0,
      0.0,
      0.0,
      0.0
    ],
    "channel_activity": [
      49,
      7,
      7,
      0,
      3,
      2,
      0,
      0,
      0,
      1,
      1,
      1,
      1,
      1,
      1,
      0,
      0,
      0,
      0,
      0,
      0,
      0
    ],
    "top_active_channels": [
      [
        0,
        49
      ],
      [
        1,
        7
      ],
      [
        2,
        7
      ],
      [
        4,
        3
      ],
      [
        5,
        2
      ]
    ],
    "total_board_activity": 74
  },
  "go_pattern_analysis": {
    "move_type": "corner",
    "game_phase": "opening",
    "turn_number": 18,
    "policy_entropy": 0.3234506498952213,
    "policy_confidence": 0.9410029498525073,
    "top_policy_moves": [
      {
        "coord": "(0,1)",
        "percentage": 94.1,
        "count": 319
      },
      {
        "coord": "(1,1)",
        "percentage": 5.9,
        "count": 20
      }
    ],
    "total_policy_counts": 339
  },
  "part_comparison": {
    "uniqueness_score": 0.0002345748944208026,
    "similar_positions": [
      385,
      3145,
      4430,
      4429,
      4583
    ],
    "part_rank": 14,
    "max_other_part_activation": 2376.34765625,
    "activation_percentile": 99.78797516280478
  }
}