{
  "position_info": {
    "part": 15,
    "rank": 1,
    "global_position": 4580,
    "move_coordinate": "C6",
    "turn_number": 11,
    "npz_file": "B330F9C802154800.npz",
    "board_tensor_file": "pos_4580/board.npy",
    "sgf_file": "pos_4580/game.sgf"
  },
  "nmf_analysis": {
    "activation_strength": 0.4518202841281891,
    "rank_in_part": 1,
    "activation_in_other_parts": [
      0.02939608134329319,
      0.17021127045154572,
      0.13623401522636414,
      0.023840265348553658,
      0.06974026560783386,
      0.1522218883037567,
      0.26156526803970337,
      0.16740570962429047,
      0.26371198892593384,
      0.21153394877910614,
      0.06934516876935959,
      0.06775520741939545,
      0.08544822037220001,
      0.02102654241025448,
      0.13618241250514984,
      0.4518202841281891,
      0.2909414768218994,
      0.0,
      0.029816173017024994,
      0.19736939668655396,
      0.0020935405045747757,
      0.07602602243423462,
      0.04538877680897713,
      0.21017883718013763,
      0.2823149263858795
    ],
    "channel_activity": [
      49,
      5,
      6,
      0,
      1,
      5,
      0,
      0,
      0,
      1,
      1,
      1,
      1,
      1,
      1,
      2,
      1,
      1,
      0,
      0,
      0,
      0
    ],
    "top_active_channels": [
      [
        0,
        49
      ],
      [
        2,
        6
      ],
      [
        1,
        5
      ],
      [
        5,
        5
      ],
      [
        15,
        2
      ]
    ],
    "total_board_activity": 76
  },
  "go_pattern_analysis": {
    "move_type": "corner",
    "game_phase": "opening",
    "turn_number": 11,
    "policy_entropy": -0.0,
    "policy_confidence": 1.0,
    "top_policy_moves": [
      {
        "coord": "(5,2)",
        "percentage": 100.0,
        "count": 314
      }
    ],
    "total_policy_counts": 314
  },
  "part_comparison": {
    "uniqueness_score": 0.6082977652549744,
    "similar_positions": [
      4581,
      3622,
      4195,
      3156,
      1584
    ],
    "part_rank": 1,
    "max_other_part_activation": 0.2909414768218994,
    "activation_percentile": 99.98485536877178
  }
}