{
  "position_info": {
    "part": 15,
    "rank": 18,
    "global_position": 5462,
    "move_coordinate": "E5",
    "turn_number": 9,
    "npz_file": "BADFFB51627F24FD.npz",
    "board_tensor_file": "pos_5462/board.npy",
    "sgf_file": "pos_5462/game.sgf"
  },
  "nmf_analysis": {
    "activation_strength": 0.18637335300445557,
    "rank_in_part": 18,
    "activation_in_other_parts": [
      0.0,
      0.04087216034531593,
      0.0,
      0.0,
      0.0,
      0.00023622578009963036,
      0.0992230549454689,
      0.02020210586488247,
      0.01055278442800045,
      0.10022428631782532,
      0.03817051649093628,
      0.09179606288671494,
      0.05981602147221565,
      0.0,
      0.002810901030898094,
      0.18637335300445557,
      0.0024965775664895773,
      0.0003605227102525532,
      0.0,
      0.0,
      0.0016049117548391223,
      0.05591622740030289,
      0.005735558457672596,
      0.0,
      0.09793360531330109,
      8.184305625036359e-05,
      0.0056766727939248085,
      0.0,
      0.0,
      0.0018670475110411644,
      0.04554061219096184,
      0.2766357660293579,
      0.012660723179578781,
      0.0,
      0.0,
      0.05791240930557251,
      0.0,
      0.0,
      0.8203186392784119,
      0.0,
      0.08314655721187592,
      0.0,
      0.0921873077750206,
      0.0,
      0.0,
      0.2483532577753067,
      0.0,
      0.0,
      0.057026803493499756,
      0.4765391945838928
    ],
    "channel_activity": [
      49,
      1,
      1,
      0,
      0,
      2,
      0,
      0,
      0,
      1,
      1,
      0,
      0,
      0,
      0,
      0,
      0,
      0,
      0,
      0,
      0,
      0
    ],
    "top_active_channels": [
      [
        0,
        49
      ],
      [
        5,
        2
      ],
      [
        1,
        1
      ],
      [
        2,
        1
      ],
      [
        9,
        1
      ]
    ],
    "total_board_activity": 55
  },
  "go_pattern_analysis": {
    "move_type": "corner",
    "game_phase": "opening",
    "turn_number": 9,
    "policy_entropy": 0.050798721674164604,
    "policy_confidence": 0.9942857142857143,
    "top_policy_moves": [
      {
        "coord": "(4,4)",
        "percentage": 99.4,
        "count": 174
      },
      {
        "coord": "(4,3)",
        "percentage": 0.6,
        "count": 1
      }
    ],
    "total_policy_counts": 175
  },
  "part_comparison": {
    "uniqueness_score": 0.18513444066047668,
    "similar_positions": [
      3351,
      5466,
      4811,
      1034,
      2335
    ],
    "part_rank": 17,
    "max_other_part_activation": 0.8203186392784119,
    "activation_percentile": 99.7425412691201
  }
}