{
  "position_info": {
    "part": 16,
    "rank": 19,
    "global_position": 1533,
    "move_coordinate": "C6",
    "turn_number": 11,
    "npz_file": "1D638D50844BD930.npz",
    "board_tensor_file": "pos_1533/board.npy",
    "sgf_file": "pos_1533/game.sgf"
  },
  "nmf_analysis": {
    "activation_strength": 0.8213662505149841,
    "rank_in_part": 19,
    "activation_in_other_parts": [
      1523.220458984375,
      52.82807922363281,
      377.58782958984375,
      13.057989120483398,
      195.0714874267578,
      0.0,
      0.0,
      0.46038803458213806,
      0.5584842562675476,
      0.0,
      0.0,
      0.01489238440990448,
      0.0,
      0.291242778301239,
      0.0,
      0.0,
      0.8213662505149841,
      0.0,
      0.0,
      0.0,
      0.42109018564224243,
      0.0,
      0.09105295687913895,
      0.40428048372268677,
      0.0
    ],
    "channel_activity": [
      49,
      8,
      9,
      0,
      2,
      2,
      0,
      0,
      0,
      1,
      1,
      1,
      1,
      1,
      1,
      0,
      0,
      0,
      8,
      9,
      0,
      0
    ],
    "top_active_channels": [
      [
        0,
        49
      ],
      [
        2,
        9
      ],
      [
        19,
        9
      ],
      [
        1,
        8
      ],
      [
        18,
        8
      ]
    ],
    "total_board_activity": 93
  },
  "go_pattern_analysis": {
    "move_type": "corner",
    "game_phase": "opening",
    "turn_number": 11,
    "policy_entropy": 0.622826754587341,
    "policy_confidence": 0.8447488584474886,
    "top_policy_moves": [
      {
        "coord": "(5,2)",
        "percentage": 84.5,
        "count": 185
      },
      {
        "coord": "(5,0)",
        "percentage": 15.5,
        "count": 34
      }
    ],
    "total_policy_counts": 219
  },
  "part_comparison": {
    "uniqueness_score": 0.0005389394355006516,
    "similar_positions": [
      2646,
      1871,
      2621,
      6585,
      2649
    ],
    "part_rank": 19,
    "max_other_part_activation": 1523.220458984375,
    "activation_percentile": 99.71225200666363
  }
}