{
  "position_info": {
    "part": 37,
    "rank": 5,
    "global_position": 2517,
    "move_coordinate": "G3",
    "turn_number": 1,
    "npz_file": "76F9EC3EB6A76AA0.npz",
    "board_tensor_file": "pos_2517/board.npy",
    "sgf_file": "pos_2517/game.sgf"
  },
  "nmf_analysis": {
    "activation_strength": 0.33613908290863037,
    "rank_in_part": 5,
    "activation_in_other_parts": [
      0.041272345930337906,
      0.013693509623408318,
      0.0,
      0.009269973263144493,
      0.01636132225394249,
      0.0,
      0.1848817616701126,
      0.0033500546123832464,
      0.007606296334415674,
      0.0,
      0.0,
      0.0,
      0.0029744005296379328,
      0.0,
      0.010623624548316002,
      0.02173185907304287,
      0.0023678638972342014,
      0.0,
      0.008247844874858856,
      0.0005071614868938923,
      0.006298063788563013,
      0.00034069392131641507,
      0.004435328766703606,
      0.04031119495630264,
      0.013112797401845455,
      0.001655365340411663,
      0.00012563684140332043,
      0.023025574162602425,
      0.19147475063800812,
      0.0901888981461525,
      0.061225976794958115,
      0.02831859141588211,
      0.0,
      0.25118309259414673,
      0.13727763295173645,
      0.02733270265161991,
      0.11245333403348923,
      0.33613908290863037,
      0.09591105580329895,
      0.16511666774749756,
      0.10230331122875214,
      0.05764475837349892,
      0.046970438212156296,
      0.027547061443328857,
      0.13766154646873474,
      0.07748077064752579,
      0.19997502863407135,
      0.22629550099372864,
      0.11305838823318481,
      0.3901216387748718
    ],
    "channel_activity": [
      49,
      9,
      8,
      0,
      3,
      1,
      0,
      0,
      0,
      1,
      1,
      1,
      1,
      1,
      0,
      1,
      1,
      0,
      0,
      0,
      0,
      0
    ],
    "top_active_channels": [
      [
        0,
        49
      ],
      [
        1,
        9
      ],
      [
        2,
        8
      ],
      [
        4,
        3
      ],
      [
        5,
        1
      ]
    ],
    "total_board_activity": 77
  },
  "go_pattern_analysis": {
    "move_type": "corner",
    "game_phase": "opening",
    "turn_number": 1,
    "policy_entropy": -0.0,
    "policy_confidence": 1.0,
    "top_policy_moves": [
      {
        "coord": "(2,6)",
        "percentage": 100.0,
        "count": 230
      }
    ],
    "total_policy_counts": 230
  },
  "part_comparison": {
    "uniqueness_score": 0.46283528208732605,
    "similar_positions": [
      6255,
      4369,
      4370,
      4709,
      5870
    ],
    "part_rank": 5,
    "max_other_part_activation": 0.3901216387748718,
    "activation_percentile": 99.92427684385885
  }
}