{
  "position_info": {
    "part": 24,
    "rank": 3,
    "global_position": 1578,
    "move_coordinate": "D1",
    "turn_number": 21,
    "npz_file": "1D638D50844BD930.npz",
    "board_tensor_file": "pos_1578/board.npy",
    "sgf_file": "pos_1578/game.sgf"
  },
  "nmf_analysis": {
    "activation_strength": 1.0207470655441284,
    "rank_in_part": 3,
    "activation_in_other_parts": [
      0.0,
      110.62989044189453,
      359.0276794433594,
      152.01829528808594,
      189.20187377929688,
      0.0,
      0.38444584608078003,
      0.0,
      0.0,
      0.1715831756591797,
      0.0,
      0.0,
      0.6344305276870728,
      0.06700143218040466,
      0.1337943971157074,
      0.0,
      0.0,
      0.2561352849006653,
      0.3968707323074341,
      0.0,
      0.025523126125335693,
      0.11990144103765488,
      0.0,
      0.0,
      1.0207470655441284
    ],
    "channel_activity": [
      49,
      6,
      7,
      1,
      2,
      2,
      0,
      0,
      0,
      1,
      1,
      1,
      1,
      1,
      1,
      0,
      1,
      0,
      0,
      0,
      0,
      0
    ],
    "top_active_channels": [
      [
        0,
        49
      ],
      [
        2,
        7
      ],
      [
        1,
        6
      ],
      [
        4,
        2
      ],
      [
        5,
        2
      ]
    ],
    "total_board_activity": 74
  },
  "go_pattern_analysis": {
    "move_type": "side",
    "game_phase": "opening",
    "turn_number": 21,
    "policy_entropy": -0.0,
    "policy_confidence": 1.0,
    "top_policy_moves": [
      {
        "coord": "(0,3)",
        "percentage": 100.0,
        "count": 232
      }
    ],
    "total_policy_counts": 232
  },
  "part_comparison": {
    "uniqueness_score": 0.002835027175024152,
    "similar_positions": [
      4553,
      88,
      4715,
      4714,
      5388
    ],
    "part_rank": 3,
    "max_other_part_activation": 359.0276794433594,
    "activation_percentile": 99.95456610631531
  }
}