{
  "position_info": {
    "part": 23,
    "rank": 7,
    "global_position": 2710,
    "move_coordinate": "F3",
    "turn_number": 29,
    "npz_file": "76F9EC3EB6A76AA0.npz",
    "board_tensor_file": "pos_2710/board.npy",
    "sgf_file": "pos_2710/game.sgf"
  },
  "nmf_analysis": {
    "activation_strength": 0.11862725019454956,
    "rank_in_part": 7,
    "activation_in_other_parts": [
      0.0,
      0.003565854160115123,
      0.0,
      0.0,
      0.0,
      0.00589502789080143,
      0.2657295763492584,
      0.0,
      0.09794721752405167,
      0.0,
      0.09570854902267456,
      0.01476577389985323,
      0.0,
      0.0,
      0.04398353397846222,
      0.03881801292300224,
      0.006485118996351957,
      0.0003112793783657253,
      0.004885275382548571,
      0.0,
      0.057467032223939896,
      0.0,
      0.05037415400147438,
      0.11862725019454956,
      0.0,
      0.0017751934938132763,
      0.013665111735463142,
      0.039765581488609314,
      0.2568647861480713,
      0.26084911823272705,
      0.0,
      0.35552242398262024,
      0.4705052673816681,
      0.0021207784302532673,
      0.08480238914489746,
      0.021432502195239067,
      0.0,
      0.04679013416171074,
      0.26533108949661255,
      0.008418447338044643,
      0.0,
      0.058935217559337616,
      0.2024422287940979,
      0.0,
      0.03205813094973564,
      0.011233330704271793,
      0.0,
      0.0013065524399280548,
      0.5366167426109314,
      0.042028799653053284
    ],
    "channel_activity": [
      49,
      2,
      3,
      0,
      1,
      2,
      0,
      0,
      0,
      1,
      1,
      1,
      1,
      1,
      0,
      0,
      0,
      0,
      2,
      3,
      0,
      0
    ],
    "top_active_channels": [
      [
        0,
        49
      ],
      [
        2,
        3
      ],
      [
        19,
        3
      ],
      [
        1,
        2
      ],
      [
        5,
        2
      ]
    ],
    "total_board_activity": 67
  },
  "go_pattern_analysis": {
    "move_type": "corner",
    "game_phase": "opening",
    "turn_number": 29,
    "policy_entropy": 0.3742813973632245,
    "policy_confidence": 0.9578313253012049,
    "top_policy_moves": [
      {
        "coord": "(2,5)",
        "percentage": 95.8,
        "count": 318
      },
      {
        "coord": "(5,1)",
        "percentage": 0.9,
        "count": 3
      },
      {
        "coord": "(6,2)",
        "percentage": 0.6,
        "count": 2
      },
      {
        "coord": "(3,5)",
        "percentage": 0.6,
        "count": 2
      },
      {
        "coord": "(4,2)",
        "percentage": 0.6,
        "count": 2
      }
    ],
    "total_policy_counts": 332
  },
  "part_comparison": {
    "uniqueness_score": 0.1810428649187088,
    "similar_positions": [
      4333,
      4684,
      5036,
      3374,
      4685
    ],
    "part_rank": 7,
    "max_other_part_activation": 0.5366167426109314,
    "activation_percentile": 99.89398758140238
  }
}