{
  "position_info": {
    "part": 23,
    "rank": 14,
    "global_position": 4469,
    "move_coordinate": "B5",
    "turn_number": 1,
    "npz_file": "B330F9C802154800.npz",
    "board_tensor_file": "pos_4469/board.npy",
    "sgf_file": "pos_4469/game.sgf"
  },
  "nmf_analysis": {
    "activation_strength": 0.6834672689437866,
    "rank_in_part": 14,
    "activation_in_other_parts": [
      1699.2489013671875,
      664.2507934570312,
      202.39834594726562,
      0.0,
      24.800647735595703,
      0.0,
      0.0,
      0.0,
      0.0,
      0.0,
      0.43357810378074646,
      0.4904309809207916,
      0.13759204745292664,
      0.0,
      0.0,
      0.5489481091499329,
      0.0,
      0.0,
      0.21858245134353638,
      0.0691966637969017,
      0.0,
      0.0,
      0.47036102414131165,
      0.6834672689437866,
      0.0
    ],
    "channel_activity": [
      49,
      4,
      4,
      0,
      1,
      1,
      0,
      0,
      0,
      1,
      1,
      1,
      1,
      1,
      1,
      0,
      0,
      0,
      4,
      4,
      0,
      0
    ],
    "top_active_channels": [
      [
        0,
        49
      ],
      [
        1,
        4
      ],
      [
        2,
        4
      ],
      [
        18,
        4
      ],
      [
        19,
        4
      ]
    ],
    "total_board_activity": 73
  },
  "go_pattern_analysis": {
    "move_type": "corner",
    "game_phase": "opening",
    "turn_number": 1,
    "policy_entropy": 0.9990797181805819,
    "policy_confidence": 0.5178571428571429,
    "top_policy_moves": [
      {
        "coord": "(4,1)",
        "percentage": 51.8,
        "count": 58
      },
      {
        "coord": "(3,1)",
        "percentage": 48.2,
        "count": 54
      }
    ],
    "total_policy_counts": 112
  },
  "part_comparison": {
    "uniqueness_score": 0.0004020555643364787,
    "similar_positions": [
      1027,
      1026,
      6196,
      1065,
      1064
    ],
    "part_rank": 14,
    "max_other_part_activation": 1699.2489013671875,
    "activation_percentile": 99.78797516280478
  }
}