{
  "position_info": {
    "part": 22,
    "rank": 5,
    "global_position": 590,
    "move_coordinate": "B6",
    "turn_number": 1,
    "npz_file": "1906C337F5CDAFA9.npz",
    "board_tensor_file": "pos_590/board.npy",
    "sgf_file": "pos_590/game.sgf"
  },
  "nmf_analysis": {
    "activation_strength": 0.32171526551246643,
    "rank_in_part": 5,
    "activation_in_other_parts": [
      0.02561604604125023,
      0.15094542503356934,
      0.03370728716254234,
      0.04509034380316734,
      0.17996937036514282,
      0.2793523371219635,
      0.38339751958847046,
      0.047697145491838455,
      0.02831333689391613,
      0.35964643955230713,
      0.177354097366333,
      0.11381731927394867,
      0.38002127408981323,
      0.002451412845402956,
      0.050383664667606354,
      0.008860770612955093,
      0.0984555035829544,
      0.0,
      0.0,
      0.0,
      0.09100788831710815,
      0.002921085571870208,
      0.32171526551246643,
      0.07617946714162827,
      0.4163798689842224
    ],
    "channel_activity": [
      49,
      3,
      3,
      0,
      0,
      0,
      0,
      0,
      0,
      1,
      1,
      1,
      1,
      1,
      0,
      0,
      0,
      0,
      0,
      0,
      0,
      0
    ],
    "top_active_channels": [
      [
        0,
        49
      ],
      [
        1,
        3
      ],
      [
        2,
        3
      ],
      [
        9,
        1
      ],
      [
        10,
        1
      ]
    ],
    "total_board_activity": 60
  },
  "go_pattern_analysis": {
    "move_type": "corner",
    "game_phase": "opening",
    "turn_number": 1,
    "policy_entropy": 0.44583625197102494,
    "policy_confidence": 0.9071729957805907,
    "top_policy_moves": [
      {
        "coord": "(5,1)",
        "percentage": 90.7,
        "count": 215
      },
      {
        "coord": "(3,5)",
        "percentage": 9.3,
        "count": 22
      }
    ],
    "total_policy_counts": 237
  },
  "part_comparison": {
    "uniqueness_score": 0.435872346162796,
    "similar_positions": [
      709,
      3232,
      2477,
      815,
      3913
    ],
    "part_rank": 5,
    "max_other_part_activation": 0.4163798689842224,
    "activation_percentile": 99.92427684385885
  }
}