{
  "position_info": {
    "part": 49,
    "rank": 9,
    "global_position": 2690,
    "move_coordinate": "A1",
    "turn_number": 1,
    "npz_file": "76F9EC3EB6A76AA0.npz",
    "board_tensor_file": "pos_2690/board.npy",
    "sgf_file": "pos_2690/game.sgf"
  },
  "nmf_analysis": {
    "activation_strength": 0.5723253488540649,
    "rank_in_component": 9,
    "activation_in_other_components": [
      0.11912746727466583,
      0.003974142950028181,
      0.0,
      0.01901760697364807,
      0.020545193925499916,
      0.00848937314003706,
      0.00024990132078528404,
      0.0031650520395487547,
      0.06364408880472183,
      0.0,
      0.03970862925052643,
      0.0,
      0.0,
      0.005714240949600935,
      0.033411841839551926,
      0.0,
      0.018127316609025,
      0.00015766004798933864,
      0.032400794327259064,
      0.006342771463096142,
      0.04370950162410736,
      0.0,
      0.035798147320747375,
      0.0689522922039032,
      0.0,
      0.010115839540958405,
      0.008026719093322754,
      0.016511550173163414,
      0.04865916445851326,
      0.0622093491256237,
      0.045494116842746735,
      0.11595766991376877,
      0.027269428595900536,
      0.518665611743927,
      0.3399854004383087,
      0.06969534605741501,
      0.13377873599529266,
      0.08496512472629547,
      0.0,
      0.1006070077419281,
      0.031046772375702858,
      0.1422004997730255,
      0.10272356867790222,
      0.047023117542266846,
      0.0,
      0.0,
      0.062545545399189,
      0.13459967076778412,
      0.0038257120177149773,
      0.5723253488540649
    ],
    "channel_activity": [
      49,
      17,
      11,
      0,
      0,
      0,
      0,
      0,
      0,
      0,
      1,
      0,
      1,
      0,
      0,
      0,
      0,
      0,
      29,
      20,
      0,
      0
    ],
    "top_active_channels": [
      [
        0,
        49
      ],
      [
        18,
        29
      ],
      [
        19,
        20
      ],
      [
        1,
        17
      ],
      [
        2,
        11
      ]
    ],
    "total_board_activity": 128
  },
  "go_pattern_analysis": {
    "move_type": "corner",
    "game_phase": "opening",
    "turn_number": 1,
    "policy_entropy": 5.643856189774725,
    "policy_confidence": 0.02,
    "top_policy_moves": [
      {
        "coord": "PASS",
        "percentage": 2.0,
        "count": 1
      },
      {
        "coord": "(1,5)",
        "percentage": 2.0,
        "count": 1
      },
      {
        "coord": "(3,1)",
        "percentage": 2.0,
        "count": 1
      },
      {
        "coord": "(3,0)",
        "percentage": 2.0,
        "count": 1
      },
      {
        "coord": "(2,6)",
        "percentage": 2.0,
        "count": 1
      }
    ],
    "total_policy_counts": 50
  },
  "component_comparison": {
    "uniqueness_score": 0.5245921611785889,
    "similar_positions": [
      1950,
      4857,
      2565,
      2566,
      3711
    ],
    "component_rank": 9,
    "max_other_component_activation": 0.518665611743927,
    "activation_percentile": 99.86369831894594
  }
}