{
  "position_info": {
    "part": 17,
    "rank": 8,
    "global_position": 4893,
    "move_coordinate": "A4",
    "turn_number": 32,
    "npz_file": "B330F9C802154800.npz",
    "board_tensor_file": "pos_4893/board.npy",
    "sgf_file": "pos_4893/game.sgf"
  },
  "nmf_analysis": {
    "activation_strength": 0.956546425819397,
    "rank_in_part": 8,
    "activation_in_other_parts": [
      2732.993896484375,
      291.9387512207031,
      218.82891845703125,
      65.84873962402344,
      60.63208770751953,
      0.0,
      0.1299717277288437,
      0.0,
      0.6276426911354065,
      0.6224033832550049,
      0.0,
      0.0,
      0.0,
      0.0,
      0.0,
      0.6193433403968811,
      0.0,
      0.956546425819397,
      0.0,
      0.0,
      0.3165353536605835,
      0.0,
      0.0,
      0.2601933479309082,
      0.050901126116514206
    ],
    "channel_activity": [
      49,
      10,
      10,
      1,
      2,
      3,
      0,
      0,
      0,
      1,
      1,
      1,
      1,
      1,
      1,
      1,
      1,
      0,
      2,
      1,
      2,
      1
    ],
    "top_active_channels": [
      [
        0,
        49
      ],
      [
        1,
        10
      ],
      [
        2,
        10
      ],
      [
        5,
        3
      ],
      [
        4,
        2
      ]
    ],
    "total_board_activity": 89
  },
  "go_pattern_analysis": {
    "move_type": "side",
    "game_phase": "middle_game",
    "turn_number": 32,
    "policy_entropy": 0.07336315651888267,
    "policy_confidence": 0.9922330097087378,
    "top_policy_moves": [
      {
        "coord": "(3,0)",
        "percentage": 99.2,
        "count": 511
      },
      {
        "coord": "(3,5)",
        "percentage": 0.4,
        "count": 2
      },
      {
        "coord": "(1,6)",
        "percentage": 0.4,
        "count": 2
      }
    ],
    "total_policy_counts": 515
  },
  "part_comparison": {
    "uniqueness_score": 0.0003498770238365978,
    "similar_positions": [
      6569,
      5335,
      5336,
      3768,
      6568
    ],
    "part_rank": 8,
    "max_other_part_activation": 2732.993896484375,
    "activation_percentile": 99.87884295017416
  }
}