{
  "position_info": {
    "part": 2,
    "rank": 11,
    "global_position": 2202,
    "move_coordinate": "F6",
    "turn_number": 11,
    "npz_file": "76F9EC3EB6A76AA0.npz",
    "board_tensor_file": "pos_2202/board.npy",
    "sgf_file": "pos_2202/game.sgf"
  },
  "nmf_analysis": {
    "activation_strength": 0.0,
    "rank_in_component": 11,
    "activation_in_other_components": [
      0.04788428917527199,
      0.025310873985290527,
      0.0,
      0.011438217014074326,
      0.014657801948487759,
      0.02165238745510578,
      0.22281669080257416,
      0.00763891264796257,
      0.0,
      0.03670993447303772,
      0.0,
      0.02212418243288994,
      0.029847048223018646,
      0.002587905153632164,
      0.0,
      0.04660985991358757,
      0.0,
      0.0,
      0.0,
      0.014570440165698528,
      0.0,
      0.049031101167201996,
      0.0,
      0.019508861005306244,
      0.10666463524103165,
      0.0,
      0.0,
      0.028258301317691803,
      0.1361525058746338,
      0.0018523635808378458,
      0.07934235781431198,
      0.08688397705554962,
      0.07806925475597382,
      0.19280961155891418,
      0.06031070649623871,
      0.039226826280355453,
      0.005958409979939461,
      0.23637329041957855,
      0.1457986831665039,
      0.054479192942380905,
      0.21004948019981384,
      0.052256740629673004,
      0.0077750724740326405,
      0.04240310564637184,
      0.17222000658512115,
      0.1890672892332077,
      0.08434177935123444,
      0.22189706563949585,
      0.36079636216163635,
      0.32506629824638367
    ],
    "channel_activity": [
      49,
      4,
      5,
      0,
      0,
      0,
      0,
      0,
      0,
      1,
      1,
      1,
      1,
      1,
      0,
      0,
      0,
      0,
      4,
      5,
      0,
      0
    ],
    "top_active_channels": [
      [
        0,
        49
      ],
      [
        2,
        5
      ],
      [
        19,
        5
      ],
      [
        1,
        4
      ],
      [
        18,
        4
      ]
    ],
    "total_board_activity": 72
  },
  "go_pattern_analysis": {
    "move_type": "corner",
    "game_phase": "opening",
    "turn_number": 11,
    "policy_entropy": 0.8871860831818226,
    "policy_confidence": 0.7471374045801527,
    "top_policy_moves": [
      {
        "coord": "(5,5)",
        "percentage": 74.7,
        "count": 783
      },
      {
        "coord": "(4,5)",
        "percentage": 24.0,
        "count": 252
      },
      {
        "coord": "(2,0)",
        "percentage": 1.2,
        "count": 13
      }
    ],
    "total_policy_counts": 1048
  },
  "component_comparison": {
    "uniqueness_score": 0.0,
    "similar_positions": [
      6602,
      2204,
      2194,
      2195,
      2196
    ],
    "component_rank": 1,
    "max_other_component_activation": 0.36079636216163635,
    "activation_percentile": 99.98485536877178
  }
}