{
  "position_info": {
    "part": 34,
    "rank": 20,
    "global_position": 5269,
    "move_coordinate": "F3",
    "turn_number": 10,
    "npz_file": "BADFFB51627F24FD.npz",
    "board_tensor_file": "pos_5269/board.npy",
    "sgf_file": "pos_5269/game.sgf"
  },
  "nmf_analysis": {
    "activation_strength": 0.6414759159088135,
    "rank_in_component": 20,
    "activation_in_other_components": [
      0.06746770441532135,
      0.02724306657910347,
      0.0,
      0.01885860599577427,
      0.02240566909313202,
      0.02746541053056717,
      0.0,
      0.0,
      0.009922636672854424,
      0.06828807294368744,
      0.014153285883367062,
      0.016309203580021858,
      0.04426019266247749,
      0.007431880570948124,
      0.002176248235628009,
      0.0,
      0.0013656803639605641,
      0.0005172756500542164,
      0.005361650139093399,
      0.0,
      0.00833277776837349,
      0.060408927500247955,
      0.005565006285905838,
      0.0,
      0.09007470309734344,
      0.0011672289110720158,
      0.00010534258035477251,
      0.004458711948245764,
      0.19741123914718628,
      0.2199360430240631,
      0.0,
      0.06528524309396744,
      0.005385145545005798,
      0.34259268641471863,
      0.6414759159088135,
      0.0018669550772756338,
      0.1244230642914772,
      0.0,
      0.0,
      0.0,
      0.0,
      0.07289981842041016,
      0.0029251910746097565,
      0.07434022426605225,
      0.0,
      0.10045576840639114,
      0.0053907171823084354,
      0.12162001430988312,
      0.2281722128391266,
      0.4141383469104767
    ],
    "channel_activity": [
      49,
      9,
      16,
      0,
      0,
      0,
      0,
      0,
      0,
      1,
      0,
      1,
      0,
      1,
      0,
      0,
      0,
      0,
      20,
      29,
      11,
      12
    ],
    "top_active_channels": [
      [
        0,
        49
      ],
      [
        19,
        29
      ],
      [
        18,
        20
      ],
      [
        2,
        16
      ],
      [
        21,
        12
      ]
    ],
    "total_board_activity": 149
  },
  "go_pattern_analysis": {
    "move_type": "corner",
    "game_phase": "opening",
    "turn_number": 10,
    "policy_entropy": 1.525277985308266,
    "policy_confidence": 0.6886792452830188,
    "top_policy_moves": [
      {
        "coord": "(2,5)",
        "percentage": 68.9,
        "count": 73
      },
      {
        "coord": "PASS",
        "percentage": 14.2,
        "count": 15
      },
      {
        "coord": "(2,6)",
        "percentage": 5.7,
        "count": 6
      },
      {
        "coord": "(3,6)",
        "percentage": 5.7,
        "count": 6
      },
      {
        "coord": "(6,0)",
        "percentage": 3.8,
        "count": 4
      }
    ],
    "total_policy_counts": 106
  },
  "component_comparison": {
    "uniqueness_score": 0.6076802611351013,
    "similar_positions": [
      5507,
      2387,
      1466,
      460,
      2776
    ],
    "component_rank": 20,
    "max_other_component_activation": 0.4141383469104767,
    "activation_percentile": 99.69710737543541
  }
}