{
  "position_info": {
    "part": 5,
    "rank": 11,
    "global_position": 1810,
    "move_coordinate": "E4",
    "turn_number": 4,
    "npz_file": "1D638D50844BD930.npz",
    "board_tensor_file": "pos_1810/board.npy",
    "sgf_file": "pos_1810/game.sgf"
  },
  "nmf_analysis": {
    "activation_strength": 0.05678659304976463,
    "rank_in_part": 11,
    "activation_in_other_parts": [
      0.28049924969673157,
      0.02071390300989151,
      0.0,
      0.027859527617692947,
      0.014444158412516117,
      0.05678659304976463,
      0.029658950865268707,
      0.0325201191008091,
      0.08169646561145782,
      0.15302832424640656,
      0.09925439953804016,
      0.00821739248931408,
      0.06419338285923004,
      0.018888015300035477,
      0.03955966234207153,
      0.0,
      0.016190290451049805,
      0.0005608760402537882,
      0.02456991747021675,
      0.04046698659658432,
      0.04872163012623787,
      0.08274885267019272,
      0.04679540917277336,
      0.04830183833837509,
      0.12055458128452301,
      0.00762338237836957,
      0.016594035550951958,
      0.0,
      0.17093220353126526,
      0.00790858082473278,
      0.0,
      0.7939730882644653,
      0.20273786783218384,
      0.04480230435729027,
      6.064356057322584e-05,
      0.0,
      0.0,
      0.0,
      0.3832012414932251,
      0.028263568878173828,
      0.07574356347322464,
      0.09729253500699997,
      0.04124581441283226,
      0.021159149706363678,
      0.0026745754294097424,
      0.00010672396456357092,
      0.0,
      0.0,
      0.3858160376548767,
      0.034005120396614075
    ],
    "channel_activity": [
      49,
      1,
      2,
      0,
      1,
      2,
      0,
      0,
      0,
      1,
      1,
      1,
      0,
      0,
      0,
      0,
      0,
      0,
      0,
      0,
      0,
      0
    ],
    "top_active_channels": [
      [
        0,
        49
      ],
      [
        2,
        2
      ],
      [
        5,
        2
      ],
      [
        1,
        1
      ],
      [
        4,
        1
      ]
    ],
    "total_board_activity": 58
  },
  "go_pattern_analysis": {
    "move_type": "side",
    "game_phase": "opening",
    "turn_number": 4,
    "policy_entropy": -0.0,
    "policy_confidence": 1.0,
    "top_policy_moves": [
      {
        "coord": "(3,4)",
        "percentage": 100.0,
        "count": 154
      }
    ],
    "total_policy_counts": 154
  },
  "part_comparison": {
    "uniqueness_score": 0.06674809753894806,
    "similar_positions": [
      1954,
      2742,
      6368,
      1227,
      1973
    ],
    "part_rank": 11,
    "max_other_part_activation": 0.7939730882644653,
    "activation_percentile": 99.83340905648947
  }
}