{
  "position_info": {
    "part": 10,
    "rank": 13,
    "global_position": 2753,
    "move_coordinate": "C5",
    "turn_number": 7,
    "npz_file": "76F9EC3EB6A76AA0.npz",
    "board_tensor_file": "pos_2753/board.npy",
    "sgf_file": "pos_2753/game.sgf"
  },
  "nmf_analysis": {
    "activation_strength": 260.000732421875,
    "rank_in_part": 13,
    "activation_in_other_parts": [
      0.0,
      62.858482360839844,
      1.550446629524231,
      2.2524163722991943,
      7.105972766876221,
      23.2659969329834,
      0.0,
      6.862407684326172,
      0.12543505430221558,
      0.0,
      260.000732421875,
      0.003461793065071106,
      0.0,
      0.11715111136436462,
      11.450709342956543,
      0.37097302079200745,
      0.0,
      0.0,
      0.0,
      0.0,
      0.04084958881139755,
      0.0,
      0.0618891641497612,
      0.0,
      0.0
    ],
    "channel_activity": [
      49,
      0,
      1,
      0,
      0,
      0,
      0,
      0,
      0,
      1,
      0,
      0,
      0,
      0,
      0,
      0,
      0,
      0,
      0,
      49,
      0,
      0
    ],
    "top_active_channels": [
      [
        0,
        49
      ],
      [
        19,
        49
      ],
      [
        2,
        1
      ],
      [
        9,
        1
      ],
      [
        1,
        0
      ]
    ],
    "total_board_activity": 100
  },
  "go_pattern_analysis": {
    "move_type": "corner",
    "game_phase": "opening",
    "turn_number": 7,
    "policy_entropy": 1.855377051011056,
    "policy_confidence": 0.4267515923566879,
    "top_policy_moves": [
      {
        "coord": "(4,2)",
        "percentage": 42.7,
        "count": 67
      },
      {
        "coord": "(4,4)",
        "percentage": 27.4,
        "count": 43
      },
      {
        "coord": "(3,4)",
        "percentage": 15.9,
        "count": 25
      },
      {
        "coord": "(3,2)",
        "percentage": 14.0,
        "count": 22
      }
    ],
    "total_policy_counts": 157
  },
  "part_comparison": {
    "uniqueness_score": 0.8053067922592163,
    "similar_positions": [
      779,
      3536,
      1724,
      3835,
      6323
    ],
    "part_rank": 13,
    "max_other_part_activation": 62.858482360839844,
    "activation_percentile": 99.80311979403301
  }
}