{
  "position_info": {
    "part": 8,
    "rank": 11,
    "global_position": 3225,
    "move_coordinate": "C5",
    "turn_number": 4,
    "npz_file": "AAE4EE8DC9A92FFF.npz",
    "board_tensor_file": "pos_3225/board.npy",
    "sgf_file": "pos_3225/game.sgf"
  },
  "nmf_analysis": {
    "activation_strength": 0.5037150979042053,
    "rank_in_part": 11,
    "activation_in_other_parts": [
      0.10702621191740036,
      0.10280828922986984,
      0.011962923221290112,
      0.18888460099697113,
      0.08028322458267212,
      0.0,
      0.07220615446567535,
      0.20530027151107788,
      0.5037150979042053,
      0.15647673606872559,
      0.03757301717996597,
      0.09758457541465759,
      0.15443570911884308,
      0.0,
      0.14325979351997375,
      0.25415781140327454,
      0.3482375741004944,
      0.006970146670937538,
      0.15175984799861908,
      0.0,
      0.20312324166297913,
      0.0,
      0.030965814366936684,
      0.02932594157755375,
      0.43480008840560913
    ],
    "channel_activity": [
      49,
      6,
      7,
      0,
      1,
      1,
      0,
      0,
      0,
      1,
      1,
      1,
      1,
      1,
      1,
      1,
      0,
      0,
      0,
      0,
      0,
      0
    ],
    "top_active_channels": [
      [
        0,
        49
      ],
      [
        2,
        7
      ],
      [
        1,
        6
      ],
      [
        4,
        1
      ],
      [
        5,
        1
      ]
    ],
    "total_board_activity": 71
  },
  "go_pattern_analysis": {
    "move_type": "corner",
    "game_phase": "opening",
    "turn_number": 4,
    "policy_entropy": 0.019323822159362687,
    "policy_confidence": 0.998165137614679,
    "top_policy_moves": [
      {
        "coord": "(4,2)",
        "percentage": 99.8,
        "count": 544
      },
      {
        "coord": "(1,0)",
        "percentage": 0.2,
        "count": 1
      }
    ],
    "total_policy_counts": 545
  },
  "part_comparison": {
    "uniqueness_score": 0.5367149114608765,
    "similar_positions": [
      1909,
      4911,
      3071,
      5154,
      3124
    ],
    "part_rank": 11,
    "max_other_part_activation": 0.43480008840560913,
    "activation_percentile": 99.83340905648947
  }
}