{
  "position_info": {
    "part": 3,
    "rank": 8,
    "global_position": 3442,
    "move_coordinate": "E7",
    "turn_number": 20,
    "npz_file": "AAE4EE8DC9A92FFF.npz",
    "board_tensor_file": "pos_3442/board.npy",
    "sgf_file": "pos_3442/game.sgf"
  },
  "nmf_analysis": {
    "activation_strength": 0.03964754939079285,
    "rank_in_part": 8,
    "activation_in_other_parts": [
      0.269187331199646,
      0.002507817465811968,
      0.0,
      0.03964754939079285,
      0.040437791496515274,
      0.03291929513216019,
      0.03526344895362854,
      0.02653675712645054,
      0.0288473479449749,
      0.10958988219499588,
      0.03384864330291748,
      0.0,
      0.027506547048687935,
      0.012939251959323883,
      0.017719734460115433,
      0.0,
      0.010769696906208992,
      1.54873778228648e-05,
      0.025605114176869392,
      0.03809240832924843,
      0.028201807290315628,
      0.05082198232412338,
      0.021640237420797348,
      0.008124515414237976,
      0.06444286555051804,
      0.006641617976129055,
      0.00507491547614336,
      0.004767412319779396,
      0.2418901026248932,
      0.0,
      0.502809464931488,
      0.11207835376262665,
      0.09201566874980927,
      0.0,
      0.06816434860229492,
      0.0,
      0.05980275943875313,
      0.0,
      0.10557398945093155,
      0.0073276059702038765,
      0.2344464808702469,
      0.3017769455909729,
      0.05948500707745552,
      0.0,
      0.0001326432975474745,
      0.0,
      0.12696057558059692,
      0.08873385936021805,
      0.2959284484386444,
      0.3288825750350952
    ],
    "channel_activity": [
      49,
      8,
      9,
      0,
      0,
      10,
      0,
      0,
      0,
      1,
      1,
      1,
      1,
      1,
      0,
      0,
      0,
      0,
      0,
      0,
      0,
      0
    ],
    "top_active_channels": [
      [
        0,
        49
      ],
      [
        5,
        10
      ],
      [
        2,
        9
      ],
      [
        1,
        8
      ],
      [
        9,
        1
      ]
    ],
    "total_board_activity": 81
  },
  "go_pattern_analysis": {
    "move_type": "corner",
    "game_phase": "opening",
    "turn_number": 20,
    "policy_entropy": -0.0,
    "policy_confidence": 1.0,
    "top_policy_moves": [
      {
        "coord": "(6,4)",
        "percentage": 100.0,
        "count": 393
      }
    ],
    "total_policy_counts": 393
  },
  "part_comparison": {
    "uniqueness_score": 0.07308883219957352,
    "similar_positions": [
      426,
      4798,
      1704,
      5385,
      5609
    ],
    "part_rank": 8,
    "max_other_part_activation": 0.502809464931488,
    "activation_percentile": 99.87884295017416
  }
}