{
  "position_info": {
    "part": 14,
    "rank": 18,
    "global_position": 4380,
    "move_coordinate": "PASS",
    "turn_number": 1,
    "npz_file": "B330F9C802154800.npz",
    "board_tensor_file": "pos_4380/board.npy",
    "sgf_file": "pos_4380/game.sgf"
  },
  "nmf_analysis": {
    "activation_strength": 0.9677265286445618,
    "rank_in_part": 18,
    "activation_in_other_parts": [
      3933.309814453125,
      0.0,
      124.68280792236328,
      69.69342041015625,
      114.68771362304688,
      0.27754276990890503,
      0.4226478338241577,
      0.0,
      0.0,
      0.3060719966888428,
      0.0,
      0.31956127285957336,
      0.0,
      0.0,
      0.9677265286445618,
      0.4285760819911957,
      0.287238210439682,
      0.44527971744537354,
      0.0,
      0.3376278579235077,
      0.0,
      0.0,
      0.17698326706886292,
      0.0,
      0.0
    ],
    "channel_activity": [
      49,
      11,
      11,
      0,
      4,
      0,
      0,
      0,
      0,
      1,
      1,
      1,
      0,
      0,
      0,
      0,
      0,
      0,
      0,
      0,
      0,
      0
    ],
    "top_active_channels": [
      [
        0,
        49
      ],
      [
        1,
        11
      ],
      [
        2,
        11
      ],
      [
        4,
        4
      ],
      [
        9,
        1
      ]
    ],
    "total_board_activity": 78
  },
  "go_pattern_analysis": {
    "move_type": "pass",
    "game_phase": "opening",
    "turn_number": 1,
    "policy_entropy": 0.14754842075158547,
    "policy_confidence": 0.9832985386221295,
    "top_policy_moves": [
      {
        "coord": "PASS",
        "percentage": 98.3,
        "count": 471
      },
      {
        "coord": "(3,6)",
        "percentage": 0.8,
        "count": 4
      },
      {
        "coord": "(0,5)",
        "percentage": 0.4,
        "count": 2
      },
      {
        "coord": "(1,6)",
        "percentage": 0.4,
        "count": 2
      }
    ],
    "total_policy_counts": 479
  },
  "part_comparison": {
    "uniqueness_score": 0.0002459731185808778,
    "similar_positions": [
      4041,
      4704,
      1824,
      45,
      1825
    ],
    "part_rank": 18,
    "max_other_part_activation": 3933.309814453125,
    "activation_percentile": 99.72739663789186
  }
}