{
  "position_info": {
    "part": 49,
    "rank": 11,
    "global_position": 268,
    "move_coordinate": "A1",
    "turn_number": 23,
    "npz_file": "1906C337F5CDAFA9.npz",
    "board_tensor_file": "pos_268/board.npy",
    "sgf_file": "pos_268/game.sgf"
  },
  "nmf_analysis": {
    "activation_strength": 0.5711714029312134,
    "rank_in_component": 11,
    "activation_in_other_components": [
      0.06566739082336426,
      0.025468360632658005,
      0.0,
      0.007317942101508379,
      0.007220576051622629,
      0.0008083237335085869,
      0.04143543168902397,
      0.008268291130661964,
      0.02065482921898365,
      0.0,
      0.015409556217491627,
      0.0,
      0.0,
      0.009894685819745064,
      0.011785660870373249,
      0.0,
      0.010940405540168285,
      0.00018438052211422473,
      0.017808720469474792,
      0.0112214470282197,
      0.013776668347418308,
      0.0,
      0.010593123733997345,
      0.04308905825018883,
      0.0,
      0.006190563552081585,
      0.0022197223734110594,
      0.025732165202498436,
      0.10804475098848343,
      0.0,
      0.0,
      0.15195225179195404,
      0.0,
      0.43471580743789673,
      0.3452121615409851,
      0.13956621289253235,
      0.03362620249390602,
      0.12810546159744263,
      0.0011283911298960447,
      0.11666365712881088,
      0.03189852088689804,
      0.036439839750528336,
      0.08253683149814606,
      0.05274953320622444,
      0.0,
      0.02198902890086174,
      0.245411679148674,
      0.1401093602180481,
      0.06082332506775856,
      0.5711714029312134
    ],
    "channel_activity": [
      49,
      12,
      10,
      0,
      0,
      0,
      0,
      0,
      0,
      0,
      1,
      0,
      1,
      1,
      0,
      0,
      0,
      0,
      29,
      20,
      0,
      0
    ],
    "top_active_channels": [
      [
        0,
        49
      ],
      [
        18,
        29
      ],
      [
        19,
        20
      ],
      [
        1,
        12
      ],
      [
        2,
        10
      ]
    ],
    "total_board_activity": 123
  },
  "go_pattern_analysis": {
    "move_type": "corner",
    "game_phase": "opening",
    "turn_number": 23,
    "policy_entropy": 5.643856189774725,
    "policy_confidence": 0.02,
    "top_policy_moves": [
      {
        "coord": "PASS",
        "percentage": 2.0,
        "count": 1
      },
      {
        "coord": "(1,5)",
        "percentage": 2.0,
        "count": 1
      },
      {
        "coord": "(3,1)",
        "percentage": 2.0,
        "count": 1
      },
      {
        "coord": "(3,0)",
        "percentage": 2.0,
        "count": 1
      },
      {
        "coord": "(2,6)",
        "percentage": 2.0,
        "count": 1
      }
    ],
    "total_policy_counts": 50
  },
  "component_comparison": {
    "uniqueness_score": 0.5678284168243408,
    "similar_positions": [
      1950,
      4857,
      2565,
      2566,
      3711
    ],
    "component_rank": 11,
    "max_other_component_activation": 0.43471580743789673,
    "activation_percentile": 99.83340905648947
  }
}