{
  "position_info": {
    "part": 6,
    "rank": 17,
    "global_position": 1732,
    "move_coordinate": "C1",
    "turn_number": 1,
    "npz_file": "1D638D50844BD930.npz",
    "board_tensor_file": "pos_1732/board.npy",
    "sgf_file": "pos_1732/game.sgf"
  },
  "nmf_analysis": {
    "activation_strength": 0.8657745122909546,
    "rank_in_part": 17,
    "activation_in_other_parts": [
      3956.51611328125,
      510.1294250488281,
      4.596826553344727,
      74.422607421875,
      0.0,
      0.0,
      0.8657745122909546,
      0.5161259174346924,
      0.0,
      0.0,
      0.0,
      0.0,
      0.0,
      0.0,
      0.0,
      0.0,
      0.0,
      0.0,
      0.0,
      0.0,
      0.0,
      0.09869647771120071,
      0.0,
      0.05189308896660805,
      0.0
    ],
    "channel_activity": [
      49,
      5,
      6,
      0,
      0,
      1,
      0,
      0,
      0,
      1,
      1,
      1,
      1,
      1,
      0,
      0,
      0,
      0,
      0,
      0,
      0,
      0
    ],
    "top_active_channels": [
      [
        0,
        49
      ],
      [
        2,
        6
      ],
      [
        1,
        5
      ],
      [
        5,
        1
      ],
      [
        9,
        1
      ]
    ],
    "total_board_activity": 66
  },
  "go_pattern_analysis": {
    "move_type": "corner",
    "game_phase": "opening",
    "turn_number": 1,
    "policy_entropy": 1.270284988350032,
    "policy_confidence": 0.656641604010025,
    "top_policy_moves": [
      {
        "coord": "(0,2)",
        "percentage": 65.7,
        "count": 262
      },
      {
        "coord": "(0,1)",
        "percentage": 18.3,
        "count": 73
      },
      {
        "coord": "(1,2)",
        "percentage": 16.0,
        "count": 64
      }
    ],
    "total_policy_counts": 399
  },
  "part_comparison": {
    "uniqueness_score": 0.00021877457038499415,
    "similar_positions": [
      4237,
      5832,
      6357,
      6356,
      252
    ],
    "part_rank": 17,
    "max_other_part_activation": 3956.51611328125,
    "activation_percentile": 99.7425412691201
  }
}