{
  "position_info": {
    "part": 1,
    "rank": 20,
    "global_position": 5144,
    "move_coordinate": "F4",
    "turn_number": 13,
    "npz_file": "B330F9C802154800.npz",
    "board_tensor_file": "pos_5144/board.npy",
    "sgf_file": "pos_5144/game.sgf"
  },
  "nmf_analysis": {
    "activation_strength": 464.3057556152344,
    "rank_in_part": 20,
    "activation_in_other_parts": [
      0.0,
      464.3057556152344,
      0.0,
      42.991294860839844,
      1.404985785484314,
      65.13253784179688,
      0.5248764157295227,
      7.098369598388672,
      0.0,
      0.0,
      0.0,
      0.4099524915218353,
      0.0,
      0.22423042356967926,
      63.786529541015625,
      0.0,
      0.0,
      0.0,
      0.25046271085739136,
      0.0,
      0.004790309816598892,
      0.0,
      0.0,
      0.07256993651390076,
      0.0
    ],
    "channel_activity": [
      49,
      5,
      5,
      0,
      2,
      5,
      0,
      0,
      0,
      1,
      1,
      1,
      1,
      1,
      2,
      1,
      1,
      0,
      5,
      5,
      0,
      0
    ],
    "top_active_channels": [
      [
        0,
        49
      ],
      [
        1,
        5
      ],
      [
        2,
        5
      ],
      [
        5,
        5
      ],
      [
        18,
        5
      ]
    ],
    "total_board_activity": 85
  },
  "go_pattern_analysis": {
    "move_type": "side",
    "game_phase": "opening",
    "turn_number": 13,
    "policy_entropy": -0.0,
    "policy_confidence": 1.0,
    "top_policy_moves": [
      {
        "coord": "(3,5)",
        "percentage": 100.0,
        "count": 122
      }
    ],
    "total_policy_counts": 122
  },
  "part_comparison": {
    "uniqueness_score": 0.8769780397415161,
    "similar_positions": [
      3451,
      2267,
      1757,
      5492,
      5359
    ],
    "part_rank": 20,
    "max_other_part_activation": 65.13253784179688,
    "activation_percentile": 99.69710737543541
  }
}