{
  "position_info": {
    "part": 6,
    "rank": 7,
    "global_position": 254,
    "move_coordinate": "C6",
    "turn_number": 31,
    "npz_file": "1906C337F5CDAFA9.npz",
    "board_tensor_file": "pos_254/board.npy",
    "sgf_file": "pos_254/game.sgf"
  },
  "nmf_analysis": {
    "activation_strength": 0.8974887132644653,
    "rank_in_part": 7,
    "activation_in_other_parts": [
      3151.847412109375,
      471.7914123535156,
      0.0,
      165.1642303466797,
      0.0,
      0.0,
      0.8974887132644653,
      0.0,
      0.0,
      0.0,
      0.0,
      0.0,
      0.0,
      0.4219101369380951,
      0.2556810975074768,
      0.0,
      0.0,
      0.0,
      0.0,
      0.10931893438100815,
      0.021702177822589874,
      0.0,
      0.041420675814151764,
      0.7628770470619202,
      0.0
    ],
    "channel_activity": [
      49,
      6,
      7,
      1,
      1,
      1,
      0,
      0,
      0,
      1,
      1,
      1,
      1,
      1,
      0,
      0,
      0,
      0,
      6,
      7,
      0,
      0
    ],
    "top_active_channels": [
      [
        0,
        49
      ],
      [
        2,
        7
      ],
      [
        19,
        7
      ],
      [
        1,
        6
      ],
      [
        18,
        6
      ]
    ],
    "total_board_activity": 83
  },
  "go_pattern_analysis": {
    "move_type": "corner",
    "game_phase": "middle_game",
    "turn_number": 31,
    "policy_entropy": -0.0,
    "policy_confidence": 1.0,
    "top_policy_moves": [
      {
        "coord": "(5,2)",
        "percentage": 100.0,
        "count": 535
      }
    ],
    "total_policy_counts": 535
  },
  "part_comparison": {
    "uniqueness_score": 0.0002846689894795418,
    "similar_positions": [
      4237,
      5832,
      6357,
      6356,
      252
    ],
    "part_rank": 7,
    "max_other_part_activation": 3151.847412109375,
    "activation_percentile": 99.89398758140238
  }
}