{
  "position_info": {
    "part": 6,
    "rank": 6,
    "global_position": 254,
    "move_coordinate": "C6",
    "turn_number": 31,
    "npz_file": "1906C337F5CDAFA9.npz",
    "board_tensor_file": "pos_254/board.npy",
    "sgf_file": "pos_254/game.sgf"
  },
  "nmf_analysis": {
    "activation_strength": 0.8590443730354309,
    "rank_in_part": 6,
    "activation_in_other_parts": [
      2777.907958984375,
      85.29332733154297,
      0.0,
      150.07435607910156,
      201.66107177734375,
      0.0,
      0.8590443730354309,
      0.41200315952301025,
      0.0,
      0.06459115445613861,
      0.0,
      0.2781955897808075,
      0.0,
      0.43473100662231445,
      0.0,
      0.0,
      0.0,
      0.0,
      0.0,
      0.010828699916601181,
      0.00605599582195282,
      0.0,
      0.6332869529724121,
      0.0,
      0.7339674234390259
    ],
    "channel_activity": [
      49,
      6,
      7,
      1,
      1,
      1,
      0,
      0,
      0,
      1,
      1,
      1,
      1,
      1,
      0,
      0,
      0,
      0,
      6,
      7,
      0,
      0
    ],
    "top_active_channels": [
      [
        0,
        49
      ],
      [
        2,
        7
      ],
      [
        19,
        7
      ],
      [
        1,
        6
      ],
      [
        18,
        6
      ]
    ],
    "total_board_activity": 83
  },
  "go_pattern_analysis": {
    "move_type": "corner",
    "game_phase": "middle_game",
    "turn_number": 31,
    "policy_entropy": -0.0,
    "policy_confidence": 1.0,
    "top_policy_moves": [
      {
        "coord": "(5,2)",
        "percentage": 100.0,
        "count": 535
      }
    ],
    "total_policy_counts": 535
  },
  "part_comparison": {
    "uniqueness_score": 0.0003091458638664335,
    "similar_positions": [
      4150,
      3862,
      5833,
      5834,
      4238
    ],
    "part_rank": 6,
    "max_other_part_activation": 2777.907958984375,
    "activation_percentile": 99.90913221263062
  }
}