{
  "position_info": {
    "part": 7,
    "rank": 20,
    "global_position": 5861,
    "move_coordinate": "E4",
    "turn_number": 4,
    "npz_file": "E3CD9898B9AFF870.npz",
    "board_tensor_file": "pos_5861/board.npy",
    "sgf_file": "pos_5861/game.sgf"
  },
  "nmf_analysis": {
    "activation_strength": 0.0854051262140274,
    "rank_in_part": 20,
    "activation_in_other_parts": [
      0.27737241983413696,
      0.08079086989164352,
      0.0,
      0.028053510934114456,
      0.0197307039052248,
      0.03990448638796806,
      0.017225950956344604,
      0.0854051262140274,
      0.0,
      0.21189627051353455,
      0.0,
      0.0,
      0.05402727052569389,
      0.027243642136454582,
      0.0,
      0.0,
      0.007547340355813503,
      0.0,
      0.016811247915029526,
      0.07932477444410324,
      0.0,
      0.09252392500638962,
      0.0,
      0.0,
      0.12015163898468018,
      0.004968647845089436,
      0.0,
      0.0,
      0.2939179837703705,
      0.0,
      0.040284883230924606,
      0.8998376727104187,
      0.1460636407136917,
      0.010388996452093124,
      0.0,
      0.0016351700760424137,
      0.0,
      0.0,
      0.40401941537857056,
      0.014728776179254055,
      0.08591930568218231,
      0.0,
      0.09864629060029984,
      0.0,
      0.004022549372166395,
      0.037432439625263214,
      0.008999444544315338,
      0.0,
      0.20798929035663605,
      0.004825268406420946
    ],
    "channel_activity": [
      49,
      0,
      1,
      0,
      0,
      0,
      0,
      0,
      0,
      1,
      0,
      0,
      0,
      0,
      0,
      0,
      0,
      0,
      0,
      0,
      0,
      0
    ],
    "top_active_channels": [
      [
        0,
        49
      ],
      [
        2,
        1
      ],
      [
        9,
        1
      ],
      [
        1,
        0
      ],
      [
        3,
        0
      ]
    ],
    "total_board_activity": 51
  },
  "go_pattern_analysis": {
    "move_type": "side",
    "game_phase": "opening",
    "turn_number": 4,
    "policy_entropy": 1.8960711525514522,
    "policy_confidence": 0.403954802259887,
    "top_policy_moves": [
      {
        "coord": "(3,4)",
        "percentage": 40.4,
        "count": 286
      },
      {
        "coord": "(3,2)",
        "percentage": 24.0,
        "count": 170
      },
      {
        "coord": "(4,4)",
        "percentage": 21.8,
        "count": 154
      },
      {
        "coord": "(4,2)",
        "percentage": 13.8,
        "count": 98
      }
    ],
    "total_policy_counts": 708
  },
  "part_comparison": {
    "uniqueness_score": 0.08668434619903564,
    "similar_positions": [
      6366,
      786,
      5850,
      1821,
      6323
    ],
    "part_rank": 20,
    "max_other_part_activation": 0.8998376727104187,
    "activation_percentile": 99.69710737543541
  }
}