{
  "position_info": {
    "part": 8,
    "rank": 7,
    "global_position": 5051,
    "move_coordinate": "E5",
    "turn_number": 5,
    "npz_file": "B330F9C802154800.npz",
    "board_tensor_file": "pos_5051/board.npy",
    "sgf_file": "pos_5051/game.sgf"
  },
  "nmf_analysis": {
    "activation_strength": 0.5125012993812561,
    "rank_in_part": 7,
    "activation_in_other_parts": [
      0.11441656947135925,
      0.1113448217511177,
      0.029018724337220192,
      0.1878456026315689,
      0.06833998113870621,
      0.0,
      0.04886060208082199,
      0.23244191706180573,
      0.5125012993812561,
      0.18971878290176392,
      0.0348542146384716,
      0.0889274850487709,
      0.17446930706501007,
      0.0,
      0.09940740466117859,
      0.23387111723423004,
      0.3367730677127838,
      0.009892469272017479,
      0.1669844537973404,
      0.0,
      0.17972855269908905,
      0.0,
      0.004775036126375198,
      0.07403524219989777,
      0.4193041920661926
    ],
    "channel_activity": [
      49,
      6,
      7,
      0,
      1,
      1,
      0,
      0,
      0,
      1,
      1,
      1,
      1,
      1,
      1,
      1,
      0,
      0,
      6,
      7,
      0,
      0
    ],
    "top_active_channels": [
      [
        0,
        49
      ],
      [
        2,
        7
      ],
      [
        19,
        7
      ],
      [
        1,
        6
      ],
      [
        18,
        6
      ]
    ],
    "total_board_activity": 84
  },
  "go_pattern_analysis": {
    "move_type": "corner",
    "game_phase": "opening",
    "turn_number": 5,
    "policy_entropy": 0.055955277776807394,
    "policy_confidence": 0.9942965779467681,
    "top_policy_moves": [
      {
        "coord": "(4,4)",
        "percentage": 99.4,
        "count": 523
      },
      {
        "coord": "(6,1)",
        "percentage": 0.4,
        "count": 2
      },
      {
        "coord": "(2,5)",
        "percentage": 0.2,
        "count": 1
      }
    ],
    "total_policy_counts": 526
  },
  "part_comparison": {
    "uniqueness_score": 0.5500088930130005,
    "similar_positions": [
      1909,
      4911,
      3071,
      5154,
      3124
    ],
    "part_rank": 7,
    "max_other_part_activation": 0.4193041920661926,
    "activation_percentile": 99.89398758140238
  }
}