{
  "position_info": {
    "part": 47,
    "rank": 15,
    "global_position": 1267,
    "move_coordinate": "G2",
    "turn_number": 19,
    "npz_file": "1D638D50844BD930.npz",
    "board_tensor_file": "pos_1267/board.npy",
    "sgf_file": "pos_1267/game.sgf"
  },
  "nmf_analysis": {
    "activation_strength": 0.332999050617218,
    "rank_in_component": 15,
    "activation_in_other_components": [
      0.038995880633592606,
      0.013897377997636795,
      0.0,
      0.003492955816909671,
      0.006229070946574211,
      0.0,
      0.13184966146945953,
      0.005455750040709972,
      0.03363295644521713,
      0.05624985694885254,
      0.04586555436253548,
      0.030855217948555946,
      0.033354807645082474,
      0.005377824883908033,
      0.01305034477263689,
      0.010096635669469833,
      0.007764255162328482,
      6.607985415030271e-05,
      0.011251899413764477,
      0.011592099443078041,
      0.013544189743697643,
      0.03569628670811653,
      0.014051840640604496,
      0.034579236060380936,
      0.0650143250823021,
      0.0046203769743442535,
      0.004688360262662172,
      0.014461053535342216,
      0.0,
      0.26881542801856995,
      0.1007368266582489,
      0.0800551250576973,
      0.15169347822666168,
      0.3046337068080902,
      0.03958560898900032,
      0.21104136109352112,
      0.04869377240538597,
      0.025881588459014893,
      0.0884593278169632,
      0.1067938357591629,
      0.01359837967902422,
      0.06840362399816513,
      0.009420949965715408,
      0.07700422406196594,
      0.24961885809898376,
      0.07777684926986694,
      0.1438162624835968,
      0.332999050617218,
      0.17497618496418,
      0.4320405423641205
    ],
    "channel_activity": [
      49,
      9,
      9,
      0,
      9,
      1,
      0,
      0,
      0,
      1,
      1,
      1,
      1,
      1,
      2,
      1,
      1,
      1,
      28,
      10,
      0,
      0
    ],
    "top_active_channels": [
      [
        0,
        49
      ],
      [
        18,
        28
      ],
      [
        19,
        10
      ],
      [
        1,
        9
      ],
      [
        2,
        9
      ]
    ],
    "total_board_activity": 125
  },
  "go_pattern_analysis": {
    "move_type": "corner",
    "game_phase": "opening",
    "turn_number": 19,
    "policy_entropy": 1.440332916926833,
    "policy_confidence": 0.5804195804195804,
    "top_policy_moves": [
      {
        "coord": "(1,6)",
        "percentage": 58.0,
        "count": 166
      },
      {
        "coord": "(2,5)",
        "percentage": 32.9,
        "count": 94
      },
      {
        "coord": "(4,1)",
        "percentage": 3.5,
        "count": 10
      },
      {
        "coord": "(2,6)",
        "percentage": 3.1,
        "count": 9
      },
      {
        "coord": "(4,2)",
        "percentage": 2.4,
        "count": 7
      }
    ],
    "total_policy_counts": 286
  },
  "component_comparison": {
    "uniqueness_score": 0.43527036905288696,
    "similar_positions": [
      4663,
      6024,
      550,
      5873,
      3849
    ],
    "component_rank": 15,
    "max_other_component_activation": 0.4320405423641205,
    "activation_percentile": 99.77283053157655
  }
}