{
  "position_info": {
    "part": 9,
    "rank": 10,
    "global_position": 2891,
    "move_coordinate": "D3",
    "turn_number": 6,
    "npz_file": "76F9EC3EB6A76AA0.npz",
    "board_tensor_file": "pos_2891/board.npy",
    "sgf_file": "pos_2891/game.sgf"
  },
  "nmf_analysis": {
    "activation_strength": 0.5219400525093079,
    "rank_in_part": 10,
    "activation_in_other_parts": [
      0.20779471099376678,
      0.17127397656440735,
      0.21849514544010162,
      0.16074027121067047,
      0.5126203894615173,
      0.0,
      0.17685876786708832,
      0.008093787357211113,
      0.07463992387056351,
      0.5219400525093079,
      0.0,
      0.15842518210411072,
      0.0,
      0.0,
      0.06796727329492569,
      0.037082768976688385,
      0.7037761807441711,
      0.0,
      0.006585715804249048,
      0.1534280925989151,
      0.0,
      0.032073356211185455,
      0.0,
      0.0,
      0.05433053523302078
    ],
    "channel_activity": [
      49,
      1,
      2,
      0,
      1,
      2,
      0,
      0,
      0,
      1,
      1,
      1,
      0,
      0,
      0,
      0,
      0,
      0,
      1,
      2,
      0,
      0
    ],
    "top_active_channels": [
      [
        0,
        49
      ],
      [
        2,
        2
      ],
      [
        5,
        2
      ],
      [
        19,
        2
      ],
      [
        1,
        1
      ]
    ],
    "total_board_activity": 61
  },
  "go_pattern_analysis": {
    "move_type": "side",
    "game_phase": "opening",
    "turn_number": 6,
    "policy_entropy": 0.058606659044816524,
    "policy_confidence": 0.9944237918215614,
    "top_policy_moves": [
      {
        "coord": "(2,3)",
        "percentage": 99.4,
        "count": 535
      },
      {
        "coord": "(5,1)",
        "percentage": 0.2,
        "count": 1
      },
      {
        "coord": "(4,2)",
        "percentage": 0.2,
        "count": 1
      },
      {
        "coord": "(5,2)",
        "percentage": 0.2,
        "count": 1
      }
    ],
    "total_policy_counts": 538
  },
  "part_comparison": {
    "uniqueness_score": 0.4258245527744293,
    "similar_positions": [
      988,
      1663,
      3429,
      1802,
      6427
    ],
    "part_rank": 10,
    "max_other_part_activation": 0.7037761807441711,
    "activation_percentile": 99.8485536877177
  }
}