{
  "position_info": {
    "part": 13,
    "rank": 2,
    "global_position": 3359,
    "move_coordinate": "E4",
    "turn_number": 22,
    "npz_file": "AAE4EE8DC9A92FFF.npz",
    "board_tensor_file": "pos_3359/board.npy",
    "sgf_file": "pos_3359/game.sgf"
  },
  "nmf_analysis": {
    "activation_strength": 0.6682019233703613,
    "rank_in_part": 2,
    "activation_in_other_parts": [
      268.0213317871094,
      81.6917953491211,
      0.0,
      55.47697067260742,
      9.947072982788086,
      83.24950408935547,
      0.0,
      0.0,
      0.0,
      0.0,
      118.2203140258789,
      0.0,
      0.0,
      0.6682019233703613,
      35.3992805480957,
      0.1775241494178772,
      0.0,
      0.0,
      0.0,
      0.0,
      0.0,
      0.0,
      0.10808593034744263,
      0.02094608172774315,
      0.0
    ],
    "channel_activity": [
      49,
      1,
      1,
      0,
      0,
      0,
      0,
      0,
      0,
      1,
      1,
      0,
      0,
      0,
      0,
      0,
      0,
      0,
      1,
      1,
      0,
      0
    ],
    "top_active_channels": [
      [
        0,
        49
      ],
      [
        1,
        1
      ],
      [
        2,
        1
      ],
      [
        9,
        1
      ],
      [
        10,
        1
      ]
    ],
    "total_board_activity": 55
  },
  "go_pattern_analysis": {
    "move_type": "side",
    "game_phase": "opening",
    "turn_number": 22,
    "policy_entropy": 1.352997558278718,
    "policy_confidence": 0.5571658615136876,
    "top_policy_moves": [
      {
        "coord": "(3,4)",
        "percentage": 55.7,
        "count": 346
      },
      {
        "coord": "(4,4)",
        "percentage": 36.9,
        "count": 229
      },
      {
        "coord": "(4,2)",
        "percentage": 3.9,
        "count": 24
      },
      {
        "coord": "(3,2)",
        "percentage": 3.5,
        "count": 22
      }
    ],
    "total_policy_counts": 621
  },
  "part_comparison": {
    "uniqueness_score": 0.0024868922773748636,
    "similar_positions": [
      5524,
      3435,
      3436,
      1569,
      582
    ],
    "part_rank": 2,
    "max_other_part_activation": 268.0213317871094,
    "activation_percentile": 99.96971073754354
  }
}