{
  "position_info": {
    "part": 12,
    "rank": 2,
    "global_position": 1081,
    "move_coordinate": "E3",
    "turn_number": 5,
    "npz_file": "1D638D50844BD930.npz",
    "board_tensor_file": "pos_1081/board.npy",
    "sgf_file": "pos_1081/game.sgf"
  },
  "nmf_analysis": {
    "activation_strength": 0.07635021954774857,
    "rank_in_component": 2,
    "activation_in_other_components": [
      0.005862620193511248,
      0.007255868520587683,
      0.0,
      0.00024948050850071013,
      0.0,
      0.004668863490223885,
      0.16364504396915436,
      0.004445348866283894,
      0.047585379332304,
      0.11342691630125046,
      0.0721718817949295,
      0.0414590910077095,
      0.07635021954774857,
      0.0,
      0.00953611172735691,
      0.049337636679410934,
      0.0013931188732385635,
      0.00013319164281710982,
      0.0004961556987836957,
      0.0,
      0.016677875071763992,
      0.07897297292947769,
      0.019197333604097366,
      0.021212181076407433,
      0.12996147572994232,
      0.00022388940851669759,
      0.009781548753380775,
      0.0,
      0.0,
      0.0,
      0.06677471101284027,
      0.18928614258766174,
      0.12938450276851654,
      0.001310329302214086,
      0.0,
      0.08816749602556229,
      0.0,
      0.0,
      0.6400513052940369,
      0.0,
      0.07902804017066956,
      0.0,
      0.0,
      0.07333669066429138,
      0.11626944690942764,
      0.18825656175613403,
      0.0,
      0.053369324654340744,
      0.18598879873752594,
      0.4855644702911377
    ],
    "channel_activity": [
      49,
      2,
      2,
      0,
      2,
      2,
      0,
      0,
      0,
      1,
      1,
      1,
      1,
      0,
      0,
      0,
      0,
      0,
      2,
      2,
      0,
      0
    ],
    "top_active_channels": [
      [
        0,
        49
      ],
      [
        1,
        2
      ],
      [
        2,
        2
      ],
      [
        4,
        2
      ],
      [
        5,
        2
      ]
    ],
    "total_board_activity": 65
  },
  "go_pattern_analysis": {
    "move_type": "corner",
    "game_phase": "opening",
    "turn_number": 5,
    "policy_entropy": -0.0,
    "policy_confidence": 1.0,
    "top_policy_moves": [
      {
        "coord": "(2,4)",
        "percentage": 100.0,
        "count": 539
      }
    ],
    "total_policy_counts": 539
  },
  "component_comparison": {
    "uniqueness_score": 0.10657461732625961,
    "similar_positions": [
      3178,
      2963,
      480,
      4798,
      3180
    ],
    "component_rank": 2,
    "max_other_component_activation": 0.6400513052940369,
    "activation_percentile": 99.96971073754354
  }
}