{
  "position_info": {
    "part": 38,
    "rank": 13,
    "global_position": 3844,
    "move_coordinate": "D3",
    "turn_number": 5,
    "npz_file": "AAE4EE8DC9A92FFF.npz",
    "board_tensor_file": "pos_3844/board.npy",
    "sgf_file": "pos_3844/game.sgf"
  },
  "nmf_analysis": {
    "activation_strength": 0.8165490031242371,
    "rank_in_component": 13,
    "activation_in_other_components": [
      0.0,
      0.04013044014573097,
      0.0,
      0.0,
      0.0,
      0.0040710484609007835,
      0.1238943487405777,
      0.018647240474820137,
      0.011091024614870548,
      0.1056058406829834,
      0.03577983379364014,
      0.03382611647248268,
      0.06104659661650658,
      0.0,
      0.0011423814576119184,
      0.09389622509479523,
      0.0,
      0.0003070617967750877,
      0.0,
      0.0,
      0.0015828090254217386,
      0.06350258737802505,
      0.005187637638300657,
      0.0,
      0.10953960567712784,
      0.0,
      0.0047363839112222195,
      0.0,
      0.0,
      0.0,
      0.05866122245788574,
      0.26907095313072205,
      0.022192412987351418,
      0.0,
      0.0,
      0.047306716442108154,
      0.0,
      0.0,
      0.8165490031242371,
      0.0,
      0.08124632388353348,
      0.0,
      0.07464645802974701,
      0.0,
      0.0,
      0.24976196885108948,
      0.0,
      0.0,
      0.06631255149841309,
      0.4923264682292938
    ],
    "channel_activity": [
      49,
      1,
      1,
      0,
      0,
      2,
      0,
      0,
      0,
      1,
      1,
      0,
      0,
      0,
      0,
      0,
      0,
      0,
      1,
      1,
      0,
      0
    ],
    "top_active_channels": [
      [
        0,
        49
      ],
      [
        5,
        2
      ],
      [
        1,
        1
      ],
      [
        2,
        1
      ],
      [
        9,
        1
      ]
    ],
    "total_board_activity": 57
  },
  "go_pattern_analysis": {
    "move_type": "side",
    "game_phase": "opening",
    "turn_number": 5,
    "policy_entropy": -0.0,
    "policy_confidence": 1.0,
    "top_policy_moves": [
      {
        "coord": "(2,3)",
        "percentage": 100.0,
        "count": 158
      }
    ],
    "total_policy_counts": 158
  },
  "component_comparison": {
    "uniqueness_score": 0.6238554120063782,
    "similar_positions": [
      2978,
      5626,
      5462,
      5625,
      5933
    ],
    "component_rank": 13,
    "max_other_component_activation": 0.4923264682292938,
    "activation_percentile": 99.80311979403301
  }
}