{
  "position_info": {
    "part": 5,
    "rank": 9,
    "global_position": 472,
    "move_coordinate": "A1",
    "turn_number": 1,
    "npz_file": "1906C337F5CDAFA9.npz",
    "board_tensor_file": "pos_472/board.npy",
    "sgf_file": "pos_472/game.sgf"
  },
  "nmf_analysis": {
    "activation_strength": 0.057647500187158585,
    "rank_in_component": 9,
    "activation_in_other_components": [
      0.14270657300949097,
      0.09253869205713272,
      0.0,
      0.015158403664827347,
      0.013120473362505436,
      0.057647500187158585,
      0.0,
      0.034268975257873535,
      0.0,
      0.09242639690637589,
      0.0006189042469486594,
      0.04316166415810585,
      0.04471365734934807,
      0.03326293081045151,
      0.0,
      0.004623647779226303,
      0.0,
      0.0006829266203567386,
      0.0,
      0.04635310173034668,
      0.0,
      0.05855284258723259,
      0.0,
      0.0,
      0.11418776959180832,
      0.0,
      0.0,
      0.0,
      0.40572717785835266,
      0.18142029643058777,
      0.005241341423243284,
      0.0199759341776371,
      0.10078055411577225,
      0.21795089542865753,
      0.28754809498786926,
      0.0,
      0.351428747177124,
      0.05730188265442848,
      0.0,
      0.10441019386053085,
      0.03960355371236801,
      0.22459100186824799,
      0.0,
      5.5912183597683907e-05,
      0.08891928195953369,
      0.05910082161426544,
      0.06121712177991867,
      0.128187894821167,
      0.23531128466129303,
      0.2747260630130768
    ],
    "channel_activity": [
      49,
      13,
      15,
      1,
      2,
      0,
      0,
      0,
      0,
      1,
      1,
      1,
      0,
      0,
      0,
      1,
      0,
      0,
      0,
      0,
      0,
      0
    ],
    "top_active_channels": [
      [
        0,
        49
      ],
      [
        2,
        15
      ],
      [
        1,
        13
      ],
      [
        4,
        2
      ],
      [
        3,
        1
      ]
    ],
    "total_board_activity": 84
  },
  "go_pattern_analysis": {
    "move_type": "corner",
    "game_phase": "opening",
    "turn_number": 1,
    "policy_entropy": 5.643856189774725,
    "policy_confidence": 0.02,
    "top_policy_moves": [
      {
        "coord": "PASS",
        "percentage": 2.0,
        "count": 1
      },
      {
        "coord": "(1,5)",
        "percentage": 2.0,
        "count": 1
      },
      {
        "coord": "(3,1)",
        "percentage": 2.0,
        "count": 1
      },
      {
        "coord": "(3,0)",
        "percentage": 2.0,
        "count": 1
      },
      {
        "coord": "(2,6)",
        "percentage": 2.0,
        "count": 1
      }
    ],
    "total_policy_counts": 50
  },
  "component_comparison": {
    "uniqueness_score": 0.12440796196460724,
    "similar_positions": [
      1954,
      2742,
      6368,
      1227,
      1973
    ],
    "component_rank": 9,
    "max_other_component_activation": 0.40572717785835266,
    "activation_percentile": 99.86369831894594
  }
}