{
  "position_info": {
    "part": 5,
    "rank": 16,
    "global_position": 585,
    "move_coordinate": "E4",
    "turn_number": 6,
    "npz_file": "1906C337F5CDAFA9.npz",
    "board_tensor_file": "pos_585/board.npy",
    "sgf_file": "pos_585/game.sgf"
  },
  "nmf_analysis": {
    "activation_strength": 0.05310076102614403,
    "rank_in_part": 16,
    "activation_in_other_parts": [
      0.26620978116989136,
      0.020144760608673096,
      0.0,
      0.02623835951089859,
      0.01331011950969696,
      0.05310076102614403,
      0.024895211681723595,
      0.028066370636224747,
      0.08503369987010956,
      0.13014313578605652,
      0.10181793570518494,
      0.006438507232815027,
      0.056672386825084686,
      0.0170585960149765,
      0.04244251176714897,
      0.0,
      0.016554052010178566,
      0.0005556034739129245,
      0.02446216158568859,
      0.035859473049640656,
      0.0511121042072773,
      0.07143007963895798,
      0.04906405508518219,
      0.049253180623054504,
      0.10163694620132446,
      0.007718371693044901,
      0.01705113984644413,
      0.0,
      0.18891498446464539,
      0.04359488934278488,
      0.0,
      0.7764553427696228,
      0.24693919718265533,
      0.028980791568756104,
      0.0,
      0.0,
      0.0,
      0.0,
      0.3869699537754059,
      0.014033055864274502,
      0.06247419863939285,
      0.09036023169755936,
      0.07025928050279617,
      0.01862134411931038,
      0.0,
      0.0,
      0.0,
      0.0,
      0.38728857040405273,
      0.032746899873018265
    ],
    "channel_activity": [
      49,
      1,
      2,
      0,
      1,
      2,
      0,
      0,
      0,
      1,
      1,
      1,
      0,
      0,
      0,
      0,
      0,
      0,
      1,
      2,
      0,
      0
    ],
    "top_active_channels": [
      [
        0,
        49
      ],
      [
        2,
        2
      ],
      [
        5,
        2
      ],
      [
        19,
        2
      ],
      [
        1,
        1
      ]
    ],
    "total_board_activity": 61
  },
  "go_pattern_analysis": {
    "move_type": "side",
    "game_phase": "opening",
    "turn_number": 6,
    "policy_entropy": -0.0,
    "policy_confidence": 1.0,
    "top_policy_moves": [
      {
        "coord": "(3,4)",
        "percentage": 100.0,
        "count": 279
      }
    ],
    "total_policy_counts": 279
  },
  "part_comparison": {
    "uniqueness_score": 0.06401105225086212,
    "similar_positions": [
      1954,
      2742,
      6368,
      1227,
      1973
    ],
    "part_rank": 16,
    "max_other_part_activation": 0.7764553427696228,
    "activation_percentile": 99.75768590034832
  }
}