{
  "position_info": {
    "part": 12,
    "rank": 6,
    "global_position": 5312,
    "move_coordinate": "E2",
    "turn_number": 20,
    "npz_file": "BADFFB51627F24FD.npz",
    "board_tensor_file": "pos_5312/board.npy",
    "sgf_file": "pos_5312/game.sgf"
  },
  "nmf_analysis": {
    "activation_strength": 0.969571053981781,
    "rank_in_part": 6,
    "activation_in_other_parts": [
      0.0,
      559.1835327148438,
      383.50042724609375,
      61.70393753051758,
      9.481431007385254,
      0.0,
      0.21207693219184875,
      0.0,
      0.0,
      0.0,
      0.5053912401199341,
      0.0,
      0.969571053981781,
      0.15914884209632874,
      0.0,
      0.43567636609077454,
      0.0,
      0.0,
      0.0,
      0.0,
      0.0,
      0.0,
      0.0,
      0.0,
      0.0
    ],
    "channel_activity": [
      49,
      5,
      6,
      0,
      1,
      5,
      0,
      0,
      0,
      1,
      1,
      1,
      1,
      1,
      1,
      2,
      1,
      1,
      0,
      0,
      0,
      0
    ],
    "top_active_channels": [
      [
        0,
        49
      ],
      [
        2,
        6
      ],
      [
        1,
        5
      ],
      [
        5,
        5
      ],
      [
        15,
        2
      ]
    ],
    "total_board_activity": 76
  },
  "go_pattern_analysis": {
    "move_type": "corner",
    "game_phase": "opening",
    "turn_number": 20,
    "policy_entropy": -0.0,
    "policy_confidence": 1.0,
    "top_policy_moves": [
      {
        "coord": "(1,4)",
        "percentage": 100.0,
        "count": 419
      }
    ],
    "total_policy_counts": 419
  },
  "part_comparison": {
    "uniqueness_score": 0.0017309037502855062,
    "similar_positions": [
      2156,
      4142,
      1311,
      5043,
      4493
    ],
    "part_rank": 4,
    "max_other_part_activation": 559.1835327148438,
    "activation_percentile": 99.93942147508709
  }
}