{
  "position_info": {
    "part": 12,
    "rank": 11,
    "global_position": 5312,
    "move_coordinate": "E2",
    "turn_number": 20,
    "npz_file": "BADFFB51627F24FD.npz",
    "board_tensor_file": "pos_5312/board.npy",
    "sgf_file": "pos_5312/game.sgf"
  },
  "nmf_analysis": {
    "activation_strength": 0.9842120409011841,
    "rank_in_part": 11,
    "activation_in_other_parts": [
      0.0,
      133.67388916015625,
      387.8582763671875,
      71.11742401123047,
      227.54966735839844,
      0.0,
      0.18430308997631073,
      0.5937491059303284,
      0.0,
      0.3904668390750885,
      0.0,
      0.0,
      0.9842120409011841,
      0.08368713408708572,
      0.14924028515815735,
      0.17152799665927887,
      0.3982500433921814,
      0.0,
      0.0398762971162796,
      0.0,
      0.0,
      0.02641809731721878,
      0.0,
      0.0,
      0.04764091968536377
    ],
    "channel_activity": [
      49,
      5,
      6,
      0,
      1,
      5,
      0,
      0,
      0,
      1,
      1,
      1,
      1,
      1,
      1,
      2,
      1,
      1,
      0,
      0,
      0,
      0
    ],
    "top_active_channels": [
      [
        0,
        49
      ],
      [
        2,
        6
      ],
      [
        1,
        5
      ],
      [
        5,
        5
      ],
      [
        15,
        2
      ]
    ],
    "total_board_activity": 76
  },
  "go_pattern_analysis": {
    "move_type": "corner",
    "game_phase": "opening",
    "turn_number": 20,
    "policy_entropy": -0.0,
    "policy_confidence": 1.0,
    "top_policy_moves": [
      {
        "coord": "(1,4)",
        "percentage": 100.0,
        "count": 419
      }
    ],
    "total_policy_counts": 419
  },
  "part_comparison": {
    "uniqueness_score": 0.0025311328936368227,
    "similar_positions": [
      3055,
      6398,
      1894,
      2360,
      6351
    ],
    "part_rank": 11,
    "max_other_part_activation": 387.8582763671875,
    "activation_percentile": 99.83340905648947
  }
}