{
  "position_info": {
    "part": 3,
    "rank": 9,
    "global_position": 3326,
    "move_coordinate": "F4",
    "turn_number": 14,
    "npz_file": "AAE4EE8DC9A92FFF.npz",
    "board_tensor_file": "pos_3326/board.npy",
    "sgf_file": "pos_3326/game.sgf"
  },
  "nmf_analysis": {
    "activation_strength": 0.03931080177426338,
    "rank_in_part": 9,
    "activation_in_other_parts": [
      0.2561183571815491,
      0.00270643038675189,
      0.0,
      0.03931080177426338,
      0.03562627360224724,
      0.04117162525653839,
      0.02450120821595192,
      0.041821204125881195,
      0.0,
      0.20496360957622528,
      0.0,
      0.0,
      0.05147169530391693,
      0.0128112081438303,
      0.0028501534834504128,
      0.0,
      0.006789134815335274,
      0.0,
      0.019194796681404114,
      0.056015077978372574,
      0.005656752735376358,
      0.09866383671760559,
      0.0037179123610258102,
      0.002215470653027296,
      0.130187526345253,
      0.004166005179286003,
      0.0012042807647958398,
      0.007097326684743166,
      0.10768620669841766,
      0.0,
      0.34202811121940613,
      0.2243736982345581,
      0.0,
      0.07526845484972,
      0.040356144309043884,
      0.009044677950441837,
      0.01090481411665678,
      0.025962654501199722,
      0.14307136833667755,
      0.020933298394083977,
      0.3026493191719055,
      0.08716904371976852,
      0.06433628499507904,
      0.06464536488056183,
      0.011033028364181519,
      0.08726518601179123,
      0.1529311239719391,
      0.028519077226519585,
      0.4753822684288025,
      0.23816882073879242
    ],
    "channel_activity": [
      49,
      4,
      5,
      0,
      0,
      3,
      0,
      0,
      0,
      1,
      1,
      1,
      1,
      1,
      0,
      0,
      0,
      0,
      0,
      0,
      0,
      0
    ],
    "top_active_channels": [
      [
        0,
        49
      ],
      [
        2,
        5
      ],
      [
        1,
        4
      ],
      [
        5,
        3
      ],
      [
        9,
        1
      ]
    ],
    "total_board_activity": 66
  },
  "go_pattern_analysis": {
    "move_type": "side",
    "game_phase": "opening",
    "turn_number": 14,
    "policy_entropy": -0.0,
    "policy_confidence": 1.0,
    "top_policy_moves": [
      {
        "coord": "(3,5)",
        "percentage": 100.0,
        "count": 406
      }
    ],
    "total_policy_counts": 406
  },
  "part_comparison": {
    "uniqueness_score": 0.07637716829776764,
    "similar_positions": [
      426,
      4798,
      1704,
      5385,
      5609
    ],
    "part_rank": 9,
    "max_other_part_activation": 0.4753822684288025,
    "activation_percentile": 99.86369831894594
  }
}