{
  "position_info": {
    "part": 8,
    "rank": 19,
    "global_position": 3326,
    "move_coordinate": "F4",
    "turn_number": 14,
    "npz_file": "AAE4EE8DC9A92FFF.npz",
    "board_tensor_file": "pos_3326/board.npy",
    "sgf_file": "pos_3326/game.sgf"
  },
  "nmf_analysis": {
    "activation_strength": 0.69525146484375,
    "rank_in_part": 19,
    "activation_in_other_parts": [
      734.8563232421875,
      396.119384765625,
      84.06771850585938,
      0.0,
      40.22772216796875,
      0.0,
      0.0,
      3.530773401260376,
      0.69525146484375,
      0.019039735198020935,
      65.86003875732422,
      0.0,
      0.047730736434459686,
      0.3166274130344391,
      0.0,
      0.0,
      0.0,
      0.0,
      0.0,
      0.0,
      0.0,
      0.02410188317298889,
      0.36725085973739624,
      0.0,
      0.003714635968208313
    ],
    "channel_activity": [
      49,
      4,
      5,
      0,
      0,
      3,
      0,
      0,
      0,
      1,
      1,
      1,
      1,
      1,
      0,
      0,
      0,
      0,
      0,
      0,
      0,
      0
    ],
    "top_active_channels": [
      [
        0,
        49
      ],
      [
        2,
        5
      ],
      [
        1,
        4
      ],
      [
        5,
        3
      ],
      [
        9,
        1
      ]
    ],
    "total_board_activity": 66
  },
  "go_pattern_analysis": {
    "move_type": "side",
    "game_phase": "opening",
    "turn_number": 14,
    "policy_entropy": -0.0,
    "policy_confidence": 1.0,
    "top_policy_moves": [
      {
        "coord": "(3,5)",
        "percentage": 100.0,
        "count": 406
      }
    ],
    "total_policy_counts": 406
  },
  "part_comparison": {
    "uniqueness_score": 0.0009452110389247537,
    "similar_positions": [
      6368,
      88,
      4550,
      1244,
      1578
    ],
    "part_rank": 19,
    "max_other_part_activation": 734.8563232421875,
    "activation_percentile": 99.71225200666363
  }
}