{
  "position_info": {
    "part": 8,
    "rank": 2,
    "global_position": 1663,
    "move_coordinate": "A1",
    "turn_number": 1,
    "npz_file": "1D638D50844BD930.npz",
    "board_tensor_file": "pos_1663/board.npy",
    "sgf_file": "pos_1663/game.sgf"
  },
  "nmf_analysis": {
    "activation_strength": 0.15290306508541107,
    "rank_in_part": 2,
    "activation_in_other_parts": [
      0.28061434626579285,
      0.0,
      0.0,
      0.02889539860188961,
      0.01634535938501358,
      0.05047471821308136,
      0.0,
      0.0,
      0.15290306508541107,
      0.0413752980530262,
      0.18098287284374237,
      0.0,
      0.030869383364915848,
      0.004824972711503506,
      0.08082175254821777,
      0.0,
      0.028525641188025475,
      0.000869319133926183,
      0.0429818332195282,
      0.0,
      0.09993456304073334,
      0.023877395316958427,
      0.0927598774433136,
      0.08097323030233383,
      0.029836485162377357,
      0.013417944312095642,
      0.031062684953212738,
      0.0,
      0.12393798679113388,
      0.11182151734828949,
      0.005008333828300238,
      0.6664453148841858,
      0.28479576110839844,
      0.0,
      0.00754148792475462,
      0.0,
      0.019590966403484344,
      0.0,
      0.3653388023376465,
      0.0060390871949493885,
      0.07774187624454498,
      0.1625308394432068,
      0.12178092449903488,
      0.036784183233976364,
      0.0,
      0.0,
      0.0009595835581421852,
      0.0,
      0.45478126406669617,
      0.015999604016542435
    ],
    "channel_activity": [
      49,
      2,
      3,
      0,
      3,
      2,
      0,
      0,
      0,
      1,
      1,
      1,
      1,
      1,
      0,
      0,
      0,
      0,
      0,
      0,
      0,
      0
    ],
    "top_active_channels": [
      [
        0,
        49
      ],
      [
        2,
        3
      ],
      [
        4,
        3
      ],
      [
        1,
        2
      ],
      [
        5,
        2
      ]
    ],
    "total_board_activity": 64
  },
  "go_pattern_analysis": {
    "move_type": "corner",
    "game_phase": "opening",
    "turn_number": 1,
    "policy_entropy": 5.643856189774725,
    "policy_confidence": 0.02,
    "top_policy_moves": [
      {
        "coord": "PASS",
        "percentage": 2.0,
        "count": 1
      },
      {
        "coord": "(1,5)",
        "percentage": 2.0,
        "count": 1
      },
      {
        "coord": "(3,1)",
        "percentage": 2.0,
        "count": 1
      },
      {
        "coord": "(3,0)",
        "percentage": 2.0,
        "count": 1
      },
      {
        "coord": "(2,6)",
        "percentage": 2.0,
        "count": 1
      }
    ],
    "total_policy_counts": 50
  },
  "part_comparison": {
    "uniqueness_score": 0.18661543726921082,
    "similar_positions": [
      988,
      4684,
      2356,
      1529,
      1941
    ],
    "part_rank": 2,
    "max_other_part_activation": 0.6664453148841858,
    "activation_percentile": 99.96971073754354
  }
}