{
  "position_info": {
    "part": 0,
    "rank": 12,
    "global_position": 5461,
    "move_coordinate": "D3",
    "turn_number": 3,
    "npz_file": "BADFFB51627F24FD.npz",
    "board_tensor_file": "pos_5461/board.npy",
    "sgf_file": "pos_5461/game.sgf"
  },
  "nmf_analysis": {
    "activation_strength": 0.30112224817276,
    "rank_in_component": 12,
    "activation_in_other_components": [
      0.30112224817276,
      0.065943643450737,
      0.0,
      0.027330445125699043,
      0.016603581607341766,
      0.043049175292253494,
      0.0,
      0.08371449261903763,
      0.0,
      0.21427711844444275,
      0.0,
      0.05049296095967293,
      0.05002906173467636,
      0.027115430682897568,
      0.0005675337160937488,
      0.07824426889419556,
      0.017008114606142044,
      0.0,
      0.025201788172125816,
      0.08148786425590515,
      0.0,
      0.08937831968069077,
      0.0,
      0.0,
      0.1111554503440857,
      0.009200386703014374,
      0.0,
      0.0,
      0.28645068407058716,
      0.0,
      0.039679694920778275,
      0.9190179705619812,
      0.1425650715827942,
      0.0,
      0.0,
      0.0,
      0.0,
      0.0,
      0.38681232929229736,
      0.02195381373167038,
      0.08593357354402542,
      0.001905964221805334,
      0.11464168131351471,
      0.012429389171302319,
      0.0,
      0.019163401797413826,
      0.00947512872517109,
      0.0,
      0.2113112360239029,
      0.0
    ],
    "channel_activity": [
      49,
      0,
      1,
      0,
      0,
      0,
      0,
      0,
      0,
      1,
      0,
      0,
      0,
      0,
      0,
      0,
      0,
      0,
      0,
      0,
      0,
      0
    ],
    "top_active_channels": [
      [
        0,
        49
      ],
      [
        2,
        1
      ],
      [
        9,
        1
      ],
      [
        1,
        0
      ],
      [
        3,
        0
      ]
    ],
    "total_board_activity": 51
  },
  "go_pattern_analysis": {
    "move_type": "side",
    "game_phase": "opening",
    "turn_number": 3,
    "policy_entropy": 1.799233611206533,
    "policy_confidence": 0.48005698005698005,
    "top_policy_moves": [
      {
        "coord": "(2,3)",
        "percentage": 48.0,
        "count": 337
      },
      {
        "coord": "(4,3)",
        "percentage": 23.5,
        "count": 165
      },
      {
        "coord": "(2,4)",
        "percentage": 15.2,
        "count": 107
      },
      {
        "coord": "(4,4)",
        "percentage": 13.2,
        "count": 93
      }
    ],
    "total_policy_counts": 702
  },
  "component_comparison": {
    "uniqueness_score": 0.24679315090179443,
    "similar_positions": [
      6366,
      3536,
      779,
      786,
      3821
    ],
    "component_rank": 12,
    "max_other_component_activation": 0.9190179705619812,
    "activation_percentile": 99.81826442526125
  }
}