{
  "position_info": {
    "part": 10,
    "rank": 7,
    "global_position": 5461,
    "move_coordinate": "D3",
    "turn_number": 3,
    "npz_file": "BADFFB51627F24FD.npz",
    "board_tensor_file": "pos_5461/board.npy",
    "sgf_file": "pos_5461/game.sgf"
  },
  "nmf_analysis": {
    "activation_strength": 265.48931884765625,
    "rank_in_part": 7,
    "activation_in_other_parts": [
      16.15769386291504,
      82.76212310791016,
      0.20353636145591736,
      5.320409774780273,
      8.30470085144043,
      22.752164840698242,
      0.0,
      3.1250057220458984,
      0.2586607038974762,
      0.0,
      265.48931884765625,
      0.006648316979408264,
      0.0,
      0.0991971418261528,
      0.0,
      0.2818845212459564,
      0.04443298280239105,
      0.0,
      0.0,
      0.10873761773109436,
      0.05688915401697159,
      0.009127365425229073,
      0.055206626653671265,
      0.0,
      0.0
    ],
    "channel_activity": [
      49,
      0,
      1,
      0,
      0,
      0,
      0,
      0,
      0,
      1,
      0,
      0,
      0,
      0,
      0,
      0,
      0,
      0,
      0,
      0,
      0,
      0
    ],
    "top_active_channels": [
      [
        0,
        49
      ],
      [
        2,
        1
      ],
      [
        9,
        1
      ],
      [
        1,
        0
      ],
      [
        3,
        0
      ]
    ],
    "total_board_activity": 51
  },
  "go_pattern_analysis": {
    "move_type": "side",
    "game_phase": "opening",
    "turn_number": 3,
    "policy_entropy": 1.799233611206533,
    "policy_confidence": 0.48005698005698005,
    "top_policy_moves": [
      {
        "coord": "(2,3)",
        "percentage": 48.0,
        "count": 337
      },
      {
        "coord": "(4,3)",
        "percentage": 23.5,
        "count": 165
      },
      {
        "coord": "(2,4)",
        "percentage": 15.2,
        "count": 107
      },
      {
        "coord": "(4,4)",
        "percentage": 13.2,
        "count": 93
      }
    ],
    "total_policy_counts": 702
  },
  "part_comparison": {
    "uniqueness_score": 0.762349545955658,
    "similar_positions": [
      779,
      3536,
      1724,
      3835,
      6323
    ],
    "part_rank": 7,
    "max_other_part_activation": 82.76212310791016,
    "activation_percentile": 99.89398758140238
  }
}