{
  "position_info": {
    "part": 44,
    "rank": 17,
    "global_position": 3590,
    "move_coordinate": "F3",
    "turn_number": 40,
    "npz_file": "AAE4EE8DC9A92FFF.npz",
    "board_tensor_file": "pos_3590/board.npy",
    "sgf_file": "pos_3590/game.sgf"
  },
  "nmf_analysis": {
    "activation_strength": 0.28867238759994507,
    "rank_in_part": 17,
    "activation_in_other_parts": [
      0.0554201640188694,
      0.053363267332315445,
      0.0,
      0.004521745257079601,
      0.0005463816924020648,
      0.01688799448311329,
      0.2509179711341858,
      0.025585053488612175,
      0.030390115454792976,
      0.05841272696852684,
      0.04079531505703926,
      0.019856179133057594,
      0.015837151557207108,
      0.01658530905842781,
      0.0033303825184702873,
      0.05572935938835144,
      0.0008608140051364899,
      0.0002776672481559217,
      0.0011124262819066644,
      0.025914864614605904,
      0.012244212441146374,
      0.022536830976605415,
      0.009988326579332352,
      0.0656043142080307,
      0.05305612087249756,
      0.0008586276089772582,
      0.002308403141796589,
      0.04154057055711746,
      0.07350286096334457,
      0.05544150620698929,
      0.190617635846138,
      0.05727529153227806,
      0.369038850069046,
      0.03866923972964287,
      0.0,
      0.07707855105400085,
      0.0,
      0.059891823679208755,
      0.21415558457374573,
      0.16922403872013092,
      0.032333120703697205,
      0.33091288805007935,
      0.0,
      0.0027331195306032896,
      0.28867238759994507,
      0.062080033123493195,
      0.0,
      0.24561938643455505,
      0.15677720308303833,
      0.4710140526294708
    ],
    "channel_activity": [
      49,
      7,
      7,
      0,
      5,
      3,
      0,
      0,
      0,
      1,
      1,
      1,
      1,
      1,
      5,
      2,
      3,
      2,
      0,
      0,
      0,
      0
    ],
    "top_active_channels": [
      [
        0,
        49
      ],
      [
        1,
        7
      ],
      [
        2,
        7
      ],
      [
        4,
        5
      ],
      [
        14,
        5
      ]
    ],
    "total_board_activity": 88
  },
  "go_pattern_analysis": {
    "move_type": "corner",
    "game_phase": "middle_game",
    "turn_number": 40,
    "policy_entropy": 0.14489961753310665,
    "policy_confidence": 0.979381443298969,
    "top_policy_moves": [
      {
        "coord": "(2,5)",
        "percentage": 97.9,
        "count": 95
      },
      {
        "coord": "(1,5)",
        "percentage": 2.1,
        "count": 2
      }
    ],
    "total_policy_counts": 97
  },
  "part_comparison": {
    "uniqueness_score": 0.3799888491630554,
    "similar_positions": [
      286,
      4869,
      287,
      5778,
      3834
    ],
    "part_rank": 17,
    "max_other_part_activation": 0.4710140526294708,
    "activation_percentile": 99.7425412691201
  }
}