{
  "position_info": {
    "part": 12,
    "rank": 15,
    "global_position": 1092,
    "move_coordinate": "D2",
    "turn_number": 12,
    "npz_file": "1D638D50844BD930.npz",
    "board_tensor_file": "pos_1092/board.npy",
    "sgf_file": "pos_1092/game.sgf"
  },
  "nmf_analysis": {
    "activation_strength": 0.9031656384468079,
    "rank_in_part": 15,
    "activation_in_other_parts": [
      0.0,
      510.8249816894531,
      403.856689453125,
      63.36949920654297,
      19.14557456970215,
      0.0,
      0.3524477183818817,
      0.0,
      0.0,
      0.0,
      0.33908283710479736,
      0.0,
      0.9031656384468079,
      0.2922413647174835,
      0.0,
      0.0,
      0.0,
      0.0,
      0.001297488808631897,
      0.0,
      0.0,
      0.013973105698823929,
      0.0,
      0.0,
      0.0
    ],
    "channel_activity": [
      49,
      5,
      6,
      0,
      0,
      1,
      0,
      0,
      0,
      1,
      1,
      1,
      1,
      1,
      0,
      1,
      0,
      0,
      5,
      6,
      0,
      0
    ],
    "top_active_channels": [
      [
        0,
        49
      ],
      [
        2,
        6
      ],
      [
        19,
        6
      ],
      [
        1,
        5
      ],
      [
        18,
        5
      ]
    ],
    "total_board_activity": 78
  },
  "go_pattern_analysis": {
    "move_type": "side",
    "game_phase": "opening",
    "turn_number": 12,
    "policy_entropy": 0.2563400832110473,
    "policy_confidence": 0.9619771863117871,
    "top_policy_moves": [
      {
        "coord": "(1,3)",
        "percentage": 96.2,
        "count": 506
      },
      {
        "coord": "(6,1)",
        "percentage": 3.2,
        "count": 17
      },
      {
        "coord": "(3,5)",
        "percentage": 0.6,
        "count": 3
      }
    ],
    "total_policy_counts": 526
  },
  "part_comparison": {
    "uniqueness_score": 0.0017649325309321284,
    "similar_positions": [
      2156,
      4142,
      1311,
      5043,
      4493
    ],
    "part_rank": 14,
    "max_other_part_activation": 510.8249816894531,
    "activation_percentile": 99.78797516280478
  }
}