{
  "position_info": {
    "part": 11,
    "rank": 2,
    "global_position": 2664,
    "move_coordinate": "B3",
    "turn_number": 1,
    "npz_file": "76F9EC3EB6A76AA0.npz",
    "board_tensor_file": "pos_2664/board.npy",
    "sgf_file": "pos_2664/game.sgf"
  },
  "nmf_analysis": {
    "activation_strength": 0.9444906711578369,
    "rank_in_part": 2,
    "activation_in_other_parts": [
      0.0,
      120.71710968017578,
      77.6900405883789,
      289.8631896972656,
      240.0560302734375,
      0.0,
      0.0,
      0.0,
      0.0,
      0.0,
      0.0,
      0.9444906711578369,
      0.49004310369491577,
      0.0,
      0.0,
      0.1301535815000534,
      0.0,
      0.1158844530582428,
      0.1627715528011322,
      0.0,
      0.5361799597740173,
      0.03768233209848404,
      0.0,
      0.0,
      0.0
    ],
    "channel_activity": [
      49,
      5,
      6,
      0,
      1,
      5,
      0,
      0,
      0,
      1,
      1,
      1,
      1,
      1,
      1,
      2,
      1,
      1,
      5,
      6,
      0,
      0
    ],
    "top_active_channels": [
      [
        0,
        49
      ],
      [
        2,
        6
      ],
      [
        19,
        6
      ],
      [
        1,
        5
      ],
      [
        5,
        5
      ]
    ],
    "total_board_activity": 87
  },
  "go_pattern_analysis": {
    "move_type": "corner",
    "game_phase": "opening",
    "turn_number": 1,
    "policy_entropy": -0.0,
    "policy_confidence": 1.0,
    "top_policy_moves": [
      {
        "coord": "(2,1)",
        "percentage": 100.0,
        "count": 546
      }
    ],
    "total_policy_counts": 546
  },
  "part_comparison": {
    "uniqueness_score": 0.003247818909585476,
    "similar_positions": [
      770,
      3363,
      4243,
      771,
      3827
    ],
    "part_rank": 2,
    "max_other_part_activation": 289.8631896972656,
    "activation_percentile": 99.96971073754354
  }
}