{
  "position_info": {
    "part": 12,
    "rank": 14,
    "global_position": 5148,
    "move_coordinate": "E6",
    "turn_number": 1,
    "npz_file": "B330F9C802154800.npz",
    "board_tensor_file": "pos_5148/board.npy",
    "sgf_file": "pos_5148/game.sgf"
  },
  "nmf_analysis": {
    "activation_strength": 0.9757161736488342,
    "rank_in_part": 14,
    "activation_in_other_parts": [
      0.0,
      159.64161682128906,
      320.2684020996094,
      66.1009521484375,
      272.3929748535156,
      0.0,
      0.09471090137958527,
      0.29260343313217163,
      0.0,
      0.2971353828907013,
      0.0,
      0.0,
      0.9757161736488342,
      0.007119171321392059,
      0.0,
      0.022637557238340378,
      0.505202054977417,
      0.0,
      0.05441519618034363,
      0.0,
      0.0,
      0.3036184012889862,
      0.3726840913295746,
      0.0,
      0.0
    ],
    "channel_activity": [
      49,
      4,
      5,
      0,
      1,
      5,
      0,
      0,
      0,
      1,
      1,
      1,
      1,
      1,
      1,
      1,
      0,
      1,
      4,
      5,
      0,
      0
    ],
    "top_active_channels": [
      [
        0,
        49
      ],
      [
        2,
        5
      ],
      [
        5,
        5
      ],
      [
        19,
        5
      ],
      [
        1,
        4
      ]
    ],
    "total_board_activity": 81
  },
  "go_pattern_analysis": {
    "move_type": "corner",
    "game_phase": "opening",
    "turn_number": 1,
    "policy_entropy": 0.6962122601251458,
    "policy_confidence": 0.8125,
    "top_policy_moves": [
      {
        "coord": "(5,4)",
        "percentage": 81.2,
        "count": 117
      },
      {
        "coord": "(5,1)",
        "percentage": 18.8,
        "count": 27
      }
    ],
    "total_policy_counts": 144
  },
  "part_comparison": {
    "uniqueness_score": 0.0030373043846338987,
    "similar_positions": [
      3055,
      6398,
      1894,
      2360,
      6351
    ],
    "part_rank": 14,
    "max_other_part_activation": 320.2684020996094,
    "activation_percentile": 99.78797516280478
  }
}