{
  "position_info": {
    "part": 12,
    "rank": 9,
    "global_position": 2892,
    "move_coordinate": "C5",
    "turn_number": 4,
    "npz_file": "76F9EC3EB6A76AA0.npz",
    "board_tensor_file": "pos_2892/board.npy",
    "sgf_file": "pos_2892/game.sgf"
  },
  "nmf_analysis": {
    "activation_strength": 0.07474320381879807,
    "rank_in_part": 9,
    "activation_in_other_parts": [
      0.006648294162005186,
      0.004757296293973923,
      0.0,
      0.0,
      0.0,
      0.0032974048517644405,
      0.17799369990825653,
      0.0030924296006560326,
      0.03667531907558441,
      0.11865784227848053,
      0.06565708667039871,
      0.04484756290912628,
      0.07474320381879807,
      0.0,
      0.0036564769688993692,
      0.055708885192871094,
      0.0012331007746979594,
      0.00015450126375071704,
      0.00037885946221649647,
      0.0024029999040067196,
      0.009253435768187046,
      0.07912053912878036,
      0.012029715813696384,
      0.01502224151045084,
      0.13120129704475403,
      0.000570909702219069,
      0.007301212288439274,
      0.0,
      0.0,
      0.0,
      0.05482318624854088,
      0.17143875360488892,
      0.1684432327747345,
      0.0,
      0.0,
      0.13393115997314453,
      0.0,
      0.0,
      0.6251664757728577,
      0.0,
      0.06422290205955505,
      0.0,
      0.0,
      0.0616120770573616,
      0.12431707233190536,
      0.20789216458797455,
      0.0,
      0.04120636358857155,
      0.1908501237630844,
      0.4946494996547699
    ],
    "channel_activity": [
      49,
      2,
      2,
      0,
      2,
      2,
      0,
      0,
      0,
      1,
      1,
      1,
      1,
      0,
      0,
      0,
      0,
      0,
      2,
      2,
      0,
      0
    ],
    "top_active_channels": [
      [
        0,
        49
      ],
      [
        1,
        2
      ],
      [
        2,
        2
      ],
      [
        4,
        2
      ],
      [
        5,
        2
      ]
    ],
    "total_board_activity": 65
  },
  "go_pattern_analysis": {
    "move_type": "corner",
    "game_phase": "opening",
    "turn_number": 4,
    "policy_entropy": 0.10577702614738699,
    "policy_confidence": 0.9887005649717514,
    "top_policy_moves": [
      {
        "coord": "(4,2)",
        "percentage": 98.9,
        "count": 525
      },
      {
        "coord": "(5,2)",
        "percentage": 0.6,
        "count": 3
      },
      {
        "coord": "(5,3)",
        "percentage": 0.4,
        "count": 2
      },
      {
        "coord": "(3,4)",
        "percentage": 0.2,
        "count": 1
      }
    ],
    "total_policy_counts": 531
  },
  "part_comparison": {
    "uniqueness_score": 0.10678978264331818,
    "similar_positions": [
      3178,
      1081,
      2963,
      480,
      4798
    ],
    "part_rank": 9,
    "max_other_part_activation": 0.6251664757728577,
    "activation_percentile": 99.86369831894594
  }
}