{
  "position_info": {
    "part": 10,
    "rank": 5,
    "global_position": 25,
    "move_coordinate": "D6",
    "turn_number": 13,
    "npz_file": "1906C337F5CDAFA9.npz",
    "board_tensor_file": "pos_25/board.npy",
    "sgf_file": "pos_25/game.sgf"
  },
  "nmf_analysis": {
    "activation_strength": 0.851080596446991,
    "rank_in_part": 5,
    "activation_in_other_parts": [
      3296.73779296875,
      208.51820373535156,
      318.96966552734375,
      0.0,
      0.0,
      0.0,
      0.0,
      0.0,
      0.0,
      0.4873625338077545,
      0.851080596446991,
      0.0,
      0.0,
      0.574158787727356,
      0.0,
      0.0,
      0.14496488869190216,
      0.0,
      0.0,
      0.2018953114748001,
      0.0,
      0.18711426854133606,
      0.0,
      0.0,
      0.0
    ],
    "channel_activity": [
      49,
      12,
      11,
      0,
      9,
      8,
      0,
      0,
      0,
      0,
      0,
      0,
      0,
      0,
      3,
      3,
      3,
      2,
      0,
      0,
      0,
      0
    ],
    "top_active_channels": [
      [
        0,
        49
      ],
      [
        1,
        12
      ],
      [
        2,
        11
      ],
      [
        4,
        9
      ],
      [
        5,
        8
      ]
    ],
    "total_board_activity": 100
  },
  "go_pattern_analysis": {
    "move_type": "side",
    "game_phase": "opening",
    "turn_number": 13,
    "policy_entropy": 0.961743760642126,
    "policy_confidence": 0.6146341463414634,
    "top_policy_moves": [
      {
        "coord": "(5,3)",
        "percentage": 61.5,
        "count": 126
      },
      {
        "coord": "(6,4)",
        "percentage": 38.5,
        "count": 79
      }
    ],
    "total_policy_counts": 205
  },
  "part_comparison": {
    "uniqueness_score": 0.00025809177896007895,
    "similar_positions": [
      1384,
      3640,
      3639,
      1128,
      5490
    ],
    "part_rank": 5,
    "max_other_part_activation": 3296.73779296875,
    "activation_percentile": 99.92427684385885
  }
}