{
  "position_info": {
    "part": 17,
    "rank": 10,
    "global_position": 4287,
    "move_coordinate": "PASS",
    "turn_number": 1,
    "npz_file": "B330F9C802154800.npz",
    "board_tensor_file": "pos_4287/board.npy",
    "sgf_file": "pos_4287/game.sgf"
  },
  "nmf_analysis": {
    "activation_strength": 0.0014956204686313868,
    "rank_in_part": 10,
    "activation_in_other_parts": [
      0.041350312530994415,
      0.1882908195257187,
      0.0,
      0.0,
      0.0,
      0.04034581407904625,
      0.0004359539598226547,
      0.07334490865468979,
      0.010624326765537262,
      0.08559781312942505,
      0.029522916302084923,
      0.013867814093828201,
      0.015551854856312275,
      0.0492921806871891,
      0.0037326188758015633,
      0.012339944019913673,
      0.0,
      0.0014956204686313868,
      0.0,
      0.057251349091529846,
      0.005025350954383612,
      0.010283954441547394,
      0.006821301765739918,
      0.0,
      0.007818962447345257,
      0.0,
      0.003965447656810284,
      0.0,
      0.11850246787071228,
      0.08382034301757812,
      0.1486441045999527,
      0.09706459194421768,
      0.0767284408211708,
      0.20439060032367706,
      0.08274832367897034,
      0.12560220062732697,
      0.335036963224411,
      0.024218106642365456,
      0.06806015223264694,
      0.3109510540962219,
      0.06031258776783943,
      0.19564524292945862,
      0.0,
      0.01745074987411499,
      0.13738888502120972,
      0.0699276477098465,
      0.07265742868185043,
      0.24662558734416962,
      0.13146419823169708,
      0.3754916489124298
    ],
    "channel_activity": [
      49,
      11,
      11,
      0,
      6,
      10,
      0,
      0,
      0,
      1,
      1,
      1,
      1,
      1,
      0,
      0,
      0,
      0,
      0,
      0,
      0,
      0
    ],
    "top_active_channels": [
      [
        0,
        49
      ],
      [
        1,
        11
      ],
      [
        2,
        11
      ],
      [
        5,
        10
      ],
      [
        4,
        6
      ]
    ],
    "total_board_activity": 92
  },
  "go_pattern_analysis": {
    "move_type": "pass",
    "game_phase": "opening",
    "turn_number": 1,
    "policy_entropy": 2.0954813206641005,
    "policy_confidence": 0.6410256410256411,
    "top_policy_moves": [
      {
        "coord": "PASS",
        "percentage": 64.1,
        "count": 75
      },
      {
        "coord": "(2,1)",
        "percentage": 6.0,
        "count": 7
      },
      {
        "coord": "(3,0)",
        "percentage": 5.1,
        "count": 6
      },
      {
        "coord": "(0,2)",
        "percentage": 4.3,
        "count": 5
      },
      {
        "coord": "(5,2)",
        "percentage": 4.3,
        "count": 5
      }
    ],
    "total_policy_counts": 117
  },
  "part_comparison": {
    "uniqueness_score": 0.003967296797782183,
    "similar_positions": [
      536,
      1054,
      262,
      6120,
      6121
    ],
    "part_rank": 10,
    "max_other_part_activation": 0.3754916489124298,
    "activation_percentile": 99.8485536877177
  }
}