{
  "position_info": {
    "part": 16,
    "rank": 20,
    "global_position": 736,
    "move_coordinate": "A5",
    "turn_number": 20,
    "npz_file": "1906C337F5CDAFA9.npz",
    "board_tensor_file": "pos_736/board.npy",
    "sgf_file": "pos_736/game.sgf"
  },
  "nmf_analysis": {
    "activation_strength": 0.4801211357116699,
    "rank_in_part": 20,
    "activation_in_other_parts": [
      1387.086669921875,
      305.6715393066406,
      20.049821853637695,
      89.30708312988281,
      11.238809585571289,
      23.740816116333008,
      0.0,
      10.336090087890625,
      0.0,
      0.0,
      0.0,
      0.0,
      0.0,
      0.0,
      22.80809783935547,
      0.16857603192329407,
      0.4801211357116699,
      0.013572916388511658,
      0.0,
      0.0,
      0.0,
      0.0,
      0.0,
      0.08660475164651871,
      0.0
    ],
    "channel_activity": [
      49,
      6,
      7,
      0,
      1,
      3,
      0,
      0,
      0,
      1,
      1,
      1,
      1,
      1,
      0,
      0,
      1,
      0,
      6,
      7,
      0,
      0
    ],
    "top_active_channels": [
      [
        0,
        49
      ],
      [
        2,
        7
      ],
      [
        19,
        7
      ],
      [
        1,
        6
      ],
      [
        18,
        6
      ]
    ],
    "total_board_activity": 85
  },
  "go_pattern_analysis": {
    "move_type": "corner",
    "game_phase": "opening",
    "turn_number": 20,
    "policy_entropy": 0.6112842557499332,
    "policy_confidence": 0.896049896049896,
    "top_policy_moves": [
      {
        "coord": "(4,0)",
        "percentage": 89.6,
        "count": 431
      },
      {
        "coord": "(2,6)",
        "percentage": 6.7,
        "count": 32
      },
      {
        "coord": "(5,2)",
        "percentage": 2.7,
        "count": 13
      },
      {
        "coord": "(4,2)",
        "percentage": 1.0,
        "count": 5
      }
    ],
    "total_policy_counts": 481
  },
  "part_comparison": {
    "uniqueness_score": 0.00034601660445332527,
    "similar_positions": [
      2322,
      4331,
      6010,
      5518,
      4882
    ],
    "part_rank": 20,
    "max_other_part_activation": 1387.086669921875,
    "activation_percentile": 99.69710737543541
  }
}