{
  "position_info": {
    "part": 15,
    "rank": 16,
    "global_position": 711,
    "move_coordinate": "G6",
    "turn_number": 1,
    "npz_file": "1906C337F5CDAFA9.npz",
    "board_tensor_file": "pos_711/board.npy",
    "sgf_file": "pos_711/game.sgf"
  },
  "nmf_analysis": {
    "activation_strength": 0.4331826865673065,
    "rank_in_part": 16,
    "activation_in_other_parts": [
      0.10579715669155121,
      0.10734134167432785,
      0.14865604043006897,
      0.05518122389912605,
      0.048279520124197006,
      0.10578542202711105,
      0.23057016730308533,
      0.15285338461399078,
      0.24647200107574463,
      0.13011658191680908,
      0.0,
      0.06374650448560715,
      0.14420124888420105,
      0.09163646399974823,
      0.18646320700645447,
      0.4331826865673065,
      0.23901261389255524,
      0.015897264704108238,
      0.031045924872159958,
      0.1906370222568512,
      0.0018044613534584641,
      0.15336979925632477,
      0.06464646011590958,
      0.21197736263275146,
      0.3176858425140381
    ],
    "channel_activity": [
      49,
      6,
      7,
      2,
      0,
      6,
      0,
      0,
      0,
      1,
      1,
      1,
      1,
      1,
      0,
      1,
      1,
      0,
      0,
      0,
      0,
      0
    ],
    "top_active_channels": [
      [
        0,
        49
      ],
      [
        2,
        7
      ],
      [
        1,
        6
      ],
      [
        5,
        6
      ],
      [
        3,
        2
      ]
    ],
    "total_board_activity": 77
  },
  "go_pattern_analysis": {
    "move_type": "corner",
    "game_phase": "opening",
    "turn_number": 1,
    "policy_entropy": -0.0,
    "policy_confidence": 1.0,
    "top_policy_moves": [
      {
        "coord": "(5,6)",
        "percentage": 100.0,
        "count": 320
      }
    ],
    "total_policy_counts": 320
  },
  "part_comparison": {
    "uniqueness_score": 0.5769088268280029,
    "similar_positions": [
      4580,
      4581,
      3622,
      4195,
      3156
    ],
    "part_rank": 16,
    "max_other_part_activation": 0.3176858425140381,
    "activation_percentile": 99.75768590034832
  }
}