{
  "position_info": {
    "part": 12,
    "rank": 1,
    "global_position": 2156,
    "move_coordinate": "E2",
    "turn_number": 1,
    "npz_file": "565285905A9A0C14.npz",
    "board_tensor_file": "pos_2156/board.npy",
    "sgf_file": "pos_2156/game.sgf"
  },
  "nmf_analysis": {
    "activation_strength": 0.9785184264183044,
    "rank_in_part": 1,
    "activation_in_other_parts": [
      0.0,
      586.5609130859375,
      374.5621643066406,
      53.91611099243164,
      11.712872505187988,
      0.0,
      0.22897925972938538,
      0.0,
      0.0,
      0.0,
      0.35128775238990784,
      0.0008302107453346252,
      0.9785184264183044,
      0.17338483035564423,
      0.0,
      0.44523587822914124,
      0.0,
      0.0,
      0.0,
      0.0,
      0.0,
      0.0,
      0.0,
      0.0,
      0.0
    ],
    "channel_activity": [
      49,
      4,
      5,
      0,
      0,
      1,
      0,
      0,
      0,
      1,
      1,
      1,
      1,
      1,
      0,
      1,
      0,
      0,
      0,
      0,
      0,
      0
    ],
    "top_active_channels": [
      [
        0,
        49
      ],
      [
        2,
        5
      ],
      [
        1,
        4
      ],
      [
        5,
        1
      ],
      [
        9,
        1
      ]
    ],
    "total_board_activity": 65
  },
  "go_pattern_analysis": {
    "move_type": "corner",
    "game_phase": "opening",
    "turn_number": 1,
    "policy_entropy": -0.0,
    "policy_confidence": 1.0,
    "top_policy_moves": [
      {
        "coord": "(1,4)",
        "percentage": 100.0,
        "count": 320
      }
    ],
    "total_policy_counts": 320
  },
  "part_comparison": {
    "uniqueness_score": 0.0016654515638947487,
    "similar_positions": [
      4142,
      1311,
      5043,
      4493,
      5312
    ],
    "part_rank": 1,
    "max_other_part_activation": 586.5609130859375,
    "activation_percentile": 99.98485536877178
  }
}