{
  "position_info": {
    "part": 36,
    "rank": 3,
    "global_position": 2167,
    "move_coordinate": "G1",
    "turn_number": 1,
    "npz_file": "565285905A9A0C14.npz",
    "board_tensor_file": "pos_2167/board.npy",
    "sgf_file": "pos_2167/game.sgf"
  },
  "nmf_analysis": {
    "activation_strength": 0.3947460651397705,
    "rank_in_component": 3,
    "activation_in_other_components": [
      0.0,
      0.048359163105487823,
      0.0,
      0.0007309447391889989,
      0.006280031055212021,
      0.007299261167645454,
      0.1258506327867508,
      0.013402633368968964,
      0.06468452513217926,
      0.05555233359336853,
      0.04878564551472664,
      0.07609322667121887,
      0.015635136514902115,
      0.008258373476564884,
      0.03383811190724373,
      0.10477010905742645,
      0.0038768500089645386,
      0.00046436049160547554,
      0.0011677972506731749,
      0.008407359011471272,
      0.04741595312952995,
      0.015254278667271137,
      0.038619525730609894,
      0.06401286274194717,
      0.01675247773528099,
      0.0005777007318101823,
      0.008718159049749374,
      0.02591070346534252,
      0.3880546987056732,
      0.2160951942205429,
      0.1850924789905548,
      0.04756299406290054,
      0.06449344009160995,
      0.09351395815610886,
      0.2259952276945114,
      0.049435440450906754,
      0.3947460651397705,
      0.0,
      0.0,
      0.1624336987733841,
      0.0,
      0.13764047622680664,
      0.0,
      0.03593134135007858,
      0.05201469361782074,
      0.10155346244573593,
      0.002384882653132081,
      0.19498533010482788,
      0.2560291290283203,
      0.2705172300338745
    ],
    "channel_activity": [
      49,
      11,
      13,
      0,
      13,
      5,
      0,
      0,
      0,
      1,
      0,
      0,
      0,
      0,
      6,
      3,
      3,
      2,
      0,
      0,
      0,
      0
    ],
    "top_active_channels": [
      [
        0,
        49
      ],
      [
        2,
        13
      ],
      [
        4,
        13
      ],
      [
        1,
        11
      ],
      [
        14,
        6
      ]
    ],
    "total_board_activity": 106
  },
  "go_pattern_analysis": {
    "move_type": "corner",
    "game_phase": "opening",
    "turn_number": 1,
    "policy_entropy": 2.1530946974354657,
    "policy_confidence": 0.3232758620689655,
    "top_policy_moves": [
      {
        "coord": "(0,6)",
        "percentage": 32.3,
        "count": 75
      },
      {
        "coord": "PASS",
        "percentage": 30.6,
        "count": 71
      },
      {
        "coord": "(0,4)",
        "percentage": 16.4,
        "count": 38
      },
      {
        "coord": "(0,3)",
        "percentage": 11.2,
        "count": 26
      },
      {
        "coord": "(0,5)",
        "percentage": 9.5,
        "count": 22
      }
    ],
    "total_policy_counts": 232
  },
  "component_comparison": {
    "uniqueness_score": 0.5042739510536194,
    "similar_positions": [
      3434,
      4673,
      6559,
      1383,
      2914
    ],
    "component_rank": 3,
    "max_other_component_activation": 0.3880546987056732,
    "activation_percentile": 99.95456610631531
  }
}