{
  "position_info": {
    "part": 4,
    "rank": 5,
    "global_position": 4993,
    "move_coordinate": "C5",
    "turn_number": 32,
    "npz_file": "B330F9C802154800.npz",
    "board_tensor_file": "pos_4993/board.npy",
    "sgf_file": "pos_4993/game.sgf"
  },
  "nmf_analysis": {
    "activation_strength": 0.8307678699493408,
    "rank_in_part": 5,
    "activation_in_other_parts": [
      0.43950456380844116,
      0.375370591878891,
      0.0,
      0.05386494845151901,
      0.8307678699493408,
      0.0179679524153471,
      0.0,
      0.0,
      0.0347413644194603,
      0.25471511483192444,
      0.02453981153666973,
      0.007447441574186087,
      2.675742689461913e-05,
      0.0,
      0.0,
      0.0,
      0.49871301651000977,
      0.0,
      0.014407163485884666,
      0.0,
      0.0,
      0.007661354728043079,
      0.05012611299753189,
      0.0,
      0.13724535703659058
    ],
    "channel_activity": [
      49,
      0,
      1,
      0,
      0,
      0,
      0,
      0,
      0,
      1,
      0,
      0,
      0,
      0,
      0,
      0,
      0,
      0,
      0,
      49,
      0,
      0
    ],
    "top_active_channels": [
      [
        0,
        49
      ],
      [
        19,
        49
      ],
      [
        2,
        1
      ],
      [
        9,
        1
      ],
      [
        1,
        0
      ]
    ],
    "total_board_activity": 100
  },
  "go_pattern_analysis": {
    "move_type": "corner",
    "game_phase": "middle_game",
    "turn_number": 32,
    "policy_entropy": 1.7824734761361092,
    "policy_confidence": 0.5061224489795918,
    "top_policy_moves": [
      {
        "coord": "(4,2)",
        "percentage": 50.6,
        "count": 124
      },
      {
        "coord": "(4,3)",
        "percentage": 16.7,
        "count": 41
      },
      {
        "coord": "(2,2)",
        "percentage": 16.7,
        "count": 41
      },
      {
        "coord": "(2,3)",
        "percentage": 15.9,
        "count": 39
      }
    ],
    "total_policy_counts": 245
  },
  "part_comparison": {
    "uniqueness_score": 0.624881386756897,
    "similar_positions": [
      6366,
      4410,
      2582,
      1821,
      6372
    ],
    "part_rank": 5,
    "max_other_part_activation": 0.49871301651000977,
    "activation_percentile": 99.92427684385885
  }
}