{
  "position_info": {
    "part": 5,
    "rank": 12,
    "global_position": 4993,
    "move_coordinate": "C5",
    "turn_number": 32,
    "npz_file": "B330F9C802154800.npz",
    "board_tensor_file": "pos_4993/board.npy",
    "sgf_file": "pos_4993/game.sgf"
  },
  "nmf_analysis": {
    "activation_strength": 1.073373794555664,
    "rank_in_part": 12,
    "activation_in_other_parts": [
      482.6714172363281,
      371.14263916015625,
      70.08116912841797,
      36.878273010253906,
      298.55474853515625,
      1.073373794555664,
      0.0,
      0.0,
      0.14550277590751648,
      0.0,
      0.5824666619300842,
      0.0,
      0.0,
      0.0,
      0.17966577410697937,
      0.0,
      0.0,
      0.0,
      0.0,
      0.2955477237701416,
      0.0,
      0.0,
      0.0,
      0.0,
      0.03577671945095062
    ],
    "channel_activity": [
      49,
      0,
      1,
      0,
      0,
      0,
      0,
      0,
      0,
      1,
      0,
      0,
      0,
      0,
      0,
      0,
      0,
      0,
      0,
      49,
      0,
      0
    ],
    "top_active_channels": [
      [
        0,
        49
      ],
      [
        19,
        49
      ],
      [
        2,
        1
      ],
      [
        9,
        1
      ],
      [
        1,
        0
      ]
    ],
    "total_board_activity": 100
  },
  "go_pattern_analysis": {
    "move_type": "corner",
    "game_phase": "middle_game",
    "turn_number": 32,
    "policy_entropy": 1.7824734761361092,
    "policy_confidence": 0.5061224489795918,
    "top_policy_moves": [
      {
        "coord": "(4,2)",
        "percentage": 50.6,
        "count": 124
      },
      {
        "coord": "(4,3)",
        "percentage": 16.7,
        "count": 41
      },
      {
        "coord": "(2,2)",
        "percentage": 16.7,
        "count": 41
      },
      {
        "coord": "(2,3)",
        "percentage": 15.9,
        "count": 39
      }
    ],
    "total_policy_counts": 245
  },
  "part_comparison": {
    "uniqueness_score": 0.002218884415924549,
    "similar_positions": [
      726,
      725,
      786,
      3821,
      2582
    ],
    "part_rank": 12,
    "max_other_part_activation": 482.6714172363281,
    "activation_percentile": 99.81826442526125
  }
}