{
  "position_info": {
    "part": 25,
    "rank": 18,
    "global_position": 2250,
    "move_coordinate": "PASS",
    "turn_number": 1,
    "npz_file": "76F9EC3EB6A76AA0.npz",
    "board_tensor_file": "pos_2250/board.npy",
    "sgf_file": "pos_2250/game.sgf"
  },
  "nmf_analysis": {
    "activation_strength": 0.013210710138082504,
    "rank_in_component": 18,
    "activation_in_other_components": [
      0.10764029622077942,
      0.0,
      0.0,
      0.019981026649475098,
      0.02500927448272705,
      0.0,
      0.010041502304375172,
      0.0,
      0.035912614315748215,
      0.009305191226303577,
      0.01978299394249916,
      0.09501806646585464,
      0.012348642572760582,
      0.0,
      0.02579183131456375,
      0.12759670615196228,
      0.026538429781794548,
      0.0,
      0.037328172475099564,
      0.0,
      0.026459522545337677,
      0.011687246151268482,
      0.02183355763554573,
      0.025960560888051987,
      0.019980408251285553,
      0.013210710138082504,
      0.005328109487891197,
      0.0011563940206542611,
      0.030820796266198158,
      0.15951983630657196,
      0.0,
      0.1316884160041809,
      0.0,
      0.505794107913971,
      0.29996898770332336,
      0.11604722589254379,
      0.18243998289108276,
      0.03017326258122921,
      0.0031189240980893373,
      0.1346149891614914,
      0.006431868299841881,
      0.10243634879589081,
      0.09900195896625519,
      0.05836809054017067,
      0.0045266482047736645,
      0.0,
      0.13821320235729218,
      0.16621634364128113,
      0.059921883046627045,
      0.5127224922180176
    ],
    "channel_activity": [
      49,
      15,
      13,
      0,
      1,
      1,
      0,
      0,
      0,
      1,
      1,
      1,
      1,
      1,
      0,
      0,
      2,
      0,
      29,
      20,
      0,
      0
    ],
    "top_active_channels": [
      [
        0,
        49
      ],
      [
        18,
        29
      ],
      [
        19,
        20
      ],
      [
        1,
        15
      ],
      [
        2,
        13
      ]
    ],
    "total_board_activity": 135
  },
  "go_pattern_analysis": {
    "move_type": "pass",
    "game_phase": "opening",
    "turn_number": 1,
    "policy_entropy": 2.2221003321858652,
    "policy_confidence": 0.5627376425855514,
    "top_policy_moves": [
      {
        "coord": "PASS",
        "percentage": 56.3,
        "count": 148
      },
      {
        "coord": "(2,3)",
        "percentage": 11.8,
        "count": 31
      },
      {
        "coord": "(6,6)",
        "percentage": 10.6,
        "count": 28
      },
      {
        "coord": "(5,4)",
        "percentage": 6.8,
        "count": 18
      },
      {
        "coord": "(5,5)",
        "percentage": 4.2,
        "count": 11
      }
    ],
    "total_policy_counts": 263
  },
  "component_comparison": {
    "uniqueness_score": 0.02511860802769661,
    "similar_positions": [
      1177,
      776,
      6571,
      1562,
      5602
    ],
    "component_rank": 18,
    "max_other_component_activation": 0.5127224922180176,
    "activation_percentile": 99.72739663789186
  }
}