{
  "position_info": {
    "part": 20,
    "rank": 16,
    "global_position": 759,
    "move_coordinate": "C2",
    "turn_number": 17,
    "npz_file": "1906C337F5CDAFA9.npz",
    "board_tensor_file": "pos_759/board.npy",
    "sgf_file": "pos_759/game.sgf"
  },
  "nmf_analysis": {
    "activation_strength": 0.06945434957742691,
    "rank_in_component": 16,
    "activation_in_other_components": [
      0.056319303810596466,
      0.0,
      0.0,
      0.017758840695023537,
      0.02397867664694786,
      0.0,
      0.12111516296863556,
      0.0,
      0.08100709319114685,
      0.0,
      0.06237565353512764,
      0.0,
      0.0,
      0.0,
      0.05592656880617142,
      0.0,
      0.005084113217890263,
      0.0,
      0.014030823484063148,
      0.0,
      0.06945434957742691,
      0.0,
      0.05735665187239647,
      0.05991252139210701,
      0.0,
      0.0021559731103479862,
      0.013455702923238277,
      0.011203504167497158,
      0.3928752839565277,
      0.12043111026287079,
      0.3780008852481842,
      0.029129745438694954,
      0.04612971097230911,
      0.0007904664380475879,
      0.14438794553279877,
      0.04042413458228111,
      0.20746007561683655,
      0.02560107409954071,
      0.07125360518693924,
      0.15583916008472443,
      0.05758661404252052,
      0.1487097144126892,
      0.11272856593132019,
      0.02950836531817913,
      0.0,
      0.035337429493665695,
      0.09026269614696503,
      0.2141283005475998,
      0.1369447112083435,
      0.39138978719711304
    ],
    "channel_activity": [
      49,
      10,
      11,
      0,
      6,
      6,
      0,
      0,
      0,
      1,
      1,
      1,
      1,
      1,
      0,
      0,
      0,
      0,
      0,
      0,
      0,
      0
    ],
    "top_active_channels": [
      [
        0,
        49
      ],
      [
        2,
        11
      ],
      [
        1,
        10
      ],
      [
        4,
        6
      ],
      [
        5,
        6
      ]
    ],
    "total_board_activity": 87
  },
  "go_pattern_analysis": {
    "move_type": "corner",
    "game_phase": "opening",
    "turn_number": 17,
    "policy_entropy": 2.106780890346709,
    "policy_confidence": 0.40425531914893614,
    "top_policy_moves": [
      {
        "coord": "(1,2)",
        "percentage": 40.4,
        "count": 133
      },
      {
        "coord": "(0,3)",
        "percentage": 25.5,
        "count": 84
      },
      {
        "coord": "(0,4)",
        "percentage": 22.2,
        "count": 73
      },
      {
        "coord": "(1,1)",
        "percentage": 4.6,
        "count": 15
      },
      {
        "coord": "(0,1)",
        "percentage": 2.7,
        "count": 9
      }
    ],
    "total_policy_counts": 329
  },
  "component_comparison": {
    "uniqueness_score": 0.1502269059419632,
    "similar_positions": [
      988,
      1663,
      2297,
      1973,
      1941
    ],
    "component_rank": 16,
    "max_other_component_activation": 0.3928752839565277,
    "activation_percentile": 99.75768590034832
  }
}