{
  "position_info": {
    "part": 6,
    "rank": 13,
    "global_position": 5834,
    "move_coordinate": "PASS",
    "turn_number": 1,
    "npz_file": "E3CD9898B9AFF870.npz",
    "board_tensor_file": "pos_5834/board.npy",
    "sgf_file": "pos_5834/game.sgf"
  },
  "nmf_analysis": {
    "activation_strength": 0.8870813846588135,
    "rank_in_part": 13,
    "activation_in_other_parts": [
      382.4228515625,
      27.910503387451172,
      461.30633544921875,
      115.25711822509766,
      135.18861389160156,
      0.11526460200548172,
      0.8870813846588135,
      0.0,
      0.0,
      0.0,
      0.0,
      0.0,
      0.0,
      0.0,
      0.0,
      0.0,
      0.0,
      0.323995441198349,
      0.3949950039386749,
      0.0,
      0.0,
      0.0,
      0.23684176802635193,
      0.04455093666911125,
      0.4494010806083679
    ],
    "channel_activity": [
      49,
      8,
      8,
      0,
      0,
      0,
      0,
      0,
      0,
      1,
      1,
      1,
      1,
      1,
      0,
      0,
      1,
      0,
      0,
      0,
      0,
      0
    ],
    "top_active_channels": [
      [
        0,
        49
      ],
      [
        1,
        8
      ],
      [
        2,
        8
      ],
      [
        9,
        1
      ],
      [
        10,
        1
      ]
    ],
    "total_board_activity": 71
  },
  "go_pattern_analysis": {
    "move_type": "pass",
    "game_phase": "opening",
    "turn_number": 1,
    "policy_entropy": -0.0,
    "policy_confidence": 1.0,
    "top_policy_moves": [
      {
        "coord": "PASS",
        "percentage": 100.0,
        "count": 530
      }
    ],
    "total_policy_counts": 530
  },
  "part_comparison": {
    "uniqueness_score": 0.0019192860927432775,
    "similar_positions": [
      4237,
      5832,
      6357,
      6356,
      252
    ],
    "part_rank": 13,
    "max_other_part_activation": 461.30633544921875,
    "activation_percentile": 99.80311979403301
  }
}