{
  "position_info": {
    "part": 14,
    "rank": 1,
    "global_position": 427,
    "move_coordinate": "D6",
    "turn_number": 11,
    "npz_file": "1906C337F5CDAFA9.npz",
    "board_tensor_file": "pos_427/board.npy",
    "sgf_file": "pos_427/game.sgf"
  },
  "nmf_analysis": {
    "activation_strength": 142.5257110595703,
    "rank_in_part": 1,
    "activation_in_other_parts": [
      871.9014282226562,
      43.846275329589844,
      51.914100646972656,
      1.1419578790664673,
      0.0,
      0.0,
      0.5749854445457458,
      0.0,
      0.0,
      0.0,
      118.45613098144531,
      0.01146700233221054,
      0.24448677897453308,
      0.05951131880283356,
      142.5257110595703,
      0.0,
      0.0,
      0.0,
      0.0,
      0.0,
      0.13023367524147034,
      0.0,
      0.1761218011379242,
      0.0,
      0.0
    ],
    "channel_activity": [
      49,
      2,
      3,
      0,
      1,
      2,
      0,
      0,
      0,
      1,
      1,
      1,
      1,
      1,
      0,
      0,
      0,
      0,
      2,
      3,
      0,
      0
    ],
    "top_active_channels": [
      [
        0,
        49
      ],
      [
        2,
        3
      ],
      [
        19,
        3
      ],
      [
        1,
        2
      ],
      [
        5,
        2
      ]
    ],
    "total_board_activity": 67
  },
  "go_pattern_analysis": {
    "move_type": "side",
    "game_phase": "opening",
    "turn_number": 11,
    "policy_entropy": 1.2632447597960925,
    "policy_confidence": 0.7181208053691275,
    "top_policy_moves": [
      {
        "coord": "(5,3)",
        "percentage": 71.8,
        "count": 107
      },
      {
        "coord": "(2,2)",
        "percentage": 15.4,
        "count": 23
      },
      {
        "coord": "(4,1)",
        "percentage": 7.4,
        "count": 11
      },
      {
        "coord": "(5,4)",
        "percentage": 5.4,
        "count": 8
      }
    ],
    "total_policy_counts": 149
  },
  "part_comparison": {
    "uniqueness_score": 0.14049871265888214,
    "similar_positions": [
      2710,
      4457,
      988,
      2356,
      1367
    ],
    "part_rank": 1,
    "max_other_part_activation": 871.9014282226562,
    "activation_percentile": 99.98485536877178
  }
}