{
  "position_info": {
    "part": 11,
    "rank": 4,
    "global_position": 4243,
    "move_coordinate": "G6",
    "turn_number": 1,
    "npz_file": "B330F9C802154800.npz",
    "board_tensor_file": "pos_4243/board.npy",
    "sgf_file": "pos_4243/game.sgf"
  },
  "nmf_analysis": {
    "activation_strength": 0.9138373732566833,
    "rank_in_part": 4,
    "activation_in_other_parts": [
      0.0,
      46.03229904174805,
      91.27299499511719,
      315.0614318847656,
      247.68101501464844,
      0.0,
      0.0,
      0.0,
      0.0,
      0.0,
      0.0,
      0.9138373732566833,
      0.31417641043663025,
      0.0,
      0.1982138603925705,
      0.0,
      0.01225779578089714,
      0.0,
      0.0,
      0.0,
      0.4711763560771942,
      0.06275470554828644,
      0.052568260580301285,
      0.0,
      0.0
    ],
    "channel_activity": [
      49,
      5,
      6,
      0,
      0,
      1,
      0,
      0,
      0,
      1,
      1,
      1,
      1,
      1,
      0,
      1,
      0,
      0,
      0,
      0,
      0,
      0
    ],
    "top_active_channels": [
      [
        0,
        49
      ],
      [
        2,
        6
      ],
      [
        1,
        5
      ],
      [
        5,
        1
      ],
      [
        9,
        1
      ]
    ],
    "total_board_activity": 67
  },
  "go_pattern_analysis": {
    "move_type": "corner",
    "game_phase": "opening",
    "turn_number": 1,
    "policy_entropy": 1.1580487650813134,
    "policy_confidence": 0.5638888888888889,
    "top_policy_moves": [
      {
        "coord": "(5,6)",
        "percentage": 56.4,
        "count": 203
      },
      {
        "coord": "(3,1)",
        "percentage": 40.3,
        "count": 145
      },
      {
        "coord": "(1,3)",
        "percentage": 3.3,
        "count": 12
      }
    ],
    "total_policy_counts": 360
  },
  "part_comparison": {
    "uniqueness_score": 0.0028921165503561497,
    "similar_positions": [
      770,
      2664,
      3363,
      771,
      3827
    ],
    "part_rank": 4,
    "max_other_part_activation": 315.0614318847656,
    "activation_percentile": 99.93942147508709
  }
}