{
  "position_info": {
    "part": 2,
    "rank": 2,
    "global_position": 4243,
    "move_coordinate": "G6",
    "turn_number": 1,
    "npz_file": "B330F9C802154800.npz",
    "board_tensor_file": "pos_4243/board.npy",
    "sgf_file": "pos_4243/game.sgf"
  },
  "nmf_analysis": {
    "activation_strength": 145.75088500976562,
    "rank_in_part": 2,
    "activation_in_other_parts": [
      1372.7020263671875,
      184.94569396972656,
      145.75088500976562,
      2.245138168334961,
      31.710418701171875,
      10.31701946258545,
      0.0,
      0.0,
      0.0,
      0.0,
      2.7942683696746826,
      0.0,
      0.0,
      0.03407275304198265,
      58.361595153808594,
      0.007592439651489258,
      0.0,
      0.25623348355293274,
      0.06114783138036728,
      0.0,
      0.03993292525410652,
      0.0,
      0.0,
      0.0,
      0.0
    ],
    "channel_activity": [
      49,
      5,
      6,
      0,
      0,
      1,
      0,
      0,
      0,
      1,
      1,
      1,
      1,
      1,
      0,
      1,
      0,
      0,
      0,
      0,
      0,
      0
    ],
    "top_active_channels": [
      [
        0,
        49
      ],
      [
        2,
        6
      ],
      [
        1,
        5
      ],
      [
        5,
        1
      ],
      [
        9,
        1
      ]
    ],
    "total_board_activity": 67
  },
  "go_pattern_analysis": {
    "move_type": "corner",
    "game_phase": "opening",
    "turn_number": 1,
    "policy_entropy": 1.1580487650813134,
    "policy_confidence": 0.5638888888888889,
    "top_policy_moves": [
      {
        "coord": "(5,6)",
        "percentage": 56.4,
        "count": 203
      },
      {
        "coord": "(3,1)",
        "percentage": 40.3,
        "count": 145
      },
      {
        "coord": "(1,3)",
        "percentage": 3.3,
        "count": 12
      }
    ],
    "total_policy_counts": 360
  },
  "part_comparison": {
    "uniqueness_score": 0.09598644077777863,
    "similar_positions": [
      770,
      771,
      1568,
      5417,
      3030
    ],
    "part_rank": 2,
    "max_other_part_activation": 1372.7020263671875,
    "activation_percentile": 99.96971073754354
  }
}