{
  "position_info": {
    "part": 32,
    "rank": 12,
    "global_position": 4110,
    "move_coordinate": "A4",
    "turn_number": 13,
    "npz_file": "AAE4EE8DC9A92FFF.npz",
    "board_tensor_file": "pos_4110/board.npy",
    "sgf_file": "pos_4110/game.sgf"
  },
  "nmf_analysis": {
    "activation_strength": 0.4723382294178009,
    "rank_in_component": 12,
    "activation_in_other_components": [
      0.0767524391412735,
      0.09779274463653564,
      0.0,
      0.0077757155522704124,
      0.004269718192517757,
      0.029873773455619812,
      0.07872419059276581,
      0.04860527440905571,
      0.0,
      0.06139042600989342,
      0.0,
      0.0275722723454237,
      0.0032712421379983425,
      0.03216113522648811,
      0.0,
      0.02644851617515087,
      0.0003384815063327551,
      0.0003061707247979939,
      0.0,
      0.04830951988697052,
      0.0,
      0.012617290951311588,
      0.0,
      0.021251266822218895,
      0.0282637607306242,
      0.0009793575154617429,
      0.0,
      0.008768666535615921,
      0.19772812724113464,
      0.00028864448540844023,
      0.249941885471344,
      0.0,
      0.4723382294178009,
      0.1031796857714653,
      0.0,
      0.12658773362636566,
      0.03766201436519623,
      0.014354501850903034,
      0.08713894337415695,
      0.19457712769508362,
      0.07885973900556564,
      0.4429474174976349,
      0.0,
      0.004369695670902729,
      0.18195340037345886,
      0.02956475131213665,
      0.07360468059778214,
      0.18682335317134857,
      0.033194754272699356,
      0.48082005977630615
    ],
    "channel_activity": [
      49,
      9,
      9,
      0,
      2,
      2,
      0,
      0,
      0,
      1,
      1,
      1,
      1,
      1,
      1,
      1,
      1,
      1,
      0,
      0,
      0,
      0
    ],
    "top_active_channels": [
      [
        0,
        49
      ],
      [
        1,
        9
      ],
      [
        2,
        9
      ],
      [
        4,
        2
      ],
      [
        5,
        2
      ]
    ],
    "total_board_activity": 80
  },
  "go_pattern_analysis": {
    "move_type": "side",
    "game_phase": "opening",
    "turn_number": 13,
    "policy_entropy": 0.5032583347756457,
    "policy_confidence": 0.8888888888888888,
    "top_policy_moves": [
      {
        "coord": "(3,0)",
        "percentage": 88.9,
        "count": 88
      },
      {
        "coord": "(6,5)",
        "percentage": 11.1,
        "count": 11
      }
    ],
    "total_policy_counts": 99
  },
  "component_comparison": {
    "uniqueness_score": 0.4955506920814514,
    "similar_positions": [
      2356,
      4266,
      1365,
      2353,
      4460
    ],
    "component_rank": 12,
    "max_other_component_activation": 0.48082005977630615,
    "activation_percentile": 99.81826442526125
  }
}