{
  "position_info": {
    "part": 37,
    "rank": 1,
    "global_position": 6255,
    "move_coordinate": "A1",
    "turn_number": 1,
    "npz_file": "E3CD9898B9AFF870.npz",
    "board_tensor_file": "pos_6255/board.npy",
    "sgf_file": "pos_6255/game.sgf"
  },
  "nmf_analysis": {
    "activation_strength": 0.3729424476623535,
    "rank_in_component": 1,
    "activation_in_other_components": [
      0.0,
      0.0011724685318768024,
      0.0,
      0.004862133413553238,
      0.01044931635260582,
      0.0,
      0.11029890924692154,
      0.0,
      0.01104935072362423,
      0.0,
      0.009569750167429447,
      0.0,
      0.0013854202115908265,
      0.0,
      0.01491537131369114,
      0.023996401578187943,
      0.009658309631049633,
      5.690544639946893e-05,
      0.017946917563676834,
      0.0,
      0.009053193032741547,
      0.0,
      0.008236090652644634,
      0.023466575890779495,
      0.0,
      0.005443184170871973,
      0.004185102880001068,
      0.01421541627496481,
      0.16147702932357788,
      0.06717995554208755,
      0.0,
      0.05843723937869072,
      0.0,
      0.2886838912963867,
      0.1497100293636322,
      0.06782771646976471,
      0.07148680090904236,
      0.3729424476623535,
      0.09000539779663086,
      0.22759509086608887,
      0.09323659539222717,
      0.0,
      0.06674402207136154,
      0.05602053925395012,
      0.12296503782272339,
      0.10647552460432053,
      0.26502472162246704,
      0.20158512890338898,
      0.13496722280979156,
      0.4280947148799896
    ],
    "channel_activity": [
      49,
      8,
      8,
      0,
      0,
      0,
      0,
      0,
      0,
      1,
      1,
      1,
      1,
      1,
      0,
      0,
      1,
      0,
      0,
      0,
      0,
      0
    ],
    "top_active_channels": [
      [
        0,
        49
      ],
      [
        1,
        8
      ],
      [
        2,
        8
      ],
      [
        9,
        1
      ],
      [
        10,
        1
      ]
    ],
    "total_board_activity": 71
  },
  "go_pattern_analysis": {
    "move_type": "corner",
    "game_phase": "opening",
    "turn_number": 1,
    "policy_entropy": 5.643856189774725,
    "policy_confidence": 0.02,
    "top_policy_moves": [
      {
        "coord": "PASS",
        "percentage": 2.0,
        "count": 1
      },
      {
        "coord": "(1,5)",
        "percentage": 2.0,
        "count": 1
      },
      {
        "coord": "(3,1)",
        "percentage": 2.0,
        "count": 1
      },
      {
        "coord": "(3,0)",
        "percentage": 2.0,
        "count": 1
      },
      {
        "coord": "(2,6)",
        "percentage": 2.0,
        "count": 1
      }
    ],
    "total_policy_counts": 50
  },
  "component_comparison": {
    "uniqueness_score": 0.4655744433403015,
    "similar_positions": [
      4369,
      4370,
      4709,
      2517,
      5870
    ],
    "component_rank": 1,
    "max_other_component_activation": 0.4280947148799896,
    "activation_percentile": 99.98485536877178
  }
}