{
  "position_info": {
    "part": 5,
    "rank": 7,
    "global_position": 3764,
    "move_coordinate": "E4",
    "turn_number": 4,
    "npz_file": "AAE4EE8DC9A92FFF.npz",
    "board_tensor_file": "pos_3764/board.npy",
    "sgf_file": "pos_3764/game.sgf"
  },
  "nmf_analysis": {
    "activation_strength": 0.5810574889183044,
    "rank_in_part": 7,
    "activation_in_other_parts": [
      0.0133604621514678,
      0.01989736407995224,
      0.11065058410167694,
      0.07207559794187546,
      0.6535907983779907,
      0.5810574889183044,
      0.05366717278957367,
      0.0,
      0.022168416529893875,
      0.24474671483039856,
      0.0,
      0.40886956453323364,
      0.30338767170906067,
      0.007768041454255581,
      0.04922576993703842,
      0.018726568669080734,
      0.04358193650841713,
      0.02682172879576683,
      0.11679331213235855,
      0.0,
      0.06881152838468552,
      0.0,
      0.022718802094459534,
      0.051848217844963074,
      0.24332916736602783
    ],
    "channel_activity": [
      49,
      0,
      0,
      0,
      0,
      0,
      0,
      0,
      0,
      0,
      0,
      0,
      0,
      0,
      0,
      0,
      0,
      0,
      0,
      0,
      0,
      0
    ],
    "top_active_channels": [
      [
        0,
        49
      ],
      [
        1,
        0
      ],
      [
        2,
        0
      ],
      [
        3,
        0
      ],
      [
        4,
        0
      ]
    ],
    "total_board_activity": 49
  },
  "go_pattern_analysis": {
    "move_type": "side",
    "game_phase": "opening",
    "turn_number": 4,
    "policy_entropy": 1.9892892356876144,
    "policy_confidence": 0.3016157989228007,
    "top_policy_moves": [
      {
        "coord": "(3,4)",
        "percentage": 30.2,
        "count": 168
      },
      {
        "coord": "(3,2)",
        "percentage": 24.6,
        "count": 137
      },
      {
        "coord": "(4,3)",
        "percentage": 23.0,
        "count": 128
      },
      {
        "coord": "(2,3)",
        "percentage": 22.3,
        "count": 124
      }
    ],
    "total_policy_counts": 557
  },
  "part_comparison": {
    "uniqueness_score": 0.47062593698501587,
    "similar_positions": [
      4832,
      5421,
      3295,
      3297,
      1316
    ],
    "part_rank": 7,
    "max_other_part_activation": 0.6535907983779907,
    "activation_percentile": 99.89398758140238
  }
}