{
  "position_info": {
    "part": 4,
    "rank": 15,
    "global_position": 5619,
    "move_coordinate": "C7",
    "turn_number": 18,
    "npz_file": "E3CD9898B9AFF870.npz",
    "board_tensor_file": "pos_5619/board.npy",
    "sgf_file": "pos_5619/game.sgf"
  },
  "nmf_analysis": {
    "activation_strength": 0.04560910537838936,
    "rank_in_part": 15,
    "activation_in_other_parts": [
      0.16030418872833252,
      0.0,
      0.0,
      0.03084329329431057,
      0.04560910537838936,
      0.0,
      0.06754908710718155,
      0.0,
      0.025626324117183685,
      0.02411884441971779,
      0.01891077123582363,
      0.003747629001736641,
      0.026124630123376846,
      0.0,
      0.024930372834205627,
      0.0,
      0.017017735168337822,
      0.0,
      0.03688325732946396,
      0.0,
      0.021786805242300034,
      0.027371812611818314,
      0.017260096967220306,
      0.024327056482434273,
      0.055076226592063904,
      0.010577168315649033,
      0.0037304607685655355,
      0.004288353957235813,
      0.15294215083122253,
      0.23326417803764343,
      0.09120231121778488,
      0.03230135515332222,
      0.025926148518919945,
      0.40441563725471497,
      0.11622455716133118,
      0.17750845849514008,
      0.23376062512397766,
      0.06245417147874832,
      0.03083425760269165,
      0.10861261188983917,
      0.04299051687121391,
      0.1871311366558075,
      0.06646908819675446,
      0.0,
      0.0613316185772419,
      0.0,
      0.23773141205310822,
      0.16708584129810333,
      0.0,
      0.43609464168548584
    ],
    "channel_activity": [
      49,
      16,
      13,
      0,
      4,
      13,
      0,
      0,
      0,
      1,
      1,
      1,
      1,
      1,
      0,
      1,
      3,
      0,
      0,
      0,
      0,
      0
    ],
    "top_active_channels": [
      [
        0,
        49
      ],
      [
        1,
        16
      ],
      [
        2,
        13
      ],
      [
        5,
        13
      ],
      [
        4,
        4
      ]
    ],
    "total_board_activity": 104
  },
  "go_pattern_analysis": {
    "move_type": "corner",
    "game_phase": "opening",
    "turn_number": 18,
    "policy_entropy": 0.5879303728017198,
    "policy_confidence": 0.8585858585858586,
    "top_policy_moves": [
      {
        "coord": "(6,2)",
        "percentage": 85.9,
        "count": 85
      },
      {
        "coord": "(5,3)",
        "percentage": 14.1,
        "count": 14
      }
    ],
    "total_policy_counts": 99
  },
  "part_comparison": {
    "uniqueness_score": 0.09468289464712143,
    "similar_positions": [
      1704,
      1703,
      1705,
      426,
      1706
    ],
    "part_rank": 15,
    "max_other_part_activation": 0.43609464168548584,
    "activation_percentile": 99.77283053157655
  }
}