{
  "position_info": {
    "part": 48,
    "rank": 9,
    "global_position": 3018,
    "move_coordinate": "E6",
    "turn_number": 14,
    "npz_file": "76F9EC3EB6A76AA0.npz",
    "board_tensor_file": "pos_3018/board.npy",
    "sgf_file": "pos_3018/game.sgf"
  },
  "nmf_analysis": {
    "activation_strength": 0.5864633917808533,
    "rank_in_component": 9,
    "activation_in_other_components": [
      0.21246947348117828,
      0.0,
      0.0,
      0.02199193462729454,
      0.010247377678751945,
      0.0491015762090683,
      0.08910741657018661,
      0.0,
      0.07981603592634201,
      0.05295977741479874,
      0.10729677230119705,
      0.024493709206581116,
      0.03958407789468765,
      0.00476140808314085,
      0.03691371530294418,
      0.0174956526607275,
      0.014344311319291592,
      0.0004805503995157778,
      0.020186886191368103,
      0.01030812505632639,
      0.0470295287668705,
      0.046807389706373215,
      0.045991938561201096,
      0.05729473754763603,
      0.08270677179098129,
      0.006585932336747646,
      0.016520006582140923,
      0.012273512780666351,
      0.0946575403213501,
      0.08127003163099289,
      0.021932393312454224,
      0.4803692698478699,
      0.24882856011390686,
      0.023685205727815628,
      0.046129513531923294,
      0.003929137252271175,
      0.02196538634598255,
      0.0,
      0.30458930134773254,
      0.0015500751323997974,
      0.14527395367622375,
      0.10424191504716873,
      0.06325078010559082,
      0.030437102541327477,
      0.015964116901159286,
      0.0,
      0.004781957250088453,
      0.0,
      0.5864633917808533,
      0.10322354733943939
    ],
    "channel_activity": [
      49,
      2,
      3,
      0,
      1,
      2,
      0,
      0,
      0,
      1,
      1,
      1,
      1,
      1,
      0,
      0,
      0,
      0,
      2,
      3,
      0,
      0
    ],
    "top_active_channels": [
      [
        0,
        49
      ],
      [
        2,
        3
      ],
      [
        19,
        3
      ],
      [
        1,
        2
      ],
      [
        5,
        2
      ]
    ],
    "total_board_activity": 67
  },
  "go_pattern_analysis": {
    "move_type": "corner",
    "game_phase": "opening",
    "turn_number": 14,
    "policy_entropy": -0.0,
    "policy_confidence": 1.0,
    "top_policy_moves": [
      {
        "coord": "(5,4)",
        "percentage": 100.0,
        "count": 345
      }
    ],
    "total_policy_counts": 345
  },
  "component_comparison": {
    "uniqueness_score": 0.5497238636016846,
    "similar_positions": [
      1564,
      1569,
      6497,
      1350,
      4809
    ],
    "component_rank": 9,
    "max_other_component_activation": 0.4803692698478699,
    "activation_percentile": 99.86369831894594
  }
}