{
  "position_info": {
    "part": 26,
    "rank": 18,
    "global_position": 4558,
    "move_coordinate": "D3",
    "turn_number": 17,
    "npz_file": "B330F9C802154800.npz",
    "board_tensor_file": "pos_4558/board.npy",
    "sgf_file": "pos_4558/game.sgf"
  },
  "nmf_analysis": {
    "activation_strength": 0.02106030099093914,
    "rank_in_part": 18,
    "activation_in_other_parts": [
      0.15863163769245148,
      0.036389973014593124,
      0.0,
      0.008582116104662418,
      0.0,
      0.03587154299020767,
      0.04626522958278656,
      0.0171430092304945,
      0.10916038602590561,
      0.037541262805461884,
      0.12873725593090057,
      0.010920501314103603,
      0.028519488871097565,
      0.0124440873041749,
      0.05559193715453148,
      0.0,
      0.013317261822521687,
      0.0007926970720291138,
      0.014621520414948463,
      0.01273643970489502,
      0.06360550969839096,
      0.018125787377357483,
      0.06182769685983658,
      0.061043161898851395,
      0.03549856320023537,
      0.005257823038846254,
      0.02106030099093914,
      0.0,
      0.22272370755672455,
      0.13201043009757996,
      0.0,
      0.7468504905700684,
      0.3322760760784149,
      0.017423348501324654,
      0.0,
      0.0,
      0.0,
      0.0,
      0.40478450059890747,
      0.04895530641078949,
      0.004532209597527981,
      0.06187936291098595,
      0.16188472509384155,
      0.0,
      0.003174014389514923,
      0.0036576546262949705,
      0.0,
      0.0,
      0.37889406085014343,
      0.011697998270392418
    ],
    "channel_activity": [
      49,
      1,
      2,
      0,
      1,
      2,
      0,
      0,
      0,
      1,
      1,
      1,
      0,
      0,
      0,
      0,
      0,
      0,
      0,
      0,
      0,
      0
    ],
    "top_active_channels": [
      [
        0,
        49
      ],
      [
        2,
        2
      ],
      [
        5,
        2
      ],
      [
        1,
        1
      ],
      [
        4,
        1
      ]
    ],
    "total_board_activity": 58
  },
  "go_pattern_analysis": {
    "move_type": "side",
    "game_phase": "opening",
    "turn_number": 17,
    "policy_entropy": -0.0,
    "policy_confidence": 1.0,
    "top_policy_moves": [
      {
        "coord": "(2,3)",
        "percentage": 100.0,
        "count": 551
      }
    ],
    "total_policy_counts": 551
  },
  "part_comparison": {
    "uniqueness_score": 0.027425453066825867,
    "similar_positions": [
      988,
      1663,
      2297,
      1973,
      3429
    ],
    "part_rank": 18,
    "max_other_part_activation": 0.7468504905700684,
    "activation_percentile": 99.72739663789186
  }
}