{
  "position_info": {
    "part": 38,
    "rank": 5,
    "global_position": 5933,
    "move_coordinate": "E3",
    "turn_number": 16,
    "npz_file": "E3CD9898B9AFF870.npz",
    "board_tensor_file": "pos_5933/board.npy",
    "sgf_file": "pos_5933/game.sgf"
  },
  "nmf_analysis": {
    "activation_strength": 0.8200374245643616,
    "rank_in_part": 5,
    "activation_in_other_parts": [
      0.0,
      0.04425131902098656,
      0.0,
      0.0,
      0.0,
      0.0,
      0.09597333520650864,
      0.023185478523373604,
      0.009346796199679375,
      0.10484842956066132,
      0.03711170330643654,
      0.09035040438175201,
      0.06055876612663269,
      0.0,
      0.0022187039721757174,
      0.1851380467414856,
      0.0023627744521945715,
      0.0003311626787763089,
      0.0,
      0.0,
      0.0008007084834389389,
      0.057542625814676285,
      0.005088789388537407,
      0.0,
      0.09848231822252274,
      4.378354060463607e-05,
      0.005510993767529726,
      0.0,
      0.0,
      0.005405492149293423,
      0.042086903005838394,
      0.277955561876297,
      0.012002486735582352,
      0.0,
      0.0,
      0.05806656554341316,
      0.0,
      0.0,
      0.8200374245643616,
      0.0,
      0.07973218709230423,
      0.0,
      0.09293939918279648,
      0.0,
      0.0,
      0.2440120279788971,
      0.0,
      0.0,
      0.05693866312503815,
      0.480294793844223
    ],
    "channel_activity": [
      49,
      1,
      1,
      0,
      0,
      2,
      0,
      0,
      0,
      1,
      1,
      0,
      0,
      0,
      0,
      0,
      0,
      0,
      0,
      0,
      0,
      0
    ],
    "top_active_channels": [
      [
        0,
        49
      ],
      [
        5,
        2
      ],
      [
        1,
        1
      ],
      [
        2,
        1
      ],
      [
        9,
        1
      ]
    ],
    "total_board_activity": 55
  },
  "go_pattern_analysis": {
    "move_type": "corner",
    "game_phase": "opening",
    "turn_number": 16,
    "policy_entropy": 0.05943184720325876,
    "policy_confidence": 0.993103448275862,
    "top_policy_moves": [
      {
        "coord": "(2,4)",
        "percentage": 99.3,
        "count": 144
      },
      {
        "coord": "(2,3)",
        "percentage": 0.7,
        "count": 1
      }
    ],
    "total_policy_counts": 145
  },
  "part_comparison": {
    "uniqueness_score": 0.6306368708610535,
    "similar_positions": [
      2978,
      5626,
      5462,
      5625,
      3841
    ],
    "part_rank": 5,
    "max_other_part_activation": 0.480294793844223,
    "activation_percentile": 99.92427684385885
  }
}