{
  "position_info": {
    "part": 12,
    "rank": 12,
    "global_position": 5933,
    "move_coordinate": "E3",
    "turn_number": 16,
    "npz_file": "E3CD9898B9AFF870.npz",
    "board_tensor_file": "pos_5933/board.npy",
    "sgf_file": "pos_5933/game.sgf"
  },
  "nmf_analysis": {
    "activation_strength": 0.48165184259414673,
    "rank_in_part": 12,
    "activation_in_other_parts": [
      0.0,
      0.07526519894599915,
      0.0,
      0.0,
      0.6163403987884521,
      0.43723395466804504,
      0.0038679747376590967,
      0.0,
      0.048345621675252914,
      0.3487492799758911,
      0.0002836478524841368,
      0.21368691325187683,
      0.48165184259414673,
      0.016894999891519547,
      0.1374635249376297,
      0.0066826557740569115,
      0.049248501658439636,
      0.014652873389422894,
      0.30375295877456665,
      0.10592333227396011,
      0.054515719413757324,
      0.011594841256737709,
      0.0,
      0.0,
      0.25434914231300354
    ],
    "channel_activity": [
      49,
      1,
      1,
      0,
      0,
      2,
      0,
      0,
      0,
      1,
      1,
      0,
      0,
      0,
      0,
      0,
      0,
      0,
      0,
      0,
      0,
      0
    ],
    "top_active_channels": [
      [
        0,
        49
      ],
      [
        5,
        2
      ],
      [
        1,
        1
      ],
      [
        2,
        1
      ],
      [
        9,
        1
      ]
    ],
    "total_board_activity": 55
  },
  "go_pattern_analysis": {
    "move_type": "corner",
    "game_phase": "opening",
    "turn_number": 16,
    "policy_entropy": 0.05943184720325876,
    "policy_confidence": 0.993103448275862,
    "top_policy_moves": [
      {
        "coord": "(2,4)",
        "percentage": 99.3,
        "count": 144
      },
      {
        "coord": "(2,3)",
        "percentage": 0.7,
        "count": 1
      }
    ],
    "total_policy_counts": 145
  },
  "part_comparison": {
    "uniqueness_score": 0.4386660158634186,
    "similar_positions": [
      747,
      3184,
      1425,
      1301,
      6471
    ],
    "part_rank": 12,
    "max_other_part_activation": 0.6163403987884521,
    "activation_percentile": 99.81826442526125
  }
}