{
  "position_info": {
    "part": 17,
    "rank": 11,
    "global_position": 5265,
    "move_coordinate": "PASS",
    "turn_number": 1,
    "npz_file": "BADFFB51627F24FD.npz",
    "board_tensor_file": "pos_5265/board.npy",
    "sgf_file": "pos_5265/game.sgf"
  },
  "nmf_analysis": {
    "activation_strength": 0.0014843731187283993,
    "rank_in_component": 11,
    "activation_in_other_components": [
      0.04183616116642952,
      0.19200457632541656,
      0.0,
      0.0,
      0.0,
      0.04098229855298996,
      0.0,
      0.07643353939056396,
      0.008401674218475819,
      0.09064598381519318,
      0.025235339999198914,
      0.011282965540885925,
      0.014606153592467308,
      0.050963595509529114,
      0.003346356563270092,
      0.0044530900195240974,
      0.0,
      0.0014843731187283993,
      0.0,
      0.061363622546195984,
      0.004002176225185394,
      0.010706786997616291,
      0.005887148901820183,
      0.0,
      0.0030284873209893703,
      0.0,
      0.0035484922118484974,
      0.0,
      0.12822413444519043,
      0.09480070322751999,
      0.14472399652004242,
      0.0846988707780838,
      0.10000701248645782,
      0.2051938772201538,
      0.07136744260787964,
      0.1483214795589447,
      0.33035603165626526,
      0.019089898094534874,
      0.06559108942747116,
      0.311484158039093,
      0.052773766219615936,
      0.19261528551578522,
      0.0,
      0.025109991431236267,
      0.12895068526268005,
      0.07218535244464874,
      0.08396433293819427,
      0.241580992937088,
      0.12821157276630402,
      0.37845394015312195
    ],
    "channel_activity": [
      49,
      11,
      11,
      0,
      6,
      10,
      0,
      0,
      0,
      1,
      1,
      1,
      1,
      1,
      0,
      0,
      0,
      0,
      0,
      0,
      0,
      0
    ],
    "top_active_channels": [
      [
        0,
        49
      ],
      [
        1,
        11
      ],
      [
        2,
        11
      ],
      [
        5,
        10
      ],
      [
        4,
        6
      ]
    ],
    "total_board_activity": 92
  },
  "go_pattern_analysis": {
    "move_type": "pass",
    "game_phase": "opening",
    "turn_number": 1,
    "policy_entropy": 0.24294194936035277,
    "policy_confidence": 0.9712918660287081,
    "top_policy_moves": [
      {
        "coord": "PASS",
        "percentage": 97.1,
        "count": 203
      },
      {
        "coord": "(0,2)",
        "percentage": 1.0,
        "count": 2
      },
      {
        "coord": "(2,1)",
        "percentage": 1.0,
        "count": 2
      },
      {
        "coord": "(1,1)",
        "percentage": 0.5,
        "count": 1
      },
      {
        "coord": "(2,0)",
        "percentage": 0.5,
        "count": 1
      }
    ],
    "total_policy_counts": 209
  },
  "component_comparison": {
    "uniqueness_score": 0.00390687957406044,
    "similar_positions": [
      536,
      1054,
      262,
      6120,
      6121
    ],
    "component_rank": 11,
    "max_other_component_activation": 0.37845394015312195,
    "activation_percentile": 99.83340905648947
  }
}