{
  "position_info": {
    "part": 47,
    "rank": 20,
    "global_position": 3,
    "move_coordinate": "A3",
    "turn_number": 10,
    "npz_file": "1906C337F5CDAFA9.npz",
    "board_tensor_file": "pos_3/board.npy",
    "sgf_file": "pos_3/game.sgf"
  },
  "nmf_analysis": {
    "activation_strength": 0.33112776279449463,
    "rank_in_part": 20,
    "activation_in_other_parts": [
      0.05858585983514786,
      0.07912810891866684,
      0.0,
      0.008439922705292702,
      0.016115935519337654,
      0.004063155502080917,
      0.141414612531662,
      0.02592560462653637,
      0.04015324264764786,
      0.04734209179878235,
      0.04948370158672333,
      0.008196476846933365,
      0.02868831902742386,
      0.013691813684999943,
      0.017257289960980415,
      0.02595396153628826,
      0.006480099633336067,
      0.0003865246835630387,
      0.01188949029892683,
      0.014223256148397923,
      0.02285393513739109,
      0.024540405720472336,
      0.01901775225996971,
      0.03479530289769173,
      0.033893801271915436,
      0.0034952983260154724,
      0.005560797173529863,
      0.00972633808851242,
      0.03334665670990944,
      0.2674889862537384,
      0.22622856497764587,
      0.06239057332277298,
      0.1017800122499466,
      0.2585296332836151,
      0.06310268491506577,
      0.0506792813539505,
      0.13353030383586884,
      0.059934861958026886,
      0.12026114016771317,
      0.13565285503864288,
      0.03556837886571884,
      0.23312269151210785,
      0.0,
      0.015796301886439323,
      0.18321947753429413,
      0.0,
      0.019559411332011223,
      0.33112776279449463,
      0.06819374114274979,
      0.4144907295703888
    ],
    "channel_activity": [
      49,
      13,
      12,
      0,
      13,
      2,
      0,
      0,
      0,
      1,
      1,
      1,
      1,
      1,
      9,
      5,
      4,
      3,
      13,
      12,
      0,
      0
    ],
    "top_active_channels": [
      [
        0,
        49
      ],
      [
        1,
        13
      ],
      [
        4,
        13
      ],
      [
        18,
        13
      ],
      [
        2,
        12
      ]
    ],
    "total_board_activity": 140
  },
  "go_pattern_analysis": {
    "move_type": "corner",
    "game_phase": "opening",
    "turn_number": 10,
    "policy_entropy": -0.0,
    "policy_confidence": 1.0,
    "top_policy_moves": [
      {
        "coord": "(2,0)",
        "percentage": 100.0,
        "count": 129
      }
    ],
    "total_policy_counts": 129
  },
  "part_comparison": {
    "uniqueness_score": 0.4440981149673462,
    "similar_positions": [
      4663,
      6024,
      550,
      5873,
      3849
    ],
    "part_rank": 20,
    "max_other_part_activation": 0.4144907295703888,
    "activation_percentile": 99.69710737543541
  }
}