{
  "position_info": {
    "part": 8,
    "rank": 18,
    "global_position": 2540,
    "move_coordinate": "C2",
    "turn_number": 20,
    "npz_file": "76F9EC3EB6A76AA0.npz",
    "board_tensor_file": "pos_2540/board.npy",
    "sgf_file": "pos_2540/game.sgf"
  },
  "nmf_analysis": {
    "activation_strength": 0.495604008436203,
    "rank_in_part": 18,
    "activation_in_other_parts": [
      0.075531505048275,
      0.0972171276807785,
      0.07049145549535751,
      0.18802520632743835,
      0.08119682222604752,
      0.019141389057040215,
      0.08446868509054184,
      0.2542044520378113,
      0.495604008436203,
      0.16123171150684357,
      0.08345949649810791,
      0.09608056396245956,
      0.10918888449668884,
      0.0,
      0.12686166167259216,
      0.2791793942451477,
      0.32465094327926636,
      0.0,
      0.1799398809671402,
      0.0,
      0.17028428614139557,
      0.0,
      0.0,
      0.030660761520266533,
      0.41942018270492554
    ],
    "channel_activity": [
      49,
      6,
      7,
      0,
      1,
      1,
      0,
      0,
      0,
      1,
      1,
      1,
      1,
      1,
      1,
      1,
      0,
      0,
      6,
      7,
      0,
      0
    ],
    "top_active_channels": [
      [
        0,
        49
      ],
      [
        2,
        7
      ],
      [
        19,
        7
      ],
      [
        1,
        6
      ],
      [
        18,
        6
      ]
    ],
    "total_board_activity": 84
  },
  "go_pattern_analysis": {
    "move_type": "corner",
    "game_phase": "opening",
    "turn_number": 20,
    "policy_entropy": -0.0,
    "policy_confidence": 1.0,
    "top_policy_moves": [
      {
        "coord": "(1,2)",
        "percentage": 100.0,
        "count": 251
      }
    ],
    "total_policy_counts": 251
  },
  "part_comparison": {
    "uniqueness_score": 0.541629433631897,
    "similar_positions": [
      1909,
      4911,
      3071,
      5154,
      3124
    ],
    "part_rank": 18,
    "max_other_part_activation": 0.41942018270492554,
    "activation_percentile": 99.72739663789186
  }
}