{
  "position_info": {
    "part": 3,
    "rank": 6,
    "global_position": 3346,
    "move_coordinate": "D2",
    "turn_number": 8,
    "npz_file": "AAE4EE8DC9A92FFF.npz",
    "board_tensor_file": "pos_3346/board.npy",
    "sgf_file": "pos_3346/game.sgf"
  },
  "nmf_analysis": {
    "activation_strength": 126.498291015625,
    "rank_in_part": 6,
    "activation_in_other_parts": [
      580.8272705078125,
      85.04582214355469,
      46.78046798706055,
      126.498291015625,
      0.0,
      3.648118257522583,
      0.0,
      46.78768539428711,
      0.0,
      0.0,
      3.1983449459075928,
      0.0,
      0.0,
      0.29178544878959656,
      13.747687339782715,
      0.20609401166439056,
      0.3882637619972229,
      0.048112839460372925,
      0.04635578393936157,
      0.0,
      0.02932591922581196,
      0.024903450161218643,
      0.111074298620224,
      0.0,
      0.0
    ],
    "channel_activity": [
      49,
      9,
      8,
      0,
      0,
      2,
      0,
      0,
      0,
      0,
      1,
      1,
      1,
      1,
      0,
      0,
      0,
      0,
      0,
      0,
      0,
      0
    ],
    "top_active_channels": [
      [
        0,
        49
      ],
      [
        1,
        9
      ],
      [
        2,
        8
      ],
      [
        5,
        2
      ],
      [
        10,
        1
      ]
    ],
    "total_board_activity": 72
  },
  "go_pattern_analysis": {
    "move_type": "side",
    "game_phase": "opening",
    "turn_number": 8,
    "policy_entropy": 0.9860808932991836,
    "policy_confidence": 0.5693430656934306,
    "top_policy_moves": [
      {
        "coord": "(1,3)",
        "percentage": 56.9,
        "count": 78
      },
      {
        "coord": "(0,4)",
        "percentage": 43.1,
        "count": 59
      }
    ],
    "total_policy_counts": 137
  },
  "part_comparison": {
    "uniqueness_score": 0.1788402646780014,
    "similar_positions": [
      5518,
      3374,
      1950,
      4370,
      229
    ],
    "part_rank": 6,
    "max_other_part_activation": 580.8272705078125,
    "activation_percentile": 99.90913221263062
  }
}