{
  "position_info": {
    "part": 28,
    "rank": 16,
    "global_position": 2522,
    "move_coordinate": "PASS",
    "turn_number": 1,
    "npz_file": "76F9EC3EB6A76AA0.npz",
    "board_tensor_file": "pos_2522/board.npy",
    "sgf_file": "pos_2522/game.sgf"
  },
  "nmf_analysis": {
    "activation_strength": 0.5120012760162354,
    "rank_in_part": 16,
    "activation_in_other_parts": [
      0.0011572600342333317,
      0.09854116290807724,
      0.0,
      0.003734414931386709,
      0.01183523703366518,
      0.01251509040594101,
      0.051449090242385864,
      0.02771672047674656,
      0.010923749767243862,
      0.03443685546517372,
      0.0,
      0.016396576538681984,
      0.012833341024816036,
      0.018002891913056374,
      0.005799488164484501,
      0.007657060865312815,
      0.0,
      0.0005155871040187776,
      0.0,
      0.01627032272517681,
      0.006906042341142893,
      0.0134125342592597,
      0.004073052201420069,
      0.02690417878329754,
      0.027604803442955017,
      0.0,
      0.0,
      0.017217546701431274,
      0.5120012760162354,
      0.17581526935100555,
      0.0533871166408062,
      0.0,
      0.12136349827051163,
      0.12476637959480286,
      0.27980461716651917,
      0.00838909950107336,
      0.30360308289527893,
      0.13070222735404968,
      0.0014754049479961395,
      0.08266329765319824,
      0.0,
      0.14408792555332184,
      0.0006514895358122885,
      0.04187585413455963,
      0.0776323601603508,
      0.12638457119464874,
      0.12421614676713943,
      0.11609301716089249,
      0.22750015556812286,
      0.31213369965553284
    ],
    "channel_activity": [
      49,
      12,
      13,
      0,
      1,
      7,
      0,
      0,
      0,
      1,
      1,
      1,
      0,
      0,
      0,
      0,
      0,
      0,
      0,
      0,
      0,
      0
    ],
    "top_active_channels": [
      [
        0,
        49
      ],
      [
        2,
        13
      ],
      [
        1,
        12
      ],
      [
        5,
        7
      ],
      [
        4,
        1
      ]
    ],
    "total_board_activity": 85
  },
  "go_pattern_analysis": {
    "move_type": "pass",
    "game_phase": "opening",
    "turn_number": 1,
    "policy_entropy": 0.2304422491873231,
    "policy_confidence": 0.9716713881019831,
    "top_policy_moves": [
      {
        "coord": "PASS",
        "percentage": 97.2,
        "count": 343
      },
      {
        "coord": "(4,4)",
        "percentage": 1.7,
        "count": 6
      },
      {
        "coord": "(0,4)",
        "percentage": 0.6,
        "count": 2
      },
      {
        "coord": "(0,6)",
        "percentage": 0.3,
        "count": 1
      },
      {
        "coord": "(1,3)",
        "percentage": 0.3,
        "count": 1
      }
    ],
    "total_policy_counts": 353
  },
  "part_comparison": {
    "uniqueness_score": 0.6212590336799622,
    "similar_positions": [
      1568,
      1567,
      1566,
      1565,
      1569
    ],
    "part_rank": 16,
    "max_other_part_activation": 0.31213369965553284,
    "activation_percentile": 99.75768590034832
  }
}