{
  "position_info": {
    "part": 7,
    "rank": 3,
    "global_position": 426,
    "move_coordinate": "A5",
    "turn_number": 1,
    "npz_file": "1906C337F5CDAFA9.npz",
    "board_tensor_file": "pos_426/board.npy",
    "sgf_file": "pos_426/game.sgf"
  },
  "nmf_analysis": {
    "activation_strength": 0.7044656872749329,
    "rank_in_part": 3,
    "activation_in_other_parts": [
      0.18189182877540588,
      0.2179202139377594,
      0.0,
      0.3233582377433777,
      0.0,
      0.0,
      0.13510721921920776,
      0.7044656872749329,
      0.22027447819709778,
      0.005505417939275503,
      0.0,
      0.15513105690479279,
      0.0,
      0.13780242204666138,
      0.24486574530601501,
      0.0,
      0.08088666200637817,
      0.3786971867084503,
      0.19345952570438385,
      0.0,
      0.06364660710096359,
      0.19494596123695374,
      0.0,
      0.0,
      0.08636853843927383
    ],
    "channel_activity": [
      49,
      16,
      20,
      2,
      19,
      6,
      0,
      0,
      0,
      1,
      1,
      1,
      1,
      1,
      2,
      1,
      1,
      0,
      16,
      20,
      0,
      0
    ],
    "top_active_channels": [
      [
        0,
        49
      ],
      [
        2,
        20
      ],
      [
        19,
        20
      ],
      [
        4,
        19
      ],
      [
        1,
        16
      ]
    ],
    "total_board_activity": 157
  },
  "go_pattern_analysis": {
    "move_type": "corner",
    "game_phase": "opening",
    "turn_number": 1,
    "policy_entropy": 0.9096248572717385,
    "policy_confidence": 0.6751054852320675,
    "top_policy_moves": [
      {
        "coord": "(4,0)",
        "percentage": 67.5,
        "count": 160
      },
      {
        "coord": "(6,0)",
        "percentage": 32.5,
        "count": 77
      }
    ],
    "total_policy_counts": 237
  },
  "part_comparison": {
    "uniqueness_score": 0.6503783464431763,
    "similar_positions": [
      1568,
      4835,
      3175,
      3177,
      2497
    ],
    "part_rank": 3,
    "max_other_part_activation": 0.3786971867084503,
    "activation_percentile": 99.95456610631531
  }
}