{
  "position_info": {
    "part": 3,
    "rank": 1,
    "global_position": 426,
    "move_coordinate": "A5",
    "turn_number": 1,
    "npz_file": "1906C337F5CDAFA9.npz",
    "board_tensor_file": "pos_426/board.npy",
    "sgf_file": "pos_426/game.sgf"
  },
  "nmf_analysis": {
    "activation_strength": 0.04584658890962601,
    "rank_in_part": 1,
    "activation_in_other_parts": [
      0.21600139141082764,
      0.0,
      0.0,
      0.04584658890962601,
      0.05787035450339317,
      0.03948180377483368,
      0.008010901510715485,
      0.0010398877784609795,
      0.04529504105448723,
      0.1574070155620575,
      0.04699026048183441,
      0.09965614974498749,
      0.06862335652112961,
      0.004698510747402906,
      0.02401355467736721,
      0.11486522108316422,
      0.017584409564733505,
      0.0,
      0.030261758714914322,
      0.01506439782679081,
      0.0397818386554718,
      0.09290216863155365,
      0.030431902036070824,
      0.003959494177252054,
      0.1281653642654419,
      0.009421762079000473,
      0.0052674380131065845,
      0.0,
      0.3063087463378906,
      0.3667325973510742,
      0.32298943400382996,
      0.0,
      0.15074750781059265,
      0.1435067057609558,
      0.19064605236053467,
      0.0,
      0.36827898025512695,
      0.0,
      0.0,
      0.009240063838660717,
      0.0,
      0.620353102684021,
      0.0,
      0.0,
      0.010542426258325577,
      0.0,
      0.0,
      0.17006975412368774,
      0.0,
      0.20721016824245453
    ],
    "channel_activity": [
      49,
      16,
      20,
      2,
      19,
      6,
      0,
      0,
      0,
      1,
      1,
      1,
      1,
      1,
      2,
      1,
      1,
      0,
      16,
      20,
      0,
      0
    ],
    "top_active_channels": [
      [
        0,
        49
      ],
      [
        2,
        20
      ],
      [
        19,
        20
      ],
      [
        4,
        19
      ],
      [
        1,
        16
      ]
    ],
    "total_board_activity": 157
  },
  "go_pattern_analysis": {
    "move_type": "corner",
    "game_phase": "opening",
    "turn_number": 1,
    "policy_entropy": 0.9096248572717385,
    "policy_confidence": 0.6751054852320675,
    "top_policy_moves": [
      {
        "coord": "(4,0)",
        "percentage": 67.5,
        "count": 160
      },
      {
        "coord": "(6,0)",
        "percentage": 32.5,
        "count": 77
      }
    ],
    "total_policy_counts": 237
  },
  "part_comparison": {
    "uniqueness_score": 0.0688180923461914,
    "similar_positions": [
      4798,
      1704,
      5385,
      5609,
      1703
    ],
    "part_rank": 1,
    "max_other_part_activation": 0.620353102684021,
    "activation_percentile": 99.98485536877178
  }
}