{
  "position_info": {
    "part": 8,
    "rank": 5,
    "global_position": 426,
    "move_coordinate": "A5",
    "turn_number": 1,
    "npz_file": "1906C337F5CDAFA9.npz",
    "board_tensor_file": "pos_426/board.npy",
    "sgf_file": "pos_426/game.sgf"
  },
  "nmf_analysis": {
    "activation_strength": 1.4164689779281616,
    "rank_in_part": 5,
    "activation_in_other_parts": [
      2796.2529296875,
      0.0,
      170.9368896484375,
      113.63105773925781,
      115.36412811279297,
      0.0,
      0.0,
      0.07680080831050873,
      1.4164689779281616,
      0.0,
      0.0,
      0.0003945976495742798,
      0.0,
      0.0,
      0.0,
      0.010246679186820984,
      0.0,
      0.0,
      0.0,
      0.5485012531280518,
      0.0,
      0.373874306678772,
      0.5475434064865112,
      0.0,
      0.630843460559845
    ],
    "channel_activity": [
      49,
      16,
      20,
      2,
      19,
      6,
      0,
      0,
      0,
      1,
      1,
      1,
      1,
      1,
      2,
      1,
      1,
      0,
      16,
      20,
      0,
      0
    ],
    "top_active_channels": [
      [
        0,
        49
      ],
      [
        2,
        20
      ],
      [
        19,
        20
      ],
      [
        4,
        19
      ],
      [
        1,
        16
      ]
    ],
    "total_board_activity": 157
  },
  "go_pattern_analysis": {
    "move_type": "corner",
    "game_phase": "opening",
    "turn_number": 1,
    "policy_entropy": 0.9096248572717385,
    "policy_confidence": 0.6751054852320675,
    "top_policy_moves": [
      {
        "coord": "(4,0)",
        "percentage": 67.5,
        "count": 160
      },
      {
        "coord": "(6,0)",
        "percentage": 32.5,
        "count": 77
      }
    ],
    "total_policy_counts": 237
  },
  "part_comparison": {
    "uniqueness_score": 0.0005063032149337232,
    "similar_positions": [
      3786,
      423,
      424,
      1885,
      425
    ],
    "part_rank": 5,
    "max_other_part_activation": 2796.2529296875,
    "activation_percentile": 99.92427684385885
  }
}