{
  "position_info": {
    "part": 8,
    "rank": 1,
    "global_position": 426,
    "move_coordinate": "A5",
    "turn_number": 1,
    "npz_file": "1906C337F5CDAFA9.npz",
    "board_tensor_file": "pos_426/board.npy",
    "sgf_file": "pos_426/game.sgf"
  },
  "nmf_analysis": {
    "activation_strength": 1.4886865615844727,
    "rank_in_part": 1,
    "activation_in_other_parts": [
      3500.865478515625,
      200.6806182861328,
      151.35211181640625,
      130.307861328125,
      0.0,
      0.0,
      0.0,
      0.11368902772665024,
      1.4886865615844727,
      0.6084745526313782,
      0.0,
      0.0,
      0.0,
      0.0,
      0.15373244881629944,
      0.0,
      0.2748252749443054,
      0.0,
      0.18257562816143036,
      0.0,
      0.8171969056129456,
      0.0,
      0.0,
      0.45070821046829224,
      0.0
    ],
    "channel_activity": [
      49,
      16,
      20,
      2,
      19,
      6,
      0,
      0,
      0,
      1,
      1,
      1,
      1,
      1,
      2,
      1,
      1,
      0,
      16,
      20,
      0,
      0
    ],
    "top_active_channels": [
      [
        0,
        49
      ],
      [
        2,
        20
      ],
      [
        19,
        20
      ],
      [
        4,
        19
      ],
      [
        1,
        16
      ]
    ],
    "total_board_activity": 157
  },
  "go_pattern_analysis": {
    "move_type": "corner",
    "game_phase": "opening",
    "turn_number": 1,
    "policy_entropy": 0.9096248572717385,
    "policy_confidence": 0.6751054852320675,
    "top_policy_moves": [
      {
        "coord": "(4,0)",
        "percentage": 67.5,
        "count": 160
      },
      {
        "coord": "(6,0)",
        "percentage": 32.5,
        "count": 77
      }
    ],
    "total_policy_counts": 237
  },
  "part_comparison": {
    "uniqueness_score": 0.0004250531201250851,
    "similar_positions": [
      425,
      3786,
      424,
      423,
      3784
    ],
    "part_rank": 1,
    "max_other_part_activation": 3500.865478515625,
    "activation_percentile": 99.98485536877178
  }
}