{
  "position_info": {
    "part": 6,
    "rank": 14,
    "global_position": 426,
    "move_coordinate": "A5",
    "turn_number": 1,
    "npz_file": "1906C337F5CDAFA9.npz",
    "board_tensor_file": "pos_426/board.npy",
    "sgf_file": "pos_426/game.sgf"
  },
  "nmf_analysis": {
    "activation_strength": 0.735327959060669,
    "rank_in_part": 14,
    "activation_in_other_parts": [
      3032.330810546875,
      0.0,
      29.35484504699707,
      0.0,
      129.3197479248047,
      0.0,
      0.735327959060669,
      24.12735366821289,
      0.39274701476097107,
      0.0,
      0.0,
      0.0,
      0.0,
      0.0,
      0.0,
      0.0,
      0.0,
      0.1558772176504135,
      0.1503298580646515,
      0.42893341183662415,
      0.0,
      0.0,
      0.034750230610370636,
      0.43393078446388245,
      0.0
    ],
    "channel_activity": [
      49,
      16,
      20,
      2,
      19,
      6,
      0,
      0,
      0,
      1,
      1,
      1,
      1,
      1,
      2,
      1,
      1,
      0,
      16,
      20,
      0,
      0
    ],
    "top_active_channels": [
      [
        0,
        49
      ],
      [
        2,
        20
      ],
      [
        19,
        20
      ],
      [
        4,
        19
      ],
      [
        1,
        16
      ]
    ],
    "total_board_activity": 157
  },
  "go_pattern_analysis": {
    "move_type": "corner",
    "game_phase": "opening",
    "turn_number": 1,
    "policy_entropy": 0.9096248572717385,
    "policy_confidence": 0.6751054852320675,
    "top_policy_moves": [
      {
        "coord": "(4,0)",
        "percentage": 67.5,
        "count": 160
      },
      {
        "coord": "(6,0)",
        "percentage": 32.5,
        "count": 77
      }
    ],
    "total_policy_counts": 237
  },
  "part_comparison": {
    "uniqueness_score": 0.00024243716325145215,
    "similar_positions": [
      4952,
      4246,
      2058,
      2499,
      2498
    ],
    "part_rank": 14,
    "max_other_part_activation": 3032.330810546875,
    "activation_percentile": 99.78797516280478
  }
}