{
  "position_info": {
    "part": 3,
    "rank": 12,
    "global_position": 1292,
    "move_coordinate": "D2",
    "turn_number": 1,
    "npz_file": "1D638D50844BD930.npz",
    "board_tensor_file": "pos_1292/board.npy",
    "sgf_file": "pos_1292/game.sgf"
  },
  "nmf_analysis": {
    "activation_strength": 0.43131372332572937,
    "rank_in_part": 12,
    "activation_in_other_parts": [
      0.24228616058826447,
      0.03974179923534393,
      0.013790586963295937,
      0.43131372332572937,
      0.046390026807785034,
      0.12945282459259033,
      0.020063726231455803,
      0.3270549178123474,
      0.25206151604652405,
      0.08481494337320328,
      0.09453384578227997,
      0.3070041537284851,
      0.04079141840338707,
      0.07796720415353775,
      0.0041933548636734486,
      0.0,
      0.07571601122617722,
      0.3164307177066803,
      0.26058104634284973,
      0.06887558102607727,
      0.10948939621448517,
      0.12000612914562225,
      0.11235361546278,
      0.0,
      0.34923380613327026
    ],
    "channel_activity": [
      49,
      10,
      10,
      1,
      3,
      6,
      0,
      0,
      0,
      1,
      1,
      1,
      1,
      1,
      1,
      1,
      1,
      0,
      10,
      10,
      0,
      0
    ],
    "top_active_channels": [
      [
        0,
        49
      ],
      [
        1,
        10
      ],
      [
        2,
        10
      ],
      [
        18,
        10
      ],
      [
        19,
        10
      ]
    ],
    "total_board_activity": 107
  },
  "go_pattern_analysis": {
    "move_type": "side",
    "game_phase": "opening",
    "turn_number": 1,
    "policy_entropy": 0.38512138829680576,
    "policy_confidence": 0.9304029304029304,
    "top_policy_moves": [
      {
        "coord": "(1,3)",
        "percentage": 93.0,
        "count": 254
      },
      {
        "coord": "(2,6)",
        "percentage": 6.6,
        "count": 18
      },
      {
        "coord": "(0,1)",
        "percentage": 0.4,
        "count": 1
      }
    ],
    "total_policy_counts": 273
  },
  "part_comparison": {
    "uniqueness_score": 0.5525784492492676,
    "similar_positions": [
      1384,
      776,
      1950,
      6214,
      64
    ],
    "part_rank": 11,
    "max_other_part_activation": 0.34923380613327026,
    "activation_percentile": 99.83340905648947
  }
}