{
  "position_info": {
    "part": 15,
    "rank": 10,
    "global_position": 3798,
    "move_coordinate": "G2",
    "turn_number": 14,
    "npz_file": "AAE4EE8DC9A92FFF.npz",
    "board_tensor_file": "pos_3798/board.npy",
    "sgf_file": "pos_3798/game.sgf"
  },
  "nmf_analysis": {
    "activation_strength": 0.5730150938034058,
    "rank_in_part": 10,
    "activation_in_other_parts": [
      2411.216552734375,
      189.50938415527344,
      109.22879791259766,
      14.640087127685547,
      8.062721252441406,
      9.484923362731934,
      0.0,
      3.4241950511932373,
      0.0,
      0.1455746740102768,
      6.930754661560059,
      0.0,
      0.0,
      0.0,
      48.68669128417969,
      0.5730150938034058,
      0.0,
      0.20396806299686432,
      0.057498060166835785,
      0.0,
      0.0,
      0.0,
      0.0,
      0.0,
      0.0
    ],
    "channel_activity": [
      49,
      7,
      7,
      0,
      3,
      2,
      0,
      0,
      0,
      1,
      1,
      1,
      1,
      1,
      1,
      0,
      0,
      0,
      7,
      7,
      0,
      0
    ],
    "top_active_channels": [
      [
        0,
        49
      ],
      [
        1,
        7
      ],
      [
        2,
        7
      ],
      [
        18,
        7
      ],
      [
        19,
        7
      ]
    ],
    "total_board_activity": 88
  },
  "go_pattern_analysis": {
    "move_type": "corner",
    "game_phase": "opening",
    "turn_number": 14,
    "policy_entropy": 0.3657302634315802,
    "policy_confidence": 0.9300518134715026,
    "top_policy_moves": [
      {
        "coord": "(1,6)",
        "percentage": 93.0,
        "count": 359
      },
      {
        "coord": "(1,5)",
        "percentage": 7.0,
        "count": 27
      }
    ],
    "total_policy_counts": 386
  },
  "part_comparison": {
    "uniqueness_score": 0.0002375891781412065,
    "similar_positions": [
      385,
      3145,
      4430,
      4429,
      4583
    ],
    "part_rank": 10,
    "max_other_part_activation": 2411.216552734375,
    "activation_percentile": 99.8485536877177
  }
}