{
  "position_info": {
    "part": 17,
    "rank": 18,
    "global_position": 1051,
    "move_coordinate": "B3",
    "turn_number": 10,
    "npz_file": "1D638D50844BD930.npz",
    "board_tensor_file": "pos_1051/board.npy",
    "sgf_file": "pos_1051/game.sgf"
  },
  "nmf_analysis": {
    "activation_strength": 0.9882745742797852,
    "rank_in_part": 18,
    "activation_in_other_parts": [
      394.39312744140625,
      426.1664733886719,
      301.89703369140625,
      115.93323516845703,
      77.26729583740234,
      0.0,
      0.3341907262802124,
      0.1475217044353485,
      0.6784628629684448,
      0.0,
      0.37603244185447693,
      0.0,
      0.0,
      0.0,
      0.06445842981338501,
      0.0,
      0.24210336804389954,
      0.9882745742797852,
      0.3307456970214844,
      0.0,
      0.20232149958610535,
      0.0,
      0.0,
      0.0,
      0.0
    ],
    "channel_activity": [
      49,
      7,
      7,
      0,
      0,
      1,
      0,
      0,
      0,
      1,
      1,
      1,
      1,
      1,
      0,
      1,
      1,
      0,
      0,
      0,
      0,
      0
    ],
    "top_active_channels": [
      [
        0,
        49
      ],
      [
        1,
        7
      ],
      [
        2,
        7
      ],
      [
        5,
        1
      ],
      [
        9,
        1
      ]
    ],
    "total_board_activity": 71
  },
  "go_pattern_analysis": {
    "move_type": "corner",
    "game_phase": "opening",
    "turn_number": 10,
    "policy_entropy": -0.0,
    "policy_confidence": 1.0,
    "top_policy_moves": [
      {
        "coord": "(2,1)",
        "percentage": 100.0,
        "count": 537
      }
    ],
    "total_policy_counts": 537
  },
  "part_comparison": {
    "uniqueness_score": 0.0023136218078434467,
    "similar_positions": [
      1944,
      1943,
      260,
      259,
      2940
    ],
    "part_rank": 18,
    "max_other_part_activation": 426.1664733886719,
    "activation_percentile": 99.72739663789186
  }
}