{
  "position_info": {
    "part": 17,
    "rank": 16,
    "global_position": 4721,
    "move_coordinate": "A3",
    "turn_number": 1,
    "npz_file": "B330F9C802154800.npz",
    "board_tensor_file": "pos_4721/board.npy",
    "sgf_file": "pos_4721/game.sgf"
  },
  "nmf_analysis": {
    "activation_strength": 0.9378032088279724,
    "rank_in_part": 16,
    "activation_in_other_parts": [
      2719.25146484375,
      334.4070129394531,
      224.29330444335938,
      62.15886688232422,
      42.007049560546875,
      0.0,
      0.12442643940448761,
      0.0,
      0.5669711232185364,
      0.6603101491928101,
      0.0,
      0.0,
      0.0,
      0.0,
      0.0,
      0.7246647477149963,
      0.0,
      0.9378032088279724,
      0.0,
      0.0,
      0.4612528681755066,
      0.0,
      0.05599847435951233,
      0.24265094101428986,
      0.13619297742843628
    ],
    "channel_activity": [
      49,
      10,
      10,
      1,
      3,
      6,
      0,
      0,
      0,
      1,
      1,
      1,
      1,
      1,
      1,
      1,
      1,
      0,
      10,
      10,
      0,
      0
    ],
    "top_active_channels": [
      [
        0,
        49
      ],
      [
        1,
        10
      ],
      [
        2,
        10
      ],
      [
        18,
        10
      ],
      [
        19,
        10
      ]
    ],
    "total_board_activity": 107
  },
  "go_pattern_analysis": {
    "move_type": "corner",
    "game_phase": "opening",
    "turn_number": 1,
    "policy_entropy": -0.0,
    "policy_confidence": 1.0,
    "top_policy_moves": [
      {
        "coord": "(2,0)",
        "percentage": 100.0,
        "count": 458
      }
    ],
    "total_policy_counts": 458
  },
  "part_comparison": {
    "uniqueness_score": 0.0003447566123213619,
    "similar_positions": [
      6569,
      5335,
      5336,
      3768,
      6568
    ],
    "part_rank": 16,
    "max_other_part_activation": 2719.25146484375,
    "activation_percentile": 99.75768590034832
  }
}