{
  "position_info": {
    "part": 3,
    "rank": 6,
    "global_position": 4721,
    "move_coordinate": "A3",
    "turn_number": 1,
    "npz_file": "B330F9C802154800.npz",
    "board_tensor_file": "pos_4721/board.npy",
    "sgf_file": "pos_4721/game.sgf"
  },
  "nmf_analysis": {
    "activation_strength": 0.4468546509742737,
    "rank_in_part": 6,
    "activation_in_other_parts": [
      0.20777878165245056,
      9.170349221676588e-05,
      0.0804566815495491,
      0.4468546509742737,
      0.05793285742402077,
      0.16949138045310974,
      0.055745676159858704,
      0.3443022072315216,
      0.26707518100738525,
      0.07808148115873337,
      0.12615182995796204,
      0.34942156076431274,
      0.0,
      0.08537546545267105,
      0.0,
      0.0,
      0.10115005075931549,
      0.3043229877948761,
      0.2339613139629364,
      0.0220346637070179,
      0.06839503347873688,
      0.1154840886592865,
      0.1152060478925705,
      0.01940874010324478,
      0.30334988236427307
    ],
    "channel_activity": [
      49,
      10,
      10,
      1,
      3,
      6,
      0,
      0,
      0,
      1,
      1,
      1,
      1,
      1,
      1,
      1,
      1,
      0,
      10,
      10,
      0,
      0
    ],
    "top_active_channels": [
      [
        0,
        49
      ],
      [
        1,
        10
      ],
      [
        2,
        10
      ],
      [
        18,
        10
      ],
      [
        19,
        10
      ]
    ],
    "total_board_activity": 107
  },
  "go_pattern_analysis": {
    "move_type": "corner",
    "game_phase": "opening",
    "turn_number": 1,
    "policy_entropy": -0.0,
    "policy_confidence": 1.0,
    "top_policy_moves": [
      {
        "coord": "(2,0)",
        "percentage": 100.0,
        "count": 458
      }
    ],
    "total_policy_counts": 458
  },
  "part_comparison": {
    "uniqueness_score": 0.5611804723739624,
    "similar_positions": [
      1384,
      776,
      1950,
      6214,
      64
    ],
    "part_rank": 6,
    "max_other_part_activation": 0.34942156076431274,
    "activation_percentile": 99.90913221263062
  }
}