{
  "position_info": {
    "part": 47,
    "rank": 16,
    "global_position": 2032,
    "move_coordinate": "B1",
    "turn_number": 49,
    "npz_file": "565285905A9A0C14.npz",
    "board_tensor_file": "pos_2032/board.npy",
    "sgf_file": "pos_2032/game.sgf"
  },
  "nmf_analysis": {
    "activation_strength": 0.33288487792015076,
    "rank_in_part": 16,
    "activation_in_other_parts": [
      0.07520047575235367,
      0.020326729863882065,
      0.0,
      0.010020054876804352,
      0.013639820739626884,
      0.007735715713351965,
      0.1438118815422058,
      0.0017778987530618906,
      0.04054996743798256,
      0.024349868297576904,
      0.0535704642534256,
      0.0219556987285614,
      0.03342733532190323,
      0.0034441344905644655,
      0.01629040576517582,
      0.0250148456543684,
      0.00617484375834465,
      0.0001946075790328905,
      0.011343445628881454,
      0.002159757073968649,
      0.020703153684735298,
      0.02894028089940548,
      0.01932377740740776,
      0.0387587770819664,
      0.06214592605829239,
      0.0035415582824498415,
      0.006373331882059574,
      0.011937747709453106,
      0.0,
      0.29192110896110535,
      0.1968027502298355,
      0.06372711807489395,
      0.08992604166269302,
      0.30422505736351013,
      0.06402727961540222,
      0.04301523417234421,
      0.12938310205936432,
      0.08526018261909485,
      0.11404009908437729,
      0.10471151769161224,
      0.020384714007377625,
      0.17957907915115356,
      0.0,
      0.00836988165974617,
      0.23551125824451447,
      0.002819856395944953,
      0.0,
      0.33288487792015076,
      0.12697002291679382,
      0.4198095202445984
    ],
    "channel_activity": [
      49,
      12,
      12,
      7,
      6,
      0,
      0,
      0,
      0,
      1,
      1,
      1,
      1,
      1,
      2,
      5,
      8,
      2,
      12,
      12,
      0,
      0
    ],
    "top_active_channels": [
      [
        0,
        49
      ],
      [
        1,
        12
      ],
      [
        2,
        12
      ],
      [
        18,
        12
      ],
      [
        19,
        12
      ]
    ],
    "total_board_activity": 132
  },
  "go_pattern_analysis": {
    "move_type": "corner",
    "game_phase": "middle_game",
    "turn_number": 49,
    "policy_entropy": 0.03417642408659739,
    "policy_confidence": 0.9964285714285714,
    "top_policy_moves": [
      {
        "coord": "(0,1)",
        "percentage": 99.6,
        "count": 558
      },
      {
        "coord": "(2,0)",
        "percentage": 0.4,
        "count": 2
      }
    ],
    "total_policy_counts": 560
  },
  "part_comparison": {
    "uniqueness_score": 0.44225770235061646,
    "similar_positions": [
      4663,
      6024,
      550,
      5873,
      3849
    ],
    "part_rank": 16,
    "max_other_part_activation": 0.4198095202445984,
    "activation_percentile": 99.75768590034832
  }
}