{
  "position_info": {
    "part": 7,
    "rank": 3,
    "global_position": 823,
    "move_coordinate": "F1",
    "turn_number": 15,
    "npz_file": "1906C337F5CDAFA9.npz",
    "board_tensor_file": "pos_823/board.npy",
    "sgf_file": "pos_823/game.sgf"
  },
  "nmf_analysis": {
    "activation_strength": 1.148010492324829,
    "rank_in_part": 3,
    "activation_in_other_parts": [
      473.2701721191406,
      84.47148895263672,
      458.0947265625,
      63.72261047363281,
      164.10116577148438,
      0.0,
      0.1661289781332016,
      1.148010492324829,
      0.0,
      0.317346453666687,
      0.0,
      0.0,
      0.41882386803627014,
      0.19783255457878113,
      0.7008019089698792,
      0.3115118145942688,
      0.1010025143623352,
      0.0,
      0.0,
      0.0,
      0.0,
      0.0,
      0.0,
      0.0,
      0.32525721192359924
    ],
    "channel_activity": [
      49,
      7,
      8,
      0,
      3,
      0,
      0,
      0,
      0,
      1,
      1,
      1,
      1,
      1,
      1,
      1,
      1,
      0,
      0,
      0,
      0,
      0
    ],
    "top_active_channels": [
      [
        0,
        49
      ],
      [
        2,
        8
      ],
      [
        1,
        7
      ],
      [
        4,
        3
      ],
      [
        9,
        1
      ]
    ],
    "total_board_activity": 75
  },
  "go_pattern_analysis": {
    "move_type": "corner",
    "game_phase": "opening",
    "turn_number": 15,
    "policy_entropy": 0.33065516210497453,
    "policy_confidence": 0.9391891891891891,
    "top_policy_moves": [
      {
        "coord": "(0,5)",
        "percentage": 93.9,
        "count": 278
      },
      {
        "coord": "(0,3)",
        "percentage": 6.1,
        "count": 18
      }
    ],
    "total_policy_counts": 296
  },
  "part_comparison": {
    "uniqueness_score": 0.0024198282044380903,
    "similar_positions": [
      267,
      6252,
      2985,
      5972,
      5970
    ],
    "part_rank": 3,
    "max_other_part_activation": 473.2701721191406,
    "activation_percentile": 99.95456610631531
  }
}