{
  "position_info": {
    "part": 0,
    "rank": 4,
    "global_position": 786,
    "move_coordinate": "C5",
    "turn_number": 5,
    "npz_file": "1906C337F5CDAFA9.npz",
    "board_tensor_file": "pos_786/board.npy",
    "sgf_file": "pos_786/game.sgf"
  },
  "nmf_analysis": {
    "activation_strength": 0.31900063157081604,
    "rank_in_component": 4,
    "activation_in_other_components": [
      0.31900063157081604,
      0.07551651448011398,
      0.0,
      0.03023775853216648,
      0.017270399257540703,
      0.05111583694815636,
      0.0,
      0.09019835293292999,
      0.0,
      0.2331329584121704,
      0.0,
      0.06266036629676819,
      0.05456545948982239,
      0.030646558851003647,
      0.0,
      0.09944688528776169,
      0.01657811366021633,
      0.0,
      0.023421935737133026,
      0.08700142800807953,
      0.0,
      0.10089823603630066,
      0.0,
      0.0,
      0.12929470837116241,
      0.008843459188938141,
      0.0,
      0.0002549635828472674,
      0.25085902214050293,
      0.0,
      0.024759814143180847,
      0.9519370794296265,
      0.10173644870519638,
      0.009635340422391891,
      0.03595544025301933,
      0.0,
      0.0,
      0.0,
      0.38151830434799194,
      0.0,
      0.09889796376228333,
      0.017254408448934555,
      0.07219180464744568,
      0.012998710386455059,
      0.0,
      0.0,
      0.0,
      0.0,
      0.1997920721769333,
      0.0
    ],
    "channel_activity": [
      49,
      0,
      1,
      0,
      0,
      0,
      0,
      0,
      0,
      1,
      0,
      0,
      0,
      0,
      0,
      0,
      0,
      0,
      0,
      49,
      0,
      0
    ],
    "top_active_channels": [
      [
        0,
        49
      ],
      [
        19,
        49
      ],
      [
        2,
        1
      ],
      [
        9,
        1
      ],
      [
        1,
        0
      ]
    ],
    "total_board_activity": 100
  },
  "go_pattern_analysis": {
    "move_type": "corner",
    "game_phase": "opening",
    "turn_number": 5,
    "policy_entropy": 1.843210336636718,
    "policy_confidence": 0.463302752293578,
    "top_policy_moves": [
      {
        "coord": "(4,2)",
        "percentage": 46.3,
        "count": 303
      },
      {
        "coord": "(2,2)",
        "percentage": 20.3,
        "count": 133
      },
      {
        "coord": "(2,3)",
        "percentage": 16.7,
        "count": 109
      },
      {
        "coord": "(4,3)",
        "percentage": 16.7,
        "count": 109
      }
    ],
    "total_policy_counts": 654
  },
  "component_comparison": {
    "uniqueness_score": 0.25099629163742065,
    "similar_positions": [
      6366,
      3536,
      779,
      3821,
      4015
    ],
    "component_rank": 4,
    "max_other_component_activation": 0.9519370794296265,
    "activation_percentile": 99.93942147508709
  }
}