{
  "position_info": {
    "part": 43,
    "rank": 16,
    "global_position": 2417,
    "move_coordinate": "F2",
    "turn_number": 35,
    "npz_file": "76F9EC3EB6A76AA0.npz",
    "board_tensor_file": "pos_2417/board.npy",
    "sgf_file": "pos_2417/game.sgf"
  },
  "nmf_analysis": {
    "activation_strength": 0.24437662959098816,
    "rank_in_component": 16,
    "activation_in_other_components": [
      0.006131341680884361,
      0.0,
      0.0,
      0.0121941938996315,
      0.017476379871368408,
      0.002485012635588646,
      0.02734675444662571,
      0.0,
      0.0,
      0.009912845678627491,
      0.0,
      0.0,
      0.0030722375959157944,
      0.0,
      0.00041280576260760427,
      0.0,
      0.003787588095292449,
      0.0,
      0.01168894488364458,
      0.0003235789481550455,
      0.0030627965461462736,
      0.015368627384305,
      0.0,
      0.013979530893266201,
      0.015354727394878864,
      0.0027200134936720133,
      0.0,
      0.031373266130685806,
      0.013108703307807446,
      0.256989061832428,
      0.0,
      0.08085930347442627,
      0.14832623302936554,
      0.027965571731328964,
      0.00015416136011481285,
      0.410107284784317,
      0.0,
      0.0779770240187645,
      0.472820520401001,
      0.0,
      0.37636253237724304,
      0.0,
      0.12360769510269165,
      0.24437662959098816,
      0.0,
      0.015913773328065872,
      0.008816726505756378,
      0.025259079411625862,
      0.22771677374839783,
      0.37489834427833557
    ],
    "channel_activity": [
      49,
      3,
      3,
      0,
      0,
      0,
      0,
      0,
      0,
      1,
      1,
      1,
      1,
      1,
      0,
      0,
      0,
      0,
      3,
      3,
      0,
      0
    ],
    "top_active_channels": [
      [
        0,
        49
      ],
      [
        1,
        3
      ],
      [
        2,
        3
      ],
      [
        18,
        3
      ],
      [
        19,
        3
      ]
    ],
    "total_board_activity": 66
  },
  "go_pattern_analysis": {
    "move_type": "corner",
    "game_phase": "middle_game",
    "turn_number": 35,
    "policy_entropy": 0.9168708587044005,
    "policy_confidence": 0.6680851063829787,
    "top_policy_moves": [
      {
        "coord": "(1,5)",
        "percentage": 66.8,
        "count": 157
      },
      {
        "coord": "(3,1)",
        "percentage": 33.2,
        "count": 78
      }
    ],
    "total_policy_counts": 235
  },
  "component_comparison": {
    "uniqueness_score": 0.3407384157180786,
    "similar_positions": [
      2571,
      3279,
      2799,
      4365,
      2077
    ],
    "component_rank": 16,
    "max_other_component_activation": 0.472820520401001,
    "activation_percentile": 99.75768590034832
  }
}