{
  "position_info": {
    "part": 8,
    "rank": 1,
    "global_position": 6368,
    "move_coordinate": "B2",
    "turn_number": 29,
    "npz_file": "E3CD9898B9AFF870.npz",
    "board_tensor_file": "pos_6368/board.npy",
    "sgf_file": "pos_6368/game.sgf"
  },
  "nmf_analysis": {
    "activation_strength": 0.99807208776474,
    "rank_in_part": 1,
    "activation_in_other_parts": [
      1819.1993408203125,
      340.2430114746094,
      40.37173080444336,
      0.0,
      29.816574096679688,
      0.0,
      0.0,
      0.0,
      0.99807208776474,
      0.0,
      107.81507873535156,
      0.003091752529144287,
      0.0,
      0.29268959164619446,
      0.0,
      0.0,
      0.05587459355592728,
      0.0,
      0.2185499519109726,
      0.0,
      0.13401076197624207,
      0.1069129928946495,
      0.0,
      0.0,
      0.0
    ],
    "channel_activity": [
      49,
      4,
      5,
      0,
      1,
      1,
      0,
      0,
      0,
      1,
      1,
      1,
      1,
      1,
      1,
      1,
      0,
      1,
      4,
      5,
      0,
      0
    ],
    "top_active_channels": [
      [
        0,
        49
      ],
      [
        2,
        5
      ],
      [
        19,
        5
      ],
      [
        1,
        4
      ],
      [
        18,
        4
      ]
    ],
    "total_board_activity": 77
  },
  "go_pattern_analysis": {
    "move_type": "corner",
    "game_phase": "opening",
    "turn_number": 29,
    "policy_entropy": -0.0,
    "policy_confidence": 1.0,
    "top_policy_moves": [
      {
        "coord": "(1,1)",
        "percentage": 100.0,
        "count": 176
      }
    ],
    "total_policy_counts": 176
  },
  "part_comparison": {
    "uniqueness_score": 0.0005483317654579878,
    "similar_positions": [
      88,
      4550,
      1244,
      1578,
      6544
    ],
    "part_rank": 1,
    "max_other_part_activation": 1819.1993408203125,
    "activation_percentile": 99.98485536877178
  }
}