{
  "position_info": {
    "part": 16,
    "rank": 2,
    "global_position": 4109,
    "move_coordinate": "C3",
    "turn_number": 5,
    "npz_file": "AAE4EE8DC9A92FFF.npz",
    "board_tensor_file": "pos_4109/board.npy",
    "sgf_file": "pos_4109/game.sgf"
  },
  "nmf_analysis": {
    "activation_strength": 0.8233283758163452,
    "rank_in_part": 2,
    "activation_in_other_parts": [
      0.24086160957813263,
      0.0671072006225586,
      0.2543409764766693,
      0.1022004634141922,
      0.5746409296989441,
      0.0,
      0.23100776970386505,
      0.05191073194146156,
      0.07405117899179459,
      0.3013969361782074,
      0.0,
      0.16453790664672852,
      0.0,
      0.0,
      0.02553229033946991,
      0.16382260620594025,
      0.8233283758163452,
      0.0,
      0.0,
      0.0,
      0.007850696332752705,
      0.0,
      0.049826160073280334,
      0.0,
      0.0
    ],
    "channel_activity": [
      49,
      0,
      1,
      0,
      0,
      0,
      0,
      0,
      0,
      1,
      0,
      0,
      0,
      0,
      0,
      0,
      0,
      0,
      0,
      0,
      0,
      0
    ],
    "top_active_channels": [
      [
        0,
        49
      ],
      [
        2,
        1
      ],
      [
        9,
        1
      ],
      [
        1,
        0
      ],
      [
        3,
        0
      ]
    ],
    "total_board_activity": 51
  },
  "go_pattern_analysis": {
    "move_type": "corner",
    "game_phase": "opening",
    "turn_number": 5,
    "policy_entropy": 1.8269189861189,
    "policy_confidence": 0.42028985507246375,
    "top_policy_moves": [
      {
        "coord": "(2,2)",
        "percentage": 42.0,
        "count": 58
      },
      {
        "coord": "(4,2)",
        "percentage": 31.2,
        "count": 43
      },
      {
        "coord": "(2,3)",
        "percentage": 13.8,
        "count": 19
      },
      {
        "coord": "(4,3)",
        "percentage": 13.0,
        "count": 18
      }
    ],
    "total_policy_counts": 138
  },
  "part_comparison": {
    "uniqueness_score": 0.5889459848403931,
    "similar_positions": [
      89,
      4683,
      4684,
      1317,
      1451
    ],
    "part_rank": 2,
    "max_other_part_activation": 0.5746409296989441,
    "activation_percentile": 99.96971073754354
  }
}