{
  "position_info": {
    "part": 24,
    "rank": 4,
    "global_position": 6312,
    "move_coordinate": "D5",
    "turn_number": 1,
    "npz_file": "E3CD9898B9AFF870.npz",
    "board_tensor_file": "pos_6312/board.npy",
    "sgf_file": "pos_6312/game.sgf"
  },
  "nmf_analysis": {
    "activation_strength": 0.5383657217025757,
    "rank_in_part": 4,
    "activation_in_other_parts": [
      0.17192012071609497,
      0.0642067939043045,
      0.04629401117563248,
      0.02647147700190544,
      0.07001805305480957,
      0.14382128417491913,
      0.07852588593959808,
      0.040999628603458405,
      0.07497724145650864,
      0.2643751800060272,
      0.2500852048397064,
      0.11962267756462097,
      0.3256753981113434,
      0.06255535036325455,
      0.05566596984863281,
      0.1509852260351181,
      0.05718551576137543,
      0.16654373705387115,
      0.010609784163534641,
      0.021659545600414276,
      0.0,
      0.06602434813976288,
      0.19314433634281158,
      0.16247916221618652,
      0.5383657217025757
    ],
    "channel_activity": [
      49,
      5,
      5,
      0,
      1,
      3,
      0,
      0,
      0,
      1,
      1,
      1,
      1,
      1,
      1,
      0,
      0,
      0,
      0,
      0,
      0,
      0
    ],
    "top_active_channels": [
      [
        0,
        49
      ],
      [
        1,
        5
      ],
      [
        2,
        5
      ],
      [
        5,
        3
      ],
      [
        4,
        1
      ]
    ],
    "total_board_activity": 69
  },
  "go_pattern_analysis": {
    "move_type": "side",
    "game_phase": "opening",
    "turn_number": 1,
    "policy_entropy": -0.0,
    "policy_confidence": 1.0,
    "top_policy_moves": [
      {
        "coord": "(4,3)",
        "percentage": 100.0,
        "count": 531
      }
    ],
    "total_policy_counts": 531
  },
  "part_comparison": {
    "uniqueness_score": 0.6230788230895996,
    "similar_positions": [
      3326,
      6265,
      2925,
      1641,
      1811
    ],
    "part_rank": 4,
    "max_other_part_activation": 0.3256753981113434,
    "activation_percentile": 99.93942147508709
  }
}