{
  "position_info": {
    "part": 21,
    "rank": 12,
    "global_position": 1349,
    "move_coordinate": "PASS",
    "turn_number": 1,
    "npz_file": "1D638D50844BD930.npz",
    "board_tensor_file": "pos_1349/board.npy",
    "sgf_file": "pos_1349/game.sgf"
  },
  "nmf_analysis": {
    "activation_strength": 0.4429265260696411,
    "rank_in_part": 12,
    "activation_in_other_parts": [
      2898.695068359375,
      13.807555198669434,
      60.552764892578125,
      8.18936538696289,
      23.88901710510254,
      0.0,
      0.4097420573234558,
      57.49491882324219,
      0.11661367118358612,
      0.0,
      0.04124888405203819,
      0.19567760825157166,
      0.0,
      0.0,
      25.64617347717285,
      0.0,
      0.0,
      0.0,
      0.3891405463218689,
      0.08893429487943649,
      0.0,
      0.4429265260696411,
      0.0,
      0.0,
      0.02828419953584671
    ],
    "channel_activity": [
      49,
      18,
      14,
      4,
      14,
      1,
      0,
      0,
      0,
      0,
      1,
      1,
      1,
      1,
      3,
      3,
      3,
      0,
      0,
      0,
      0,
      0
    ],
    "top_active_channels": [
      [
        0,
        49
      ],
      [
        1,
        18
      ],
      [
        2,
        14
      ],
      [
        4,
        14
      ],
      [
        3,
        4
      ]
    ],
    "total_board_activity": 113
  },
  "go_pattern_analysis": {
    "move_type": "pass",
    "game_phase": "opening",
    "turn_number": 1,
    "policy_entropy": 0.20408299359007365,
    "policy_confidence": 0.9720670391061452,
    "top_policy_moves": [
      {
        "coord": "PASS",
        "percentage": 97.2,
        "count": 348
      },
      {
        "coord": "(5,2)",
        "percentage": 2.2,
        "count": 8
      },
      {
        "coord": "(5,1)",
        "percentage": 0.6,
        "count": 2
      }
    ],
    "total_policy_counts": 358
  },
  "part_comparison": {
    "uniqueness_score": 0.00015277869533747435,
    "similar_positions": [
      2298,
      5535,
      776,
      5533,
      5534
    ],
    "part_rank": 12,
    "max_other_part_activation": 2898.695068359375,
    "activation_percentile": 99.81826442526125
  }
}