{
  "position_info": {
    "part": 32,
    "rank": 10,
    "global_position": 3686,
    "move_coordinate": "C2",
    "turn_number": 1,
    "npz_file": "AAE4EE8DC9A92FFF.npz",
    "board_tensor_file": "pos_3686/board.npy",
    "sgf_file": "pos_3686/game.sgf"
  },
  "nmf_analysis": {
    "activation_strength": 0.474600613117218,
    "rank_in_component": 10,
    "activation_in_other_components": [
      0.15817669034004211,
      0.06075481325387955,
      0.0,
      0.01666012778878212,
      0.007136930711567402,
      0.039603978395462036,
      0.08834293484687805,
      0.04114101454615593,
      0.009827454574406147,
      0.05996936187148094,
      0.011658385396003723,
      0.014987069182097912,
      0.00419403612613678,
      0.031520452350378036,
      0.0,
      0.02286764793097973,
      0.005702503025531769,
      0.0003314581117592752,
      0.008883555419743061,
      0.05005335435271263,
      0.005974235478788614,
      0.019642215222120285,
      0.0038610342890024185,
      0.027776051312685013,
      0.03940444439649582,
      0.0037629511207342148,
      0.0,
      0.02085733227431774,
      0.20281021296977997,
      0.0,
      0.27243420481681824,
      0.024309009313583374,
      0.474600613117218,
      0.0,
      0.0,
      0.048220451921224594,
      0.0,
      0.008065623231232166,
      0.1647852063179016,
      0.14518395066261292,
      0.16380605101585388,
      0.44793763756752014,
      0.0,
      0.0,
      0.17931994795799255,
      0.011705619283020496,
      0.04212288185954094,
      0.1665898859500885,
      0.05642315000295639,
      0.4996796250343323
    ],
    "channel_activity": [
      49,
      8,
      8,
      0,
      2,
      0,
      0,
      0,
      0,
      1,
      1,
      1,
      1,
      1,
      1,
      1,
      1,
      1,
      8,
      8,
      0,
      0
    ],
    "top_active_channels": [
      [
        0,
        49
      ],
      [
        1,
        8
      ],
      [
        2,
        8
      ],
      [
        18,
        8
      ],
      [
        19,
        8
      ]
    ],
    "total_board_activity": 92
  },
  "go_pattern_analysis": {
    "move_type": "corner",
    "game_phase": "opening",
    "turn_number": 1,
    "policy_entropy": 0.18199889678862796,
    "policy_confidence": 0.9724409448818898,
    "top_policy_moves": [
      {
        "coord": "(1,2)",
        "percentage": 97.2,
        "count": 247
      },
      {
        "coord": "(4,1)",
        "percentage": 2.8,
        "count": 7
      }
    ],
    "total_policy_counts": 254
  },
  "component_comparison": {
    "uniqueness_score": 0.48712947964668274,
    "similar_positions": [
      2356,
      4266,
      1365,
      2353,
      4460
    ],
    "component_rank": 10,
    "max_other_component_activation": 0.4996796250343323,
    "activation_percentile": 99.8485536877177
  }
}