{
  "position_info": {
    "part": 4,
    "rank": 12,
    "global_position": 3686,
    "move_coordinate": "C2",
    "turn_number": 1,
    "npz_file": "AAE4EE8DC9A92FFF.npz",
    "board_tensor_file": "pos_3686/board.npy",
    "sgf_file": "pos_3686/game.sgf"
  },
  "nmf_analysis": {
    "activation_strength": 145.6757049560547,
    "rank_in_part": 12,
    "activation_in_other_parts": [
      627.204833984375,
      59.537017822265625,
      23.970794677734375,
      74.8758316040039,
      145.6757049560547,
      24.523365020751953,
      0.0,
      0.0,
      0.0,
      0.0,
      15.449749946594238,
      0.0,
      0.0,
      0.05400718003511429,
      12.474568367004395,
      0.001229606568813324,
      0.2518279552459717,
      0.0,
      0.21040008962154388,
      0.0,
      0.0,
      0.08720535784959793,
      0.0,
      0.012904507108032703,
      0.08287908136844635
    ],
    "channel_activity": [
      49,
      8,
      8,
      0,
      2,
      0,
      0,
      0,
      0,
      1,
      1,
      1,
      1,
      1,
      1,
      1,
      1,
      1,
      8,
      8,
      0,
      0
    ],
    "top_active_channels": [
      [
        0,
        49
      ],
      [
        1,
        8
      ],
      [
        2,
        8
      ],
      [
        18,
        8
      ],
      [
        19,
        8
      ]
    ],
    "total_board_activity": 92
  },
  "go_pattern_analysis": {
    "move_type": "corner",
    "game_phase": "opening",
    "turn_number": 1,
    "policy_entropy": 0.18199889678862796,
    "policy_confidence": 0.9724409448818898,
    "top_policy_moves": [
      {
        "coord": "(1,2)",
        "percentage": 97.2,
        "count": 247
      },
      {
        "coord": "(4,1)",
        "percentage": 2.8,
        "count": 7
      }
    ],
    "total_policy_counts": 254
  },
  "part_comparison": {
    "uniqueness_score": 0.18848411738872528,
    "similar_positions": [
      3783,
      1885,
      145,
      4387,
      2411
    ],
    "part_rank": 12,
    "max_other_part_activation": 627.204833984375,
    "activation_percentile": 99.81826442526125
  }
}