{
  "position_info": {
    "part": 2,
    "rank": 8,
    "global_position": 5403,
    "move_coordinate": "PASS",
    "turn_number": 1,
    "npz_file": "BADFFB51627F24FD.npz",
    "board_tensor_file": "pos_5403/board.npy",
    "sgf_file": "pos_5403/game.sgf"
  },
  "nmf_analysis": {
    "activation_strength": 509.0128479003906,
    "rank_in_part": 8,
    "activation_in_other_parts": [
      617.50439453125,
      158.07704162597656,
      509.0128479003906,
      127.75285339355469,
      0.0,
      0.9637210965156555,
      0.08152934163808823,
      0.0,
      0.0,
      0.0,
      0.0,
      0.0,
      0.35582074522972107,
      0.0,
      0.11909417062997818,
      0.0,
      0.6637099385261536,
      0.0,
      0.0,
      0.0,
      0.20477396249771118,
      0.2226797193288803,
      0.11638807505369186,
      0.0,
      0.0
    ],
    "channel_activity": [
      49,
      9,
      17,
      0,
      0,
      0,
      0,
      0,
      0,
      1,
      0,
      1,
      0,
      1,
      0,
      0,
      0,
      0,
      20,
      29,
      11,
      12
    ],
    "top_active_channels": [
      [
        0,
        49
      ],
      [
        19,
        29
      ],
      [
        18,
        20
      ],
      [
        2,
        17
      ],
      [
        21,
        12
      ]
    ],
    "total_board_activity": 150
  },
  "go_pattern_analysis": {
    "move_type": "pass",
    "game_phase": "opening",
    "turn_number": 1,
    "policy_entropy": 1.0532171076709012,
    "policy_confidence": 0.7721518987341772,
    "top_policy_moves": [
      {
        "coord": "PASS",
        "percentage": 77.2,
        "count": 122
      },
      {
        "coord": "(1,0)",
        "percentage": 15.2,
        "count": 24
      },
      {
        "coord": "(3,0)",
        "percentage": 5.1,
        "count": 8
      },
      {
        "coord": "(2,0)",
        "percentage": 2.5,
        "count": 4
      }
    ],
    "total_policy_counts": 158
  },
  "part_comparison": {
    "uniqueness_score": 0.45184648036956787,
    "similar_positions": [
      623,
      5101,
      2776,
      571,
      2700
    ],
    "part_rank": 8,
    "max_other_part_activation": 617.50439453125,
    "activation_percentile": 99.87884295017416
  }
}