{
  "position_info": {
    "part": 11,
    "rank": 9,
    "global_position": 5403,
    "move_coordinate": "PASS",
    "turn_number": 1,
    "npz_file": "BADFFB51627F24FD.npz",
    "board_tensor_file": "pos_5403/board.npy",
    "sgf_file": "pos_5403/game.sgf"
  },
  "nmf_analysis": {
    "activation_strength": 0.12252107262611389,
    "rank_in_component": 9,
    "activation_in_other_components": [
      0.09764121472835541,
      0.02009795606136322,
      0.0,
      0.016525859013199806,
      0.014716168865561485,
      0.03198809176683426,
      0.0,
      0.0,
      0.002349657705053687,
      0.049890585243701935,
      0.01381160318851471,
      0.12252107262611389,
      0.0473749078810215,
      0.007701398339122534,
      0.0003543007478583604,
      0.13853472471237183,
      0.010365894064307213,
      0.0004821942129638046,
      0.00911610946059227,
      0.0,
      0.0002530725032556802,
      0.05522477254271507,
      0.0015200850320979953,
      0.0,
      0.10596902668476105,
      0.00446737464517355,
      0.0003465180052444339,
      0.0,
      0.1621088683605194,
      0.2264324277639389,
      0.0,
      0.06991588324308395,
      0.0,
      0.36511555314064026,
      0.6232578754425049,
      0.0,
      0.1835707426071167,
      0.0,
      0.0,
      0.0,
      0.0,
      0.051034487783908844,
      0.0,
      0.09945598989725113,
      0.0,
      0.09318958222866058,
      0.006939433980733156,
      0.08085277676582336,
      0.22937503457069397,
      0.39799341559410095
    ],
    "channel_activity": [
      49,
      9,
      17,
      0,
      0,
      0,
      0,
      0,
      0,
      1,
      0,
      1,
      0,
      1,
      0,
      0,
      0,
      0,
      20,
      29,
      11,
      12
    ],
    "top_active_channels": [
      [
        0,
        49
      ],
      [
        19,
        29
      ],
      [
        18,
        20
      ],
      [
        2,
        17
      ],
      [
        21,
        12
      ]
    ],
    "total_board_activity": 150
  },
  "go_pattern_analysis": {
    "move_type": "pass",
    "game_phase": "opening",
    "turn_number": 1,
    "policy_entropy": 1.0532171076709012,
    "policy_confidence": 0.7721518987341772,
    "top_policy_moves": [
      {
        "coord": "PASS",
        "percentage": 77.2,
        "count": 122
      },
      {
        "coord": "(1,0)",
        "percentage": 15.2,
        "count": 24
      },
      {
        "coord": "(3,0)",
        "percentage": 5.1,
        "count": 8
      },
      {
        "coord": "(2,0)",
        "percentage": 2.5,
        "count": 4
      }
    ],
    "total_policy_counts": 158
  },
  "component_comparison": {
    "uniqueness_score": 0.1642860472202301,
    "similar_positions": [
      1536,
      6524,
      623,
      6523,
      1729
    ],
    "component_rank": 9,
    "max_other_component_activation": 0.6232578754425049,
    "activation_percentile": 99.86369831894594
  }
}