{
  "position_info": {
    "part": 11,
    "rank": 19,
    "global_position": 2581,
    "move_coordinate": "A1",
    "turn_number": 1,
    "npz_file": "76F9EC3EB6A76AA0.npz",
    "board_tensor_file": "pos_2581/board.npy",
    "sgf_file": "pos_2581/game.sgf"
  },
  "nmf_analysis": {
    "activation_strength": 0.1155647486448288,
    "rank_in_part": 19,
    "activation_in_other_parts": [
      0.061627939343452454,
      0.059496279805898666,
      0.0,
      0.012829853221774101,
      0.01450000237673521,
      0.035035084933042526,
      0.0,
      0.015337595716118813,
      0.0,
      0.07562978565692902,
      0.0,
      0.1155647486448288,
      0.03515475243330002,
      0.01906456984579563,
      0.0,
      0.14312472939491272,
      0.008354449644684792,
      0.0003884181787725538,
      0.00590679794549942,
      0.01938764564692974,
      0.0,
      0.05245176702737808,
      0.0,
      0.0,
      0.08209002763032913,
      0.002782461466267705,
      0.0,
      0.0013716849498450756,
      0.3260793387889862,
      0.14832502603530884,
      0.0,
      0.06514224410057068,
      0.024126671254634857,
      0.3142144978046417,
      0.4597521126270294,
      0.0,
      0.22732791304588318,
      0.07103968411684036,
      0.0,
      0.04509742930531502,
      0.022157767787575722,
      0.06264667958021164,
      0.0,
      0.14715725183486938,
      0.0,
      0.11437160521745682,
      0.0319523811340332,
      0.1546383649110794,
      0.23923832178115845,
      0.3084341287612915
    ],
    "channel_activity": [
      49,
      11,
      14,
      0,
      2,
      0,
      0,
      0,
      0,
      1,
      1,
      1,
      0,
      1,
      2,
      2,
      0,
      2,
      10,
      29,
      10,
      11
    ],
    "top_active_channels": [
      [
        0,
        49
      ],
      [
        19,
        29
      ],
      [
        2,
        14
      ],
      [
        1,
        11
      ],
      [
        21,
        11
      ]
    ],
    "total_board_activity": 146
  },
  "go_pattern_analysis": {
    "move_type": "corner",
    "game_phase": "opening",
    "turn_number": 1,
    "policy_entropy": 5.643856189774725,
    "policy_confidence": 0.02,
    "top_policy_moves": [
      {
        "coord": "PASS",
        "percentage": 2.0,
        "count": 1
      },
      {
        "coord": "(1,5)",
        "percentage": 2.0,
        "count": 1
      },
      {
        "coord": "(3,1)",
        "percentage": 2.0,
        "count": 1
      },
      {
        "coord": "(3,0)",
        "percentage": 2.0,
        "count": 1
      },
      {
        "coord": "(2,6)",
        "percentage": 2.0,
        "count": 1
      }
    ],
    "total_policy_counts": 50
  },
  "part_comparison": {
    "uniqueness_score": 0.20087148249149323,
    "similar_positions": [
      1536,
      6524,
      623,
      6523,
      1729
    ],
    "part_rank": 19,
    "max_other_part_activation": 0.4597521126270294,
    "activation_percentile": 99.71225200666363
  }
}