{
  "position_info": {
    "part": 15,
    "rank": 14,
    "global_position": 2480,
    "move_coordinate": "G6",
    "turn_number": 1,
    "npz_file": "76F9EC3EB6A76AA0.npz",
    "board_tensor_file": "pos_2480/board.npy",
    "sgf_file": "pos_2480/game.sgf"
  },
  "nmf_analysis": {
    "activation_strength": 0.43429654836654663,
    "rank_in_part": 14,
    "activation_in_other_parts": [
      0.10651584714651108,
      0.1054796352982521,
      0.15071925520896912,
      0.05722322687506676,
      0.047874949872493744,
      0.10756366699934006,
      0.23322732746601105,
      0.15630418062210083,
      0.24841751158237457,
      0.1332886815071106,
      0.0,
      0.06326349824666977,
      0.14517562091350555,
      0.09595295786857605,
      0.18138673901557922,
      0.43429654836654663,
      0.23998317122459412,
      0.013291651383042336,
      0.026355981826782227,
      0.1877492219209671,
      0.0,
      0.1522020399570465,
      0.06264694035053253,
      0.21207106113433838,
      0.317575603723526
    ],
    "channel_activity": [
      49,
      6,
      7,
      2,
      0,
      6,
      0,
      0,
      0,
      1,
      1,
      1,
      1,
      1,
      0,
      1,
      1,
      0,
      0,
      0,
      0,
      0
    ],
    "top_active_channels": [
      [
        0,
        49
      ],
      [
        2,
        7
      ],
      [
        1,
        6
      ],
      [
        5,
        6
      ],
      [
        3,
        2
      ]
    ],
    "total_board_activity": 77
  },
  "go_pattern_analysis": {
    "move_type": "corner",
    "game_phase": "opening",
    "turn_number": 1,
    "policy_entropy": 0.02199275054302413,
    "policy_confidence": 0.997867803837953,
    "top_policy_moves": [
      {
        "coord": "(5,6)",
        "percentage": 99.8,
        "count": 468
      },
      {
        "coord": "PASS",
        "percentage": 0.2,
        "count": 1
      }
    ],
    "total_policy_counts": 469
  },
  "part_comparison": {
    "uniqueness_score": 0.5776202082633972,
    "similar_positions": [
      4580,
      4581,
      3622,
      4195,
      3156
    ],
    "part_rank": 14,
    "max_other_part_activation": 0.317575603723526,
    "activation_percentile": 99.78797516280478
  }
}