{
  "position_info": {
    "part": 11,
    "rank": 17,
    "global_position": 2480,
    "move_coordinate": "G6",
    "turn_number": 1,
    "npz_file": "76F9EC3EB6A76AA0.npz",
    "board_tensor_file": "pos_2480/board.npy",
    "sgf_file": "pos_2480/game.sgf"
  },
  "nmf_analysis": {
    "activation_strength": 0.8285461068153381,
    "rank_in_part": 17,
    "activation_in_other_parts": [
      0.0,
      116.81182861328125,
      81.70543670654297,
      310.70562744140625,
      220.6399383544922,
      0.0,
      0.0,
      0.0,
      0.0,
      0.0,
      0.0,
      0.8285461068153381,
      0.4404083788394928,
      0.0,
      0.03593791276216507,
      0.0095062255859375,
      0.0,
      0.23165395855903625,
      0.3218431770801544,
      0.0,
      0.5778838396072388,
      0.2142079770565033,
      0.0,
      0.0,
      0.07354515045881271
    ],
    "channel_activity": [
      49,
      6,
      7,
      2,
      0,
      6,
      0,
      0,
      0,
      1,
      1,
      1,
      1,
      1,
      0,
      1,
      1,
      0,
      0,
      0,
      0,
      0
    ],
    "top_active_channels": [
      [
        0,
        49
      ],
      [
        2,
        7
      ],
      [
        1,
        6
      ],
      [
        5,
        6
      ],
      [
        3,
        2
      ]
    ],
    "total_board_activity": 77
  },
  "go_pattern_analysis": {
    "move_type": "corner",
    "game_phase": "opening",
    "turn_number": 1,
    "policy_entropy": 0.02199275054302413,
    "policy_confidence": 0.997867803837953,
    "top_policy_moves": [
      {
        "coord": "(5,6)",
        "percentage": 99.8,
        "count": 468
      },
      {
        "coord": "PASS",
        "percentage": 0.2,
        "count": 1
      }
    ],
    "total_policy_counts": 469
  },
  "part_comparison": {
    "uniqueness_score": 0.002659567166119814,
    "similar_positions": [
      770,
      2664,
      3363,
      4243,
      771
    ],
    "part_rank": 17,
    "max_other_part_activation": 310.70562744140625,
    "activation_percentile": 99.7425412691201
  }
}