{
  "position_info": {
    "part": 28,
    "rank": 8,
    "global_position": 772,
    "move_coordinate": "D1",
    "turn_number": 38,
    "npz_file": "1906C337F5CDAFA9.npz",
    "board_tensor_file": "pos_772/board.npy",
    "sgf_file": "pos_772/game.sgf"
  },
  "nmf_analysis": {
    "activation_strength": 0.5357164144515991,
    "rank_in_component": 8,
    "activation_in_other_components": [
      0.06004292517900467,
      0.024276776239275932,
      0.0,
      0.015378724783658981,
      0.01246807724237442,
      0.029839269816875458,
      0.22772623598575592,
      0.0,
      0.058577436953783035,
      0.027356337755918503,
      0.052019212394952774,
      0.035882268100976944,
      0.010773077607154846,
      0.003618695540353656,
      0.024781998246908188,
      0.05669357627630234,
      0.0,
      6.490085797850043e-05,
      0.0,
      0.0030257967300713062,
      0.039856523275375366,
      0.02207113802433014,
      0.032077375799417496,
      0.08658767491579056,
      0.05692239850759506,
      0.0,
      0.003500401508063078,
      0.03869321942329407,
      0.5357164144515991,
      0.1286953091621399,
      0.3966345191001892,
      0.0,
      0.2705937922000885,
      0.0,
      0.12691301107406616,
      0.0,
      0.08290732651948929,
      0.0,
      0.017649877816438675,
      0.0,
      0.038423702120780945,
      0.4207928776741028,
      0.0,
      0.0,
      0.09457994252443314,
      0.036134395748376846,
      0.031107645481824875,
      0.09048239886760712,
      0.19551384449005127,
      0.30408957600593567
    ],
    "channel_activity": [
      49,
      9,
      10,
      1,
      2,
      2,
      0,
      0,
      0,
      1,
      1,
      1,
      1,
      1,
      1,
      1,
      1,
      0,
      9,
      10,
      0,
      0
    ],
    "top_active_channels": [
      [
        0,
        49
      ],
      [
        2,
        10
      ],
      [
        19,
        10
      ],
      [
        1,
        9
      ],
      [
        18,
        9
      ]
    ],
    "total_board_activity": 100
  },
  "go_pattern_analysis": {
    "move_type": "side",
    "game_phase": "middle_game",
    "turn_number": 38,
    "policy_entropy": 0.7702256204425695,
    "policy_confidence": 0.8745644599303136,
    "top_policy_moves": [
      {
        "coord": "(0,3)",
        "percentage": 87.5,
        "count": 251
      },
      {
        "coord": "(1,4)",
        "percentage": 5.2,
        "count": 15
      },
      {
        "coord": "(2,0)",
        "percentage": 4.9,
        "count": 14
      },
      {
        "coord": "(0,1)",
        "percentage": 1.0,
        "count": 3
      },
      {
        "coord": "(1,0)",
        "percentage": 1.0,
        "count": 3
      }
    ],
    "total_policy_counts": 287
  },
  "component_comparison": {
    "uniqueness_score": 0.5600744485855103,
    "similar_positions": [
      1568,
      1567,
      1566,
      1565,
      1569
    ],
    "component_rank": 8,
    "max_other_component_activation": 0.4207928776741028,
    "activation_percentile": 99.87884295017416
  }
}