{
  "position_info": {
    "part": 16,
    "rank": 15,
    "global_position": 2453,
    "move_coordinate": "PASS",
    "turn_number": 1,
    "npz_file": "76F9EC3EB6A76AA0.npz",
    "board_tensor_file": "pos_2453/board.npy",
    "sgf_file": "pos_2453/game.sgf"
  },
  "nmf_analysis": {
    "activation_strength": 0.8481167554855347,
    "rank_in_part": 15,
    "activation_in_other_parts": [
      579.4528198242188,
      0.0,
      206.9607696533203,
      337.7037353515625,
      98.1067886352539,
      0.6748052835464478,
      0.0,
      0.0,
      0.0,
      0.0,
      0.0,
      0.49945297837257385,
      0.1626913845539093,
      0.0,
      0.3155563473701477,
      0.0,
      0.8481167554855347,
      0.0,
      0.2363101989030838,
      0.09199874848127365,
      0.0,
      0.041177377104759216,
      0.15056097507476807,
      0.3208542466163635,
      0.0
    ],
    "channel_activity": [
      49,
      12,
      11,
      0,
      4,
      0,
      0,
      0,
      0,
      1,
      0,
      0,
      0,
      0,
      0,
      0,
      0,
      0,
      21,
      28,
      12,
      10
    ],
    "top_active_channels": [
      [
        0,
        49
      ],
      [
        19,
        28
      ],
      [
        18,
        21
      ],
      [
        1,
        12
      ],
      [
        20,
        12
      ]
    ],
    "total_board_activity": 148
  },
  "go_pattern_analysis": {
    "move_type": "pass",
    "game_phase": "opening",
    "turn_number": 1,
    "policy_entropy": 0.8830658404026392,
    "policy_confidence": 0.8282828282828283,
    "top_policy_moves": [
      {
        "coord": "PASS",
        "percentage": 82.8,
        "count": 82
      },
      {
        "coord": "(6,3)",
        "percentage": 11.1,
        "count": 11
      },
      {
        "coord": "(6,2)",
        "percentage": 3.0,
        "count": 3
      },
      {
        "coord": "(6,0)",
        "percentage": 3.0,
        "count": 3
      }
    ],
    "total_policy_counts": 99
  },
  "part_comparison": {
    "uniqueness_score": 0.0014615118270739913,
    "similar_positions": [
      2646,
      1871,
      2621,
      6585,
      2649
    ],
    "part_rank": 15,
    "max_other_part_activation": 579.4528198242188,
    "activation_percentile": 99.77283053157655
  }
}