{
  "position_info": {
    "part": 6,
    "rank": 4,
    "global_position": 2431,
    "move_coordinate": "D2",
    "turn_number": 10,
    "npz_file": "76F9EC3EB6A76AA0.npz",
    "board_tensor_file": "pos_2431/board.npy",
    "sgf_file": "pos_2431/game.sgf"
  },
  "nmf_analysis": {
    "activation_strength": 0.5087063908576965,
    "rank_in_part": 4,
    "activation_in_other_parts": [
      0.0,
      0.20279976725578308,
      0.0,
      0.06318534165620804,
      0.0441136471927166,
      0.32996413111686707,
      0.5087063908576965,
      0.08390162885189056,
      0.09030230343341827,
      0.4360978901386261,
      0.15335488319396973,
      0.13189946115016937,
      0.34584659337997437,
      0.0,
      0.02417297288775444,
      0.03394943103194237,
      0.04311218857765198,
      0.045552417635917664,
      0.0,
      0.07517284899950027,
      0.0835387110710144,
      0.0,
      0.24141111969947815,
      0.0633421316742897,
      0.4047621786594391
    ],
    "channel_activity": [
      49,
      5,
      5,
      0,
      2,
      5,
      0,
      0,
      0,
      1,
      1,
      1,
      1,
      1,
      2,
      1,
      1,
      0,
      5,
      5,
      0,
      0
    ],
    "top_active_channels": [
      [
        0,
        49
      ],
      [
        1,
        5
      ],
      [
        2,
        5
      ],
      [
        5,
        5
      ],
      [
        18,
        5
      ]
    ],
    "total_board_activity": 85
  },
  "go_pattern_analysis": {
    "move_type": "side",
    "game_phase": "opening",
    "turn_number": 10,
    "policy_entropy": -0.0,
    "policy_confidence": 1.0,
    "top_policy_moves": [
      {
        "coord": "(1,3)",
        "percentage": 100.0,
        "count": 184
      }
    ],
    "total_policy_counts": 184
  },
  "part_comparison": {
    "uniqueness_score": 0.5384251475334167,
    "similar_positions": [
      5479,
      4516,
      4603,
      4920,
      1408
    ],
    "part_rank": 4,
    "max_other_part_activation": 0.4360978901386261,
    "activation_percentile": 99.93942147508709
  }
}