{
  "position_info": {
    "part": 17,
    "rank": 14,
    "global_position": 2909,
    "move_coordinate": "B4",
    "turn_number": 15,
    "npz_file": "76F9EC3EB6A76AA0.npz",
    "board_tensor_file": "pos_2909/board.npy",
    "sgf_file": "pos_2909/game.sgf"
  },
  "nmf_analysis": {
    "activation_strength": 0.993943452835083,
    "rank_in_part": 14,
    "activation_in_other_parts": [
      149.67327880859375,
      465.2266540527344,
      385.6383056640625,
      75.98481750488281,
      55.656368255615234,
      0.0,
      0.3669556975364685,
      0.39037808775901794,
      0.12453378736972809,
      0.0,
      0.41342902183532715,
      0.0,
      0.0,
      0.0,
      0.49737441539764404,
      0.0,
      0.3527890145778656,
      0.993943452835083,
      0.1868952512741089,
      0.0,
      0.08766579627990723,
      0.0,
      0.0,
      0.0,
      0.12514327466487885
    ],
    "channel_activity": [
      49,
      6,
      6,
      0,
      1,
      1,
      0,
      0,
      0,
      1,
      1,
      1,
      1,
      1,
      1,
      0,
      1,
      1,
      0,
      0,
      0,
      0
    ],
    "top_active_channels": [
      [
        0,
        49
      ],
      [
        1,
        6
      ],
      [
        2,
        6
      ],
      [
        4,
        1
      ],
      [
        5,
        1
      ]
    ],
    "total_board_activity": 71
  },
  "go_pattern_analysis": {
    "move_type": "side",
    "game_phase": "opening",
    "turn_number": 15,
    "policy_entropy": -0.0,
    "policy_confidence": 1.0,
    "top_policy_moves": [
      {
        "coord": "(3,1)",
        "percentage": 100.0,
        "count": 531
      }
    ],
    "total_policy_counts": 531
  },
  "part_comparison": {
    "uniqueness_score": 0.002131916582584381,
    "similar_positions": [
      1944,
      1943,
      260,
      259,
      2940
    ],
    "part_rank": 14,
    "max_other_part_activation": 465.2266540527344,
    "activation_percentile": 99.78797516280478
  }
}