{
  "position_info": {
    "part": 39,
    "rank": 1,
    "global_position": 6554,
    "move_coordinate": "PASS",
    "turn_number": 1,
    "npz_file": "E3CD9898B9AFF870.npz",
    "board_tensor_file": "pos_6554/board.npy",
    "sgf_file": "pos_6554/game.sgf"
  },
  "nmf_analysis": {
    "activation_strength": 0.3320198953151703,
    "rank_in_component": 1,
    "activation_in_other_components": [
      0.03334491699934006,
      0.1539505422115326,
      0.0,
      0.0,
      0.0,
      0.03522677719593048,
      0.003772369585931301,
      0.062047749757766724,
      0.019659627228975296,
      0.08583565801382065,
      0.017073919996619225,
      0.0854010283946991,
      0.014406247064471245,
      0.03997482731938362,
      0.010810617357492447,
      0.1259782314300537,
      0.007801022380590439,
      0.00115494173951447,
      0.00376217276789248,
      0.048637885600328445,
      0.014400285668671131,
      0.011949148029088974,
      0.013144856318831444,
      0.002478155307471752,
      0.0008133278461173177,
      0.002557304222136736,
      0.004938668571412563,
      0.0,
      0.1380903720855713,
      0.08629792183637619,
      0.13548220694065094,
      0.0771685391664505,
      0.08021346479654312,
      0.2165071815252304,
      0.04638715088367462,
      0.09446483850479126,
      0.35214754939079285,
      0.02997705526649952,
      0.08027175068855286,
      0.3320198953151703,
      0.06798277795314789,
      0.19826126098632812,
      0.005747179500758648,
      0.07180636376142502,
      0.09320883452892303,
      0.06538046151399612,
      0.013112658634781837,
      0.2559249997138977,
      0.12921109795570374,
      0.37155961990356445
    ],
    "channel_activity": [
      49,
      11,
      11,
      0,
      6,
      10,
      0,
      0,
      0,
      1,
      1,
      1,
      1,
      1,
      0,
      0,
      0,
      0,
      0,
      0,
      0,
      0
    ],
    "top_active_channels": [
      [
        0,
        49
      ],
      [
        1,
        11
      ],
      [
        2,
        11
      ],
      [
        5,
        10
      ],
      [
        4,
        6
      ]
    ],
    "total_board_activity": 92
  },
  "go_pattern_analysis": {
    "move_type": "pass",
    "game_phase": "opening",
    "turn_number": 1,
    "policy_entropy": 3.0816955024095427,
    "policy_confidence": 0.4574468085106383,
    "top_policy_moves": [
      {
        "coord": "PASS",
        "percentage": 45.7,
        "count": 215
      },
      {
        "coord": "(5,4)",
        "percentage": 5.1,
        "count": 24
      },
      {
        "coord": "(4,1)",
        "percentage": 4.9,
        "count": 23
      },
      {
        "coord": "(6,3)",
        "percentage": 4.7,
        "count": 22
      },
      {
        "coord": "(6,1)",
        "percentage": 4.7,
        "count": 22
      }
    ],
    "total_policy_counts": 470
  },
  "component_comparison": {
    "uniqueness_score": 0.471900999546051,
    "similar_positions": [
      1145,
      1443,
      1254,
      6456,
      1782
    ],
    "component_rank": 1,
    "max_other_component_activation": 0.37155961990356445,
    "activation_percentile": 99.98485536877178
  }
}