{
  "position_info": {
    "part": 17,
    "rank": 6,
    "global_position": 3847,
    "move_coordinate": "D5",
    "turn_number": 6,
    "npz_file": "AAE4EE8DC9A92FFF.npz",
    "board_tensor_file": "pos_3847/board.npy",
    "sgf_file": "pos_3847/game.sgf"
  },
  "nmf_analysis": {
    "activation_strength": 0.6338180899620056,
    "rank_in_part": 6,
    "activation_in_other_parts": [
      197.0771026611328,
      410.2222595214844,
      22.37276840209961,
      77.40080261230469,
      33.4686164855957,
      40.747337341308594,
      0.0,
      7.716056823730469,
      0.0,
      0.0,
      0.3819887340068817,
      0.21831926703453064,
      0.012397199869155884,
      0.0,
      0.912645697593689,
      0.04144733399152756,
      0.0,
      0.6338180899620056,
      0.0,
      0.0,
      0.0,
      0.0,
      0.0,
      0.25643038749694824,
      0.0
    ],
    "channel_activity": [
      49,
      5,
      5,
      0,
      1,
      3,
      0,
      0,
      0,
      1,
      1,
      1,
      1,
      1,
      1,
      0,
      0,
      0,
      5,
      5,
      0,
      0
    ],
    "top_active_channels": [
      [
        0,
        49
      ],
      [
        1,
        5
      ],
      [
        2,
        5
      ],
      [
        18,
        5
      ],
      [
        19,
        5
      ]
    ],
    "total_board_activity": 79
  },
  "go_pattern_analysis": {
    "move_type": "side",
    "game_phase": "opening",
    "turn_number": 6,
    "policy_entropy": 0.1263808675581747,
    "policy_confidence": 0.9852670349907919,
    "top_policy_moves": [
      {
        "coord": "(4,3)",
        "percentage": 98.5,
        "count": 535
      },
      {
        "coord": "(3,5)",
        "percentage": 1.1,
        "count": 6
      },
      {
        "coord": "(2,0)",
        "percentage": 0.2,
        "count": 1
      },
      {
        "coord": "(5,3)",
        "percentage": 0.2,
        "count": 1
      }
    ],
    "total_policy_counts": 543
  },
  "part_comparison": {
    "uniqueness_score": 0.001542676705867052,
    "similar_positions": [
      524,
      5650,
      4907,
      1437,
      4175
    ],
    "part_rank": 6,
    "max_other_part_activation": 410.2222595214844,
    "activation_percentile": 99.90913221263062
  }
}