{
  "position_info": {
    "part": 24,
    "rank": 17,
    "global_position": 3847,
    "move_coordinate": "D5",
    "turn_number": 6,
    "npz_file": "AAE4EE8DC9A92FFF.npz",
    "board_tensor_file": "pos_3847/board.npy",
    "sgf_file": "pos_3847/game.sgf"
  },
  "nmf_analysis": {
    "activation_strength": 0.5312833786010742,
    "rank_in_part": 17,
    "activation_in_other_parts": [
      0.1304924339056015,
      0.04008682817220688,
      0.04504930600523949,
      0.0,
      0.09368027001619339,
      0.10494155436754227,
      0.0391470305621624,
      0.03644828498363495,
      0.09589339047670364,
      0.23073524236679077,
      0.2783413827419281,
      0.09311190992593765,
      0.34336647391319275,
      0.1141468733549118,
      0.06578560918569565,
      0.1399701088666916,
      0.08713576197624207,
      0.16196145117282867,
      0.04631159082055092,
      0.044110532850027084,
      0.0,
      0.07373128086328506,
      0.17968015372753143,
      0.16257119178771973,
      0.5312833786010742
    ],
    "channel_activity": [
      49,
      5,
      5,
      0,
      1,
      3,
      0,
      0,
      0,
      1,
      1,
      1,
      1,
      1,
      1,
      0,
      0,
      0,
      5,
      5,
      0,
      0
    ],
    "top_active_channels": [
      [
        0,
        49
      ],
      [
        1,
        5
      ],
      [
        2,
        5
      ],
      [
        18,
        5
      ],
      [
        19,
        5
      ]
    ],
    "total_board_activity": 79
  },
  "go_pattern_analysis": {
    "move_type": "side",
    "game_phase": "opening",
    "turn_number": 6,
    "policy_entropy": 0.1263808675581747,
    "policy_confidence": 0.9852670349907919,
    "top_policy_moves": [
      {
        "coord": "(4,3)",
        "percentage": 98.5,
        "count": 535
      },
      {
        "coord": "(3,5)",
        "percentage": 1.1,
        "count": 6
      },
      {
        "coord": "(2,0)",
        "percentage": 0.2,
        "count": 1
      },
      {
        "coord": "(5,3)",
        "percentage": 0.2,
        "count": 1
      }
    ],
    "total_policy_counts": 543
  },
  "part_comparison": {
    "uniqueness_score": 0.6074240803718567,
    "similar_positions": [
      3326,
      6265,
      2925,
      6312,
      1641
    ],
    "part_rank": 17,
    "max_other_part_activation": 0.34336647391319275,
    "activation_percentile": 99.7425412691201
  }
}