{
  "position_info": {
    "part": 0,
    "rank": 16,
    "global_position": 1346,
    "move_coordinate": "B1",
    "turn_number": 1,
    "npz_file": "1D638D50844BD930.npz",
    "board_tensor_file": "pos_1346/board.npy",
    "sgf_file": "pos_1346/game.sgf"
  },
  "nmf_analysis": {
    "activation_strength": 3652.335205078125,
    "rank_in_part": 16,
    "activation_in_other_parts": [
      3652.335205078125,
      7.532646656036377,
      82.84175109863281,
      0.0,
      46.83958435058594,
      0.0,
      0.38109901547431946,
      24.91053009033203,
      0.11023176461458206,
      0.0,
      0.0,
      0.06987044215202332,
      0.0,
      0.0,
      26.12520980834961,
      0.0,
      0.0,
      0.07786233723163605,
      0.10583127290010452,
      0.0,
      0.0,
      0.030150100588798523,
      0.38003259897232056,
      0.0,
      0.0
    ],
    "channel_activity": [
      49,
      14,
      14,
      5,
      9,
      3,
      0,
      0,
      0,
      1,
      1,
      1,
      1,
      1,
      2,
      2,
      2,
      0,
      0,
      0,
      0,
      0
    ],
    "top_active_channels": [
      [
        0,
        49
      ],
      [
        1,
        14
      ],
      [
        2,
        14
      ],
      [
        4,
        9
      ],
      [
        3,
        5
      ]
    ],
    "total_board_activity": 105
  },
  "go_pattern_analysis": {
    "move_type": "corner",
    "game_phase": "opening",
    "turn_number": 1,
    "policy_entropy": 0.8969566776531884,
    "policy_confidence": 0.784366576819407,
    "top_policy_moves": [
      {
        "coord": "(0,1)",
        "percentage": 78.4,
        "count": 291
      },
      {
        "coord": "PASS",
        "percentage": 18.6,
        "count": 69
      },
      {
        "coord": "(0,3)",
        "percentage": 2.4,
        "count": 9
      },
      {
        "coord": "(3,1)",
        "percentage": 0.5,
        "count": 2
      }
    ],
    "total_policy_counts": 371
  },
  "part_comparison": {
    "uniqueness_score": 0.9778211712837219,
    "similar_positions": [
      6523,
      3673,
      4462,
      2806,
      4896
    ],
    "part_rank": 16,
    "max_other_part_activation": 82.84175109863281,
    "activation_percentile": 99.75768590034832
  }
}