{
  "position_info": {
    "part": 8,
    "rank": 3,
    "global_position": 3071,
    "move_coordinate": "E3",
    "turn_number": 4,
    "npz_file": "76F9EC3EB6A76AA0.npz",
    "board_tensor_file": "pos_3071/board.npy",
    "sgf_file": "pos_3071/game.sgf"
  },
  "nmf_analysis": {
    "activation_strength": 0.5237181782722473,
    "rank_in_part": 3,
    "activation_in_other_parts": [
      0.09071282297372818,
      0.09455020725727081,
      0.024522248655557632,
      0.18724128603935242,
      0.05844622477889061,
      0.0,
      0.06710680574178696,
      0.2300429344177246,
      0.5237181782722473,
      0.19233562052249908,
      0.03317714482545853,
      0.10808532685041428,
      0.1816679686307907,
      0.0,
      0.11624796688556671,
      0.2604043781757355,
      0.3526539206504822,
      0.003860649885609746,
      0.15204444527626038,
      0.0,
      0.2004837691783905,
      0.0,
      0.012347342446446419,
      0.07123667746782303,
      0.4105488359928131
    ],
    "channel_activity": [
      49,
      6,
      7,
      0,
      1,
      1,
      0,
      0,
      0,
      1,
      1,
      1,
      1,
      1,
      1,
      1,
      0,
      0,
      0,
      0,
      0,
      0
    ],
    "top_active_channels": [
      [
        0,
        49
      ],
      [
        2,
        7
      ],
      [
        1,
        6
      ],
      [
        4,
        1
      ],
      [
        5,
        1
      ]
    ],
    "total_board_activity": 71
  },
  "go_pattern_analysis": {
    "move_type": "corner",
    "game_phase": "opening",
    "turn_number": 4,
    "policy_entropy": 0.039392032370797664,
    "policy_confidence": 0.9962476547842402,
    "top_policy_moves": [
      {
        "coord": "(2,4)",
        "percentage": 99.6,
        "count": 531
      },
      {
        "coord": "(0,1)",
        "percentage": 0.2,
        "count": 1
      },
      {
        "coord": "(4,5)",
        "percentage": 0.2,
        "count": 1
      }
    ],
    "total_policy_counts": 533
  },
  "part_comparison": {
    "uniqueness_score": 0.5605658292770386,
    "similar_positions": [
      1909,
      4911,
      5154,
      3124,
      917
    ],
    "part_rank": 3,
    "max_other_part_activation": 0.4105488359928131,
    "activation_percentile": 99.95456610631531
  }
}