{
  "position_info": {
    "part": 11,
    "rank": 3,
    "global_position": 3363,
    "move_coordinate": "B3",
    "turn_number": 25,
    "npz_file": "AAE4EE8DC9A92FFF.npz",
    "board_tensor_file": "pos_3363/board.npy",
    "sgf_file": "pos_3363/game.sgf"
  },
  "nmf_analysis": {
    "activation_strength": 0.9196008443832397,
    "rank_in_part": 3,
    "activation_in_other_parts": [
      0.0,
      139.21157836914062,
      64.41759490966797,
      285.4134521484375,
      239.7999267578125,
      0.0,
      0.0,
      0.0,
      0.0,
      0.0,
      0.0,
      0.9196008443832397,
      0.5040944814682007,
      0.0,
      0.0,
      0.09717781096696854,
      0.0,
      0.1174822598695755,
      0.18823093175888062,
      0.0,
      0.541253924369812,
      0.0,
      0.0,
      0.0,
      0.0
    ],
    "channel_activity": [
      49,
      5,
      6,
      0,
      1,
      5,
      0,
      0,
      0,
      1,
      1,
      1,
      1,
      1,
      1,
      2,
      1,
      1,
      0,
      0,
      0,
      0
    ],
    "top_active_channels": [
      [
        0,
        49
      ],
      [
        2,
        6
      ],
      [
        1,
        5
      ],
      [
        5,
        5
      ],
      [
        15,
        2
      ]
    ],
    "total_board_activity": 76
  },
  "go_pattern_analysis": {
    "move_type": "corner",
    "game_phase": "opening",
    "turn_number": 25,
    "policy_entropy": -0.0,
    "policy_confidence": 1.0,
    "top_policy_moves": [
      {
        "coord": "(2,1)",
        "percentage": 100.0,
        "count": 151
      }
    ],
    "total_policy_counts": 151
  },
  "part_comparison": {
    "uniqueness_score": 0.0032116477377712727,
    "similar_positions": [
      770,
      2664,
      4243,
      771,
      3827
    ],
    "part_rank": 3,
    "max_other_part_activation": 285.4134521484375,
    "activation_percentile": 99.95456610631531
  }
}