{
  "position_info": {
    "part": 22,
    "rank": 13,
    "global_position": 3398,
    "move_coordinate": "B6",
    "turn_number": 1,
    "npz_file": "AAE4EE8DC9A92FFF.npz",
    "board_tensor_file": "pos_3398/board.npy",
    "sgf_file": "pos_3398/game.sgf"
  },
  "nmf_analysis": {
    "activation_strength": 0.3161965012550354,
    "rank_in_part": 13,
    "activation_in_other_parts": [
      0.03159670531749725,
      0.19164469838142395,
      0.0,
      0.03668317198753357,
      0.1702512800693512,
      0.28566601872444153,
      0.37925541400909424,
      0.03455987572669983,
      0.02082616649568081,
      0.37544405460357666,
      0.14357751607894897,
      0.11926940083503723,
      0.4020662307739258,
      0.0,
      0.07731126248836517,
      0.001148117589764297,
      0.07332222908735275,
      0.007900596596300602,
      0.0,
      0.0060782358050346375,
      0.12299202382564545,
      0.0031533967703580856,
      0.3161965012550354,
      0.06416637450456619,
      0.41678786277770996
    ],
    "channel_activity": [
      49,
      3,
      3,
      0,
      0,
      0,
      0,
      0,
      0,
      1,
      1,
      1,
      1,
      1,
      0,
      0,
      0,
      0,
      0,
      0,
      0,
      0
    ],
    "top_active_channels": [
      [
        0,
        49
      ],
      [
        1,
        3
      ],
      [
        2,
        3
      ],
      [
        9,
        1
      ],
      [
        10,
        1
      ]
    ],
    "total_board_activity": 60
  },
  "go_pattern_analysis": {
    "move_type": "corner",
    "game_phase": "opening",
    "turn_number": 1,
    "policy_entropy": 0.3467314682496637,
    "policy_confidence": 0.935064935064935,
    "top_policy_moves": [
      {
        "coord": "(5,1)",
        "percentage": 93.5,
        "count": 216
      },
      {
        "coord": "(3,5)",
        "percentage": 6.5,
        "count": 15
      }
    ],
    "total_policy_counts": 231
  },
  "part_comparison": {
    "uniqueness_score": 0.43138232827186584,
    "similar_positions": [
      709,
      3232,
      2477,
      815,
      590
    ],
    "part_rank": 13,
    "max_other_part_activation": 0.41678786277770996,
    "activation_percentile": 99.80311979403301
  }
}