{
  "position_info": {
    "part": 3,
    "rank": 15,
    "global_position": 3908,
    "move_coordinate": "G2",
    "turn_number": 1,
    "npz_file": "AAE4EE8DC9A92FFF.npz",
    "board_tensor_file": "pos_3908/board.npy",
    "sgf_file": "pos_3908/game.sgf"
  },
  "nmf_analysis": {
    "activation_strength": 0.03845168277621269,
    "rank_in_part": 15,
    "activation_in_other_parts": [
      0.21583300828933716,
      0.0,
      0.0,
      0.03845168277621269,
      0.03497060760855675,
      0.0276594590395689,
      0.033439770340919495,
      0.018018784001469612,
      0.03422810882329941,
      0.08552507311105728,
      0.03048214316368103,
      0.0,
      0.015518459491431713,
      0.005742938257753849,
      0.024583401158452034,
      0.0015145749785006046,
      0.012304268777370453,
      0.0,
      0.025469323620200157,
      0.020489118993282318,
      0.03567087650299072,
      0.03764494135975838,
      0.028144394978880882,
      0.01029903069138527,
      0.03572359308600426,
      0.006864963565021753,
      0.006414136849343777,
      0.0,
      0.23421968519687653,
      0.042274437844753265,
      0.5310550332069397,
      0.10842582583427429,
      0.12835337221622467,
      0.0,
      0.0497741624712944,
      0.002255088649690151,
      0.0,
      0.0,
      0.15429401397705078,
      0.022990092635154724,
      0.20991787314414978,
      0.31331002712249756,
      0.1912403255701065,
      0.06926646083593369,
      0.0,
      0.00018329957674723119,
      0.05237465724349022,
      0.03498012199997902,
      0.28805261850357056,
      0.29819098114967346
    ],
    "channel_activity": [
      49,
      7,
      8,
      0,
      2,
      1,
      0,
      0,
      0,
      1,
      1,
      1,
      1,
      1,
      2,
      0,
      1,
      0,
      7,
      8,
      0,
      0
    ],
    "top_active_channels": [
      [
        0,
        49
      ],
      [
        2,
        8
      ],
      [
        19,
        8
      ],
      [
        1,
        7
      ],
      [
        18,
        7
      ]
    ],
    "total_board_activity": 90
  },
  "go_pattern_analysis": {
    "move_type": "corner",
    "game_phase": "opening",
    "turn_number": 1,
    "policy_entropy": -0.0,
    "policy_confidence": 1.0,
    "top_policy_moves": [
      {
        "coord": "(1,6)",
        "percentage": 100.0,
        "count": 302
      }
    ],
    "total_policy_counts": 302
  },
  "part_comparison": {
    "uniqueness_score": 0.06751752644777298,
    "similar_positions": [
      426,
      4798,
      1704,
      5385,
      5609
    ],
    "part_rank": 15,
    "max_other_part_activation": 0.5310550332069397,
    "activation_percentile": 99.77283053157655
  }
}