{
  "position_info": {
    "part": 9,
    "rank": 18,
    "global_position": 1084,
    "move_coordinate": "C6",
    "turn_number": 1,
    "npz_file": "1D638D50844BD930.npz",
    "board_tensor_file": "pos_1084/board.npy",
    "sgf_file": "pos_1084/game.sgf"
  },
  "nmf_analysis": {
    "activation_strength": 0.89665287733078,
    "rank_in_part": 18,
    "activation_in_other_parts": [
      829.2559814453125,
      438.4384765625,
      82.2229995727539,
      236.6576690673828,
      72.88095092773438,
      0.0,
      0.0,
      0.0,
      0.5326230525970459,
      0.89665287733078,
      0.0,
      0.0,
      0.0,
      0.0,
      0.0,
      0.0,
      0.3231040835380554,
      0.0,
      0.0,
      0.0,
      0.0,
      0.0,
      0.303876668214798,
      0.0,
      0.18137085437774658
    ],
    "channel_activity": [
      49,
      7,
      7,
      0,
      0,
      1,
      0,
      0,
      0,
      1,
      1,
      1,
      1,
      1,
      0,
      1,
      1,
      0,
      7,
      7,
      0,
      0
    ],
    "top_active_channels": [
      [
        0,
        49
      ],
      [
        1,
        7
      ],
      [
        2,
        7
      ],
      [
        18,
        7
      ],
      [
        19,
        7
      ]
    ],
    "total_board_activity": 85
  },
  "go_pattern_analysis": {
    "move_type": "corner",
    "game_phase": "opening",
    "turn_number": 1,
    "policy_entropy": 0.3441755746638127,
    "policy_confidence": 0.9357277882797732,
    "top_policy_moves": [
      {
        "coord": "(5,2)",
        "percentage": 93.6,
        "count": 495
      },
      {
        "coord": "(2,5)",
        "percentage": 6.4,
        "count": 34
      }
    ],
    "total_policy_counts": 529
  },
  "part_comparison": {
    "uniqueness_score": 0.0010801060125231743,
    "similar_positions": [
      421,
      145,
      3783,
      4943,
      3685
    ],
    "part_rank": 18,
    "max_other_part_activation": 829.2559814453125,
    "activation_percentile": 99.72739663789186
  }
}