{
  "position_info": {
    "part": 16,
    "rank": 7,
    "global_position": 3178,
    "move_coordinate": "A2",
    "turn_number": 18,
    "npz_file": "76F9EC3EB6A76AA0.npz",
    "board_tensor_file": "pos_3178/board.npy",
    "sgf_file": "pos_3178/game.sgf"
  },
  "nmf_analysis": {
    "activation_strength": 0.8845676183700562,
    "rank_in_part": 7,
    "activation_in_other_parts": [
      4041.70947265625,
      187.41567993164062,
      294.818603515625,
      8.954995155334473,
      0.0,
      0.5429002642631531,
      0.0,
      0.16382479667663574,
      0.1617324948310852,
      0.03510668873786926,
      0.5623996257781982,
      0.0,
      0.0,
      0.0,
      0.0,
      0.22272184491157532,
      0.8845676183700562,
      0.0,
      0.10768932849168777,
      0.0,
      0.05438520759344101,
      0.0,
      0.0,
      0.7304731011390686,
      0.2287457436323166
    ],
    "channel_activity": [
      49,
      13,
      18,
      1,
      5,
      2,
      0,
      0,
      0,
      1,
      1,
      1,
      1,
      1,
      1,
      0,
      0,
      2,
      15,
      30,
      0,
      0
    ],
    "top_active_channels": [
      [
        0,
        49
      ],
      [
        19,
        30
      ],
      [
        2,
        18
      ],
      [
        18,
        15
      ],
      [
        1,
        13
      ]
    ],
    "total_board_activity": 141
  },
  "go_pattern_analysis": {
    "move_type": "corner",
    "game_phase": "opening",
    "turn_number": 18,
    "policy_entropy": -0.0,
    "policy_confidence": 1.0,
    "top_policy_moves": [
      {
        "coord": "(1,0)",
        "percentage": 100.0,
        "count": 152
      }
    ],
    "total_policy_counts": 152
  },
  "part_comparison": {
    "uniqueness_score": 0.00021881188149563968,
    "similar_positions": [
      2058,
      3672,
      5605,
      1988,
      3180
    ],
    "part_rank": 7,
    "max_other_part_activation": 4041.70947265625,
    "activation_percentile": 99.89398758140238
  }
}