{
  "position_info": {
    "part": 37,
    "rank": 2,
    "global_position": 4369,
    "move_coordinate": "A1",
    "turn_number": 24,
    "npz_file": "B330F9C802154800.npz",
    "board_tensor_file": "pos_4369/board.npy",
    "sgf_file": "pos_4369/game.sgf"
  },
  "nmf_analysis": {
    "activation_strength": 0.35841962695121765,
    "rank_in_component": 2,
    "activation_in_other_components": [
      0.004804966505616903,
      0.0,
      0.0,
      0.005703831557184458,
      0.010675974190235138,
      0.0,
      0.09526661038398743,
      0.0,
      0.012342754751443863,
      0.0,
      0.010148193687200546,
      0.0,
      0.0034516965970396996,
      0.0,
      0.015543867833912373,
      0.020172754302620888,
      0.01118943840265274,
      5.8735418861033395e-05,
      0.02037161961197853,
      0.0,
      0.010262401774525642,
      0.0,
      0.0093069514259696,
      0.021019553765654564,
      0.0,
      0.006307855248451233,
      0.004575664643198252,
      0.011521080508828163,
      0.15232129395008087,
      0.05686879903078079,
      0.0,
      0.05577307194471359,
      0.0,
      0.2898772060871124,
      0.1486760824918747,
      0.07869938760995865,
      0.07087687402963638,
      0.35841962695121765,
      0.0907592698931694,
      0.2292349636554718,
      0.09198343008756638,
      0.0,
      0.07284018397331238,
      0.0739690512418747,
      0.12192647904157639,
      0.11010479182004929,
      0.26464399695396423,
      0.20393885672092438,
      0.14014598727226257,
      0.43374502658843994
    ],
    "channel_activity": [
      49,
      8,
      8,
      0,
      0,
      0,
      0,
      0,
      0,
      1,
      1,
      1,
      1,
      1,
      0,
      0,
      1,
      0,
      0,
      0,
      0,
      0
    ],
    "top_active_channels": [
      [
        0,
        49
      ],
      [
        1,
        8
      ],
      [
        2,
        8
      ],
      [
        9,
        1
      ],
      [
        10,
        1
      ]
    ],
    "total_board_activity": 71
  },
  "go_pattern_analysis": {
    "move_type": "corner",
    "game_phase": "opening",
    "turn_number": 24,
    "policy_entropy": 5.643856189774725,
    "policy_confidence": 0.02,
    "top_policy_moves": [
      {
        "coord": "PASS",
        "percentage": 2.0,
        "count": 1
      },
      {
        "coord": "(1,5)",
        "percentage": 2.0,
        "count": 1
      },
      {
        "coord": "(3,1)",
        "percentage": 2.0,
        "count": 1
      },
      {
        "coord": "(3,0)",
        "percentage": 2.0,
        "count": 1
      },
      {
        "coord": "(2,6)",
        "percentage": 2.0,
        "count": 1
      }
    ],
    "total_policy_counts": 50
  },
  "component_comparison": {
    "uniqueness_score": 0.45245596766471863,
    "similar_positions": [
      6255,
      4370,
      4709,
      2517,
      5870
    ],
    "component_rank": 2,
    "max_other_component_activation": 0.43374502658843994,
    "activation_percentile": 99.96971073754354
  }
}