{
  "position_info": {
    "part": 9,
    "rank": 11,
    "global_position": 2904,
    "move_coordinate": "D3",
    "turn_number": 6,
    "npz_file": "76F9EC3EB6A76AA0.npz",
    "board_tensor_file": "pos_2904/board.npy",
    "sgf_file": "pos_2904/game.sgf"
  },
  "nmf_analysis": {
    "activation_strength": 0.5212986469268799,
    "rank_in_part": 11,
    "activation_in_other_parts": [
      0.23939897119998932,
      0.17477035522460938,
      0.16606499254703522,
      0.1295284628868103,
      0.5469234585762024,
      0.0004135018098168075,
      0.15990450978279114,
      0.005473267287015915,
      0.04857827350497246,
      0.5212986469268799,
      0.0,
      0.13203658163547516,
      0.0,
      0.0,
      0.07199790328741074,
      0.06304048746824265,
      0.6715807318687439,
      0.0,
      0.018043776974081993,
      0.18783001601696014,
      0.01264641247689724,
      0.014102982357144356,
      0.0,
      0.0,
      0.05895354226231575
    ],
    "channel_activity": [
      49,
      1,
      2,
      0,
      1,
      2,
      0,
      0,
      0,
      1,
      1,
      1,
      0,
      0,
      0,
      0,
      0,
      0,
      0,
      0,
      0,
      0
    ],
    "top_active_channels": [
      [
        0,
        49
      ],
      [
        2,
        2
      ],
      [
        5,
        2
      ],
      [
        1,
        1
      ],
      [
        4,
        1
      ]
    ],
    "total_board_activity": 58
  },
  "go_pattern_analysis": {
    "move_type": "side",
    "game_phase": "opening",
    "turn_number": 6,
    "policy_entropy": 0.12410924954831731,
    "policy_confidence": 0.9865125240847784,
    "top_policy_moves": [
      {
        "coord": "(2,3)",
        "percentage": 98.7,
        "count": 512
      },
      {
        "coord": "(4,4)",
        "percentage": 0.6,
        "count": 3
      },
      {
        "coord": "(0,4)",
        "percentage": 0.4,
        "count": 2
      },
      {
        "coord": "(2,4)",
        "percentage": 0.4,
        "count": 2
      }
    ],
    "total_policy_counts": 519
  },
  "part_comparison": {
    "uniqueness_score": 0.43700864911079407,
    "similar_positions": [
      988,
      1663,
      3429,
      1802,
      6427
    ],
    "part_rank": 11,
    "max_other_part_activation": 0.6715807318687439,
    "activation_percentile": 99.83340905648947
  }
}