{
  "position_info": {
    "part": 49,
    "rank": 17,
    "global_position": 6180,
    "move_coordinate": "A1",
    "turn_number": 22,
    "npz_file": "E3CD9898B9AFF870.npz",
    "board_tensor_file": "pos_6180/board.npy",
    "sgf_file": "pos_6180/game.sgf"
  },
  "nmf_analysis": {
    "activation_strength": 0.5651781558990479,
    "rank_in_part": 17,
    "activation_in_other_parts": [
      0.1243157684803009,
      0.013413888402283192,
      0.0,
      0.019027499482035637,
      0.020272431895136833,
      0.013022052124142647,
      0.009050222113728523,
      0.008382867090404034,
      0.06310920417308807,
      0.0,
      0.03840107470750809,
      0.0,
      0.0,
      0.00916541088372469,
      0.031673189252614975,
      0.0,
      0.016319947317242622,
      0.0002534163650125265,
      0.029956551268696785,
      0.011149508878588676,
      0.04312256723642349,
      0.0,
      0.034941766411066055,
      0.07291094213724136,
      0.0,
      0.009211568161845207,
      0.007422624155879021,
      0.02131590247154236,
      0.04529505968093872,
      0.07629574090242386,
      0.04818873107433319,
      0.1038011834025383,
      0.033395469188690186,
      0.5199798345565796,
      0.36250028014183044,
      0.06294504553079605,
      0.1555587649345398,
      0.0667208731174469,
      0.0,
      0.0996861681342125,
      0.022891255095601082,
      0.16675060987472534,
      0.08517912775278091,
      0.04042410850524902,
      0.0,
      0.0,
      0.038420215249061584,
      0.13322442770004272,
      0.0016613500192761421,
      0.5651781558990479
    ],
    "channel_activity": [
      49,
      18,
      11,
      0,
      0,
      6,
      0,
      0,
      0,
      0,
      1,
      0,
      1,
      0,
      0,
      0,
      1,
      0,
      29,
      20,
      0,
      0
    ],
    "top_active_channels": [
      [
        0,
        49
      ],
      [
        18,
        29
      ],
      [
        19,
        20
      ],
      [
        1,
        18
      ],
      [
        2,
        11
      ]
    ],
    "total_board_activity": 136
  },
  "go_pattern_analysis": {
    "move_type": "corner",
    "game_phase": "opening",
    "turn_number": 22,
    "policy_entropy": 5.643856189774725,
    "policy_confidence": 0.02,
    "top_policy_moves": [
      {
        "coord": "PASS",
        "percentage": 2.0,
        "count": 1
      },
      {
        "coord": "(1,5)",
        "percentage": 2.0,
        "count": 1
      },
      {
        "coord": "(3,1)",
        "percentage": 2.0,
        "count": 1
      },
      {
        "coord": "(3,0)",
        "percentage": 2.0,
        "count": 1
      },
      {
        "coord": "(2,6)",
        "percentage": 2.0,
        "count": 1
      }
    ],
    "total_policy_counts": 50
  },
  "part_comparison": {
    "uniqueness_score": 0.5208256840705872,
    "similar_positions": [
      1950,
      4857,
      2565,
      2566,
      3711
    ],
    "part_rank": 17,
    "max_other_part_activation": 0.5199798345565796,
    "activation_percentile": 99.7425412691201
  }
}