{
  "position_info": {
    "part": 7,
    "rank": 10,
    "global_position": 4080,
    "move_coordinate": "A6",
    "turn_number": 27,
    "npz_file": "AAE4EE8DC9A92FFF.npz",
    "board_tensor_file": "pos_4080/board.npy",
    "sgf_file": "pos_4080/game.sgf"
  },
  "nmf_analysis": {
    "activation_strength": 1.0827772617340088,
    "rank_in_part": 10,
    "activation_in_other_parts": [
      1590.07861328125,
      59.96548080444336,
      420.6583251953125,
      0.0,
      165.0529022216797,
      0.0,
      0.0,
      1.0827772617340088,
      0.0,
      0.0,
      0.0,
      0.0,
      0.0,
      0.2775176465511322,
      0.2824726700782776,
      0.0,
      0.5875723958015442,
      0.0,
      0.0,
      0.0,
      0.2892645597457886,
      0.0,
      0.0,
      0.0,
      0.0
    ],
    "channel_activity": [
      49,
      7,
      8,
      0,
      3,
      0,
      0,
      0,
      0,
      1,
      1,
      1,
      1,
      1,
      1,
      1,
      1,
      0,
      7,
      8,
      0,
      0
    ],
    "top_active_channels": [
      [
        0,
        49
      ],
      [
        2,
        8
      ],
      [
        19,
        8
      ],
      [
        1,
        7
      ],
      [
        18,
        7
      ]
    ],
    "total_board_activity": 90
  },
  "go_pattern_analysis": {
    "move_type": "corner",
    "game_phase": "opening",
    "turn_number": 27,
    "policy_entropy": -0.0,
    "policy_confidence": 1.0,
    "top_policy_moves": [
      {
        "coord": "(5,0)",
        "percentage": 100.0,
        "count": 430
      }
    ],
    "total_policy_counts": 430
  },
  "part_comparison": {
    "uniqueness_score": 0.0006804949371144176,
    "similar_positions": [
      267,
      6252,
      823,
      2985,
      5972
    ],
    "part_rank": 10,
    "max_other_part_activation": 1590.07861328125,
    "activation_percentile": 99.8485536877177
  }
}