{
  "position_info": {
    "part": 2,
    "rank": 3,
    "global_position": 764,
    "move_coordinate": "(6,0)",
    "turn_number": 22,
    "npz_file": "4A3919085F2F7840.npz",
    "board_tensor_file": "part2_rank3_pos764.npy",
    "sgf_file": "sgf_pos764.sgf"
  },
  "nmf_analysis": {
    "activation_strength": 0.8870264291763306,
    "rank_in_component": 3,
    "activation_in_other_components": [
      0.2813868224620819,
      0.11700756847858429,
      0.8870264291763306
    ],
    "channel_activity": [
      49,
      34,
      25,
      7,
      10,
      19,
      1,
      0,
      0,
      1,
      1,
      1,
      1,
      1,
      0,
      0,
      12,
      1,
      20,
      28,
      5,
      0
    ],
    "top_active_channels": [
      [
        0,
        49
      ],
      [
        1,
        34
      ],
      [
        19,
        28
      ],
      [
        2,
        25
      ],
      [
        18,
        20
      ]
    ],
    "total_board_activity": 216
  },
  "go_pattern_analysis": {
    "move_type": "corner",
    "game_phase": "opening",
    "turn_number": 22,
    "policy_entropy": 1.5697052585699005,
    "policy_confidence": 0.39644970414201186,
    "top_policy_moves": [
      {
        "coord": "(6,0)",
        "percentage": 39.6,
        "count": 67
      },
      {
        "coord": "(0,5)",
        "percentage": 32.5,
        "count": 55
      },
      {
        "coord": "(0,4)",
        "percentage": 27.8,
        "count": 47
      }
    ],
    "total_policy_counts": 169
  },
  "component_comparison": {
    "uniqueness_score": 0.7591717839241028,
    "similar_positions": [
      834,
      766,
      2067,
      2249,
      1863
    ],
    "component_rank": 3,
    "max_other_component_activation": 0.2813868224620819,
    "activation_percentile": 99.88990825688073
  }
}