{
  "position_info": {
    "part": 33,
    "rank": 11,
    "global_position": 6319,
    "move_coordinate": "PASS",
    "turn_number": 1,
    "npz_file": "E3CD9898B9AFF870.npz",
    "board_tensor_file": "pos_6319/board.npy",
    "sgf_file": "pos_6319/game.sgf"
  },
  "nmf_analysis": {
    "activation_strength": 0.6019675731658936,
    "rank_in_part": 11,
    "activation_in_other_parts": [
      0.0899028405547142,
      0.0,
      0.0,
      0.025481894612312317,
      0.02904854714870453,
      0.011451500467956066,
      0.0069940462708473206,
      0.0,
      0.04763525724411011,
      0.02040596306324005,
      0.019554827362298965,
      0.0,
      0.022144369781017303,
      0.0008898620144464076,
      0.02709236554801464,
      0.0,
      0.018006864935159683,
      0.0,
      0.03270040825009346,
      0.00023725525534246117,
      0.03285320848226547,
      0.02658884972333908,
      0.02619892545044422,
      0.04998898506164551,
      0.03064459189772606,
      0.00954036507755518,
      0.005688652396202087,
      0.005233838688582182,
      0.001346031203866005,
      0.18592151999473572,
      0.0,
      0.08522991836071014,
      0.03351336717605591,
      0.6019675731658936,
      0.4277057945728302,
      0.01753811351954937,
      0.06760355085134506,
      0.06201832741498947,
      0.0,
      0.08162692189216614,
      0.0,
      0.14840663969516754,
      0.11075875908136368,
      0.0718584805727005,
      0.0,
      0.0,
      0.0154639957472682,
      0.15306340157985687,
      0.02962549962103367,
      0.5357467532157898
    ],
    "channel_activity": [
      49,
      16,
      12,
      0,
      0,
      1,
      0,
      0,
      0,
      1,
      0,
      1,
      0,
      1,
      0,
      1,
      1,
      0,
      29,
      20,
      12,
      11
    ],
    "top_active_channels": [
      [
        0,
        49
      ],
      [
        18,
        29
      ],
      [
        19,
        20
      ],
      [
        1,
        16
      ],
      [
        2,
        12
      ]
    ],
    "total_board_activity": 155
  },
  "go_pattern_analysis": {
    "move_type": "pass",
    "game_phase": "opening",
    "turn_number": 1,
    "policy_entropy": 1.4747865318520441,
    "policy_confidence": 0.7216494845360825,
    "top_policy_moves": [
      {
        "coord": "PASS",
        "percentage": 72.2,
        "count": 210
      },
      {
        "coord": "(0,3)",
        "percentage": 9.3,
        "count": 27
      },
      {
        "coord": "(0,1)",
        "percentage": 7.9,
        "count": 23
      },
      {
        "coord": "(1,2)",
        "percentage": 6.5,
        "count": 19
      },
      {
        "coord": "(4,5)",
        "percentage": 1.4,
        "count": 4
      }
    ],
    "total_policy_counts": 291
  },
  "part_comparison": {
    "uniqueness_score": 0.5291025638580322,
    "similar_positions": [
      776,
      4548,
      1384,
      6298,
      3417
    ],
    "part_rank": 11,
    "max_other_part_activation": 0.5357467532157898,
    "activation_percentile": 99.83340905648947
  }
}