{
  "position_info": {
    "part": 24,
    "rank": 2,
    "global_position": 5174,
    "move_coordinate": "B4",
    "turn_number": 9,
    "npz_file": "B330F9C802154800.npz",
    "board_tensor_file": "pos_5174/board.npy",
    "sgf_file": "pos_5174/game.sgf"
  },
  "nmf_analysis": {
    "activation_strength": 0.17171967029571533,
    "rank_in_component": 2,
    "activation_in_other_components": [
      0.22909943759441376,
      0.0,
      0.0,
      0.03108259290456772,
      0.029129816219210625,
      0.04270167276263237,
      0.1932400017976761,
      0.020787708461284637,
      0.0,
      0.1364140510559082,
      0.0,
      0.09909193217754364,
      0.05644458904862404,
      0.00940832868218422,
      0.0,
      0.1424545794725418,
      0.008365970104932785,
      0.0,
      0.013954121619462967,
      0.039763376116752625,
      0.0,
      0.09357178956270218,
      0.0,
      0.04314138740301132,
      0.17171967029571533,
      0.004464073572307825,
      0.0,
      0.03582897037267685,
      0.32249915599823,
      0.0,
      0.207729771733284,
      0.1602693796157837,
      0.03669309616088867,
      0.10440479218959808,
      0.0462711825966835,
      0.0,
      0.08000408113002777,
      0.062369558960199356,
      0.0098241176456213,
      0.02364998310804367,
      0.15449032187461853,
      0.18162335455417633,
      0.0,
      0.06879135221242905,
      0.18874803185462952,
      0.1085338443517685,
      0.1003224179148674,
      0.18671700358390808,
      0.3511097729206085,
      0.2739011347293854
    ],
    "channel_activity": [
      49,
      6,
      7,
      0,
      1,
      1,
      0,
      0,
      0,
      1,
      1,
      1,
      1,
      1,
      0,
      0,
      0,
      0,
      6,
      7,
      0,
      0
    ],
    "top_active_channels": [
      [
        0,
        49
      ],
      [
        2,
        7
      ],
      [
        19,
        7
      ],
      [
        1,
        6
      ],
      [
        18,
        6
      ]
    ],
    "total_board_activity": 82
  },
  "go_pattern_analysis": {
    "move_type": "side",
    "game_phase": "opening",
    "turn_number": 9,
    "policy_entropy": 0.2243918578315762,
    "policy_confidence": 0.97,
    "top_policy_moves": [
      {
        "coord": "(3,1)",
        "percentage": 97.0,
        "count": 194
      },
      {
        "coord": "(4,2)",
        "percentage": 1.5,
        "count": 3
      },
      {
        "coord": "(5,5)",
        "percentage": 1.5,
        "count": 3
      }
    ],
    "total_policy_counts": 200
  },
  "component_comparison": {
    "uniqueness_score": 0.3284430205821991,
    "similar_positions": [
      2294,
      4798,
      899,
      480,
      5390
    ],
    "component_rank": 2,
    "max_other_component_activation": 0.3511097729206085,
    "activation_percentile": 99.96971073754354
  }
}