{
  "position_info": {
    "part": 13,
    "rank": 15,
    "global_position": 5174,
    "move_coordinate": "B4",
    "turn_number": 9,
    "npz_file": "B330F9C802154800.npz",
    "board_tensor_file": "pos_5174/board.npy",
    "sgf_file": "pos_5174/game.sgf"
  },
  "nmf_analysis": {
    "activation_strength": 0.5297190546989441,
    "rank_in_part": 15,
    "activation_in_other_parts": [
      2677.653564453125,
      175.05477905273438,
      79.84391021728516,
      20.252168655395508,
      45.164947509765625,
      0.0,
      0.0,
      0.0,
      0.6332983374595642,
      0.026208803057670593,
      57.086395263671875,
      0.0,
      0.0,
      0.5297190546989441,
      0.0,
      0.0,
      0.0,
      0.05666250362992287,
      0.22733354568481445,
      0.0,
      0.24009576439857483,
      0.0,
      0.0,
      0.08086513727903366,
      0.0
    ],
    "channel_activity": [
      49,
      6,
      7,
      0,
      1,
      1,
      0,
      0,
      0,
      1,
      1,
      1,
      1,
      1,
      0,
      0,
      0,
      0,
      6,
      7,
      0,
      0
    ],
    "top_active_channels": [
      [
        0,
        49
      ],
      [
        2,
        7
      ],
      [
        19,
        7
      ],
      [
        1,
        6
      ],
      [
        18,
        6
      ]
    ],
    "total_board_activity": 82
  },
  "go_pattern_analysis": {
    "move_type": "side",
    "game_phase": "opening",
    "turn_number": 9,
    "policy_entropy": 0.2243918578315762,
    "policy_confidence": 0.97,
    "top_policy_moves": [
      {
        "coord": "(3,1)",
        "percentage": 97.0,
        "count": 194
      },
      {
        "coord": "(4,2)",
        "percentage": 1.5,
        "count": 3
      },
      {
        "coord": "(5,5)",
        "percentage": 1.5,
        "count": 3
      }
    ],
    "total_policy_counts": 200
  },
  "part_comparison": {
    "uniqueness_score": 0.0001977904321392998,
    "similar_positions": [
      5524,
      3359,
      3435,
      3436,
      1569
    ],
    "part_rank": 15,
    "max_other_part_activation": 2677.653564453125,
    "activation_percentile": 99.77283053157655
  }
}