{
  "position_info": {
    "part": 16,
    "rank": 2,
    "global_position": 6571,
    "move_coordinate": "A1",
    "turn_number": 1,
    "npz_file": "E3CD9898B9AFF870.npz",
    "board_tensor_file": "pos_6571/board.npy",
    "sgf_file": "pos_6571/game.sgf"
  },
  "nmf_analysis": {
    "activation_strength": 0.03243540599942207,
    "rank_in_component": 2,
    "activation_in_other_components": [
      0.12591589987277985,
      0.0,
      0.0,
      0.010946513153612614,
      0.011996373534202576,
      0.0,
      0.0,
      0.0,
      0.09450535476207733,
      0.0,
      0.08796994388103485,
      0.0924682542681694,
      0.0,
      0.0,
      0.05054135620594025,
      0.1323634535074234,
      0.03243540599942207,
      4.505813922150992e-05,
      0.042321812361478806,
      0.0,
      0.05540690943598747,
      0.0,
      0.04948675259947777,
      0.07419919967651367,
      0.0,
      0.01589423604309559,
      0.013063367456197739,
      0.007062684278935194,
      0.02468201331794262,
      0.2195916622877121,
      0.0,
      0.09551015496253967,
      0.0,
      0.5239778161048889,
      0.39307332038879395,
      0.0,
      0.19997774064540863,
      0.07790982723236084,
      0.0,
      0.09817327558994293,
      0.0,
      0.13987722992897034,
      0.14815664291381836,
      0.013997909612953663,
      0.0,
      0.0,
      0.12531709671020508,
      0.0,
      0.003838697448372841,
      0.5116274356842041
    ],
    "channel_activity": [
      49,
      22,
      10,
      0,
      0,
      1,
      0,
      1,
      0,
      0,
      1,
      0,
      1,
      0,
      0,
      0,
      0,
      0,
      29,
      20,
      18,
      15
    ],
    "top_active_channels": [
      [
        0,
        49
      ],
      [
        18,
        29
      ],
      [
        1,
        22
      ],
      [
        19,
        20
      ],
      [
        20,
        18
      ]
    ],
    "total_board_activity": 167
  },
  "go_pattern_analysis": {
    "move_type": "corner",
    "game_phase": "opening",
    "turn_number": 1,
    "policy_entropy": 5.643856189774725,
    "policy_confidence": 0.02,
    "top_policy_moves": [
      {
        "coord": "PASS",
        "percentage": 2.0,
        "count": 1
      },
      {
        "coord": "(1,5)",
        "percentage": 2.0,
        "count": 1
      },
      {
        "coord": "(3,1)",
        "percentage": 2.0,
        "count": 1
      },
      {
        "coord": "(3,0)",
        "percentage": 2.0,
        "count": 1
      },
      {
        "coord": "(2,6)",
        "percentage": 2.0,
        "count": 1
      }
    ],
    "total_policy_counts": 50
  },
  "component_comparison": {
    "uniqueness_score": 0.05829373747110367,
    "similar_positions": [
      1177,
      1562,
      5602,
      5601,
      1973
    ],
    "component_rank": 2,
    "max_other_component_activation": 0.5239778161048889,
    "activation_percentile": 99.96971073754354
  }
}