{
  "position_info": {
    "part": 8,
    "rank": 2,
    "global_position": 88,
    "move_coordinate": "C6",
    "turn_number": 1,
    "npz_file": "1906C337F5CDAFA9.npz",
    "board_tensor_file": "pos_88/board.npy",
    "sgf_file": "pos_88/game.sgf"
  },
  "nmf_analysis": {
    "activation_strength": 0.9270290732383728,
    "rank_in_part": 2,
    "activation_in_other_parts": [
      1357.30908203125,
      435.3590393066406,
      48.8890495300293,
      0.0,
      11.776611328125,
      0.0,
      0.0,
      3.4858505725860596,
      0.9270290732383728,
      3.577768802642822e-05,
      90.4995346069336,
      0.0,
      0.11243599653244019,
      0.21648898720741272,
      0.0,
      0.0,
      0.0,
      0.0,
      0.09686540812253952,
      0.059283092617988586,
      0.0,
      0.0,
      0.0,
      0.0,
      0.0
    ],
    "channel_activity": [
      49,
      4,
      5,
      1,
      1,
      1,
      0,
      0,
      0,
      1,
      1,
      1,
      1,
      1,
      1,
      2,
      0,
      0,
      4,
      5,
      0,
      0
    ],
    "top_active_channels": [
      [
        0,
        49
      ],
      [
        2,
        5
      ],
      [
        19,
        5
      ],
      [
        1,
        4
      ],
      [
        18,
        4
      ]
    ],
    "total_board_activity": 78
  },
  "go_pattern_analysis": {
    "move_type": "corner",
    "game_phase": "opening",
    "turn_number": 1,
    "policy_entropy": -0.0,
    "policy_confidence": 1.0,
    "top_policy_moves": [
      {
        "coord": "(5,2)",
        "percentage": 100.0,
        "count": 98
      }
    ],
    "total_policy_counts": 98
  },
  "part_comparison": {
    "uniqueness_score": 0.0006825242307968438,
    "similar_positions": [
      6368,
      4550,
      1244,
      1578,
      6544
    ],
    "part_rank": 2,
    "max_other_part_activation": 1357.30908203125,
    "activation_percentile": 99.96971073754354
  }
}