{
  "position_info": {
    "part": 16,
    "rank": 19,
    "global_position": 2001,
    "move_coordinate": "D3",
    "turn_number": 5,
    "npz_file": "565285905A9A0C14.npz",
    "board_tensor_file": "pos_2001/board.npy",
    "sgf_file": "pos_2001/game.sgf"
  },
  "nmf_analysis": {
    "activation_strength": 0.7367469668388367,
    "rank_in_part": 19,
    "activation_in_other_parts": [
      0.30047398805618286,
      0.11547361314296722,
      0.13824892044067383,
      0.09854519367218018,
      0.6846787929534912,
      0.0,
      0.17958423495292664,
      0.009829120710492134,
      0.11677832156419754,
      0.376836359500885,
      0.013921484351158142,
      0.1457870900630951,
      0.0,
      0.0,
      0.01038346253335476,
      0.10797511786222458,
      0.7367469668388367,
      0.0,
      0.0,
      0.0,
      0.0,
      0.0,
      0.03645866736769676,
      0.0,
      0.0015077718999236822
    ],
    "channel_activity": [
      49,
      0,
      1,
      0,
      0,
      0,
      0,
      0,
      0,
      1,
      0,
      0,
      0,
      0,
      0,
      0,
      0,
      0,
      0,
      49,
      0,
      0
    ],
    "top_active_channels": [
      [
        0,
        49
      ],
      [
        19,
        49
      ],
      [
        2,
        1
      ],
      [
        9,
        1
      ],
      [
        1,
        0
      ]
    ],
    "total_board_activity": 100
  },
  "go_pattern_analysis": {
    "move_type": "side",
    "game_phase": "opening",
    "turn_number": 5,
    "policy_entropy": 1.8819422962372698,
    "policy_confidence": 0.413265306122449,
    "top_policy_moves": [
      {
        "coord": "(2,3)",
        "percentage": 41.3,
        "count": 81
      },
      {
        "coord": "(4,3)",
        "percentage": 26.5,
        "count": 52
      },
      {
        "coord": "(4,2)",
        "percentage": 16.8,
        "count": 33
      },
      {
        "coord": "(2,2)",
        "percentage": 15.3,
        "count": 30
      }
    ],
    "total_policy_counts": 196
  },
  "part_comparison": {
    "uniqueness_score": 0.5183154344558716,
    "similar_positions": [
      89,
      4109,
      4683,
      4684,
      1317
    ],
    "part_rank": 19,
    "max_other_part_activation": 0.6846787929534912,
    "activation_percentile": 99.71225200666363
  }
}