{
  "position_info": {
    "part": 4,
    "rank": 16,
    "global_position": 2001,
    "move_coordinate": "D3",
    "turn_number": 5,
    "npz_file": "565285905A9A0C14.npz",
    "board_tensor_file": "pos_2001/board.npy",
    "sgf_file": "pos_2001/game.sgf"
  },
  "nmf_analysis": {
    "activation_strength": 345.2063293457031,
    "rank_in_part": 16,
    "activation_in_other_parts": [
      506.9844665527344,
      282.7921142578125,
      63.37220001220703,
      46.294368743896484,
      345.2063293457031,
      0.9634444117546082,
      0.0,
      0.0,
      0.19415783882141113,
      0.0,
      0.46628838777542114,
      0.0,
      0.0,
      0.0,
      0.18502646684646606,
      0.0,
      0.0,
      0.0,
      0.0,
      0.0,
      0.04125359654426575,
      0.0,
      0.008796170353889465,
      0.0,
      0.0
    ],
    "channel_activity": [
      49,
      0,
      1,
      0,
      0,
      0,
      0,
      0,
      0,
      1,
      0,
      0,
      0,
      0,
      0,
      0,
      0,
      0,
      0,
      49,
      0,
      0
    ],
    "top_active_channels": [
      [
        0,
        49
      ],
      [
        19,
        49
      ],
      [
        2,
        1
      ],
      [
        9,
        1
      ],
      [
        1,
        0
      ]
    ],
    "total_board_activity": 100
  },
  "go_pattern_analysis": {
    "move_type": "side",
    "game_phase": "opening",
    "turn_number": 5,
    "policy_entropy": 1.8819422962372698,
    "policy_confidence": 0.413265306122449,
    "top_policy_moves": [
      {
        "coord": "(2,3)",
        "percentage": 41.3,
        "count": 81
      },
      {
        "coord": "(4,3)",
        "percentage": 26.5,
        "count": 52
      },
      {
        "coord": "(4,2)",
        "percentage": 16.8,
        "count": 33
      },
      {
        "coord": "(2,2)",
        "percentage": 15.3,
        "count": 30
      }
    ],
    "total_policy_counts": 196
  },
  "part_comparison": {
    "uniqueness_score": 0.40508103370666504,
    "similar_positions": [
      4683,
      89,
      4109,
      4684,
      5036
    ],
    "part_rank": 16,
    "max_other_part_activation": 506.9844665527344,
    "activation_percentile": 99.75768590034832
  }
}