{
  "position_info": {
    "part": 28,
    "rank": 17,
    "global_position": 1064,
    "move_coordinate": "PASS",
    "turn_number": 1,
    "npz_file": "1D638D50844BD930.npz",
    "board_tensor_file": "pos_1064/board.npy",
    "sgf_file": "pos_1064/game.sgf"
  },
  "nmf_analysis": {
    "activation_strength": 0.5106945633888245,
    "rank_in_part": 17,
    "activation_in_other_parts": [
      0.019328001886606216,
      0.105958953499794,
      0.0,
      0.00028225412825122476,
      0.004192744381725788,
      0.020510200411081314,
      0.06858783960342407,
      0.033136047422885895,
      0.011330767534673214,
      0.023377325385808945,
      0.00428250664845109,
      0.013408545404672623,
      0.008591953665018082,
      0.02204521745443344,
      0.006168495863676071,
      0.0028725718148052692,
      0.0,
      0.00058103131595999,
      0.0,
      0.024996792897582054,
      0.00673232227563858,
      0.007777973543852568,
      0.005331297870725393,
      0.029523581266403198,
      0.020864835008978844,
      0.0,
      0.0,
      0.01949460618197918,
      0.5106945633888245,
      0.18821430206298828,
      0.07763397693634033,
      0.0,
      0.1207917109131813,
      0.09295495599508286,
      0.2846265435218811,
      0.020434534177184105,
      0.3176984190940857,
      0.11360303312540054,
      0.0,
      0.09920795261859894,
      0.0,
      0.13693970441818237,
      0.0,
      0.017154434695839882,
      0.06741669028997421,
      0.1273113638162613,
      0.09925399720668793,
      0.1072763204574585,
      0.2207300364971161,
      0.3288843631744385
    ],
    "channel_activity": [
      49,
      12,
      13,
      0,
      1,
      13,
      0,
      0,
      0,
      1,
      1,
      1,
      0,
      0,
      1,
      0,
      0,
      1,
      0,
      0,
      0,
      0
    ],
    "top_active_channels": [
      [
        0,
        49
      ],
      [
        2,
        13
      ],
      [
        5,
        13
      ],
      [
        1,
        12
      ],
      [
        4,
        1
      ]
    ],
    "total_board_activity": 93
  },
  "go_pattern_analysis": {
    "move_type": "pass",
    "game_phase": "opening",
    "turn_number": 1,
    "policy_entropy": 0.35111791492374367,
    "policy_confidence": 0.9543859649122807,
    "top_policy_moves": [
      {
        "coord": "PASS",
        "percentage": 95.4,
        "count": 272
      },
      {
        "coord": "(4,4)",
        "percentage": 2.1,
        "count": 6
      },
      {
        "coord": "(2,0)",
        "percentage": 1.1,
        "count": 3
      },
      {
        "coord": "(4,0)",
        "percentage": 0.7,
        "count": 2
      },
      {
        "coord": "(3,1)",
        "percentage": 0.7,
        "count": 2
      }
    ],
    "total_policy_counts": 285
  },
  "part_comparison": {
    "uniqueness_score": 0.6082746386528015,
    "similar_positions": [
      1568,
      1567,
      1566,
      1565,
      1569
    ],
    "part_rank": 17,
    "max_other_part_activation": 0.3288843631744385,
    "activation_percentile": 99.7425412691201
  }
}