{
  "position_info": {
    "part": 36,
    "rank": 12,
    "global_position": 1726,
    "move_coordinate": "PASS",
    "turn_number": 1,
    "npz_file": "1D638D50844BD930.npz",
    "board_tensor_file": "pos_1726/board.npy",
    "sgf_file": "pos_1726/game.sgf"
  },
  "nmf_analysis": {
    "activation_strength": 0.38180071115493774,
    "rank_in_component": 12,
    "activation_in_other_components": [
      0.037472568452358246,
      0.09679459035396576,
      0.0,
      0.0,
      0.0,
      0.01184824202209711,
      0.07761996984481812,
      0.0356009267270565,
      0.027291161939501762,
      0.032278165221214294,
      0.03332226723432541,
      0.07232748717069626,
      0.0,
      0.023466963320970535,
      0.015801817178726196,
      0.13513512909412384,
      0.01272911299020052,
      0.0008979194099083543,
      0.01277183648198843,
      0.02794073335826397,
      0.020121639594435692,
      0.0,
      0.016592951491475105,
      0.030838698148727417,
      0.0,
      0.005890317726880312,
      0.005190111231058836,
      0.022394385188817978,
      0.10194358974695206,
      0.039508964866399765,
      0.057937342673540115,
      0.07257746905088425,
      0.019682765007019043,
      0.26113569736480713,
      0.15327708423137665,
      0.20168738067150116,
      0.38180071115493774,
      0.05385465919971466,
      0.020369654521346092,
      0.29766443371772766,
      0.01702343299984932,
      0.1183447614312172,
      0.04835320636630058,
      0.02172558568418026,
      0.03774300217628479,
      0.042843565344810486,
      0.14285334944725037,
      0.15775594115257263,
      0.12508851289749146,
      0.44674164056777954
    ],
    "channel_activity": [
      49,
      12,
      11,
      0,
      10,
      7,
      0,
      0,
      0,
      0,
      1,
      1,
      1,
      1,
      4,
      4,
      0,
      2,
      0,
      0,
      0,
      0
    ],
    "top_active_channels": [
      [
        0,
        49
      ],
      [
        1,
        12
      ],
      [
        2,
        11
      ],
      [
        4,
        10
      ],
      [
        5,
        7
      ]
    ],
    "total_board_activity": 103
  },
  "go_pattern_analysis": {
    "move_type": "pass",
    "game_phase": "opening",
    "turn_number": 1,
    "policy_entropy": 2.9910657294982443,
    "policy_confidence": 0.41823056300268097,
    "top_policy_moves": [
      {
        "coord": "PASS",
        "percentage": 41.8,
        "count": 156
      },
      {
        "coord": "(4,5)",
        "percentage": 10.7,
        "count": 40
      },
      {
        "coord": "(2,6)",
        "percentage": 7.0,
        "count": 26
      },
      {
        "coord": "(0,4)",
        "percentage": 5.9,
        "count": 22
      },
      {
        "coord": "(6,4)",
        "percentage": 5.4,
        "count": 20
      }
    ],
    "total_policy_counts": 373
  },
  "component_comparison": {
    "uniqueness_score": 0.460810124874115,
    "similar_positions": [
      3434,
      4673,
      2167,
      6559,
      1383
    ],
    "component_rank": 12,
    "max_other_component_activation": 0.44674164056777954,
    "activation_percentile": 99.81826442526125
  }
}