{
  "position_info": {
    "part": 7,
    "rank": 2,
    "global_position": 6252,
    "move_coordinate": "F1",
    "turn_number": 1,
    "npz_file": "E3CD9898B9AFF870.npz",
    "board_tensor_file": "pos_6252/board.npy",
    "sgf_file": "pos_6252/game.sgf"
  },
  "nmf_analysis": {
    "activation_strength": 1.148331642150879,
    "rank_in_part": 2,
    "activation_in_other_parts": [
      470.2640075683594,
      85.82063293457031,
      457.9505920410156,
      63.18000411987305,
      164.1520538330078,
      0.0,
      0.1662500500679016,
      1.148331642150879,
      0.0,
      0.31492528319358826,
      0.0,
      0.0,
      0.4172874093055725,
      0.19410154223442078,
      0.6990941762924194,
      0.30800092220306396,
      0.10544782876968384,
      0.0,
      0.0,
      0.0,
      0.0,
      0.0,
      0.0,
      0.0,
      0.34330591559410095
    ],
    "channel_activity": [
      49,
      7,
      8,
      0,
      3,
      0,
      0,
      0,
      0,
      1,
      1,
      1,
      1,
      1,
      1,
      1,
      1,
      0,
      0,
      0,
      0,
      0
    ],
    "top_active_channels": [
      [
        0,
        49
      ],
      [
        2,
        8
      ],
      [
        1,
        7
      ],
      [
        4,
        3
      ],
      [
        9,
        1
      ]
    ],
    "total_board_activity": 75
  },
  "go_pattern_analysis": {
    "move_type": "corner",
    "game_phase": "opening",
    "turn_number": 1,
    "policy_entropy": 0.42349985654523115,
    "policy_confidence": 0.9138461538461539,
    "top_policy_moves": [
      {
        "coord": "(0,5)",
        "percentage": 91.4,
        "count": 297
      },
      {
        "coord": "(0,3)",
        "percentage": 8.6,
        "count": 28
      }
    ],
    "total_policy_counts": 325
  },
  "part_comparison": {
    "uniqueness_score": 0.002435938687995076,
    "similar_positions": [
      267,
      823,
      2985,
      5972,
      5970
    ],
    "part_rank": 2,
    "max_other_part_activation": 470.2640075683594,
    "activation_percentile": 99.96971073754354
  }
}