{
  "position_info": {
    "part": 12,
    "rank": 10,
    "global_position": 2797,
    "move_coordinate": "B3",
    "turn_number": 8,
    "npz_file": "76F9EC3EB6A76AA0.npz",
    "board_tensor_file": "pos_2797/board.npy",
    "sgf_file": "pos_2797/game.sgf"
  },
  "nmf_analysis": {
    "activation_strength": 0.4866696000099182,
    "rank_in_part": 10,
    "activation_in_other_parts": [
      0.03005671501159668,
      0.1590784639120102,
      0.0,
      0.0007656399393454194,
      0.1446283906698227,
      0.18562734127044678,
      0.3770308196544647,
      0.009928744286298752,
      0.01919279620051384,
      0.3810915946960449,
      0.17476001381874084,
      0.012916157022118568,
      0.4866696000099182,
      0.06348301470279694,
      0.08920429646968842,
      0.05584939196705818,
      0.05406399443745613,
      0.05924354866147041,
      0.059109725058078766,
      0.08235529810190201,
      0.05967285856604576,
      0.0,
      0.23922528326511383,
      0.032602157443761826,
      0.4640944004058838
    ],
    "channel_activity": [
      49,
      4,
      4,
      0,
      1,
      1,
      0,
      0,
      0,
      1,
      1,
      1,
      1,
      1,
      1,
      0,
      0,
      0,
      0,
      0,
      0,
      0
    ],
    "top_active_channels": [
      [
        0,
        49
      ],
      [
        1,
        4
      ],
      [
        2,
        4
      ],
      [
        4,
        1
      ],
      [
        5,
        1
      ]
    ],
    "total_board_activity": 65
  },
  "go_pattern_analysis": {
    "move_type": "corner",
    "game_phase": "opening",
    "turn_number": 8,
    "policy_entropy": 0.9923424046435223,
    "policy_confidence": 0.5514705882352942,
    "top_policy_moves": [
      {
        "coord": "(2,1)",
        "percentage": 55.1,
        "count": 75
      },
      {
        "coord": "(3,5)",
        "percentage": 44.9,
        "count": 61
      }
    ],
    "total_policy_counts": 136
  },
  "part_comparison": {
    "uniqueness_score": 0.5118721127510071,
    "similar_positions": [
      747,
      3184,
      1425,
      1301,
      6471
    ],
    "part_rank": 10,
    "max_other_part_activation": 0.4640944004058838,
    "activation_percentile": 99.8485536877177
  }
}