{
  "position_info": {
    "part": 17,
    "rank": 13,
    "global_position": 2495,
    "move_coordinate": "D7",
    "turn_number": 1,
    "npz_file": "76F9EC3EB6A76AA0.npz",
    "board_tensor_file": "pos_2495/board.npy",
    "sgf_file": "pos_2495/game.sgf"
  },
  "nmf_analysis": {
    "activation_strength": 0.4603378474712372,
    "rank_in_part": 13,
    "activation_in_other_parts": [
      0.20150773227214813,
      0.03317634388804436,
      0.11131306737661362,
      0.33829206228256226,
      0.043363261967897415,
      0.09419701993465424,
      0.06260042637586594,
      0.34942060708999634,
      0.25893867015838623,
      0.06690804660320282,
      0.14835117757320404,
      0.38420552015304565,
      0.0,
      0.15942969918251038,
      0.038000959903001785,
      0.0,
      0.013094956055283546,
      0.4603378474712372,
      0.22906745970249176,
      0.002568354830145836,
      0.07648930698633194,
      0.16010838747024536,
      0.07148008048534393,
      0.029749346897006035,
      0.23404361307621002
    ],
    "channel_activity": [
      49,
      11,
      12,
      0,
      3,
      2,
      0,
      0,
      0,
      1,
      1,
      1,
      1,
      1,
      1,
      1,
      1,
      2,
      11,
      12,
      0,
      0
    ],
    "top_active_channels": [
      [
        0,
        49
      ],
      [
        2,
        12
      ],
      [
        19,
        12
      ],
      [
        1,
        11
      ],
      [
        18,
        11
      ]
    ],
    "total_board_activity": 110
  },
  "go_pattern_analysis": {
    "move_type": "side",
    "game_phase": "opening",
    "turn_number": 1,
    "policy_entropy": 0.4088990738605353,
    "policy_confidence": 0.9382352941176471,
    "top_policy_moves": [
      {
        "coord": "(6,3)",
        "percentage": 93.8,
        "count": 319
      },
      {
        "coord": "(2,6)",
        "percentage": 4.1,
        "count": 14
      },
      {
        "coord": "(2,4)",
        "percentage": 1.5,
        "count": 5
      },
      {
        "coord": "(6,1)",
        "percentage": 0.6,
        "count": 2
      }
    ],
    "total_policy_counts": 340
  },
  "part_comparison": {
    "uniqueness_score": 0.5450730919837952,
    "similar_positions": [
      2498,
      2499,
      1298,
      1956,
      2496
    ],
    "part_rank": 13,
    "max_other_part_activation": 0.38420552015304565,
    "activation_percentile": 99.80311979403301
  }
}