{
  "position_info": {
    "part": 24,
    "rank": 16,
    "global_position": 4439,
    "move_coordinate": "E6",
    "turn_number": 20,
    "npz_file": "B330F9C802154800.npz",
    "board_tensor_file": "pos_4439/board.npy",
    "sgf_file": "pos_4439/game.sgf"
  },
  "nmf_analysis": {
    "activation_strength": 0.15877892076969147,
    "rank_in_component": 16,
    "activation_in_other_components": [
      0.2265958935022354,
      0.012202461250126362,
      0.0,
      0.022338591516017914,
      0.014120719395577908,
      0.04890570417046547,
      0.19334641098976135,
      0.027723632752895355,
      0.0006921794265508652,
      0.12922456860542297,
      0.009218328632414341,
      0.025778528302907944,
      0.051297541707754135,
      0.015837831422686577,
      0.0,
      0.026012243703007698,
      0.0,
      0.0,
      0.0017636141274124384,
      0.049444884061813354,
      0.0,
      0.08478979766368866,
      0.0,
      0.04935530200600624,
      0.15877892076969147,
      0.0,
      0.0,
      0.04067062959074974,
      0.29197391867637634,
      0.0,
      0.2504880130290985,
      0.21636998653411865,
      0.00250849686563015,
      0.057757649570703506,
      0.047977954149246216,
      0.0,
      0.053484752774238586,
      0.07591370493173599,
      0.061030033975839615,
      0.027643151581287384,
      0.19508691132068634,
      0.0965009406208992,
      0.0,
      0.044246070086956024,
      0.1809908151626587,
      0.12726333737373352,
      0.16784362494945526,
      0.12015238404273987,
      0.3954700827598572,
      0.24349898099899292
    ],
    "channel_activity": [
      49,
      4,
      5,
      0,
      0,
      1,
      0,
      0,
      0,
      1,
      1,
      1,
      1,
      1,
      0,
      0,
      0,
      0,
      0,
      0,
      0,
      0
    ],
    "top_active_channels": [
      [
        0,
        49
      ],
      [
        2,
        5
      ],
      [
        1,
        4
      ],
      [
        5,
        1
      ],
      [
        9,
        1
      ]
    ],
    "total_board_activity": 64
  },
  "go_pattern_analysis": {
    "move_type": "corner",
    "game_phase": "opening",
    "turn_number": 20,
    "policy_entropy": 0.20687780750472537,
    "policy_confidence": 0.967479674796748,
    "top_policy_moves": [
      {
        "coord": "(5,4)",
        "percentage": 96.7,
        "count": 119
      },
      {
        "coord": "(3,4)",
        "percentage": 3.3,
        "count": 4
      }
    ],
    "total_policy_counts": 123
  },
  "component_comparison": {
    "uniqueness_score": 0.28647580742836,
    "similar_positions": [
      2294,
      5174,
      4798,
      899,
      480
    ],
    "component_rank": 16,
    "max_other_component_activation": 0.3954700827598572,
    "activation_percentile": 99.75768590034832
  }
}