{
  "position_info": {
    "part": 24,
    "rank": 16,
    "global_position": 2000,
    "move_coordinate": "B5",
    "turn_number": 8,
    "npz_file": "565285905A9A0C14.npz",
    "board_tensor_file": "pos_2000/board.npy",
    "sgf_file": "pos_2000/game.sgf"
  },
  "nmf_analysis": {
    "activation_strength": 0.6082850694656372,
    "rank_in_part": 16,
    "activation_in_other_parts": [
      977.561279296875,
      325.652587890625,
      7.296630382537842,
      64.76565551757812,
      0.0,
      66.28096771240234,
      0.024402864277362823,
      6.8521575927734375,
      0.0,
      0.046476684510707855,
      7.307730674743652,
      0.4330330491065979,
      0.1807287633419037,
      0.06653076410293579,
      37.09203338623047,
      0.0,
      0.0,
      0.0,
      0.0,
      0.0,
      0.0,
      0.02258528769016266,
      0.321674108505249,
      0.14550043642520905,
      0.6082850694656372
    ],
    "channel_activity": [
      49,
      4,
      4,
      0,
      1,
      1,
      0,
      0,
      0,
      1,
      1,
      1,
      1,
      0,
      1,
      1,
      0,
      1,
      2,
      2,
      2,
      2
    ],
    "top_active_channels": [
      [
        0,
        49
      ],
      [
        1,
        4
      ],
      [
        2,
        4
      ],
      [
        18,
        2
      ],
      [
        19,
        2
      ]
    ],
    "total_board_activity": 74
  },
  "go_pattern_analysis": {
    "move_type": "corner",
    "game_phase": "opening",
    "turn_number": 8,
    "policy_entropy": 0.9412655392497598,
    "policy_confidence": 0.6676300578034682,
    "top_policy_moves": [
      {
        "coord": "(4,1)",
        "percentage": 66.8,
        "count": 231
      },
      {
        "coord": "(4,5)",
        "percentage": 32.9,
        "count": 114
      },
      {
        "coord": "(3,0)",
        "percentage": 0.3,
        "count": 1
      }
    ],
    "total_policy_counts": 346
  },
  "part_comparison": {
    "uniqueness_score": 0.0006218605558387935,
    "similar_positions": [
      4796,
      4794,
      1953,
      1952,
      4893
    ],
    "part_rank": 16,
    "max_other_part_activation": 977.561279296875,
    "activation_percentile": 99.75768590034832
  }
}