{
  "position_info": {
    "part": 3,
    "rank": 7,
    "global_position": 1369,
    "move_coordinate": "A4",
    "turn_number": 1,
    "npz_file": "1D638D50844BD930.npz",
    "board_tensor_file": "pos_1369/board.npy",
    "sgf_file": "pos_1369/game.sgf"
  },
  "nmf_analysis": {
    "activation_strength": 0.4404970705509186,
    "rank_in_part": 7,
    "activation_in_other_parts": [
      0.2507175803184509,
      0.0,
      0.14139223098754883,
      0.4404970705509186,
      0.07212282717227936,
      0.14172664284706116,
      0.019534574821591377,
      0.30123263597488403,
      0.2841889560222626,
      0.06259094178676605,
      0.15417370200157166,
      0.37226030230522156,
      0.0,
      0.06804822385311127,
      0.0,
      0.0,
      0.06805644929409027,
      0.2846723198890686,
      0.2535702586174011,
      0.0,
      0.0671638548374176,
      0.08312225341796875,
      0.09552376717329025,
      0.0,
      0.36504486203193665
    ],
    "channel_activity": [
      49,
      9,
      9,
      1,
      2,
      0,
      0,
      0,
      0,
      1,
      1,
      1,
      1,
      1,
      1,
      1,
      1,
      0,
      9,
      9,
      0,
      0
    ],
    "top_active_channels": [
      [
        0,
        49
      ],
      [
        1,
        9
      ],
      [
        2,
        9
      ],
      [
        18,
        9
      ],
      [
        19,
        9
      ]
    ],
    "total_board_activity": 96
  },
  "go_pattern_analysis": {
    "move_type": "side",
    "game_phase": "opening",
    "turn_number": 1,
    "policy_entropy": 0.3865343959190601,
    "policy_confidence": 0.9243856332703214,
    "top_policy_moves": [
      {
        "coord": "(3,0)",
        "percentage": 92.4,
        "count": 489
      },
      {
        "coord": "(6,5)",
        "percentage": 7.6,
        "count": 40
      }
    ],
    "total_policy_counts": 529
  },
  "part_comparison": {
    "uniqueness_score": 0.5419785380363464,
    "similar_positions": [
      1384,
      776,
      1950,
      6214,
      64
    ],
    "part_rank": 7,
    "max_other_part_activation": 0.37226030230522156,
    "activation_percentile": 99.89398758140238
  }
}