{
  "position_info": {
    "part": 15,
    "rank": 6,
    "global_position": 549,
    "move_coordinate": "B2",
    "turn_number": 16,
    "npz_file": "1906C337F5CDAFA9.npz",
    "board_tensor_file": "pos_549/board.npy",
    "sgf_file": "pos_549/game.sgf"
  },
  "nmf_analysis": {
    "activation_strength": 0.8999840021133423,
    "rank_in_part": 6,
    "activation_in_other_parts": [
      226.4214630126953,
      734.0133056640625,
      0.0,
      263.0469970703125,
      13.33526611328125,
      0.0,
      0.0,
      0.2923389673233032,
      0.0,
      0.043909117579460144,
      0.0,
      0.0,
      0.0,
      0.0,
      0.0,
      0.8999840021133423,
      0.0,
      0.0,
      0.0,
      0.0,
      0.0,
      0.1038331687450409,
      0.04509258270263672,
      0.0,
      0.0
    ],
    "channel_activity": [
      49,
      4,
      4,
      0,
      1,
      1,
      0,
      0,
      0,
      1,
      1,
      1,
      1,
      1,
      1,
      0,
      0,
      0,
      4,
      4,
      0,
      0
    ],
    "top_active_channels": [
      [
        0,
        49
      ],
      [
        1,
        4
      ],
      [
        2,
        4
      ],
      [
        18,
        4
      ],
      [
        19,
        4
      ]
    ],
    "total_board_activity": 73
  },
  "go_pattern_analysis": {
    "move_type": "corner",
    "game_phase": "opening",
    "turn_number": 16,
    "policy_entropy": 1.1993795154670717,
    "policy_confidence": 0.6848739495798319,
    "top_policy_moves": [
      {
        "coord": "(1,1)",
        "percentage": 68.5,
        "count": 163
      },
      {
        "coord": "(3,1)",
        "percentage": 19.7,
        "count": 47
      },
      {
        "coord": "(3,5)",
        "percentage": 11.8,
        "count": 28
      }
    ],
    "total_policy_counts": 238
  },
  "part_comparison": {
    "uniqueness_score": 0.0012246125843375921,
    "similar_positions": [
      2354,
      5019,
      2470,
      3394,
      3642
    ],
    "part_rank": 6,
    "max_other_part_activation": 734.0133056640625,
    "activation_percentile": 99.90913221263062
  }
}