{
  "position_info": {
    "part": 21,
    "rank": 20,
    "global_position": 4791,
    "move_coordinate": "D1",
    "turn_number": 1,
    "npz_file": "B330F9C802154800.npz",
    "board_tensor_file": "pos_4791/board.npy",
    "sgf_file": "pos_4791/game.sgf"
  },
  "nmf_analysis": {
    "activation_strength": 0.8888317346572876,
    "rank_in_part": 20,
    "activation_in_other_parts": [
      1213.007080078125,
      287.4832763671875,
      204.34735107421875,
      200.3973388671875,
      47.85173416137695,
      0.0,
      0.026124879717826843,
      0.0,
      1.146285057067871,
      0.0,
      0.029831446707248688,
      0.0,
      0.0,
      0.0,
      0.2620307505130768,
      0.15498557686805725,
      0.0,
      0.16133666038513184,
      0.0,
      0.5620312690734863,
      0.0,
      0.8888317346572876,
      0.0,
      0.0,
      0.12116248905658722
    ],
    "channel_activity": [
      49,
      10,
      9,
      0,
      1,
      2,
      0,
      0,
      0,
      1,
      1,
      1,
      1,
      1,
      0,
      0,
      0,
      0,
      0,
      0,
      0,
      0
    ],
    "top_active_channels": [
      [
        0,
        49
      ],
      [
        1,
        10
      ],
      [
        2,
        9
      ],
      [
        5,
        2
      ],
      [
        4,
        1
      ]
    ],
    "total_board_activity": 76
  },
  "go_pattern_analysis": {
    "move_type": "side",
    "game_phase": "opening",
    "turn_number": 1,
    "policy_entropy": 0.04175261832615954,
    "policy_confidence": 0.995475113122172,
    "top_policy_moves": [
      {
        "coord": "(0,3)",
        "percentage": 99.5,
        "count": 220
      },
      {
        "coord": "(1,6)",
        "percentage": 0.5,
        "count": 1
      }
    ],
    "total_policy_counts": 221
  },
  "part_comparison": {
    "uniqueness_score": 0.0007322141318581998,
    "similar_positions": [
      773,
      774,
      1372,
      4796,
      772
    ],
    "part_rank": 20,
    "max_other_part_activation": 1213.007080078125,
    "activation_percentile": 99.69710737543541
  }
}