{
  "position_info": {
    "part": 20,
    "rank": 6,
    "global_position": 4791,
    "move_coordinate": "D1",
    "turn_number": 1,
    "npz_file": "B330F9C802154800.npz",
    "board_tensor_file": "pos_4791/board.npy",
    "sgf_file": "pos_4791/game.sgf"
  },
  "nmf_analysis": {
    "activation_strength": 1.0747803449630737,
    "rank_in_part": 6,
    "activation_in_other_parts": [
      1200.6826171875,
      284.63787841796875,
      192.5399169921875,
      201.51528930664062,
      70.0928726196289,
      0.0,
      0.0,
      0.03771403431892395,
      1.1846243143081665,
      0.0759178027510643,
      0.00701772328466177,
      0.030655166134238243,
      0.0,
      0.0,
      0.0,
      0.0,
      0.33747148513793945,
      0.3608545958995819,
      0.0,
      0.0,
      1.0747803449630737,
      0.12230834364891052,
      0.013698220252990723,
      0.0,
      0.0
    ],
    "channel_activity": [
      49,
      10,
      9,
      0,
      1,
      2,
      0,
      0,
      0,
      1,
      1,
      1,
      1,
      1,
      0,
      0,
      0,
      0,
      0,
      0,
      0,
      0
    ],
    "top_active_channels": [
      [
        0,
        49
      ],
      [
        1,
        10
      ],
      [
        2,
        9
      ],
      [
        5,
        2
      ],
      [
        4,
        1
      ]
    ],
    "total_board_activity": 76
  },
  "go_pattern_analysis": {
    "move_type": "side",
    "game_phase": "opening",
    "turn_number": 1,
    "policy_entropy": 0.04175261832615954,
    "policy_confidence": 0.995475113122172,
    "top_policy_moves": [
      {
        "coord": "(0,3)",
        "percentage": 99.5,
        "count": 220
      },
      {
        "coord": "(1,6)",
        "percentage": 0.5,
        "count": 1
      }
    ],
    "total_policy_counts": 221
  },
  "part_comparison": {
    "uniqueness_score": 0.0008943405118770897,
    "similar_positions": [
      4796,
      4794,
      3687,
      4792,
      1372
    ],
    "part_rank": 6,
    "max_other_part_activation": 1200.6826171875,
    "activation_percentile": 99.90913221263062
  }
}