{
  "position_info": {
    "part": 0,
    "rank": 14,
    "global_position": 3835,
    "move_coordinate": "D3",
    "turn_number": 5,
    "npz_file": "AAE4EE8DC9A92FFF.npz",
    "board_tensor_file": "pos_3835/board.npy",
    "sgf_file": "pos_3835/game.sgf"
  },
  "nmf_analysis": {
    "activation_strength": 0.2994086444377899,
    "rank_in_part": 14,
    "activation_in_other_parts": [
      0.2994086444377899,
      0.06570638716220856,
      0.0,
      0.027030717581510544,
      0.01633913815021515,
      0.042654458433389664,
      0.0,
      0.0834125429391861,
      0.0,
      0.21242620050907135,
      0.0,
      0.05035555362701416,
      0.049518339335918427,
      0.026902537792921066,
      0.0008092468488030136,
      0.0779464840888977,
      0.016946209594607353,
      0.0,
      0.025048501789569855,
      0.08111407607793808,
      0.0,
      0.08838177472352982,
      0.0,
      0.0,
      0.10991287231445312,
      0.009161231108009815,
      0.0,
      0.0,
      0.2866376042366028,
      0.0,
      0.038940418511629105,
      0.9184796810150146,
      0.1460907906293869,
      0.0,
      0.0,
      0.0,
      0.0,
      0.0,
      0.38684597611427307,
      0.021520091220736504,
      0.08460485190153122,
      0.0014652987010776997,
      0.11657176166772842,
      0.012021207250654697,
      0.0,
      0.018130002543330193,
      0.00929228961467743,
      0.0,
      0.21258549392223358,
      0.0
    ],
    "channel_activity": [
      49,
      0,
      1,
      0,
      0,
      0,
      0,
      0,
      0,
      1,
      0,
      0,
      0,
      0,
      0,
      0,
      0,
      0,
      0,
      0,
      0,
      0
    ],
    "top_active_channels": [
      [
        0,
        49
      ],
      [
        2,
        1
      ],
      [
        9,
        1
      ],
      [
        1,
        0
      ],
      [
        3,
        0
      ]
    ],
    "total_board_activity": 51
  },
  "go_pattern_analysis": {
    "move_type": "side",
    "game_phase": "opening",
    "turn_number": 5,
    "policy_entropy": 1.879008746063168,
    "policy_confidence": 0.4318181818181818,
    "top_policy_moves": [
      {
        "coord": "(2,3)",
        "percentage": 43.2,
        "count": 57
      },
      {
        "coord": "(4,3)",
        "percentage": 22.7,
        "count": 30
      },
      {
        "coord": "(4,2)",
        "percentage": 17.4,
        "count": 23
      },
      {
        "coord": "(2,2)",
        "percentage": 16.7,
        "count": 22
      }
    ],
    "total_policy_counts": 132
  },
  "part_comparison": {
    "uniqueness_score": 0.24584244191646576,
    "similar_positions": [
      6366,
      3536,
      779,
      786,
      3821
    ],
    "part_rank": 13,
    "max_other_part_activation": 0.9184796810150146,
    "activation_percentile": 99.80311979403301
  }
}