{
  "position_info": {
    "part": 0,
    "rank": 11,
    "global_position": 3835,
    "move_coordinate": "D3",
    "turn_number": 5,
    "npz_file": "AAE4EE8DC9A92FFF.npz",
    "board_tensor_file": "pos_3835/board.npy",
    "sgf_file": "pos_3835/game.sgf"
  },
  "nmf_analysis": {
    "activation_strength": 0.4618450105190277,
    "rank_in_part": 11,
    "activation_in_other_parts": [
      0.4618450105190277,
      0.35511118173599243,
      0.0,
      0.03695635870099068,
      0.7904179096221924,
      0.00019719434203580022,
      0.0,
      0.0,
      0.024797961115837097,
      0.30956342816352844,
      0.0,
      0.01778392307460308,
      0.001188731985166669,
      0.0,
      0.0,
      0.0038091912865638733,
      0.5435214638710022,
      0.0,
      0.0,
      0.016333118081092834,
      0.030241534113883972,
      0.017332525923848152,
      0.04721902683377266,
      0.0,
      0.13328222930431366
    ],
    "channel_activity": [
      49,
      0,
      1,
      0,
      0,
      0,
      0,
      0,
      0,
      1,
      0,
      0,
      0,
      0,
      0,
      0,
      0,
      0,
      0,
      0,
      0,
      0
    ],
    "top_active_channels": [
      [
        0,
        49
      ],
      [
        2,
        1
      ],
      [
        9,
        1
      ],
      [
        1,
        0
      ],
      [
        3,
        0
      ]
    ],
    "total_board_activity": 51
  },
  "go_pattern_analysis": {
    "move_type": "side",
    "game_phase": "opening",
    "turn_number": 5,
    "policy_entropy": 1.879008746063168,
    "policy_confidence": 0.4318181818181818,
    "top_policy_moves": [
      {
        "coord": "(2,3)",
        "percentage": 43.2,
        "count": 57
      },
      {
        "coord": "(4,3)",
        "percentage": 22.7,
        "count": 30
      },
      {
        "coord": "(4,2)",
        "percentage": 17.4,
        "count": 23
      },
      {
        "coord": "(2,2)",
        "percentage": 16.7,
        "count": 22
      }
    ],
    "total_policy_counts": 132
  },
  "part_comparison": {
    "uniqueness_score": 0.3688083291053772,
    "similar_positions": [
      786,
      3821,
      6323,
      3536,
      6366
    ],
    "part_rank": 11,
    "max_other_part_activation": 0.7904179096221924,
    "activation_percentile": 99.83340905648947
  }
}