{
  "position_info": {
    "part": 22,
    "rank": 16,
    "global_position": 6529,
    "move_coordinate": "A6",
    "turn_number": 1,
    "npz_file": "E3CD9898B9AFF870.npz",
    "board_tensor_file": "pos_6529/board.npy",
    "sgf_file": "pos_6529/game.sgf"
  },
  "nmf_analysis": {
    "activation_strength": 0.8830711841583252,
    "rank_in_part": 16,
    "activation_in_other_parts": [
      1823.990478515625,
      418.5589599609375,
      391.47467041015625,
      0.0,
      0.0,
      0.0,
      0.0,
      0.5594881772994995,
      0.0,
      0.06495405733585358,
      0.17711326479911804,
      0.4944148063659668,
      0.23663266003131866,
      0.0,
      0.28876441717147827,
      0.0,
      0.21858756244182587,
      0.0,
      0.0,
      0.22589650750160217,
      0.0,
      0.0,
      0.8830711841583252,
      0.0,
      0.005100429058074951
    ],
    "channel_activity": [
      49,
      7,
      7,
      0,
      1,
      1,
      0,
      0,
      0,
      1,
      1,
      1,
      1,
      1,
      1,
      0,
      0,
      0,
      7,
      7,
      0,
      0
    ],
    "top_active_channels": [
      [
        0,
        49
      ],
      [
        1,
        7
      ],
      [
        2,
        7
      ],
      [
        18,
        7
      ],
      [
        19,
        7
      ]
    ],
    "total_board_activity": 85
  },
  "go_pattern_analysis": {
    "move_type": "corner",
    "game_phase": "opening",
    "turn_number": 1,
    "policy_entropy": -0.0,
    "policy_confidence": 1.0,
    "top_policy_moves": [
      {
        "coord": "(5,0)",
        "percentage": 100.0,
        "count": 535
      }
    ],
    "total_policy_counts": 535
  },
  "part_comparison": {
    "uniqueness_score": 0.0004839081666432321,
    "similar_positions": [
      4023,
      4890,
      6484,
      584,
      3874
    ],
    "part_rank": 15,
    "max_other_part_activation": 1823.990478515625,
    "activation_percentile": 99.77283053157655
  }
}