{
  "position_info": {
    "part": 1,
    "rank": 11,
    "global_position": 2604,
    "move_coordinate": "D1",
    "turn_number": 25,
    "npz_file": "76F9EC3EB6A76AA0.npz",
    "board_tensor_file": "pos_2604/board.npy",
    "sgf_file": "pos_2604/game.sgf"
  },
  "nmf_analysis": {
    "activation_strength": 0.19516892731189728,
    "rank_in_part": 11,
    "activation_in_other_parts": [
      0.07321981340646744,
      0.19516892731189728,
      0.0,
      0.002754929242655635,
      0.005012093111872673,
      0.03296053037047386,
      0.046892061829566956,
      0.07842307537794113,
      0.0,
      0.06104045733809471,
      0.0,
      0.0,
      0.0,
      0.045379821211099625,
      0.0,
      0.0018775530625134706,
      0.0,
      0.0009035401744768023,
      0.0,
      0.06164209544658661,
      0.0,
      0.0021212496794760227,
      0.0,
      0.005138125270605087,
      0.0,
      0.0,
      0.0,
      0.013034285046160221,
      0.09477744251489639,
      0.03899312764406204,
      0.18749599158763885,
      0.03114940971136093,
      0.21176928281784058,
      0.07822518795728683,
      0.05764075741171837,
      0.09406198561191559,
      0.1078723818063736,
      0.08092416822910309,
      0.16412054002285004,
      0.15533331036567688,
      0.2537038326263428,
      0.25448212027549744,
      0.020875219255685806,
      0.02672984078526497,
      0.11001749336719513,
      0.0,
      0.10943536460399628,
      0.2578314244747162,
      0.13980530202388763,
      0.4205136299133301
    ],
    "channel_activity": [
      49,
      8,
      8,
      0,
      0,
      3,
      0,
      0,
      0,
      1,
      1,
      1,
      1,
      1,
      0,
      0,
      0,
      0,
      8,
      8,
      0,
      0
    ],
    "top_active_channels": [
      [
        0,
        49
      ],
      [
        1,
        8
      ],
      [
        2,
        8
      ],
      [
        18,
        8
      ],
      [
        19,
        8
      ]
    ],
    "total_board_activity": 89
  },
  "go_pattern_analysis": {
    "move_type": "side",
    "game_phase": "opening",
    "turn_number": 25,
    "policy_entropy": 0.7235761533431008,
    "policy_confidence": 0.899009900990099,
    "top_policy_moves": [
      {
        "coord": "(0,3)",
        "percentage": 89.9,
        "count": 454
      },
      {
        "coord": "(2,5)",
        "percentage": 3.4,
        "count": 17
      },
      {
        "coord": "(6,2)",
        "percentage": 2.2,
        "count": 11
      },
      {
        "coord": "(4,5)",
        "percentage": 1.4,
        "count": 7
      },
      {
        "coord": "(2,6)",
        "percentage": 1.2,
        "count": 6
      }
    ],
    "total_policy_counts": 505
  },
  "part_comparison": {
    "uniqueness_score": 0.3169960379600525,
    "similar_positions": [
      4536,
      6120,
      6121,
      262,
      536
    ],
    "part_rank": 11,
    "max_other_part_activation": 0.4205136299133301,
    "activation_percentile": 99.83340905648947
  }
}