{
  "position_info": {
    "part": 33,
    "rank": 4,
    "global_position": 6298,
    "move_coordinate": "A1",
    "turn_number": 1,
    "npz_file": "E3CD9898B9AFF870.npz",
    "board_tensor_file": "pos_6298/board.npy",
    "sgf_file": "pos_6298/game.sgf"
  },
  "nmf_analysis": {
    "activation_strength": 0.615492045879364,
    "rank_in_component": 4,
    "activation_in_other_components": [
      0.08230908215045929,
      0.0,
      0.0,
      0.020055143162608147,
      0.023342331871390343,
      0.005341582931578159,
      0.0,
      0.0,
      0.05252644047141075,
      0.014703511260449886,
      0.028732160106301308,
      0.009290855377912521,
      0.026099691167473793,
      0.002310681389644742,
      0.03021748550236225,
      0.0,
      0.021064799278974533,
      2.2837968572275713e-05,
      0.034715887159109116,
      0.0,
      0.03247156739234924,
      0.02317458763718605,
      0.0272947009652853,
      0.05098901689052582,
      0.025920681655406952,
      0.010781971737742424,
      0.0074906740337610245,
      0.003237278899177909,
      0.025375230237841606,
      0.21933263540267944,
      0.0,
      0.08551917225122452,
      0.010577810928225517,
      0.615492045879364,
      0.3835761547088623,
      0.0,
      0.0904662236571312,
      0.13740509748458862,
      0.0,
      0.11770373582839966,
      0.0,
      0.11552994698286057,
      0.10921179503202438,
      0.09022024273872375,
      0.010455328971147537,
      0.0,
      0.03391798958182335,
      0.13688141107559204,
      0.05983370915055275,
      0.47728216648101807
    ],
    "channel_activity": [
      49,
      18,
      11,
      0,
      1,
      0,
      0,
      0,
      0,
      1,
      0,
      1,
      1,
      0,
      1,
      1,
      1,
      0,
      30,
      11,
      0,
      0
    ],
    "top_active_channels": [
      [
        0,
        49
      ],
      [
        18,
        30
      ],
      [
        1,
        18
      ],
      [
        2,
        11
      ],
      [
        19,
        11
      ]
    ],
    "total_board_activity": 126
  },
  "go_pattern_analysis": {
    "move_type": "corner",
    "game_phase": "opening",
    "turn_number": 1,
    "policy_entropy": 5.643856189774725,
    "policy_confidence": 0.02,
    "top_policy_moves": [
      {
        "coord": "PASS",
        "percentage": 2.0,
        "count": 1
      },
      {
        "coord": "(1,5)",
        "percentage": 2.0,
        "count": 1
      },
      {
        "coord": "(3,1)",
        "percentage": 2.0,
        "count": 1
      },
      {
        "coord": "(3,0)",
        "percentage": 2.0,
        "count": 1
      },
      {
        "coord": "(2,6)",
        "percentage": 2.0,
        "count": 1
      }
    ],
    "total_policy_counts": 50
  },
  "component_comparison": {
    "uniqueness_score": 0.5632380843162537,
    "similar_positions": [
      776,
      4548,
      1384,
      3417,
      1107
    ],
    "component_rank": 4,
    "max_other_component_activation": 0.47728216648101807,
    "activation_percentile": 99.93942147508709
  }
}