{
  "position_info": {
    "part": 4,
    "rank": 4,
    "global_position": 4684,
    "move_coordinate": "D5",
    "turn_number": 13,
    "npz_file": "B330F9C802154800.npz",
    "board_tensor_file": "pos_4684/board.npy",
    "sgf_file": "pos_4684/game.sgf"
  },
  "nmf_analysis": {
    "activation_strength": 369.0920715332031,
    "rank_in_part": 4,
    "activation_in_other_parts": [
      1065.539794921875,
      152.73904418945312,
      41.10792922973633,
      56.27892303466797,
      369.0920715332031,
      0.9106332659721375,
      0.0,
      0.0,
      0.2122013419866562,
      0.0,
      0.0,
      0.0,
      0.0,
      0.0,
      0.11569800227880478,
      0.15776324272155762,
      0.0,
      0.0,
      0.0,
      0.0,
      0.16507096588611603,
      0.6794002056121826,
      0.27770549058914185,
      0.3329753875732422,
      0.0
    ],
    "channel_activity": [
      49,
      1,
      2,
      0,
      1,
      2,
      0,
      0,
      0,
      1,
      1,
      1,
      0,
      0,
      0,
      0,
      0,
      0,
      1,
      2,
      0,
      0
    ],
    "top_active_channels": [
      [
        0,
        49
      ],
      [
        2,
        2
      ],
      [
        5,
        2
      ],
      [
        19,
        2
      ],
      [
        1,
        1
      ]
    ],
    "total_board_activity": 61
  },
  "go_pattern_analysis": {
    "move_type": "side",
    "game_phase": "opening",
    "turn_number": 13,
    "policy_entropy": 0.2463915408853436,
    "policy_confidence": 0.9683257918552036,
    "top_policy_moves": [
      {
        "coord": "(4,3)",
        "percentage": 96.8,
        "count": 214
      },
      {
        "coord": "(2,4)",
        "percentage": 1.8,
        "count": 4
      },
      {
        "coord": "(4,4)",
        "percentage": 0.9,
        "count": 2
      },
      {
        "coord": "(1,3)",
        "percentage": 0.5,
        "count": 1
      }
    ],
    "total_policy_counts": 221
  },
  "part_comparison": {
    "uniqueness_score": 0.25727301836013794,
    "similar_positions": [
      4683,
      89,
      4109,
      5036,
      3296
    ],
    "part_rank": 4,
    "max_other_part_activation": 1065.539794921875,
    "activation_percentile": 99.93942147508709
  }
}