{
  "position_info": {
    "part": 14,
    "rank": 9,
    "global_position": 4684,
    "move_coordinate": "D5",
    "turn_number": 13,
    "npz_file": "B330F9C802154800.npz",
    "board_tensor_file": "pos_4684/board.npy",
    "sgf_file": "pos_4684/game.sgf"
  },
  "nmf_analysis": {
    "activation_strength": 128.8985595703125,
    "rank_in_part": 9,
    "activation_in_other_parts": [
      104.9926528930664,
      0.0,
      43.18110656738281,
      0.0,
      0.0,
      0.0,
      0.2423967570066452,
      1.6827963590621948,
      0.0,
      0.0,
      177.9444122314453,
      0.16550904512405396,
      0.0,
      0.0,
      128.8985595703125,
      0.17035019397735596,
      0.0,
      0.0,
      0.019643813371658325,
      0.0,
      0.0,
      0.0,
      0.2462906688451767,
      0.0,
      0.0
    ],
    "channel_activity": [
      49,
      1,
      2,
      0,
      1,
      2,
      0,
      0,
      0,
      1,
      1,
      1,
      0,
      0,
      0,
      0,
      0,
      0,
      1,
      2,
      0,
      0
    ],
    "top_active_channels": [
      [
        0,
        49
      ],
      [
        2,
        2
      ],
      [
        5,
        2
      ],
      [
        19,
        2
      ],
      [
        1,
        1
      ]
    ],
    "total_board_activity": 61
  },
  "go_pattern_analysis": {
    "move_type": "side",
    "game_phase": "opening",
    "turn_number": 13,
    "policy_entropy": 0.2463915408853436,
    "policy_confidence": 0.9683257918552036,
    "top_policy_moves": [
      {
        "coord": "(4,3)",
        "percentage": 96.8,
        "count": 214
      },
      {
        "coord": "(2,4)",
        "percentage": 1.8,
        "count": 4
      },
      {
        "coord": "(4,4)",
        "percentage": 0.9,
        "count": 2
      },
      {
        "coord": "(1,3)",
        "percentage": 0.5,
        "count": 1
      }
    ],
    "total_policy_counts": 221
  },
  "part_comparison": {
    "uniqueness_score": 0.42007991671562195,
    "similar_positions": [
      427,
      2710,
      4457,
      988,
      2356
    ],
    "part_rank": 9,
    "max_other_part_activation": 177.9444122314453,
    "activation_percentile": 99.86369831894594
  }
}