{
  "position_info": {
    "part": 43,
    "rank": 12,
    "global_position": 227,
    "move_coordinate": "G5",
    "turn_number": 29,
    "npz_file": "1906C337F5CDAFA9.npz",
    "board_tensor_file": "pos_227/board.npy",
    "sgf_file": "pos_227/game.sgf"
  },
  "nmf_analysis": {
    "activation_strength": 0.24879565834999084,
    "rank_in_part": 12,
    "activation_in_other_parts": [
      0.04817628860473633,
      0.08878105878829956,
      0.0,
      0.007583559490740299,
      0.006450469605624676,
      0.007582434918731451,
      0.0,
      0.03874991089105606,
      0.008192009292542934,
      0.10441415011882782,
      0.0,
      0.00482662208378315,
      0.03932110592722893,
      0.018802572041749954,
      0.008410424925386906,
      0.0,
      0.002906730631366372,
      0.0005744927912019193,
      0.005921527277678251,
      0.02138776145875454,
      0.005893155001103878,
      0.04650764912366867,
      0.005942464340478182,
      0.0,
      0.046546757221221924,
      0.001339057576842606,
      0.003928670194000006,
      0.0,
      0.33429959416389465,
      0.08606422692537308,
      0.11931875348091125,
      0.05214988440275192,
      0.0012261162046343088,
      0.16978707909584045,
      0.15963006019592285,
      0.014481162652373314,
      0.07290302217006683,
      0.2750871181488037,
      0.05120961368083954,
      0.14008739590644836,
      0.04530555009841919,
      0.0,
      0.060923971235752106,
      0.24879565834999084,
      0.07960282266139984,
      0.20480501651763916,
      0.13020537793636322,
      0.12559759616851807,
      0.40998485684394836,
      0.27194473147392273
    ],
    "channel_activity": [
      49,
      7,
      8,
      0,
      0,
      1,
      0,
      0,
      0,
      1,
      1,
      1,
      1,
      1,
      0,
      1,
      0,
      0,
      0,
      0,
      0,
      0
    ],
    "top_active_channels": [
      [
        0,
        49
      ],
      [
        2,
        8
      ],
      [
        1,
        7
      ],
      [
        5,
        1
      ],
      [
        9,
        1
      ]
    ],
    "total_board_activity": 71
  },
  "go_pattern_analysis": {
    "move_type": "corner",
    "game_phase": "opening",
    "turn_number": 29,
    "policy_entropy": -0.0,
    "policy_confidence": 1.0,
    "top_policy_moves": [
      {
        "coord": "(4,6)",
        "percentage": 100.0,
        "count": 531
      }
    ],
    "total_policy_counts": 531
  },
  "part_comparison": {
    "uniqueness_score": 0.37766093015670776,
    "similar_positions": [
      2571,
      3279,
      2799,
      4365,
      2077
    ],
    "part_rank": 12,
    "max_other_part_activation": 0.40998485684394836,
    "activation_percentile": 99.81826442526125
  }
}