{
  "position_info": {
    "part": 10,
    "rank": 10,
    "global_position": 4154,
    "move_coordinate": "G5",
    "turn_number": 1,
    "npz_file": "AAE4EE8DC9A92FFF.npz",
    "board_tensor_file": "pos_4154/board.npy",
    "sgf_file": "pos_4154/game.sgf"
  },
  "nmf_analysis": {
    "activation_strength": 0.8911992907524109,
    "rank_in_part": 10,
    "activation_in_other_parts": [
      3123.818115234375,
      498.84002685546875,
      202.3428192138672,
      0.0,
      0.0,
      0.0,
      0.0,
      0.10212799161672592,
      0.0,
      0.0,
      0.8911992907524109,
      0.0,
      0.0,
      0.0,
      0.0,
      0.0,
      0.35357266664505005,
      0.35021698474884033,
      0.0,
      0.0,
      0.0,
      0.0,
      0.10788960754871368,
      0.02393069863319397,
      0.0
    ],
    "channel_activity": [
      49,
      5,
      6,
      0,
      0,
      1,
      0,
      0,
      0,
      1,
      1,
      1,
      1,
      1,
      0,
      0,
      0,
      0,
      0,
      0,
      0,
      0
    ],
    "top_active_channels": [
      [
        0,
        49
      ],
      [
        2,
        6
      ],
      [
        1,
        5
      ],
      [
        5,
        1
      ],
      [
        9,
        1
      ]
    ],
    "total_board_activity": 66
  },
  "go_pattern_analysis": {
    "move_type": "corner",
    "game_phase": "opening",
    "turn_number": 1,
    "policy_entropy": 1.0097447520020435,
    "policy_confidence": 0.766798418972332,
    "top_policy_moves": [
      {
        "coord": "(4,6)",
        "percentage": 76.7,
        "count": 388
      },
      {
        "coord": "(5,6)",
        "percentage": 14.0,
        "count": 71
      },
      {
        "coord": "(4,5)",
        "percentage": 9.3,
        "count": 47
      }
    ],
    "total_policy_counts": 506
  },
  "part_comparison": {
    "uniqueness_score": 0.000285210320726037,
    "similar_positions": [
      4604,
      5867,
      2170,
      4183,
      4084
    ],
    "part_rank": 9,
    "max_other_part_activation": 3123.818115234375,
    "activation_percentile": 99.86369831894594
  }
}