{
  "position_info": {
    "part": 18,
    "rank": 9,
    "global_position": 1450,
    "move_coordinate": "A1",
    "turn_number": 22,
    "npz_file": "1D638D50844BD930.npz",
    "board_tensor_file": "pos_1450/board.npy",
    "sgf_file": "pos_1450/game.sgf"
  },
  "nmf_analysis": {
    "activation_strength": 0.04210254177451134,
    "rank_in_component": 9,
    "activation_in_other_components": [
      0.07982758432626724,
      0.0,
      0.0,
      0.019430365413427353,
      0.02592528611421585,
      0.0,
      0.01570100151002407,
      0.0,
      0.07694506645202637,
      0.0,
      0.058111559599637985,
      0.013317382894456387,
      0.02427697367966175,
      0.0,
      0.04767721891403198,
      0.010374963283538818,
      0.025544296950101852,
      0.0,
      0.04210254177451134,
      0.0,
      0.049458906054496765,
      0.00829223357141018,
      0.043206412345170975,
      0.055936235934495926,
      0.013133356347680092,
      0.013031728565692902,
      0.013019262813031673,
      0.0,
      0.08066828548908234,
      0.25287842750549316,
      0.0,
      0.09716375917196274,
      0.0,
      0.5715717077255249,
      0.3485967516899109,
      0.0,
      0.12165199965238571,
      0.19136904180049896,
      0.00014227435167413205,
      0.15272760391235352,
      0.0,
      0.06543037295341492,
      0.13114069402217865,
      0.07936674356460571,
      0.0,
      0.020570537075400352,
      0.08158960193395615,
      0.06787111610174179,
      0.009077966213226318,
      0.4375946521759033
    ],
    "channel_activity": [
      49,
      18,
      10,
      0,
      0,
      2,
      0,
      0,
      0,
      1,
      1,
      0,
      1,
      1,
      0,
      0,
      1,
      0,
      12,
      20,
      12,
      11
    ],
    "top_active_channels": [
      [
        0,
        49
      ],
      [
        19,
        20
      ],
      [
        1,
        18
      ],
      [
        18,
        12
      ],
      [
        20,
        12
      ]
    ],
    "total_board_activity": 139
  },
  "go_pattern_analysis": {
    "move_type": "corner",
    "game_phase": "opening",
    "turn_number": 22,
    "policy_entropy": 5.643856189774725,
    "policy_confidence": 0.02,
    "top_policy_moves": [
      {
        "coord": "PASS",
        "percentage": 2.0,
        "count": 1
      },
      {
        "coord": "(1,5)",
        "percentage": 2.0,
        "count": 1
      },
      {
        "coord": "(3,1)",
        "percentage": 2.0,
        "count": 1
      },
      {
        "coord": "(3,0)",
        "percentage": 2.0,
        "count": 1
      },
      {
        "coord": "(2,6)",
        "percentage": 2.0,
        "count": 1
      }
    ],
    "total_policy_counts": 50
  },
  "component_comparison": {
    "uniqueness_score": 0.06860731542110443,
    "similar_positions": [
      776,
      1177,
      6214,
      1562,
      1663
    ],
    "component_rank": 9,
    "max_other_component_activation": 0.5715717077255249,
    "activation_percentile": 99.86369831894594
  }
}