{
  "position_info": {
    "part": 35,
    "rank": 16,
    "global_position": 158,
    "move_coordinate": "F6",
    "turn_number": 18,
    "npz_file": "1906C337F5CDAFA9.npz",
    "board_tensor_file": "pos_158/board.npy",
    "sgf_file": "pos_158/game.sgf"
  },
  "nmf_analysis": {
    "activation_strength": 0.44922664761543274,
    "rank_in_component": 16,
    "activation_in_other_components": [
      0.0,
      0.03349699825048447,
      0.0,
      0.0,
      0.0,
      0.005709575489163399,
      0.017989106476306915,
      0.008441654033958912,
      0.0,
      0.0,
      0.01363943237811327,
      0.013528279028832912,
      0.0,
      0.011350040324032307,
      0.0,
      0.0,
      0.0,
      0.0003864475875161588,
      0.0,
      0.009459839202463627,
      0.0,
      0.0,
      0.0,
      0.00636894628405571,
      0.0,
      0.00022077152971178293,
      1.8558396277512657e-06,
      0.03189784660935402,
      0.0,
      0.331941694021225,
      0.010977864265441895,
      0.05209324508905411,
      0.16209924221038818,
      0.004737275652587414,
      0.0,
      0.44922664761543274,
      0.0,
      0.04396040737628937,
      0.4266277253627777,
      0.0,
      0.3620639741420746,
      0.0,
      0.11169638484716415,
      0.18139685690402985,
      0.008544351905584335,
      0.0051315054297447205,
      0.0811372920870781,
      0.021201059222221375,
      0.258030503988266,
      0.4050004780292511
    ],
    "channel_activity": [
      49,
      4,
      4,
      0,
      1,
      1,
      0,
      0,
      0,
      1,
      1,
      1,
      1,
      1,
      1,
      0,
      0,
      0,
      4,
      4,
      0,
      0
    ],
    "top_active_channels": [
      [
        0,
        49
      ],
      [
        1,
        4
      ],
      [
        2,
        4
      ],
      [
        18,
        4
      ],
      [
        19,
        4
      ]
    ],
    "total_board_activity": 73
  },
  "go_pattern_analysis": {
    "move_type": "corner",
    "game_phase": "opening",
    "turn_number": 18,
    "policy_entropy": 1.4824657690370149,
    "policy_confidence": 0.504,
    "top_policy_moves": [
      {
        "coord": "(5,5)",
        "percentage": 50.4,
        "count": 63
      },
      {
        "coord": "(5,3)",
        "percentage": 29.6,
        "count": 37
      },
      {
        "coord": "(1,3)",
        "percentage": 20.0,
        "count": 25
      }
    ],
    "total_policy_counts": 125
  },
  "component_comparison": {
    "uniqueness_score": 0.5129010677337646,
    "similar_positions": [
      4516,
      582,
      2431,
      4515,
      1408
    ],
    "component_rank": 16,
    "max_other_component_activation": 0.4266277253627777,
    "activation_percentile": 99.75768590034832
  }
}