{
  "position_info": {
    "part": 12,
    "rank": 13,
    "global_position": 4204,
    "move_coordinate": "E6",
    "turn_number": 1,
    "npz_file": "B330F9C802154800.npz",
    "board_tensor_file": "pos_4204/board.npy",
    "sgf_file": "pos_4204/game.sgf"
  },
  "nmf_analysis": {
    "activation_strength": 0.9779834747314453,
    "rank_in_part": 13,
    "activation_in_other_parts": [
      0.0,
      126.3945541381836,
      291.6156311035156,
      128.67588806152344,
      245.56536865234375,
      0.0,
      0.17993628978729248,
      0.0,
      0.0,
      0.1849670261144638,
      0.0,
      0.0,
      0.9779834747314453,
      0.10712022334337234,
      0.0,
      0.0,
      0.2198067307472229,
      0.24950556457042694,
      0.4797136187553406,
      0.06531023979187012,
      0.0,
      0.0,
      0.21805615723133087,
      0.0,
      0.24614739418029785
    ],
    "channel_activity": [
      49,
      4,
      5,
      0,
      0,
      1,
      0,
      0,
      0,
      1,
      1,
      1,
      1,
      1,
      0,
      1,
      0,
      0,
      4,
      5,
      0,
      0
    ],
    "top_active_channels": [
      [
        0,
        49
      ],
      [
        2,
        5
      ],
      [
        19,
        5
      ],
      [
        1,
        4
      ],
      [
        18,
        4
      ]
    ],
    "total_board_activity": 74
  },
  "go_pattern_analysis": {
    "move_type": "corner",
    "game_phase": "opening",
    "turn_number": 1,
    "policy_entropy": -0.0,
    "policy_confidence": 1.0,
    "top_policy_moves": [
      {
        "coord": "(5,4)",
        "percentage": 100.0,
        "count": 329
      }
    ],
    "total_policy_counts": 329
  },
  "part_comparison": {
    "uniqueness_score": 0.0033424634020775557,
    "similar_positions": [
      3055,
      6398,
      1894,
      2360,
      6351
    ],
    "part_rank": 13,
    "max_other_part_activation": 291.6156311035156,
    "activation_percentile": 99.80311979403301
  }
}