{
  "position_info": {
    "part": 12,
    "rank": 4,
    "global_position": 2360,
    "move_coordinate": "B1",
    "turn_number": 16,
    "npz_file": "76F9EC3EB6A76AA0.npz",
    "board_tensor_file": "pos_2360/board.npy",
    "sgf_file": "pos_2360/game.sgf"
  },
  "nmf_analysis": {
    "activation_strength": 1.0110387802124023,
    "rank_in_part": 4,
    "activation_in_other_parts": [
      0.0,
      91.2657699584961,
      334.65179443359375,
      143.85031127929688,
      218.4996337890625,
      0.0,
      0.28314703702926636,
      0.0,
      0.0,
      0.13265235722064972,
      0.0,
      0.0,
      1.0110387802124023,
      0.20179630815982819,
      0.0,
      0.0,
      0.0,
      0.26093000173568726,
      0.3960576355457306,
      0.2983624339103699,
      0.0,
      0.11242981255054474,
      0.46344804763793945,
      0.013351798057556152,
      0.37097859382629395
    ],
    "channel_activity": [
      49,
      6,
      7,
      2,
      0,
      6,
      0,
      0,
      0,
      1,
      1,
      1,
      1,
      1,
      0,
      1,
      1,
      0,
      6,
      7,
      0,
      0
    ],
    "top_active_channels": [
      [
        0,
        49
      ],
      [
        2,
        7
      ],
      [
        19,
        7
      ],
      [
        1,
        6
      ],
      [
        5,
        6
      ]
    ],
    "total_board_activity": 90
  },
  "go_pattern_analysis": {
    "move_type": "corner",
    "game_phase": "opening",
    "turn_number": 16,
    "policy_entropy": 0.06957923725955154,
    "policy_confidence": 0.9926289926289926,
    "top_policy_moves": [
      {
        "coord": "(0,1)",
        "percentage": 99.3,
        "count": 404
      },
      {
        "coord": "(6,4)",
        "percentage": 0.5,
        "count": 2
      },
      {
        "coord": "PASS",
        "percentage": 0.2,
        "count": 1
      }
    ],
    "total_policy_counts": 407
  },
  "part_comparison": {
    "uniqueness_score": 0.003012066474184394,
    "similar_positions": [
      3055,
      6398,
      1894,
      6351,
      6399
    ],
    "part_rank": 4,
    "max_other_part_activation": 334.65179443359375,
    "activation_percentile": 99.93942147508709
  }
}