{
  "position_info": {
    "part": 9,
    "rank": 8,
    "global_position": 1085,
    "move_coordinate": "A3",
    "turn_number": 26,
    "npz_file": "1D638D50844BD930.npz",
    "board_tensor_file": "pos_1085/board.npy",
    "sgf_file": "pos_1085/game.sgf"
  },
  "nmf_analysis": {
    "activation_strength": 0.9237930178642273,
    "rank_in_part": 8,
    "activation_in_other_parts": [
      894.1981201171875,
      422.65899658203125,
      82.42446899414062,
      243.67257690429688,
      69.31148529052734,
      0.0,
      0.0,
      0.0,
      0.5785181522369385,
      0.9237930178642273,
      0.0,
      0.0,
      0.0,
      0.0,
      0.0,
      0.0,
      0.3260393738746643,
      0.0,
      0.0012059099972248077,
      0.0,
      0.10559968650341034,
      0.0,
      0.28744202852249146,
      0.0,
      0.2836277186870575
    ],
    "channel_activity": [
      49,
      8,
      8,
      0,
      0,
      6,
      0,
      0,
      0,
      1,
      1,
      1,
      1,
      1,
      0,
      0,
      0,
      0,
      8,
      8,
      0,
      0
    ],
    "top_active_channels": [
      [
        0,
        49
      ],
      [
        1,
        8
      ],
      [
        2,
        8
      ],
      [
        18,
        8
      ],
      [
        19,
        8
      ]
    ],
    "total_board_activity": 92
  },
  "go_pattern_analysis": {
    "move_type": "corner",
    "game_phase": "opening",
    "turn_number": 26,
    "policy_entropy": 0.42083197911463055,
    "policy_confidence": 0.9209039548022598,
    "top_policy_moves": [
      {
        "coord": "(2,0)",
        "percentage": 92.1,
        "count": 489
      },
      {
        "coord": "(1,0)",
        "percentage": 7.5,
        "count": 40
      },
      {
        "coord": "(2,5)",
        "percentage": 0.4,
        "count": 2
      }
    ],
    "total_policy_counts": 531
  },
  "part_comparison": {
    "uniqueness_score": 0.0010320304427295923,
    "similar_positions": [
      421,
      145,
      3783,
      4943,
      3685
    ],
    "part_rank": 8,
    "max_other_part_activation": 894.1981201171875,
    "activation_percentile": 99.87884295017416
  }
}