{
  "position_info": {
    "part": 3,
    "rank": 12,
    "global_position": 1180,
    "move_coordinate": "PASS",
    "turn_number": 1,
    "npz_file": "1D638D50844BD930.npz",
    "board_tensor_file": "pos_1180/board.npy",
    "sgf_file": "pos_1180/game.sgf"
  },
  "nmf_analysis": {
    "activation_strength": 125.90624237060547,
    "rank_in_part": 12,
    "activation_in_other_parts": [
      511.7651672363281,
      94.390869140625,
      48.43412399291992,
      125.90624237060547,
      0.0,
      0.0,
      0.0,
      49.783599853515625,
      0.0,
      0.08372820913791656,
      12.551650047302246,
      0.0,
      0.04288361594080925,
      0.19540506601333618,
      0.0,
      0.05764655023813248,
      0.1231250986456871,
      0.0,
      0.0,
      0.11087846010923386,
      0.16333432495594025,
      0.0,
      0.0,
      0.0,
      0.0
    ],
    "channel_activity": [
      49,
      9,
      8,
      0,
      0,
      2,
      0,
      0,
      0,
      0,
      1,
      1,
      1,
      1,
      0,
      0,
      0,
      0,
      0,
      0,
      0,
      0
    ],
    "top_active_channels": [
      [
        0,
        49
      ],
      [
        1,
        9
      ],
      [
        2,
        8
      ],
      [
        5,
        2
      ],
      [
        10,
        1
      ]
    ],
    "total_board_activity": 72
  },
  "go_pattern_analysis": {
    "move_type": "pass",
    "game_phase": "opening",
    "turn_number": 1,
    "policy_entropy": -0.0,
    "policy_confidence": 1.0,
    "top_policy_moves": [
      {
        "coord": "PASS",
        "percentage": 100.0,
        "count": 496
      }
    ],
    "total_policy_counts": 496
  },
  "part_comparison": {
    "uniqueness_score": 0.19744691252708435,
    "similar_positions": [
      5518,
      3374,
      1950,
      4370,
      229
    ],
    "part_rank": 12,
    "max_other_part_activation": 511.7651672363281,
    "activation_percentile": 99.81826442526125
  }
}