{
  "position_info": {
    "part": 3,
    "rank": 3,
    "global_position": 1704,
    "move_coordinate": "A5",
    "turn_number": 28,
    "npz_file": "1D638D50844BD930.npz",
    "board_tensor_file": "pos_1704/board.npy",
    "sgf_file": "pos_1704/game.sgf"
  },
  "nmf_analysis": {
    "activation_strength": 0.042633894830942154,
    "rank_in_part": 3,
    "activation_in_other_parts": [
      0.14203143119812012,
      0.0,
      0.0,
      0.042633894830942154,
      0.06366309523582458,
      0.0,
      0.2069845050573349,
      0.0,
      0.0781211256980896,
      0.025641947984695435,
      0.08677937090396881,
      0.011629710905253887,
      0.05455750972032547,
      0.0,
      0.04417428374290466,
      0.019676685333251953,
      0.010854450054466724,
      0.0,
      0.02909168414771557,
      0.0,
      0.05722789093852043,
      0.05617126449942589,
      0.0465233214199543,
      0.05179990082979202,
      0.1148327887058258,
      0.006494020111858845,
      0.010916527360677719,
      0.01390017569065094,
      0.17318260669708252,
      0.4632378816604614,
      0.2841278910636902,
      0.04034744203090668,
      0.008271712809801102,
      0.2156085968017578,
      0.17602618038654327,
      0.0,
      0.2741706371307373,
      0.0,
      0.029283031821250916,
      0.002297712955623865,
      0.0,
      0.37743791937828064,
      0.0,
      0.0,
      0.09584429115056992,
      0.0,
      0.0,
      0.2542799115180969,
      0.051927585154771805,
      0.3452741503715515
    ],
    "channel_activity": [
      49,
      17,
      18,
      4,
      19,
      11,
      0,
      0,
      0,
      1,
      1,
      1,
      1,
      1,
      1,
      0,
      2,
      0,
      0,
      0,
      0,
      0
    ],
    "top_active_channels": [
      [
        0,
        49
      ],
      [
        4,
        19
      ],
      [
        2,
        18
      ],
      [
        1,
        17
      ],
      [
        5,
        11
      ]
    ],
    "total_board_activity": 126
  },
  "go_pattern_analysis": {
    "move_type": "corner",
    "game_phase": "opening",
    "turn_number": 28,
    "policy_entropy": -0.0,
    "policy_confidence": 1.0,
    "top_policy_moves": [
      {
        "coord": "(4,0)",
        "percentage": 100.0,
        "count": 239
      }
    ],
    "total_policy_counts": 239
  },
  "part_comparison": {
    "uniqueness_score": 0.08427806943655014,
    "similar_positions": [
      426,
      4798,
      5385,
      5609,
      1703
    ],
    "part_rank": 3,
    "max_other_part_activation": 0.4632378816604614,
    "activation_percentile": 99.95456610631531
  }
}