{
  "position_info": {
    "part": 9,
    "rank": 11,
    "global_position": 4137,
    "move_coordinate": "F3",
    "turn_number": 26,
    "npz_file": "AAE4EE8DC9A92FFF.npz",
    "board_tensor_file": "pos_4137/board.npy",
    "sgf_file": "pos_4137/game.sgf"
  },
  "nmf_analysis": {
    "activation_strength": 0.6879996657371521,
    "rank_in_part": 11,
    "activation_in_other_parts": [
      1914.6171875,
      82.11091613769531,
      9.435579299926758,
      93.34471893310547,
      40.38362503051758,
      50.055198669433594,
      0.0,
      12.410585403442383,
      0.015714550390839577,
      0.6879996657371521,
      3.740750551223755,
      0.3497709035873413,
      0.0,
      0.0,
      12.199600219726562,
      0.10619901120662689,
      0.06094706058502197,
      0.0,
      0.0,
      0.0,
      0.2749773859977722,
      0.0,
      0.06123116984963417,
      0.2784079909324646,
      0.0
    ],
    "channel_activity": [
      49,
      8,
      8,
      0,
      8,
      0,
      0,
      0,
      0,
      1,
      1,
      1,
      1,
      1,
      2,
      1,
      1,
      1,
      8,
      8,
      0,
      0
    ],
    "top_active_channels": [
      [
        0,
        49
      ],
      [
        1,
        8
      ],
      [
        2,
        8
      ],
      [
        4,
        8
      ],
      [
        18,
        8
      ]
    ],
    "total_board_activity": 99
  },
  "go_pattern_analysis": {
    "move_type": "corner",
    "game_phase": "opening",
    "turn_number": 26,
    "policy_entropy": 0.2546769971847135,
    "policy_confidence": 0.9621621621621622,
    "top_policy_moves": [
      {
        "coord": "(2,5)",
        "percentage": 96.2,
        "count": 178
      },
      {
        "coord": "(4,4)",
        "percentage": 3.2,
        "count": 6
      },
      {
        "coord": "(5,5)",
        "percentage": 0.5,
        "count": 1
      }
    ],
    "total_policy_counts": 185
  },
  "part_comparison": {
    "uniqueness_score": 0.00035921152448281646,
    "similar_positions": [
      5518,
      4598,
      3374,
      3597,
      5967
    ],
    "part_rank": 11,
    "max_other_part_activation": 1914.6171875,
    "activation_percentile": 99.83340905648947
  }
}