{
  "position_info": {
    "part": 22,
    "rank": 18,
    "global_position": 2557,
    "move_coordinate": "D5",
    "turn_number": 4,
    "npz_file": "76F9EC3EB6A76AA0.npz",
    "board_tensor_file": "pos_2557/board.npy",
    "sgf_file": "pos_2557/game.sgf"
  },
  "nmf_analysis": {
    "activation_strength": 0.06541339308023453,
    "rank_in_part": 18,
    "activation_in_other_parts": [
      0.08173207193613052,
      0.04797394946217537,
      0.0,
      0.0,
      0.0,
      0.023597929626703262,
      0.08873888850212097,
      0.012100937776267529,
      0.12028396129608154,
      0.0,
      0.13305798172950745,
      0.01468225009739399,
      0.006093201693147421,
      0.008531345054507256,
      0.05859227851033211,
      0.011262199841439724,
      0.010664816945791245,
      0.0008086986490525305,
      0.006894793827086687,
      0.0013106662081554532,
      0.06865548342466354,
      0.0,
      0.06541339308023453,
      0.08284930884838104,
      0.0,
      0.0034377872943878174,
      0.02071600779891014,
      0.0006253323517739773,
      0.2569730281829834,
      0.18086037039756775,
      0.0,
      0.7222057580947876,
      0.4062376022338867,
      0.023820199072360992,
      0.01758691668510437,
      0.0,
      0.0,
      0.0,
      0.3809336721897125,
      0.024721449241042137,
      0.0,
      0.04357966035604477,
      0.20851248502731323,
      0.0,
      0.0002579340653028339,
      0.002149146981537342,
      0.0,
      0.0,
      0.3669530749320984,
      0.0
    ],
    "channel_activity": [
      49,
      1,
      2,
      0,
      1,
      2,
      0,
      0,
      0,
      1,
      1,
      1,
      0,
      0,
      0,
      0,
      0,
      0,
      1,
      2,
      0,
      0
    ],
    "top_active_channels": [
      [
        0,
        49
      ],
      [
        2,
        2
      ],
      [
        5,
        2
      ],
      [
        19,
        2
      ],
      [
        1,
        1
      ]
    ],
    "total_board_activity": 61
  },
  "go_pattern_analysis": {
    "move_type": "side",
    "game_phase": "opening",
    "turn_number": 4,
    "policy_entropy": -0.0,
    "policy_confidence": 1.0,
    "top_policy_moves": [
      {
        "coord": "(4,3)",
        "percentage": 100.0,
        "count": 527
      }
    ],
    "total_policy_counts": 527
  },
  "part_comparison": {
    "uniqueness_score": 0.08305205404758453,
    "similar_positions": [
      988,
      1663,
      2297,
      1973,
      2891
    ],
    "part_rank": 18,
    "max_other_part_activation": 0.7222057580947876,
    "activation_percentile": 99.72739663789186
  }
}