{
  "position_info": {
    "part": 35,
    "rank": 12,
    "global_position": 5479,
    "move_coordinate": "B4",
    "turn_number": 15,
    "npz_file": "BADFFB51627F24FD.npz",
    "board_tensor_file": "pos_5479/board.npy",
    "sgf_file": "pos_5479/game.sgf"
  },
  "nmf_analysis": {
    "activation_strength": 0.4583902955055237,
    "rank_in_part": 12,
    "activation_in_other_parts": [
      0.0,
      0.0003807720204349607,
      0.0,
      0.0037412967067211866,
      0.010465051047503948,
      0.0,
      0.02244507148861885,
      0.0,
      0.015987738966941833,
      0.0,
      0.009238407015800476,
      0.003645280608907342,
      0.0,
      0.003343973308801651,
      0.006040123291313648,
      0.0,
      0.006897354498505592,
      0.00025127004482783377,
      0.013520083390176296,
      0.001651419443078339,
      0.01235283724963665,
      0.0,
      0.008888076059520245,
      0.023739172145724297,
      0.0,
      0.004064234904944897,
      0.0031733124051243067,
      0.0316782183945179,
      0.0,
      0.38449230790138245,
      0.07696623355150223,
      0.03779054433107376,
      0.15403907001018524,
      0.02477124333381653,
      0.0,
      0.4583902955055237,
      0.0,
      0.06312879920005798,
      0.417607843875885,
      0.00337398424744606,
      0.39728260040283203,
      0.012074075639247894,
      0.15409912168979645,
      0.2398182898759842,
      0.0,
      0.0,
      0.0,
      0.06337012350559235,
      0.21621498465538025,
      0.3301432430744171
    ],
    "channel_activity": [
      49,
      5,
      5,
      0,
      2,
      5,
      0,
      0,
      0,
      1,
      1,
      1,
      1,
      1,
      2,
      1,
      1,
      0,
      0,
      0,
      0,
      0
    ],
    "top_active_channels": [
      [
        0,
        49
      ],
      [
        1,
        5
      ],
      [
        2,
        5
      ],
      [
        5,
        5
      ],
      [
        4,
        2
      ]
    ],
    "total_board_activity": 75
  },
  "go_pattern_analysis": {
    "move_type": "side",
    "game_phase": "opening",
    "turn_number": 15,
    "policy_entropy": -0.0,
    "policy_confidence": 1.0,
    "top_policy_moves": [
      {
        "coord": "(3,1)",
        "percentage": 100.0,
        "count": 186
      }
    ],
    "total_policy_counts": 186
  },
  "part_comparison": {
    "uniqueness_score": 0.5232776999473572,
    "similar_positions": [
      4516,
      582,
      2431,
      4515,
      1408
    ],
    "part_rank": 12,
    "max_other_part_activation": 0.417607843875885,
    "activation_percentile": 99.81826442526125
  }
}