{
  "position_info": {
    "part": 34,
    "rank": 17,
    "global_position": 3053,
    "move_coordinate": "PASS",
    "turn_number": 1,
    "npz_file": "76F9EC3EB6A76AA0.npz",
    "board_tensor_file": "pos_3053/board.npy",
    "sgf_file": "pos_3053/game.sgf"
  },
  "nmf_analysis": {
    "activation_strength": 0.6431864500045776,
    "rank_in_part": 17,
    "activation_in_other_parts": [
      0.0902479887008667,
      0.03978820890188217,
      0.0,
      0.02162759006023407,
      0.0259587150067091,
      0.033855922520160675,
      0.0,
      0.006618676241487265,
      0.023073237389326096,
      0.0965912714600563,
      0.021886292845010757,
      0.016026979312300682,
      0.04968445003032684,
      0.011460365727543831,
      0.0070122117176651955,
      0.0,
      0.0034399721771478653,
      0.0005257351440377533,
      0.008591428399085999,
      0.008569841273128986,
      0.01600075699388981,
      0.06727442890405655,
      0.011688523925840855,
      0.005154931452125311,
      0.09488842636346817,
      0.002238021232187748,
      0.0011722855269908905,
      0.005253590177744627,
      0.1850617378950119,
      0.26090341806411743,
      0.015820398926734924,
      0.032684579491615295,
      0.00527196703478694,
      0.3659953474998474,
      0.6431864500045776,
      0.0,
      0.1613672375679016,
      0.0,
      0.0,
      0.0,
      0.0,
      0.1263924092054367,
      0.003300537122413516,
      0.06533477455377579,
      0.0,
      0.049718983471393585,
      0.0,
      0.0980876088142395,
      0.21031805872917175,
      0.3847459852695465
    ],
    "channel_activity": [
      49,
      11,
      17,
      1,
      0,
      0,
      0,
      0,
      0,
      0,
      1,
      0,
      1,
      1,
      1,
      1,
      1,
      0,
      8,
      29,
      11,
      12
    ],
    "top_active_channels": [
      [
        0,
        49
      ],
      [
        19,
        29
      ],
      [
        2,
        17
      ],
      [
        21,
        12
      ],
      [
        1,
        11
      ]
    ],
    "total_board_activity": 144
  },
  "go_pattern_analysis": {
    "move_type": "pass",
    "game_phase": "opening",
    "turn_number": 1,
    "policy_entropy": 3.693423334077641,
    "policy_confidence": 0.33952702702702703,
    "top_policy_moves": [
      {
        "coord": "PASS",
        "percentage": 34.0,
        "count": 201
      },
      {
        "coord": "(1,0)",
        "percentage": 6.8,
        "count": 40
      },
      {
        "coord": "(6,0)",
        "percentage": 6.4,
        "count": 38
      },
      {
        "coord": "(0,5)",
        "percentage": 5.4,
        "count": 32
      },
      {
        "coord": "(5,6)",
        "percentage": 4.1,
        "count": 24
      }
    ],
    "total_policy_counts": 592
  },
  "part_comparison": {
    "uniqueness_score": 0.6257088780403137,
    "similar_positions": [
      5507,
      2387,
      1466,
      460,
      2776
    ],
    "part_rank": 17,
    "max_other_part_activation": 0.3847459852695465,
    "activation_percentile": 99.7425412691201
  }
}