{
  "position_info": {
    "part": 33,
    "rank": 5,
    "global_position": 3417,
    "move_coordinate": "D2",
    "turn_number": 11,
    "npz_file": "AAE4EE8DC9A92FFF.npz",
    "board_tensor_file": "pos_3417/board.npy",
    "sgf_file": "pos_3417/game.sgf"
  },
  "nmf_analysis": {
    "activation_strength": 0.6141712069511414,
    "rank_in_component": 5,
    "activation_in_other_components": [
      0.07317019253969193,
      0.0,
      0.0,
      0.020911455154418945,
      0.02405998669564724,
      0.007593414280563593,
      0.01854894869029522,
      0.0,
      0.05252806842327118,
      0.023382574319839478,
      0.024036124348640442,
      0.0004556727653834969,
      0.022450627759099007,
      0.0009410486090928316,
      0.02931678295135498,
      0.0,
      0.01810484752058983,
      0.0,
      0.031195392832159996,
      0.0021484731696546078,
      0.03432474285364151,
      0.02641134522855282,
      0.028111010789871216,
      0.05794940143823624,
      0.027222096920013428,
      0.009431040845811367,
      0.006711142603307962,
      0.009495156817138195,
      0.005148795899003744,
      0.18638360500335693,
      0.0,
      0.08699370920658112,
      0.01790822483599186,
      0.6141712069511414,
      0.39487355947494507,
      0.018320990726351738,
      0.08290091156959534,
      0.09988856315612793,
      0.0,
      0.10789202153682709,
      0.0,
      0.1207125186920166,
      0.11513614654541016,
      0.07594291120767593,
      0.009039913304150105,
      0.0,
      0.021354392170906067,
      0.15279187262058258,
      0.054159753024578094,
      0.4995211958885193
    ],
    "channel_activity": [
      49,
      17,
      11,
      1,
      1,
      0,
      0,
      0,
      0,
      1,
      0,
      1,
      1,
      0,
      1,
      1,
      1,
      0,
      29,
      11,
      12,
      11
    ],
    "top_active_channels": [
      [
        0,
        49
      ],
      [
        18,
        29
      ],
      [
        1,
        17
      ],
      [
        20,
        12
      ],
      [
        2,
        11
      ]
    ],
    "total_board_activity": 148
  },
  "go_pattern_analysis": {
    "move_type": "side",
    "game_phase": "opening",
    "turn_number": 11,
    "policy_entropy": 1.530183709128049,
    "policy_confidence": 0.6254180602006689,
    "top_policy_moves": [
      {
        "coord": "(1,3)",
        "percentage": 62.5,
        "count": 187
      },
      {
        "coord": "(0,1)",
        "percentage": 28.4,
        "count": 85
      },
      {
        "coord": "(0,0)",
        "percentage": 1.7,
        "count": 5
      },
      {
        "coord": "(0,4)",
        "percentage": 1.3,
        "count": 4
      },
      {
        "coord": "(4,5)",
        "percentage": 1.0,
        "count": 3
      }
    ],
    "total_policy_counts": 299
  },
  "component_comparison": {
    "uniqueness_score": 0.5514729022979736,
    "similar_positions": [
      776,
      4548,
      1384,
      6298,
      1107
    ],
    "component_rank": 5,
    "max_other_component_activation": 0.4995211958885193,
    "activation_percentile": 99.92427684385885
  }
}