{
  "position_info": {
    "part": 15,
    "rank": 20,
    "global_position": 2521,
    "move_coordinate": "G6",
    "turn_number": 25,
    "npz_file": "76F9EC3EB6A76AA0.npz",
    "board_tensor_file": "pos_2521/board.npy",
    "sgf_file": "pos_2521/game.sgf"
  },
  "nmf_analysis": {
    "activation_strength": 0.5218337774276733,
    "rank_in_part": 20,
    "activation_in_other_parts": [
      2396.924072265625,
      209.5261688232422,
      103.56200408935547,
      13.785038948059082,
      9.300098419189453,
      8.291319847106934,
      0.0,
      2.8424439430236816,
      0.0,
      0.1507958173751831,
      12.027630805969238,
      0.0,
      0.0,
      0.0,
      44.256675720214844,
      0.5218337774276733,
      0.0,
      0.0,
      0.015545524656772614,
      0.0,
      0.0,
      0.0,
      0.0,
      0.0,
      0.00793493539094925
    ],
    "channel_activity": [
      49,
      7,
      7,
      0,
      3,
      2,
      0,
      0,
      0,
      1,
      1,
      1,
      1,
      1,
      1,
      0,
      0,
      0,
      0,
      0,
      0,
      0
    ],
    "top_active_channels": [
      [
        0,
        49
      ],
      [
        1,
        7
      ],
      [
        2,
        7
      ],
      [
        4,
        3
      ],
      [
        5,
        2
      ]
    ],
    "total_board_activity": 74
  },
  "go_pattern_analysis": {
    "move_type": "corner",
    "game_phase": "opening",
    "turn_number": 25,
    "policy_entropy": 0.29843829931563814,
    "policy_confidence": 0.947136563876652,
    "top_policy_moves": [
      {
        "coord": "(5,6)",
        "percentage": 94.7,
        "count": 430
      },
      {
        "coord": "(5,5)",
        "percentage": 5.3,
        "count": 24
      }
    ],
    "total_policy_counts": 454
  },
  "part_comparison": {
    "uniqueness_score": 0.0002176623820560053,
    "similar_positions": [
      385,
      3145,
      4430,
      4429,
      4583
    ],
    "part_rank": 20,
    "max_other_part_activation": 2396.924072265625,
    "activation_percentile": 99.69710737543541
  }
}