{
  "position_info": {
    "part": 39,
    "rank": 11,
    "global_position": 875,
    "move_coordinate": "D2",
    "turn_number": 10,
    "npz_file": "1906C337F5CDAFA9.npz",
    "board_tensor_file": "pos_875/board.npy",
    "sgf_file": "pos_875/game.sgf"
  },
  "nmf_analysis": {
    "activation_strength": 0.32172781229019165,
    "rank_in_part": 11,
    "activation_in_other_parts": [
      0.02981625124812126,
      0.054081011563539505,
      0.0,
      0.001471133902668953,
      0.003162075998261571,
      0.016469817608594894,
      0.06321007758378983,
      0.02969839982688427,
      0.04026282578706741,
      0.04398017004132271,
      0.01686118356883526,
      0.07422231137752533,
      0.0,
      0.01809992641210556,
      0.023475661873817444,
      0.11282167583703995,
      0.014751981943845749,
      0.0004890925483778119,
      0.01669093407690525,
      0.02987874299287796,
      0.03090628609061241,
      0.0,
      0.025124600157141685,
      0.05034841597080231,
      0.0,
      0.006641931366175413,
      0.006430972367525101,
      0.018984409049153328,
      0.12820369005203247,
      0.03346194326877594,
      0.033373694866895676,
      0.06951047480106354,
      0.07459903508424759,
      0.3280874490737915,
      0.12776677310466766,
      0.18732024729251862,
      0.34067097306251526,
      0.05021793022751808,
      0.019397711381316185,
      0.32172781229019165,
      0.023342354223132133,
      0.10350016504526138,
      0.060761675238609314,
      0.07690182328224182,
      0.01886693388223648,
      0.06390179693698883,
      0.04967682063579559,
      0.18843574821949005,
      0.12115038931369781,
      0.4566326439380646
    ],
    "channel_activity": [
      49,
      12,
      11,
      0,
      10,
      7,
      0,
      0,
      0,
      0,
      0,
      0,
      0,
      0,
      4,
      4,
      4,
      2,
      0,
      0,
      0,
      0
    ],
    "top_active_channels": [
      [
        0,
        49
      ],
      [
        1,
        12
      ],
      [
        2,
        11
      ],
      [
        4,
        10
      ],
      [
        5,
        7
      ]
    ],
    "total_board_activity": 103
  },
  "go_pattern_analysis": {
    "move_type": "side",
    "game_phase": "opening",
    "turn_number": 10,
    "policy_entropy": 1.197859577811477,
    "policy_confidence": 0.6666666666666666,
    "top_policy_moves": [
      {
        "coord": "(1,3)",
        "percentage": 66.7,
        "count": 356
      },
      {
        "coord": "(0,2)",
        "percentage": 29.2,
        "count": 156
      },
      {
        "coord": "(4,1)",
        "percentage": 1.3,
        "count": 7
      },
      {
        "coord": "(5,5)",
        "percentage": 0.9,
        "count": 5
      },
      {
        "coord": "(5,4)",
        "percentage": 0.9,
        "count": 5
      }
    ],
    "total_policy_counts": 534
  },
  "part_comparison": {
    "uniqueness_score": 0.41334035992622375,
    "similar_positions": [
      6554,
      1145,
      1443,
      1254,
      6456
    ],
    "part_rank": 11,
    "max_other_part_activation": 0.4566326439380646,
    "activation_percentile": 99.83340905648947
  }
}