{
  "position_info": {
    "part": 14,
    "rank": 12,
    "global_position": 6534,
    "move_coordinate": "F5",
    "turn_number": 17,
    "npz_file": "E3CD9898B9AFF870.npz",
    "board_tensor_file": "pos_6534/board.npy",
    "sgf_file": "pos_6534/game.sgf"
  },
  "nmf_analysis": {
    "activation_strength": 127.86748504638672,
    "rank_in_part": 12,
    "activation_in_other_parts": [
      618.3795776367188,
      96.21522521972656,
      41.12110137939453,
      6.663416862487793,
      0.0,
      0.0,
      0.41500985622406006,
      0.0,
      0.0,
      0.0,
      132.6817626953125,
      0.020937487483024597,
      0.2665693759918213,
      0.0,
      127.86748504638672,
      0.0,
      0.0,
      0.0,
      0.0,
      0.0,
      0.0,
      0.0,
      0.22796986997127533,
      0.0,
      0.0
    ],
    "channel_activity": [
      49,
      2,
      3,
      0,
      1,
      2,
      0,
      0,
      0,
      1,
      1,
      1,
      1,
      1,
      0,
      0,
      0,
      0,
      2,
      3,
      0,
      0
    ],
    "top_active_channels": [
      [
        0,
        49
      ],
      [
        2,
        3
      ],
      [
        19,
        3
      ],
      [
        1,
        2
      ],
      [
        5,
        2
      ]
    ],
    "total_board_activity": 67
  },
  "go_pattern_analysis": {
    "move_type": "corner",
    "game_phase": "opening",
    "turn_number": 17,
    "policy_entropy": -0.0,
    "policy_confidence": 1.0,
    "top_policy_moves": [
      {
        "coord": "(4,5)",
        "percentage": 100.0,
        "count": 172
      }
    ],
    "total_policy_counts": 172
  },
  "part_comparison": {
    "uniqueness_score": 0.17134737968444824,
    "similar_positions": [
      427,
      2710,
      4457,
      988,
      2356
    ],
    "part_rank": 12,
    "max_other_part_activation": 618.3795776367188,
    "activation_percentile": 99.81826442526125
  }
}