{
  "position_info": {
    "part": 6,
    "rank": 7,
    "global_position": 735,
    "move_coordinate": "B4",
    "turn_number": 25,
    "npz_file": "1906C337F5CDAFA9.npz",
    "board_tensor_file": "pos_735/board.npy",
    "sgf_file": "pos_735/game.sgf"
  },
  "nmf_analysis": {
    "activation_strength": 0.5024022459983826,
    "rank_in_part": 7,
    "activation_in_other_parts": [
      0.01746109500527382,
      0.1773146390914917,
      0.0,
      0.09790001809597015,
      0.07242535799741745,
      0.2582358121871948,
      0.5024022459983826,
      0.06231310963630676,
      0.04507779702544212,
      0.3850022852420807,
      0.12589305639266968,
      0.09491565078496933,
      0.3897915780544281,
      0.054816748946905136,
      0.05507877469062805,
      0.05211573839187622,
      0.050229161977767944,
      0.02777571603655815,
      0.0,
      0.005235361400991678,
      0.0,
      0.002660021185874939,
      0.27200862765312195,
      0.05086924880743027,
      0.4688743054866791
    ],
    "channel_activity": [
      49,
      5,
      5,
      0,
      2,
      5,
      0,
      0,
      0,
      1,
      1,
      1,
      1,
      1,
      2,
      1,
      1,
      0,
      5,
      5,
      0,
      0
    ],
    "top_active_channels": [
      [
        0,
        49
      ],
      [
        1,
        5
      ],
      [
        2,
        5
      ],
      [
        5,
        5
      ],
      [
        18,
        5
      ]
    ],
    "total_board_activity": 85
  },
  "go_pattern_analysis": {
    "move_type": "side",
    "game_phase": "opening",
    "turn_number": 25,
    "policy_entropy": -0.0,
    "policy_confidence": 1.0,
    "top_policy_moves": [
      {
        "coord": "(3,1)",
        "percentage": 100.0,
        "count": 99
      }
    ],
    "total_policy_counts": 99
  },
  "part_comparison": {
    "uniqueness_score": 0.5172597169876099,
    "similar_positions": [
      5479,
      4516,
      4603,
      2431,
      4920
    ],
    "part_rank": 7,
    "max_other_part_activation": 0.4688743054866791,
    "activation_percentile": 99.89398758140238
  }
}