{
  "position_info": {
    "part": 22,
    "rank": 2,
    "global_position": 3232,
    "move_coordinate": "B6",
    "turn_number": 1,
    "npz_file": "AAE4EE8DC9A92FFF.npz",
    "board_tensor_file": "pos_3232/board.npy",
    "sgf_file": "pos_3232/game.sgf"
  },
  "nmf_analysis": {
    "activation_strength": 0.32232797145843506,
    "rank_in_part": 2,
    "activation_in_other_parts": [
      0.031851474195718765,
      0.14946424961090088,
      0.03371699899435043,
      0.04807428643107414,
      0.1824922263622284,
      0.2806089222431183,
      0.3902389109134674,
      0.0471281073987484,
      0.029359828680753708,
      0.3563302457332611,
      0.18235307931900024,
      0.11523047834634781,
      0.38028404116630554,
      0.0,
      0.04955461993813515,
      0.014939475804567337,
      0.09503259509801865,
      0.0,
      0.0,
      0.0,
      0.08595438301563263,
      0.002281785709783435,
      0.32232797145843506,
      0.07364289462566376,
      0.412812739610672
    ],
    "channel_activity": [
      49,
      3,
      3,
      0,
      0,
      0,
      0,
      0,
      0,
      1,
      1,
      1,
      1,
      1,
      0,
      0,
      0,
      0,
      0,
      0,
      0,
      0
    ],
    "top_active_channels": [
      [
        0,
        49
      ],
      [
        1,
        3
      ],
      [
        2,
        3
      ],
      [
        9,
        1
      ],
      [
        10,
        1
      ]
    ],
    "total_board_activity": 60
  },
  "go_pattern_analysis": {
    "move_type": "corner",
    "game_phase": "opening",
    "turn_number": 1,
    "policy_entropy": 0.49123734182433315,
    "policy_confidence": 0.8928571428571429,
    "top_policy_moves": [
      {
        "coord": "(5,1)",
        "percentage": 89.3,
        "count": 175
      },
      {
        "coord": "(3,5)",
        "percentage": 10.7,
        "count": 21
      }
    ],
    "total_policy_counts": 196
  },
  "part_comparison": {
    "uniqueness_score": 0.43845754861831665,
    "similar_positions": [
      709,
      2477,
      815,
      590,
      3913
    ],
    "part_rank": 2,
    "max_other_part_activation": 0.412812739610672,
    "activation_percentile": 99.96971073754354
  }
}