{
  "position_info": {
    "part": 5,
    "rank": 14,
    "global_position": 3480,
    "move_coordinate": "D3",
    "turn_number": 3,
    "npz_file": "AAE4EE8DC9A92FFF.npz",
    "board_tensor_file": "pos_3480/board.npy",
    "sgf_file": "pos_3480/game.sgf"
  },
  "nmf_analysis": {
    "activation_strength": 0.05353289470076561,
    "rank_in_part": 14,
    "activation_in_other_parts": [
      0.28326350450515747,
      0.007111359387636185,
      0.0,
      0.024076566100120544,
      0.008424405939877033,
      0.05353289470076561,
      0.007800607942044735,
      0.023021776229143143,
      0.09717468172311783,
      0.12535303831100464,
      0.11720465123653412,
      0.07092224061489105,
      0.054305143654346466,
      0.015332677401602268,
      0.04791002348065376,
      0.08529448509216309,
      0.02607288584113121,
      0.0006040665321052074,
      0.03299093618988991,
      0.03081449866294861,
      0.05773940682411194,
      0.06399883329868317,
      0.05581316351890564,
      0.05361640825867653,
      0.0962328240275383,
      0.011972401291131973,
      0.01934036612510681,
      0.0,
      0.16001231968402863,
      0.03572550788521767,
      0.0,
      0.786000669002533,
      0.22180205583572388,
      0.01744799315929413,
      0.0,
      0.0,
      0.020922377705574036,
      0.0,
      0.3798067271709442,
      0.021495593711733818,
      0.05085029825568199,
      0.08817397803068161,
      0.07152324914932251,
      0.0446513332426548,
      0.0036268490366637707,
      0.0,
      0.0,
      0.0,
      0.3988363742828369,
      0.025634096935391426
    ],
    "channel_activity": [
      49,
      1,
      2,
      0,
      1,
      2,
      0,
      0,
      0,
      1,
      1,
      1,
      0,
      0,
      0,
      0,
      0,
      0,
      1,
      2,
      0,
      0
    ],
    "top_active_channels": [
      [
        0,
        49
      ],
      [
        2,
        2
      ],
      [
        5,
        2
      ],
      [
        19,
        2
      ],
      [
        1,
        1
      ]
    ],
    "total_board_activity": 61
  },
  "go_pattern_analysis": {
    "move_type": "side",
    "game_phase": "opening",
    "turn_number": 3,
    "policy_entropy": -0.0,
    "policy_confidence": 1.0,
    "top_policy_moves": [
      {
        "coord": "(2,3)",
        "percentage": 100.0,
        "count": 447
      }
    ],
    "total_policy_counts": 447
  },
  "part_comparison": {
    "uniqueness_score": 0.0637650415301323,
    "similar_positions": [
      1954,
      2742,
      6368,
      1227,
      1973
    ],
    "part_rank": 14,
    "max_other_part_activation": 0.786000669002533,
    "activation_percentile": 99.78797516280478
  }
}