{
  "position_info": {
    "part": 4,
    "rank": 7,
    "global_position": 5385,
    "move_coordinate": "A1",
    "turn_number": 1,
    "npz_file": "BADFFB51627F24FD.npz",
    "board_tensor_file": "pos_5385/board.npy",
    "sgf_file": "pos_5385/game.sgf"
  },
  "nmf_analysis": {
    "activation_strength": 0.054328907281160355,
    "rank_in_component": 7,
    "activation_in_other_components": [
      0.2091628760099411,
      0.0,
      0.0,
      0.04110127314925194,
      0.054328907281160355,
      0.002856113947927952,
      0.003856062889099121,
      0.0,
      0.0316944345831871,
      0.0,
      0.019959144294261932,
      0.010292097926139832,
      0.03778810799121857,
      0.0,
      0.035510554909706116,
      0.0,
      0.018074966967105865,
      0.0,
      0.03955001384019852,
      0.0,
      0.0296071358025074,
      0.03385865315794945,
      0.02500114031136036,
      0.013697149232029915,
      0.06960059702396393,
      0.01059004757553339,
      0.006661122664809227,
      0.0,
      0.12049185484647751,
      0.3783233165740967,
      0.026189889758825302,
      0.055603377521038055,
      0.008484045043587685,
      0.49503716826438904,
      0.2337905615568161,
      0.13756826519966125,
      0.30093127489089966,
      0.08860514312982559,
      0.0,
      0.1635199934244156,
      0.0,
      0.2031683325767517,
      0.07168475538492203,
      0.0,
      0.0018110695527866483,
      0.0,
      0.046643536537885666,
      0.12271229922771454,
      0.0,
      0.43353796005249023
    ],
    "channel_activity": [
      49,
      20,
      19,
      1,
      19,
      0,
      0,
      0,
      0,
      1,
      0,
      1,
      1,
      1,
      2,
      1,
      1,
      2,
      0,
      0,
      0,
      0
    ],
    "top_active_channels": [
      [
        0,
        49
      ],
      [
        1,
        20
      ],
      [
        2,
        19
      ],
      [
        4,
        19
      ],
      [
        14,
        2
      ]
    ],
    "total_board_activity": 118
  },
  "go_pattern_analysis": {
    "move_type": "corner",
    "game_phase": "opening",
    "turn_number": 1,
    "policy_entropy": 5.643856189774725,
    "policy_confidence": 0.02,
    "top_policy_moves": [
      {
        "coord": "PASS",
        "percentage": 2.0,
        "count": 1
      },
      {
        "coord": "(1,5)",
        "percentage": 2.0,
        "count": 1
      },
      {
        "coord": "(3,1)",
        "percentage": 2.0,
        "count": 1
      },
      {
        "coord": "(3,0)",
        "percentage": 2.0,
        "count": 1
      },
      {
        "coord": "(2,6)",
        "percentage": 2.0,
        "count": 1
      }
    ],
    "total_policy_counts": 50
  },
  "component_comparison": {
    "uniqueness_score": 0.09889382123947144,
    "similar_positions": [
      1704,
      1703,
      1705,
      426,
      1706
    ],
    "component_rank": 7,
    "max_other_component_activation": 0.49503716826438904,
    "activation_percentile": 99.89398758140238
  }
}