{
  "position_info": {
    "part": 24,
    "rank": 12,
    "global_position": 4774,
    "move_coordinate": "F2",
    "turn_number": 1,
    "npz_file": "B330F9C802154800.npz",
    "board_tensor_file": "pos_4774/board.npy",
    "sgf_file": "pos_4774/game.sgf"
  },
  "nmf_analysis": {
    "activation_strength": 0.5333942174911499,
    "rank_in_part": 12,
    "activation_in_other_parts": [
      0.13678531348705292,
      0.08819475769996643,
      0.0843701958656311,
      0.03377712145447731,
      0.10187940299510956,
      0.12828725576400757,
      0.05124802887439728,
      0.012517199851572514,
      0.057270389050245285,
      0.2723749577999115,
      0.25455236434936523,
      0.1256619244813919,
      0.33979639410972595,
      0.06156304106116295,
      0.04693610966205597,
      0.14309930801391602,
      0.10565665364265442,
      0.13956259191036224,
      0.01243917178362608,
      0.011406445875763893,
      0.0,
      0.08831367641687393,
      0.18298766016960144,
      0.14911746978759766,
      0.5333942174911499
    ],
    "channel_activity": [
      49,
      4,
      4,
      0,
      0,
      2,
      0,
      0,
      0,
      1,
      1,
      1,
      1,
      1,
      0,
      0,
      0,
      0,
      4,
      4,
      0,
      0
    ],
    "top_active_channels": [
      [
        0,
        49
      ],
      [
        1,
        4
      ],
      [
        2,
        4
      ],
      [
        18,
        4
      ],
      [
        19,
        4
      ]
    ],
    "total_board_activity": 72
  },
  "go_pattern_analysis": {
    "move_type": "corner",
    "game_phase": "opening",
    "turn_number": 1,
    "policy_entropy": -0.0,
    "policy_confidence": 1.0,
    "top_policy_moves": [
      {
        "coord": "(1,5)",
        "percentage": 100.0,
        "count": 542
      }
    ],
    "total_policy_counts": 542
  },
  "part_comparison": {
    "uniqueness_score": 0.6108565330505371,
    "similar_positions": [
      3326,
      6265,
      2925,
      6312,
      1641
    ],
    "part_rank": 12,
    "max_other_part_activation": 0.33979639410972595,
    "activation_percentile": 99.81826442526125
  }
}