{
  "position_info": {
    "part": 22,
    "rank": 14,
    "global_position": 5856,
    "move_coordinate": "B4",
    "turn_number": 26,
    "npz_file": "E3CD9898B9AFF870.npz",
    "board_tensor_file": "pos_5856/board.npy",
    "sgf_file": "pos_5856/game.sgf"
  },
  "nmf_analysis": {
    "activation_strength": 0.3154464066028595,
    "rank_in_part": 14,
    "activation_in_other_parts": [
      0.0,
      0.15325340628623962,
      0.04600811004638672,
      0.0720883309841156,
      0.12093149125576019,
      0.32151076197624207,
      0.43222948908805847,
      0.06511462479829788,
      0.05979679524898529,
      0.36283454298973083,
      0.14700962603092194,
      0.13582099974155426,
      0.3345697522163391,
      0.023404190316796303,
      0.0522453747689724,
      0.0,
      0.06498177349567413,
      0.025900159031152725,
      0.0,
      0.013864081352949142,
      0.035722315311431885,
      0.03218531608581543,
      0.3154464066028595,
      0.09703868627548218,
      0.43015897274017334
    ],
    "channel_activity": [
      49,
      4,
      4,
      0,
      1,
      1,
      0,
      0,
      0,
      1,
      1,
      1,
      1,
      1,
      1,
      0,
      0,
      0,
      4,
      4,
      0,
      0
    ],
    "top_active_channels": [
      [
        0,
        49
      ],
      [
        1,
        4
      ],
      [
        2,
        4
      ],
      [
        18,
        4
      ],
      [
        19,
        4
      ]
    ],
    "total_board_activity": 73
  },
  "go_pattern_analysis": {
    "move_type": "side",
    "game_phase": "opening",
    "turn_number": 26,
    "policy_entropy": 0.7954116942350029,
    "policy_confidence": 0.7597765363128491,
    "top_policy_moves": [
      {
        "coord": "(3,1)",
        "percentage": 76.0,
        "count": 136
      },
      {
        "coord": "(4,1)",
        "percentage": 24.0,
        "count": 43
      }
    ],
    "total_policy_counts": 179
  },
  "part_comparison": {
    "uniqueness_score": 0.421902596950531,
    "similar_positions": [
      709,
      3232,
      2477,
      815,
      590
    ],
    "part_rank": 14,
    "max_other_part_activation": 0.43222948908805847,
    "activation_percentile": 99.78797516280478
  }
}