{
  "position_info": {
    "part": 43,
    "rank": 5,
    "global_position": 2077,
    "move_coordinate": "A5",
    "turn_number": 22,
    "npz_file": "565285905A9A0C14.npz",
    "board_tensor_file": "pos_2077/board.npy",
    "sgf_file": "pos_2077/game.sgf"
  },
  "nmf_analysis": {
    "activation_strength": 0.25682398676872253,
    "rank_in_component": 5,
    "activation_in_other_components": [
      0.03491843119263649,
      0.08682973682880402,
      0.0,
      0.005369830410927534,
      0.004476785659790039,
      0.005544380284845829,
      0.0,
      0.03637531027197838,
      0.013260666280984879,
      0.0980074480175972,
      0.0016920326743274927,
      0.012012327089905739,
      0.04068125784397125,
      0.0176555123180151,
      0.010908735916018486,
      0.0,
      0.003275742754340172,
      0.0004838207387365401,
      0.005017906427383423,
      0.018552569672465324,
      0.007844330742955208,
      0.0454537495970726,
      0.007891945540904999,
      0.0,
      0.04916159808635712,
      0.001113255275413394,
      0.004490012768656015,
      0.0,
      0.32583796977996826,
      0.09437638521194458,
      0.11158007383346558,
      0.054696641862392426,
      0.0,
      0.16831447184085846,
      0.1616867333650589,
      0.009792099706828594,
      0.06388310343027115,
      0.26612043380737305,
      0.05537134408950806,
      0.1372777670621872,
      0.04678665101528168,
      0.0,
      0.05251922830939293,
      0.25682398676872253,
      0.07812383025884628,
      0.2046090066432953,
      0.147221177816391,
      0.13854295015335083,
      0.41425755620002747,
      0.26749348640441895
    ],
    "channel_activity": [
      49,
      7,
      8,
      0,
      0,
      1,
      0,
      0,
      0,
      1,
      1,
      1,
      1,
      1,
      0,
      1,
      0,
      0,
      0,
      0,
      0,
      0
    ],
    "top_active_channels": [
      [
        0,
        49
      ],
      [
        2,
        8
      ],
      [
        1,
        7
      ],
      [
        5,
        1
      ],
      [
        9,
        1
      ]
    ],
    "total_board_activity": 71
  },
  "go_pattern_analysis": {
    "move_type": "corner",
    "game_phase": "opening",
    "turn_number": 22,
    "policy_entropy": -0.0,
    "policy_confidence": 1.0,
    "top_policy_moves": [
      {
        "coord": "(4,0)",
        "percentage": 100.0,
        "count": 533
      }
    ],
    "total_policy_counts": 533
  },
  "component_comparison": {
    "uniqueness_score": 0.3827016055583954,
    "similar_positions": [
      2571,
      3279,
      2799,
      4365,
      2418
    ],
    "component_rank": 5,
    "max_other_component_activation": 0.41425755620002747,
    "activation_percentile": 99.92427684385885
  }
}