{
  "position_info": {
    "part": 1,
    "rank": 15,
    "global_position": 3539,
    "move_coordinate": "D1",
    "turn_number": 1,
    "npz_file": "AAE4EE8DC9A92FFF.npz",
    "board_tensor_file": "pos_3539/board.npy",
    "sgf_file": "pos_3539/game.sgf"
  },
  "nmf_analysis": {
    "activation_strength": 0.4932108521461487,
    "rank_in_part": 15,
    "activation_in_other_parts": [
      0.1488361954689026,
      0.4932108521461487,
      0.05564242601394653,
      0.032309941947460175,
      0.17586781084537506,
      0.06124435365200043,
      0.15275803208351135,
      0.13627494871616364,
      0.1906203180551529,
      0.10405628383159637,
      0.0,
      0.01883404515683651,
      0.06706227362155914,
      0.047415584325790405,
      0.10146011412143707,
      0.19178475439548492,
      0.23941966891288757,
      0.06511558592319489,
      0.030714204534888268,
      0.20337750017642975,
      0.047067657113075256,
      0.10417530685663223,
      0.04063878580927849,
      0.23311759531497955,
      0.379104882478714
    ],
    "channel_activity": [
      49,
      5,
      6,
      1,
      2,
      5,
      0,
      0,
      0,
      1,
      1,
      1,
      1,
      1,
      2,
      1,
      1,
      0,
      5,
      6,
      0,
      0
    ],
    "top_active_channels": [
      [
        0,
        49
      ],
      [
        2,
        6
      ],
      [
        19,
        6
      ],
      [
        1,
        5
      ],
      [
        5,
        5
      ]
    ],
    "total_board_activity": 88
  },
  "go_pattern_analysis": {
    "move_type": "side",
    "game_phase": "opening",
    "turn_number": 1,
    "policy_entropy": 0.6663499342400738,
    "policy_confidence": 0.8679245283018868,
    "top_policy_moves": [
      {
        "coord": "(0,3)",
        "percentage": 86.8,
        "count": 368
      },
      {
        "coord": "(5,2)",
        "percentage": 10.1,
        "count": 43
      },
      {
        "coord": "(6,3)",
        "percentage": 3.1,
        "count": 13
      }
    ],
    "total_policy_counts": 424
  },
  "part_comparison": {
    "uniqueness_score": 0.5654040575027466,
    "similar_positions": [
      88,
      6367,
      1822,
      2979,
      1823
    ],
    "part_rank": 15,
    "max_other_part_activation": 0.379104882478714,
    "activation_percentile": 99.77283053157655
  }
}