{
  "position_info": {
    "part": 17,
    "rank": 17,
    "global_position": 6311,
    "move_coordinate": "F2",
    "turn_number": 11,
    "npz_file": "E3CD9898B9AFF870.npz",
    "board_tensor_file": "pos_6311/board.npy",
    "sgf_file": "pos_6311/game.sgf"
  },
  "nmf_analysis": {
    "activation_strength": 0.6197303533554077,
    "rank_in_part": 17,
    "activation_in_other_parts": [
      54.16292953491211,
      427.0010070800781,
      18.677873611450195,
      74.55900573730469,
      27.56553840637207,
      41.46207809448242,
      0.0,
      5.438859939575195,
      0.0,
      0.0,
      11.174274444580078,
      0.0761939063668251,
      0.0,
      0.0,
      9.876567840576172,
      0.0,
      0.0,
      0.6197303533554077,
      0.0,
      0.00777629017829895,
      0.0,
      0.0,
      0.0,
      0.19908319413661957,
      0.14926430583000183
    ],
    "channel_activity": [
      49,
      4,
      4,
      0,
      0,
      2,
      0,
      0,
      0,
      1,
      1,
      1,
      1,
      1,
      0,
      0,
      0,
      0,
      0,
      0,
      0,
      0
    ],
    "top_active_channels": [
      [
        0,
        49
      ],
      [
        1,
        4
      ],
      [
        2,
        4
      ],
      [
        5,
        2
      ],
      [
        9,
        1
      ]
    ],
    "total_board_activity": 64
  },
  "go_pattern_analysis": {
    "move_type": "corner",
    "game_phase": "opening",
    "turn_number": 11,
    "policy_entropy": -0.0,
    "policy_confidence": 1.0,
    "top_policy_moves": [
      {
        "coord": "(1,5)",
        "percentage": 100.0,
        "count": 541
      }
    ],
    "total_policy_counts": 541
  },
  "part_comparison": {
    "uniqueness_score": 0.0014492523623630404,
    "similar_positions": [
      524,
      5650,
      4907,
      1437,
      4175
    ],
    "part_rank": 17,
    "max_other_part_activation": 427.0010070800781,
    "activation_percentile": 99.7425412691201
  }
}