{
  "position_info": {
    "part": 37,
    "rank": 14,
    "global_position": 6101,
    "move_coordinate": "PASS",
    "turn_number": 1,
    "npz_file": "E3CD9898B9AFF870.npz",
    "board_tensor_file": "pos_6101/board.npy",
    "sgf_file": "pos_6101/game.sgf"
  },
  "nmf_analysis": {
    "activation_strength": 0.30303770303726196,
    "rank_in_part": 14,
    "activation_in_other_parts": [
      0.05046026036143303,
      0.019760802388191223,
      0.0,
      0.011312243528664112,
      0.017226554453372955,
      0.0,
      0.05480922758579254,
      0.0015406932216137648,
      0.004388156346976757,
      0.0,
      0.0,
      0.0,
      0.0004936924087814987,
      0.002435739152133465,
      0.012707975693047047,
      0.012729939073324203,
      0.009412344545125961,
      0.00018178582831751555,
      0.01933744177222252,
      0.0,
      0.007399256341159344,
      0.0,
      0.006161527708172798,
      0.010018370114266872,
      0.0008462271653115749,
      0.005667476449161768,
      0.0027720858342945576,
      0.006165656726807356,
      0.21788595616817474,
      0.030823824927210808,
      0.0,
      0.09650864452123642,
      0.0,
      0.3335525691509247,
      0.16631433367729187,
      0.10811108350753784,
      0.1738588511943817,
      0.30303770303726196,
      0.026041226461529732,
      0.23964613676071167,
      0.07254845649003983,
      0.03832640498876572,
      0.05777103453874588,
      0.03959992900490761,
      0.07629840075969696,
      0.07656081765890121,
      0.25871315598487854,
      0.17479118704795837,
      0.10375091433525085,
      0.44012853503227234
    ],
    "channel_activity": [
      49,
      10,
      10,
      0,
      0,
      0,
      0,
      0,
      0,
      1,
      1,
      1,
      1,
      1,
      0,
      0,
      0,
      0,
      0,
      0,
      0,
      0
    ],
    "top_active_channels": [
      [
        0,
        49
      ],
      [
        1,
        10
      ],
      [
        2,
        10
      ],
      [
        9,
        1
      ],
      [
        10,
        1
      ]
    ],
    "total_board_activity": 74
  },
  "go_pattern_analysis": {
    "move_type": "pass",
    "game_phase": "opening",
    "turn_number": 1,
    "policy_entropy": 2.1841160615350126,
    "policy_confidence": 0.5792682926829268,
    "top_policy_moves": [
      {
        "coord": "PASS",
        "percentage": 57.9,
        "count": 95
      },
      {
        "coord": "(2,2)",
        "percentage": 11.0,
        "count": 18
      },
      {
        "coord": "(2,4)",
        "percentage": 9.1,
        "count": 15
      },
      {
        "coord": "(1,3)",
        "percentage": 6.1,
        "count": 10
      },
      {
        "coord": "(2,5)",
        "percentage": 4.3,
        "count": 7
      }
    ],
    "total_policy_counts": 164
  },
  "part_comparison": {
    "uniqueness_score": 0.4077657163143158,
    "similar_positions": [
      6255,
      4369,
      4370,
      4709,
      2517
    ],
    "part_rank": 14,
    "max_other_part_activation": 0.44012853503227234,
    "activation_percentile": 99.78797516280478
  }
}