{
  "position_info": {
    "part": 30,
    "rank": 16,
    "global_position": 5979,
    "move_coordinate": "C5",
    "turn_number": 4,
    "npz_file": "E3CD9898B9AFF870.npz",
    "board_tensor_file": "pos_5979/board.npy",
    "sgf_file": "pos_5979/game.sgf"
  },
  "nmf_analysis": {
    "activation_strength": 0.5446747541427612,
    "rank_in_part": 16,
    "activation_in_other_parts": [
      0.15862424671649933,
      0.03169606998562813,
      0.0,
      0.02475576661527157,
      0.023154620081186295,
      0.01782379485666752,
      0.02787504345178604,
      0.021372713148593903,
      0.031671710312366486,
      0.03070666268467903,
      0.043201688677072525,
      0.0,
      0.0,
      0.008437078446149826,
      0.02215246856212616,
      0.01239101029932499,
      0.009199043735861778,
      0.00031074462458491325,
      0.01770189218223095,
      0.013103426434099674,
      0.029199641197919846,
      0.0038318950682878494,
      0.024266136810183525,
      0.003610428422689438,
      0.0,
      0.005408318247646093,
      0.00621238024905324,
      0.00028496491722762585,
      0.26901257038116455,
      0.026076309382915497,
      0.5446747541427612,
      0.10212448239326477,
      0.1280750334262848,
      0.0,
      0.01287703774869442,
      0.027810828760266304,
      0.0,
      0.03785340487957001,
      0.18876925110816956,
      0.0,
      0.20772098004817963,
      0.2446383386850357,
      0.27017906308174133,
      0.023220879957079887,
      0.0,
      0.0,
      0.15834209322929382,
      0.0,
      0.29752054810523987,
      0.27051156759262085
    ],
    "channel_activity": [
      49,
      6,
      7,
      0,
      1,
      1,
      0,
      0,
      0,
      1,
      1,
      1,
      1,
      1,
      1,
      1,
      0,
      0,
      0,
      0,
      0,
      0
    ],
    "top_active_channels": [
      [
        0,
        49
      ],
      [
        2,
        7
      ],
      [
        1,
        6
      ],
      [
        4,
        1
      ],
      [
        5,
        1
      ]
    ],
    "total_board_activity": 71
  },
  "go_pattern_analysis": {
    "move_type": "corner",
    "game_phase": "opening",
    "turn_number": 4,
    "policy_entropy": 0.019891811280950862,
    "policy_confidence": 0.9981024667931688,
    "top_policy_moves": [
      {
        "coord": "(4,2)",
        "percentage": 99.8,
        "count": 526
      },
      {
        "coord": "(6,5)",
        "percentage": 0.2,
        "count": 1
      }
    ],
    "total_policy_counts": 527
  },
  "part_comparison": {
    "uniqueness_score": 0.6467321515083313,
    "similar_positions": [
      4526,
      1588,
      74,
      1050,
      3124
    ],
    "part_rank": 16,
    "max_other_part_activation": 0.29752054810523987,
    "activation_percentile": 99.75768590034832
  }
}