{
  "position_info": {
    "part": 18,
    "rank": 18,
    "global_position": 5075,
    "move_coordinate": "D3",
    "turn_number": 1,
    "npz_file": "B330F9C802154800.npz",
    "board_tensor_file": "pos_5075/board.npy",
    "sgf_file": "pos_5075/game.sgf"
  },
  "nmf_analysis": {
    "activation_strength": 1.0100038051605225,
    "rank_in_part": 18,
    "activation_in_other_parts": [
      1771.2105712890625,
      509.4720153808594,
      292.59979248046875,
      0.0,
      28.612367630004883,
      0.0,
      0.0,
      0.36386215686798096,
      0.0,
      0.08871891349554062,
      0.38765081763267517,
      0.3253628611564636,
      0.3514167070388794,
      0.0,
      0.3623459041118622,
      0.26303815841674805,
      0.0,
      0.0,
      1.0100038051605225,
      0.1029922217130661,
      0.12861259281635284,
      0.0,
      0.18780043721199036,
      0.0,
      0.028280340135097504
    ],
    "channel_activity": [
      49,
      5,
      5,
      0,
      1,
      3,
      0,
      0,
      0,
      1,
      1,
      1,
      1,
      1,
      1,
      0,
      0,
      0,
      5,
      5,
      0,
      0
    ],
    "top_active_channels": [
      [
        0,
        49
      ],
      [
        1,
        5
      ],
      [
        2,
        5
      ],
      [
        18,
        5
      ],
      [
        19,
        5
      ]
    ],
    "total_board_activity": 79
  },
  "go_pattern_analysis": {
    "move_type": "side",
    "game_phase": "opening",
    "turn_number": 1,
    "policy_entropy": -0.0,
    "policy_confidence": 1.0,
    "top_policy_moves": [
      {
        "coord": "(2,3)",
        "percentage": 100.0,
        "count": 530
      }
    ],
    "total_policy_counts": 530
  },
  "part_comparison": {
    "uniqueness_score": 0.0005699086468666792,
    "similar_positions": [
      5507,
      5812,
      6126,
      460,
      3628
    ],
    "part_rank": 18,
    "max_other_part_activation": 1771.2105712890625,
    "activation_percentile": 99.72739663789186
  }
}