{
  "position_info": {
    "part": 1,
    "rank": 17,
    "global_position": 1179,
    "move_coordinate": "E5",
    "turn_number": 30,
    "npz_file": "1D638D50844BD930.npz",
    "board_tensor_file": "pos_1179/board.npy",
    "sgf_file": "pos_1179/game.sgf"
  },
  "nmf_analysis": {
    "activation_strength": 949.8836059570312,
    "rank_in_part": 17,
    "activation_in_other_parts": [
      309.32159423828125,
      949.8836059570312,
      163.96572875976562,
      45.70078659057617,
      0.0,
      0.581149697303772,
      0.05252394825220108,
      0.0,
      0.16408365964889526,
      0.0,
      0.0,
      0.4524157643318176,
      0.0,
      0.0737447738647461,
      0.0,
      0.0,
      0.0,
      0.12061044573783875,
      0.22535869479179382,
      0.0,
      0.0,
      0.0,
      0.0,
      0.0,
      0.0
    ],
    "channel_activity": [
      49,
      1,
      1,
      0,
      0,
      2,
      0,
      0,
      0,
      1,
      1,
      0,
      0,
      0,
      0,
      0,
      0,
      0,
      0,
      0,
      0,
      0
    ],
    "top_active_channels": [
      [
        0,
        49
      ],
      [
        5,
        2
      ],
      [
        1,
        1
      ],
      [
        2,
        1
      ],
      [
        9,
        1
      ]
    ],
    "total_board_activity": 55
  },
  "go_pattern_analysis": {
    "move_type": "corner",
    "game_phase": "middle_game",
    "turn_number": 30,
    "policy_entropy": -0.0,
    "policy_confidence": 1.0,
    "top_policy_moves": [
      {
        "coord": "(4,4)",
        "percentage": 100.0,
        "count": 178
      }
    ],
    "total_policy_counts": 178
  },
  "part_comparison": {
    "uniqueness_score": 0.7543517351150513,
    "similar_positions": [
      3841,
      1424,
      5462,
      5625,
      5626
    ],
    "part_rank": 17,
    "max_other_part_activation": 309.32159423828125,
    "activation_percentile": 99.7425412691201
  }
}