{
  "position_info": {
    "part": 49,
    "rank": 4,
    "global_position": 2566,
    "move_coordinate": "PASS",
    "turn_number": 1,
    "npz_file": "76F9EC3EB6A76AA0.npz",
    "board_tensor_file": "pos_2566/board.npy",
    "sgf_file": "pos_2566/game.sgf"
  },
  "nmf_analysis": {
    "activation_strength": 0.5791223049163818,
    "rank_in_part": 4,
    "activation_in_other_parts": [
      0.08002997934818268,
      0.03856758773326874,
      0.0,
      0.010175487957894802,
      0.0126946484670043,
      0.004371512681245804,
      0.048864394426345825,
      0.010496119037270546,
      0.05739453434944153,
      0.0,
      0.04548480734229088,
      0.0,
      0.0,
      0.01100109238177538,
      0.027304643765091896,
      0.0,
      0.014000804163515568,
      0.0003340973053127527,
      0.023028435185551643,
      0.007944311946630478,
      0.03760037571191788,
      0.0,
      0.029656333848834038,
      0.07392808794975281,
      0.0,
      0.007531275041401386,
      0.005976410582661629,
      0.03214976191520691,
      0.014161237515509129,
      0.06087064743041992,
      0.04894006624817848,
      0.13245992362499237,
      0.008210753090679646,
      0.4720923900604248,
      0.3731498122215271,
      0.10056284070014954,
      0.10188572853803635,
      0.023097027093172073,
      0.0003892425156664103,
      0.07534942030906677,
      0.021205659955739975,
      0.151516392827034,
      0.09778652340173721,
      0.02228132262825966,
      0.0,
      0.0,
      0.13476893305778503,
      0.14338470995426178,
      0.0240163691341877,
      0.5791223049163818
    ],
    "channel_activity": [
      49,
      16,
      11,
      0,
      1,
      1,
      0,
      0,
      0,
      0,
      1,
      0,
      1,
      0,
      0,
      0,
      0,
      0,
      29,
      20,
      0,
      0
    ],
    "top_active_channels": [
      [
        0,
        49
      ],
      [
        18,
        29
      ],
      [
        19,
        20
      ],
      [
        1,
        16
      ],
      [
        2,
        11
      ]
    ],
    "total_board_activity": 129
  },
  "go_pattern_analysis": {
    "move_type": "pass",
    "game_phase": "opening",
    "turn_number": 1,
    "policy_entropy": 2.0171094959552116,
    "policy_confidence": 0.7018348623853211,
    "top_policy_moves": [
      {
        "coord": "PASS",
        "percentage": 70.2,
        "count": 153
      },
      {
        "coord": "(5,5)",
        "percentage": 5.0,
        "count": 11
      },
      {
        "coord": "(2,0)",
        "percentage": 3.2,
        "count": 7
      },
      {
        "coord": "(2,1)",
        "percentage": 2.8,
        "count": 6
      },
      {
        "coord": "(1,0)",
        "percentage": 2.3,
        "count": 5
      }
    ],
    "total_policy_counts": 218
  },
  "part_comparison": {
    "uniqueness_score": 0.5509077310562134,
    "similar_positions": [
      1950,
      4857,
      2565,
      3711,
      3710
    ],
    "part_rank": 3,
    "max_other_part_activation": 0.4720923900604248,
    "activation_percentile": 99.95456610631531
  }
}