{
  "position_info": {
    "part": 44,
    "rank": 10,
    "global_position": 3724,
    "move_coordinate": "C6",
    "turn_number": 12,
    "npz_file": "AAE4EE8DC9A92FFF.npz",
    "board_tensor_file": "pos_3724/board.npy",
    "sgf_file": "pos_3724/game.sgf"
  },
  "nmf_analysis": {
    "activation_strength": 0.29994308948516846,
    "rank_in_part": 10,
    "activation_in_other_parts": [
      0.026105672121047974,
      0.08617029339075089,
      0.0,
      0.0,
      0.0,
      0.014396166428923607,
      0.2004859745502472,
      0.0263229813426733,
      0.019444311037659645,
      0.0447310246527195,
      0.03550799936056137,
      0.03205569460988045,
      0.02743401937186718,
      0.017100539058446884,
      0.0,
      0.058908794075250626,
      0.0,
      0.00040920189348980784,
      0.0,
      0.020381875336170197,
      0.0013651930494233966,
      0.029649095609784126,
      0.0029111928306519985,
      0.040872007608413696,
      0.07641812413930893,
      0.0,
      0.0015423452714458108,
      0.028400098904967308,
      0.0,
      0.13157087564468384,
      0.17344027757644653,
      0.11180950701236725,
      0.10117320716381073,
      0.1992742270231247,
      0.022924594581127167,
      0.04341936483979225,
      0.040240537375211716,
      0.07804796099662781,
      0.1744605153799057,
      0.09664434939622879,
      0.10044273734092712,
      0.14610880613327026,
      0.0,
      0.011160443536937237,
      0.29994308948516846,
      0.06834720075130463,
      0.027671445161104202,
      0.2983766198158264,
      0.27687790989875793,
      0.400804340839386
    ],
    "channel_activity": [
      49,
      7,
      7,
      3,
      3,
      1,
      0,
      0,
      0,
      1,
      1,
      1,
      1,
      1,
      2,
      1,
      1,
      1,
      7,
      7,
      0,
      0
    ],
    "top_active_channels": [
      [
        0,
        49
      ],
      [
        1,
        7
      ],
      [
        2,
        7
      ],
      [
        18,
        7
      ],
      [
        19,
        7
      ]
    ],
    "total_board_activity": 94
  },
  "go_pattern_analysis": {
    "move_type": "corner",
    "game_phase": "opening",
    "turn_number": 12,
    "policy_entropy": -0.0,
    "policy_confidence": 1.0,
    "top_policy_moves": [
      {
        "coord": "(5,2)",
        "percentage": 100.0,
        "count": 542
      }
    ],
    "total_policy_counts": 542
  },
  "part_comparison": {
    "uniqueness_score": 0.42803308367729187,
    "similar_positions": [
      286,
      4869,
      287,
      5778,
      3834
    ],
    "part_rank": 10,
    "max_other_part_activation": 0.400804340839386,
    "activation_percentile": 99.8485536877177
  }
}