{
  "position_info": {
    "part": 24,
    "rank": 16,
    "global_position": 2489,
    "move_coordinate": "F3",
    "turn_number": 1,
    "npz_file": "76F9EC3EB6A76AA0.npz",
    "board_tensor_file": "pos_2489/board.npy",
    "sgf_file": "pos_2489/game.sgf"
  },
  "nmf_analysis": {
    "activation_strength": 0.9276363849639893,
    "rank_in_part": 16,
    "activation_in_other_parts": [
      650.8820190429688,
      153.34689331054688,
      0.0,
      270.0456237792969,
      235.20021057128906,
      0.0,
      0.0,
      0.09206743538379669,
      0.0,
      0.0,
      0.23865237832069397,
      0.5091037154197693,
      0.41481736302375793,
      0.0,
      0.0,
      0.19786711037158966,
      0.0,
      0.1991719752550125,
      0.0,
      0.31137216091156006,
      0.0,
      0.0,
      0.0,
      0.0,
      0.9276363849639893
    ],
    "channel_activity": [
      49,
      4,
      6,
      0,
      1,
      2,
      0,
      0,
      0,
      1,
      1,
      1,
      1,
      1,
      0,
      0,
      1,
      0,
      4,
      6,
      0,
      0
    ],
    "top_active_channels": [
      [
        0,
        49
      ],
      [
        2,
        6
      ],
      [
        19,
        6
      ],
      [
        1,
        4
      ],
      [
        18,
        4
      ]
    ],
    "total_board_activity": 78
  },
  "go_pattern_analysis": {
    "move_type": "corner",
    "game_phase": "opening",
    "turn_number": 1,
    "policy_entropy": -0.0,
    "policy_confidence": 1.0,
    "top_policy_moves": [
      {
        "coord": "(2,5)",
        "percentage": 100.0,
        "count": 154
      }
    ],
    "total_policy_counts": 154
  },
  "part_comparison": {
    "uniqueness_score": 0.001423170673660934,
    "similar_positions": [
      4553,
      88,
      1578,
      4715,
      4714
    ],
    "part_rank": 16,
    "max_other_part_activation": 650.8820190429688,
    "activation_percentile": 99.75768590034832
  }
}