{
  "position_info": {
    "part": 10,
    "rank": 6,
    "global_position": 1654,
    "move_coordinate": "F5",
    "turn_number": 1,
    "npz_file": "1D638D50844BD930.npz",
    "board_tensor_file": "pos_1654/board.npy",
    "sgf_file": "pos_1654/game.sgf"
  },
  "nmf_analysis": {
    "activation_strength": 0.9100091457366943,
    "rank_in_part": 6,
    "activation_in_other_parts": [
      2799.55615234375,
      602.7996215820312,
      162.3590087890625,
      0.0,
      0.0,
      0.0,
      0.0,
      0.02701667696237564,
      0.0,
      0.0,
      0.9100091457366943,
      0.0,
      0.0,
      0.0,
      0.0,
      0.0,
      0.33012309670448303,
      0.14663106203079224,
      0.0,
      0.0,
      0.0,
      0.0,
      0.47180816531181335,
      0.0,
      0.0
    ],
    "channel_activity": [
      49,
      4,
      5,
      0,
      0,
      1,
      0,
      0,
      0,
      1,
      1,
      1,
      1,
      1,
      0,
      1,
      0,
      0,
      0,
      0,
      0,
      0
    ],
    "top_active_channels": [
      [
        0,
        49
      ],
      [
        2,
        5
      ],
      [
        1,
        4
      ],
      [
        5,
        1
      ],
      [
        9,
        1
      ]
    ],
    "total_board_activity": 65
  },
  "go_pattern_analysis": {
    "move_type": "corner",
    "game_phase": "opening",
    "turn_number": 1,
    "policy_entropy": -0.0,
    "policy_confidence": 1.0,
    "top_policy_moves": [
      {
        "coord": "(4,5)",
        "percentage": 100.0,
        "count": 264
      }
    ],
    "total_policy_counts": 264
  },
  "part_comparison": {
    "uniqueness_score": 0.000324949185596779,
    "similar_positions": [
      4604,
      5867,
      2170,
      4183,
      4084
    ],
    "part_rank": 6,
    "max_other_part_activation": 2799.55615234375,
    "activation_percentile": 99.90913221263062
  }
}