{
  "position_info": {
    "part": 5,
    "rank": 8,
    "global_position": 3017,
    "move_coordinate": "A1",
    "turn_number": 41,
    "npz_file": "76F9EC3EB6A76AA0.npz",
    "board_tensor_file": "pos_3017/board.npy",
    "sgf_file": "pos_3017/game.sgf"
  },
  "nmf_analysis": {
    "activation_strength": 0.05765369534492493,
    "rank_in_part": 8,
    "activation_in_other_parts": [
      0.13506224751472473,
      0.091549813747406,
      0.0,
      0.016576113179326057,
      0.013856823556125164,
      0.05765369534492493,
      0.0,
      0.04025968909263611,
      0.0,
      0.11978822201490402,
      0.0,
      0.04278135672211647,
      0.04642731696367264,
      0.034282371401786804,
      0.0,
      0.0,
      0.0,
      0.0004036425962112844,
      0.0,
      0.054680030792951584,
      0.0,
      0.0701887384057045,
      0.0,
      0.0,
      0.11918377876281738,
      0.0,
      0.0,
      0.0,
      0.3873675763607025,
      0.1986161470413208,
      0.0,
      0.018899673596024513,
      0.08727006614208221,
      0.25447165966033936,
      0.3568863272666931,
      0.0,
      0.28790032863616943,
      0.0039013915229588747,
      0.0,
      0.04326868802309036,
      0.02892269380390644,
      0.19311577081680298,
      0.0,
      0.033307209610939026,
      0.062291763722896576,
      0.06604026257991791,
      0.10109889507293701,
      0.1772376298904419,
      0.23613068461418152,
      0.2632814049720764
    ],
    "channel_activity": [
      49,
      13,
      16,
      2,
      0,
      7,
      0,
      0,
      0,
      1,
      0,
      1,
      0,
      1,
      2,
      2,
      2,
      0,
      13,
      16,
      0,
      0
    ],
    "top_active_channels": [
      [
        0,
        49
      ],
      [
        2,
        16
      ],
      [
        19,
        16
      ],
      [
        1,
        13
      ],
      [
        18,
        13
      ]
    ],
    "total_board_activity": 125
  },
  "go_pattern_analysis": {
    "move_type": "corner",
    "game_phase": "middle_game",
    "turn_number": 41,
    "policy_entropy": 5.643856189774725,
    "policy_confidence": 0.02,
    "top_policy_moves": [
      {
        "coord": "PASS",
        "percentage": 2.0,
        "count": 1
      },
      {
        "coord": "(1,5)",
        "percentage": 2.0,
        "count": 1
      },
      {
        "coord": "(3,1)",
        "percentage": 2.0,
        "count": 1
      },
      {
        "coord": "(3,0)",
        "percentage": 2.0,
        "count": 1
      },
      {
        "coord": "(2,6)",
        "percentage": 2.0,
        "count": 1
      }
    ],
    "total_policy_counts": 50
  },
  "part_comparison": {
    "uniqueness_score": 0.1295526772737503,
    "similar_positions": [
      1954,
      2742,
      6368,
      1227,
      1973
    ],
    "part_rank": 8,
    "max_other_part_activation": 0.3873675763607025,
    "activation_percentile": 99.87884295017416
  }
}