{
  "position_info": {
    "part": 44,
    "rank": 14,
    "global_position": 364,
    "move_coordinate": "E3",
    "turn_number": 9,
    "npz_file": "1906C337F5CDAFA9.npz",
    "board_tensor_file": "pos_364/board.npy",
    "sgf_file": "pos_364/game.sgf"
  },
  "nmf_analysis": {
    "activation_strength": 0.29438555240631104,
    "rank_in_component": 14,
    "activation_in_other_components": [
      0.026392905041575432,
      0.07645758986473083,
      0.0,
      0.0,
      0.0,
      0.021485010161995888,
      0.29883792996406555,
      0.02813284657895565,
      0.018932340666651726,
      0.08848736435174942,
      0.03599800914525986,
      0.041036635637283325,
      0.041830841451883316,
      0.013116548769176006,
      0.0,
      0.07232769578695297,
      0.0,
      0.00024305324768647552,
      0.0,
      0.02573108673095703,
      0.0,
      0.05479572340846062,
      0.0,
      0.06574191898107529,
      0.11862840503454208,
      0.0,
      0.0004191627667751163,
      0.04720108211040497,
      0.03238506242632866,
      0.04534317925572395,
      0.0035978867672383785,
      0.3204239308834076,
      0.20284579694271088,
      0.13776153326034546,
      0.023693641647696495,
      0.03304627910256386,
      0.010007863864302635,
      0.057662129402160645,
      0.19707798957824707,
      0.05883757770061493,
      0.07576829195022583,
      0.04897664487361908,
      0.0,
      0.0,
      0.29438555240631104,
      0.11238808929920197,
      0.0,
      0.20397727191448212,
      0.46205660700798035,
      0.28364771604537964
    ],
    "channel_activity": [
      49,
      3,
      3,
      0,
      1,
      1,
      0,
      0,
      0,
      1,
      1,
      1,
      1,
      1,
      0,
      0,
      0,
      0,
      3,
      3,
      0,
      0
    ],
    "top_active_channels": [
      [
        0,
        49
      ],
      [
        1,
        3
      ],
      [
        2,
        3
      ],
      [
        18,
        3
      ],
      [
        19,
        3
      ]
    ],
    "total_board_activity": 68
  },
  "go_pattern_analysis": {
    "move_type": "corner",
    "game_phase": "opening",
    "turn_number": 9,
    "policy_entropy": 0.06316489783719478,
    "policy_confidence": 0.9925788497217068,
    "top_policy_moves": [
      {
        "coord": "(2,4)",
        "percentage": 99.3,
        "count": 535
      },
      {
        "coord": "(4,2)",
        "percentage": 0.7,
        "count": 4
      }
    ],
    "total_policy_counts": 539
  },
  "component_comparison": {
    "uniqueness_score": 0.3891712427139282,
    "similar_positions": [
      286,
      4869,
      287,
      5778,
      3834
    ],
    "component_rank": 14,
    "max_other_component_activation": 0.46205660700798035,
    "activation_percentile": 99.78797516280478
  }
}