{
  "position_info": {
    "part": 0,
    "rank": 13,
    "global_position": 4905,
    "move_coordinate": "C3",
    "turn_number": 5,
    "npz_file": "B330F9C802154800.npz",
    "board_tensor_file": "pos_4905/board.npy",
    "sgf_file": "pos_4905/game.sgf"
  },
  "nmf_analysis": {
    "activation_strength": 0.46140554547309875,
    "rank_in_part": 13,
    "activation_in_other_parts": [
      0.46140554547309875,
      0.3706953227519989,
      0.0,
      0.04042508453130722,
      0.818415105342865,
      0.00816888827830553,
      0.0,
      0.0,
      0.028772922232747078,
      0.27877911925315857,
      0.0,
      0.0045225657522678375,
      0.00569169083610177,
      0.0,
      0.0,
      0.0,
      0.49977535009384155,
      0.0,
      0.010791630484163761,
      0.0,
      0.0,
      0.017057042568922043,
      0.055677324533462524,
      0.0,
      0.1469276398420334
    ],
    "channel_activity": [
      49,
      0,
      1,
      0,
      0,
      0,
      0,
      0,
      0,
      1,
      0,
      0,
      0,
      0,
      0,
      0,
      0,
      0,
      0,
      49,
      0,
      0
    ],
    "top_active_channels": [
      [
        0,
        49
      ],
      [
        19,
        49
      ],
      [
        2,
        1
      ],
      [
        9,
        1
      ],
      [
        1,
        0
      ]
    ],
    "total_board_activity": 100
  },
  "go_pattern_analysis": {
    "move_type": "corner",
    "game_phase": "opening",
    "turn_number": 5,
    "policy_entropy": 1.8742925026843202,
    "policy_confidence": 0.43815201192250375,
    "top_policy_moves": [
      {
        "coord": "(2,2)",
        "percentage": 43.8,
        "count": 294
      },
      {
        "coord": "(4,2)",
        "percentage": 21.6,
        "count": 145
      },
      {
        "coord": "(2,3)",
        "percentage": 18.0,
        "count": 121
      },
      {
        "coord": "(4,3)",
        "percentage": 16.5,
        "count": 111
      }
    ],
    "total_policy_counts": 671
  },
  "part_comparison": {
    "uniqueness_score": 0.3605235815048218,
    "similar_positions": [
      786,
      3821,
      6323,
      3536,
      6366
    ],
    "part_rank": 13,
    "max_other_part_activation": 0.818415105342865,
    "activation_percentile": 99.80311979403301
  }
}