{
  "position_info": {
    "part": 35,
    "rank": 1,
    "global_position": 4516,
    "move_coordinate": "D6",
    "turn_number": 13,
    "npz_file": "B330F9C802154800.npz",
    "board_tensor_file": "pos_4516/board.npy",
    "sgf_file": "pos_4516/game.sgf"
  },
  "nmf_analysis": {
    "activation_strength": 0.5023508071899414,
    "rank_in_component": 1,
    "activation_in_other_components": [
      0.0,
      0.037674468010663986,
      0.0,
      0.0,
      0.0029631773941218853,
      0.0,
      0.028393054381012917,
      0.008293998427689075,
      0.0021895584650337696,
      0.0,
      0.01733078621327877,
      0.01117763388901949,
      0.0,
      0.010188410058617592,
      0.0,
      0.011839738115668297,
      0.004773182328790426,
      0.0005383487441577017,
      0.00822952389717102,
      0.0046622976660728455,
      0.0,
      0.0,
      0.0,
      0.013255509547889233,
      0.0,
      0.0036543819587677717,
      3.768195165321231e-05,
      0.03753821179270744,
      0.0,
      0.39000239968299866,
      0.07207110524177551,
      0.018493246287107468,
      0.18295514583587646,
      0.01622532680630684,
      0.0,
      0.5023508071899414,
      0.018772300332784653,
      0.034600552171468735,
      0.4024394750595093,
      0.0,
      0.3412793278694153,
      0.021678563207387924,
      0.15555915236473083,
      0.19995369017124176,
      0.009336297400295734,
      0.0,
      0.05394155904650688,
      0.03396395593881607,
      0.22780120372772217,
      0.34597116708755493
    ],
    "channel_activity": [
      49,
      5,
      5,
      0,
      2,
      5,
      0,
      0,
      0,
      1,
      1,
      1,
      1,
      1,
      2,
      1,
      1,
      0,
      0,
      0,
      0,
      0
    ],
    "top_active_channels": [
      [
        0,
        49
      ],
      [
        1,
        5
      ],
      [
        2,
        5
      ],
      [
        5,
        5
      ],
      [
        4,
        2
      ]
    ],
    "total_board_activity": 75
  },
  "go_pattern_analysis": {
    "move_type": "side",
    "game_phase": "opening",
    "turn_number": 13,
    "policy_entropy": -0.0,
    "policy_confidence": 1.0,
    "top_policy_moves": [
      {
        "coord": "(5,3)",
        "percentage": 100.0,
        "count": 99
      }
    ],
    "total_policy_counts": 99
  },
  "component_comparison": {
    "uniqueness_score": 0.5552124381065369,
    "similar_positions": [
      582,
      2431,
      4515,
      1408,
      1209
    ],
    "component_rank": 1,
    "max_other_component_activation": 0.4024394750595093,
    "activation_percentile": 99.98485536877178
  }
}