{
  "position_info": {
    "part": 1,
    "rank": 12,
    "global_position": 5458,
    "move_coordinate": "F3",
    "turn_number": 1,
    "npz_file": "BADFFB51627F24FD.npz",
    "board_tensor_file": "pos_5458/board.npy",
    "sgf_file": "pos_5458/game.sgf"
  },
  "nmf_analysis": {
    "activation_strength": 466.35015869140625,
    "rank_in_part": 12,
    "activation_in_other_parts": [
      0.0,
      466.35015869140625,
      0.0,
      46.1266975402832,
      0.0,
      81.71894836425781,
      0.1762830764055252,
      8.476069450378418,
      0.0,
      0.0,
      0.0,
      0.5852457284927368,
      0.0,
      0.1278308928012848,
      40.07948684692383,
      0.0,
      0.0,
      0.0,
      0.10674944519996643,
      0.0,
      0.04029948264360428,
      0.0,
      0.0,
      0.0,
      0.0
    ],
    "channel_activity": [
      49,
      4,
      4,
      0,
      1,
      1,
      0,
      0,
      0,
      1,
      1,
      1,
      1,
      1,
      1,
      0,
      0,
      0,
      0,
      0,
      0,
      0
    ],
    "top_active_channels": [
      [
        0,
        49
      ],
      [
        1,
        4
      ],
      [
        2,
        4
      ],
      [
        4,
        1
      ],
      [
        5,
        1
      ]
    ],
    "total_board_activity": 65
  },
  "go_pattern_analysis": {
    "move_type": "corner",
    "game_phase": "opening",
    "turn_number": 1,
    "policy_entropy": 0.5435644431995964,
    "policy_confidence": 0.875,
    "top_policy_moves": [
      {
        "coord": "(2,5)",
        "percentage": 87.5,
        "count": 112
      },
      {
        "coord": "(3,1)",
        "percentage": 12.5,
        "count": 16
      }
    ],
    "total_policy_counts": 128
  },
  "part_comparison": {
    "uniqueness_score": 0.8508966565132141,
    "similar_positions": [
      3451,
      2267,
      1757,
      5492,
      5359
    ],
    "part_rank": 12,
    "max_other_part_activation": 81.71894836425781,
    "activation_percentile": 99.81826442526125
  }
}