{
  "position_info": {
    "part": 19,
    "rank": 10,
    "global_position": 1574,
    "move_coordinate": "PASS",
    "turn_number": 1,
    "npz_file": "1D638D50844BD930.npz",
    "board_tensor_file": "pos_1574/board.npy",
    "sgf_file": "pos_1574/game.sgf"
  },
  "nmf_analysis": {
    "activation_strength": 1.1893376111984253,
    "rank_in_part": 10,
    "activation_in_other_parts": [
      90.93629455566406,
      2.9509849548339844,
      378.9303283691406,
      233.8152618408203,
      121.98370361328125,
      0.4267171025276184,
      0.26083138585090637,
      0.0,
      0.0,
      0.0,
      0.0,
      0.0,
      0.05213511735200882,
      0.5454126000404358,
      0.12219096720218658,
      0.0,
      0.0,
      0.0,
      0.0,
      1.1893376111984253,
      0.0,
      0.0,
      0.28816166520118713,
      0.367938756942749,
      0.2882656455039978
    ],
    "channel_activity": [
      49,
      10,
      11,
      0,
      0,
      0,
      0,
      0,
      0,
      0,
      0,
      0,
      0,
      0,
      0,
      0,
      0,
      0,
      0,
      0,
      0,
      0
    ],
    "top_active_channels": [
      [
        0,
        49
      ],
      [
        2,
        11
      ],
      [
        1,
        10
      ],
      [
        3,
        0
      ],
      [
        4,
        0
      ]
    ],
    "total_board_activity": 70
  },
  "go_pattern_analysis": {
    "move_type": "pass",
    "game_phase": "opening",
    "turn_number": 1,
    "policy_entropy": 0.36881177980732227,
    "policy_confidence": 0.9453125,
    "top_policy_moves": [
      {
        "coord": "PASS",
        "percentage": 94.5,
        "count": 121
      },
      {
        "coord": "(3,0)",
        "percentage": 3.9,
        "count": 5
      },
      {
        "coord": "(5,0)",
        "percentage": 0.8,
        "count": 1
      },
      {
        "coord": "(5,1)",
        "percentage": 0.8,
        "count": 1
      }
    ],
    "total_policy_counts": 128
  },
  "part_comparison": {
    "uniqueness_score": 0.0031288505997508764,
    "similar_positions": [
      3678,
      3842,
      2398,
      2399,
      2141
    ],
    "part_rank": 10,
    "max_other_part_activation": 378.9303283691406,
    "activation_percentile": 99.8485536877177
  }
}