{
  "position_info": {
    "part": 23,
    "rank": 13,
    "global_position": 774,
    "move_coordinate": "D1",
    "turn_number": 38,
    "npz_file": "1906C337F5CDAFA9.npz",
    "board_tensor_file": "pos_774/board.npy",
    "sgf_file": "pos_774/game.sgf"
  },
  "nmf_analysis": {
    "activation_strength": 0.1118335872888565,
    "rank_in_component": 13,
    "activation_in_other_components": [
      0.029481196776032448,
      0.0,
      0.0,
      0.014665715396404266,
      0.019913790747523308,
      0.0029906753916293383,
      0.3151245415210724,
      0.0,
      0.08618147671222687,
      0.02713043987751007,
      0.08286178112030029,
      0.03208194673061371,
      0.023103801533579826,
      0.0,
      0.03694919869303703,
      0.05367781221866608,
      0.0023057288490235806,
      0.0,
      0.0057668499648571014,
      0.0,
      0.054988935589790344,
      0.025967566296458244,
      0.044978104531764984,
      0.1118335872888565,
      0.057435985654592514,
      0.001304263947531581,
      0.00788548681885004,
      0.04885891452431679,
      0.4616093337535858,
      0.3718563914299011,
      0.37350839376449585,
      0.022351088002324104,
      0.19073951244354248,
      0.0311532411724329,
      0.14426499605178833,
      0.0,
      0.15471749007701874,
      0.0,
      0.004453734960407019,
      0.0,
      0.0,
      0.34494319558143616,
      0.012055579572916031,
      0.0,
      0.14079301059246063,
      0.01836269721388817,
      0.0,
      0.16519849002361298,
      0.1750614047050476,
      0.25445806980133057
    ],
    "channel_activity": [
      49,
      13,
      12,
      2,
      11,
      7,
      0,
      0,
      0,
      1,
      1,
      1,
      1,
      1,
      1,
      5,
      2,
      0,
      13,
      12,
      0,
      0
    ],
    "top_active_channels": [
      [
        0,
        49
      ],
      [
        1,
        13
      ],
      [
        18,
        13
      ],
      [
        2,
        12
      ],
      [
        19,
        12
      ]
    ],
    "total_board_activity": 132
  },
  "go_pattern_analysis": {
    "move_type": "side",
    "game_phase": "middle_game",
    "turn_number": 38,
    "policy_entropy": 1.1123761164112738,
    "policy_confidence": 0.7684210526315789,
    "top_policy_moves": [
      {
        "coord": "(0,3)",
        "percentage": 76.8,
        "count": 73
      },
      {
        "coord": "(6,4)",
        "percentage": 15.8,
        "count": 15
      },
      {
        "coord": "(1,0)",
        "percentage": 4.2,
        "count": 4
      },
      {
        "coord": "(1,6)",
        "percentage": 1.1,
        "count": 1
      },
      {
        "coord": "(0,5)",
        "percentage": 1.1,
        "count": 1
      }
    ],
    "total_policy_counts": 95
  },
  "component_comparison": {
    "uniqueness_score": 0.19502130150794983,
    "similar_positions": [
      4333,
      4684,
      5036,
      3374,
      4685
    ],
    "component_rank": 13,
    "max_other_component_activation": 0.4616093337535858,
    "activation_percentile": 99.80311979403301
  }
}