{
  "position_info": {
    "part": 31,
    "rank": 13,
    "global_position": 3906,
    "move_coordinate": "C3",
    "turn_number": 38,
    "npz_file": "AAE4EE8DC9A92FFF.npz",
    "board_tensor_file": "pos_3906/board.npy",
    "sgf_file": "pos_3906/game.sgf"
  },
  "nmf_analysis": {
    "activation_strength": 0.9288777709007263,
    "rank_in_part": 13,
    "activation_in_other_parts": [
      0.2893578112125397,
      0.07540008425712585,
      0.0,
      0.03046359494328499,
      0.019823580980300903,
      0.04592731595039368,
      0.014995086006820202,
      0.08299175649881363,
      0.0,
      0.21387961506843567,
      0.0,
      0.0,
      0.05520334094762802,
      0.026905741542577744,
      0.0,
      0.0,
      0.006336653139442205,
      0.0,
      0.014326280914247036,
      0.07970523089170456,
      0.0,
      0.09921227395534515,
      0.0,
      0.0,
      0.1339171975851059,
      0.004357913509011269,
      0.0,
      0.004170630127191544,
      0.2769234776496887,
      0.0,
      0.026575686410069466,
      0.9288777709007263,
      0.12809011340141296,
      0.02602905035018921,
      0.023828420788049698,
      0.0,
      0.0,
      0.0,
      0.4005044400691986,
      0.0,
      0.0999530777335167,
      0.0066519202664494514,
      0.06938138604164124,
      0.0,
      0.0,
      0.012109264731407166,
      0.0,
      0.0,
      0.19934894144535065,
      0.005947696510702372
    ],
    "channel_activity": [
      49,
      0,
      1,
      0,
      0,
      0,
      0,
      0,
      0,
      1,
      0,
      0,
      0,
      0,
      0,
      0,
      0,
      0,
      0,
      49,
      0,
      0
    ],
    "top_active_channels": [
      [
        0,
        49
      ],
      [
        19,
        49
      ],
      [
        2,
        1
      ],
      [
        9,
        1
      ],
      [
        1,
        0
      ]
    ],
    "total_board_activity": 100
  },
  "go_pattern_analysis": {
    "move_type": "corner",
    "game_phase": "middle_game",
    "turn_number": 38,
    "policy_entropy": 1.6643398158657603,
    "policy_confidence": 0.5712515489467163,
    "top_policy_moves": [
      {
        "coord": "(2,2)",
        "percentage": 57.1,
        "count": 461
      },
      {
        "coord": "(4,2)",
        "percentage": 15.1,
        "count": 122
      },
      {
        "coord": "(2,3)",
        "percentage": 13.9,
        "count": 112
      },
      {
        "coord": "(4,3)",
        "percentage": 13.9,
        "count": 112
      }
    ],
    "total_policy_counts": 807
  },
  "part_comparison": {
    "uniqueness_score": 0.6987289190292358,
    "similar_positions": [
      786,
      6366,
      3821,
      4015,
      4410
    ],
    "part_rank": 13,
    "max_other_part_activation": 0.4005044400691986,
    "activation_percentile": 99.80311979403301
  }
}