{
  "position_info": {
    "part": 21,
    "rank": 10,
    "global_position": 899,
    "move_coordinate": "B3",
    "turn_number": 17,
    "npz_file": "1906C337F5CDAFA9.npz",
    "board_tensor_file": "pos_899/board.npy",
    "sgf_file": "pos_899/game.sgf"
  },
  "nmf_analysis": {
    "activation_strength": 0.3274707496166229,
    "rank_in_part": 10,
    "activation_in_other_parts": [
      0.19793002307415009,
      0.23501378297805786,
      0.2300395518541336,
      0.10277039557695389,
      0.17958804965019226,
      0.002154499990865588,
      0.20625039935112,
      0.28274670243263245,
      0.1378595530986786,
      0.0,
      0.10509952157735825,
      0.10950662940740585,
      0.0,
      0.3086467981338501,
      0.13393454253673553,
      0.13947062194347382,
      0.07768768072128296,
      0.2698097825050354,
      0.1670970469713211,
      0.14792105555534363,
      0.0,
      0.3274707496166229,
      0.00861244834959507,
      0.08558686822652817,
      0.15087898075580597
    ],
    "channel_activity": [
      49,
      11,
      11,
      1,
      3,
      7,
      0,
      0,
      0,
      1,
      1,
      1,
      1,
      1,
      0,
      0,
      0,
      0,
      0,
      0,
      0,
      0
    ],
    "top_active_channels": [
      [
        0,
        49
      ],
      [
        1,
        11
      ],
      [
        2,
        11
      ],
      [
        5,
        7
      ],
      [
        4,
        3
      ]
    ],
    "total_board_activity": 87
  },
  "go_pattern_analysis": {
    "move_type": "corner",
    "game_phase": "opening",
    "turn_number": 17,
    "policy_entropy": 0.430050896513621,
    "policy_confidence": 0.9260869565217391,
    "top_policy_moves": [
      {
        "coord": "(2,1)",
        "percentage": 92.6,
        "count": 213
      },
      {
        "coord": "(2,2)",
        "percentage": 6.1,
        "count": 14
      },
      {
        "coord": "(4,5)",
        "percentage": 1.3,
        "count": 3
      }
    ],
    "total_policy_counts": 230
  },
  "part_comparison": {
    "uniqueness_score": 0.5147959589958191,
    "similar_positions": [
      5384,
      284,
      6524,
      898,
      1705
    ],
    "part_rank": 10,
    "max_other_part_activation": 0.3086467981338501,
    "activation_percentile": 99.8485536877177
  }
}