{
  "position_info": {
    "part": 24,
    "rank": 4,
    "global_position": 899,
    "move_coordinate": "B3",
    "turn_number": 17,
    "npz_file": "1906C337F5CDAFA9.npz",
    "board_tensor_file": "pos_899/board.npy",
    "sgf_file": "pos_899/game.sgf"
  },
  "nmf_analysis": {
    "activation_strength": 0.16949328780174255,
    "rank_in_component": 4,
    "activation_in_other_components": [
      0.12414130568504333,
      0.04270585626363754,
      0.0,
      0.01914713904261589,
      0.02425866201519966,
      0.03363208845257759,
      0.16748760640621185,
      0.01355648972094059,
      0.00648591248318553,
      0.09837883710861206,
      0.016662828624248505,
      0.054504528641700745,
      0.07471180707216263,
      0.011457572691142559,
      0.0,
      0.04990746080875397,
      0.0,
      0.00017611250223126262,
      0.0,
      0.019576553255319595,
      0.0,
      0.08621186763048172,
      0.0,
      0.017656195908784866,
      0.16949328780174255,
      0.0,
      0.0,
      0.006308277603238821,
      0.19114330410957336,
      0.25492411851882935,
      0.14552757143974304,
      0.11661344021558762,
      0.09307141602039337,
      0.2942979335784912,
      0.13858982920646667,
      0.0,
      0.12428367882966995,
      0.06770027428865433,
      0.03422073647379875,
      0.06366955488920212,
      0.009179237298667431,
      0.22928529977798462,
      0.0,
      0.022192087024450302,
      0.2595827281475067,
      0.09996167570352554,
      0.0,
      0.24723753333091736,
      0.26691144704818726,
      0.2266116589307785
    ],
    "channel_activity": [
      49,
      11,
      11,
      1,
      3,
      7,
      0,
      0,
      0,
      1,
      1,
      1,
      1,
      1,
      0,
      0,
      0,
      0,
      0,
      0,
      0,
      0
    ],
    "top_active_channels": [
      [
        0,
        49
      ],
      [
        1,
        11
      ],
      [
        2,
        11
      ],
      [
        5,
        7
      ],
      [
        4,
        3
      ]
    ],
    "total_board_activity": 87
  },
  "go_pattern_analysis": {
    "move_type": "corner",
    "game_phase": "opening",
    "turn_number": 17,
    "policy_entropy": 0.430050896513621,
    "policy_confidence": 0.9260869565217391,
    "top_policy_moves": [
      {
        "coord": "(2,1)",
        "percentage": 92.6,
        "count": 213
      },
      {
        "coord": "(2,2)",
        "percentage": 6.1,
        "count": 14
      },
      {
        "coord": "(4,5)",
        "percentage": 1.3,
        "count": 3
      }
    ],
    "total_policy_counts": 230
  },
  "component_comparison": {
    "uniqueness_score": 0.3654516935348511,
    "similar_positions": [
      2294,
      5174,
      4798,
      480,
      5390
    ],
    "component_rank": 4,
    "max_other_component_activation": 0.2942979335784912,
    "activation_percentile": 99.93942147508709
  }
}