{
  "position_info": {
    "part": 15,
    "rank": 3,
    "global_position": 3983,
    "move_coordinate": "B5",
    "turn_number": 17,
    "npz_file": "AAE4EE8DC9A92FFF.npz",
    "board_tensor_file": "pos_3983/board.npy",
    "sgf_file": "pos_3983/game.sgf"
  },
  "nmf_analysis": {
    "activation_strength": 1.0637576580047607,
    "rank_in_part": 3,
    "activation_in_other_parts": [
      3466.2802734375,
      282.7494201660156,
      84.56489562988281,
      154.2199249267578,
      8.488716125488281,
      0.0,
      0.4517594277858734,
      0.24942384660243988,
      0.0,
      0.9196408987045288,
      0.0,
      0.0,
      0.2239968478679657,
      0.0,
      0.0,
      1.0637576580047607,
      0.0,
      0.1897885799407959,
      0.25422441959381104,
      0.0,
      0.24463647603988647,
      0.15021680295467377,
      0.24556994438171387,
      0.4317348599433899,
      0.0
    ],
    "channel_activity": [
      49,
      12,
      13,
      2,
      2,
      9,
      0,
      0,
      0,
      1,
      1,
      1,
      1,
      1,
      0,
      0,
      1,
      0,
      12,
      13,
      0,
      0
    ],
    "top_active_channels": [
      [
        0,
        49
      ],
      [
        2,
        13
      ],
      [
        19,
        13
      ],
      [
        1,
        12
      ],
      [
        18,
        12
      ]
    ],
    "total_board_activity": 118
  },
  "go_pattern_analysis": {
    "move_type": "corner",
    "game_phase": "opening",
    "turn_number": 17,
    "policy_entropy": 1.0658210126836685,
    "policy_confidence": 0.547568710359408,
    "top_policy_moves": [
      {
        "coord": "(4,1)",
        "percentage": 54.8,
        "count": 259
      },
      {
        "coord": "(3,0)",
        "percentage": 44.2,
        "count": 209
      },
      {
        "coord": "(4,2)",
        "percentage": 1.1,
        "count": 5
      }
    ],
    "total_policy_counts": 473
  },
  "part_comparison": {
    "uniqueness_score": 0.000306793226627633,
    "similar_positions": [
      3,
      3982,
      1947,
      1616,
      2913
    ],
    "part_rank": 3,
    "max_other_part_activation": 3466.2802734375,
    "activation_percentile": 99.95456610631531
  }
}