{
  "position_info": {
    "part": 11,
    "rank": 1,
    "global_position": 4832,
    "move_coordinate": "C4",
    "turn_number": 6,
    "npz_file": "B330F9C802154800.npz",
    "board_tensor_file": "pos_4832/board.npy",
    "sgf_file": "pos_4832/game.sgf"
  },
  "nmf_analysis": {
    "activation_strength": 0.48691174387931824,
    "rank_in_part": 1,
    "activation_in_other_parts": [
      0.0,
      0.0,
      0.2167358696460724,
      0.1229698583483696,
      0.583294689655304,
      0.6294984221458435,
      0.09374349564313889,
      0.0,
      0.005847492255270481,
      0.23617573082447052,
      0.0,
      0.48691174387931824,
      0.238987535238266,
      0.038284555077552795,
      0.0,
      0.00031461636535823345,
      0.06226382777094841,
      0.042846594005823135,
      0.08331147581338882,
      0.0,
      0.055941686034202576,
      0.01271781511604786,
      0.06396490335464478,
      0.02697550691664219,
      0.22857514023780823
    ],
    "channel_activity": [
      49,
      0,
      0,
      0,
      0,
      0,
      0,
      0,
      0,
      0,
      0,
      0,
      0,
      0,
      0,
      0,
      0,
      0,
      0,
      0,
      0,
      0
    ],
    "top_active_channels": [
      [
        0,
        49
      ],
      [
        1,
        0
      ],
      [
        2,
        0
      ],
      [
        3,
        0
      ],
      [
        4,
        0
      ]
    ],
    "total_board_activity": 49
  },
  "go_pattern_analysis": {
    "move_type": "side",
    "game_phase": "opening",
    "turn_number": 6,
    "policy_entropy": 1.978391123696364,
    "policy_confidence": 0.3235294117647059,
    "top_policy_moves": [
      {
        "coord": "(3,2)",
        "percentage": 32.4,
        "count": 165
      },
      {
        "coord": "(4,3)",
        "percentage": 23.9,
        "count": 122
      },
      {
        "coord": "(3,4)",
        "percentage": 23.1,
        "count": 118
      },
      {
        "coord": "(2,3)",
        "percentage": 20.6,
        "count": 105
      }
    ],
    "total_policy_counts": 510
  },
  "part_comparison": {
    "uniqueness_score": 0.4361405670642853,
    "similar_positions": [
      4266,
      5032,
      5421,
      5031,
      3295
    ],
    "part_rank": 1,
    "max_other_part_activation": 0.6294984221458435,
    "activation_percentile": 99.98485536877178
  }
}