{
  "position_info": {
    "part": 45,
    "rank": 1,
    "global_position": 4832,
    "move_coordinate": "C4",
    "turn_number": 6,
    "npz_file": "B330F9C802154800.npz",
    "board_tensor_file": "pos_4832/board.npy",
    "sgf_file": "pos_4832/game.sgf"
  },
  "nmf_analysis": {
    "activation_strength": 0.42125290632247925,
    "rank_in_component": 1,
    "activation_in_other_components": [
      0.0,
      0.03235417231917381,
      0.0,
      0.0,
      0.0,
      0.0,
      0.19910624623298645,
      0.032720547169446945,
      0.0,
      0.11278881877660751,
      0.0,
      0.032380230724811554,
      0.035283077508211136,
      0.0,
      0.0,
      0.04900464788079262,
      0.0,
      0.0,
      0.0,
      0.019367791712284088,
      0.0,
      0.05227605625987053,
      0.0,
      0.015533474273979664,
      0.07814493775367737,
      0.0,
      0.0,
      0.008321157656610012,
      0.018188484013080597,
      0.0,
      0.0,
      0.21956785023212433,
      0.36586233973503113,
      0.029081378132104874,
      0.0,
      0.2813968360424042,
      0.0,
      0.0,
      0.6511063575744629,
      0.01316389162093401,
      0.0,
      0.0,
      0.0672186091542244,
      0.04592786356806755,
      0.04137112572789192,
      0.42125290632247925,
      0.012163401581346989,
      0.0,
      0.0,
      0.43697407841682434
    ],
    "channel_activity": [
      49,
      0,
      0,
      0,
      0,
      0,
      0,
      0,
      0,
      0,
      0,
      0,
      0,
      0,
      0,
      0,
      0,
      0,
      0,
      0,
      0,
      0
    ],
    "top_active_channels": [
      [
        0,
        49
      ],
      [
        1,
        0
      ],
      [
        2,
        0
      ],
      [
        3,
        0
      ],
      [
        4,
        0
      ]
    ],
    "total_board_activity": 49
  },
  "go_pattern_analysis": {
    "move_type": "side",
    "game_phase": "opening",
    "turn_number": 6,
    "policy_entropy": 1.978391123696364,
    "policy_confidence": 0.3235294117647059,
    "top_policy_moves": [
      {
        "coord": "(3,2)",
        "percentage": 32.4,
        "count": 165
      },
      {
        "coord": "(4,3)",
        "percentage": 23.9,
        "count": 122
      },
      {
        "coord": "(3,4)",
        "percentage": 23.1,
        "count": 118
      },
      {
        "coord": "(2,3)",
        "percentage": 20.6,
        "count": 105
      }
    ],
    "total_policy_counts": 510
  },
  "component_comparison": {
    "uniqueness_score": 0.3928281366825104,
    "similar_positions": [
      1316,
      3083,
      1491,
      5614,
      5613
    ],
    "component_rank": 1,
    "max_other_component_activation": 0.6511063575744629,
    "activation_percentile": 99.98485536877178
  }
}