{
  "position_info": {
    "part": 11,
    "rank": 16,
    "global_position": 1229,
    "move_coordinate": "G6",
    "turn_number": 24,
    "npz_file": "1D638D50844BD930.npz",
    "board_tensor_file": "pos_1229/board.npy",
    "sgf_file": "pos_1229/game.sgf"
  },
  "nmf_analysis": {
    "activation_strength": 0.8361971378326416,
    "rank_in_part": 16,
    "activation_in_other_parts": [
      0.0,
      115.60301971435547,
      82.42372131347656,
      311.62689208984375,
      220.10899353027344,
      0.0,
      0.0,
      0.0,
      0.0,
      0.0,
      0.0,
      0.8361971378326416,
      0.4424179792404175,
      0.0,
      0.04837943613529205,
      0.0,
      0.0,
      0.23458923399448395,
      0.319183886051178,
      0.0,
      0.5879693627357483,
      0.19710005819797516,
      0.0,
      0.0,
      0.07709536701440811
    ],
    "channel_activity": [
      49,
      6,
      7,
      2,
      0,
      6,
      0,
      0,
      0,
      1,
      1,
      1,
      1,
      1,
      0,
      1,
      1,
      0,
      0,
      0,
      0,
      0
    ],
    "top_active_channels": [
      [
        0,
        49
      ],
      [
        2,
        7
      ],
      [
        1,
        6
      ],
      [
        5,
        6
      ],
      [
        3,
        2
      ]
    ],
    "total_board_activity": 77
  },
  "go_pattern_analysis": {
    "move_type": "corner",
    "game_phase": "opening",
    "turn_number": 24,
    "policy_entropy": -0.0,
    "policy_confidence": 1.0,
    "top_policy_moves": [
      {
        "coord": "(5,6)",
        "percentage": 100.0,
        "count": 312
      }
    ],
    "total_policy_counts": 312
  },
  "part_comparison": {
    "uniqueness_score": 0.0026761468034237623,
    "similar_positions": [
      770,
      2664,
      3363,
      4243,
      771
    ],
    "part_rank": 16,
    "max_other_part_activation": 311.62689208984375,
    "activation_percentile": 99.75768590034832
  }
}