{
  "position_info": {
    "part": 19,
    "rank": 16,
    "global_position": 6437,
    "move_coordinate": "C3",
    "turn_number": 1,
    "npz_file": "E3CD9898B9AFF870.npz",
    "board_tensor_file": "pos_6437/board.npy",
    "sgf_file": "pos_6437/game.sgf"
  },
  "nmf_analysis": {
    "activation_strength": 0.08382575213909149,
    "rank_in_part": 16,
    "activation_in_other_parts": [
      0.2950049936771393,
      0.0741652101278305,
      0.0,
      0.03143589198589325,
      0.02043348178267479,
      0.04857911914587021,
      0.01939350739121437,
      0.08388753235340118,
      0.0,
      0.22147703170776367,
      0.0,
      0.0,
      0.0569092221558094,
      0.027751775458455086,
      0.0,
      0.0,
      0.006046878639608622,
      0.0,
      0.013934402726590633,
      0.08382575213909149,
      0.0,
      0.10357306152582169,
      0.0,
      0.0,
      0.13757716119289398,
      0.004230155609548092,
      0.0,
      0.004299537278711796,
      0.27586203813552856,
      0.0,
      0.02966184727847576,
      0.9214512705802917,
      0.12647190690040588,
      0.022253669798374176,
      0.00715201161801815,
      0.0,
      0.0,
      0.0,
      0.39957401156425476,
      0.0,
      0.10279065370559692,
      0.017272185534238815,
      0.06511973589658737,
      0.0,
      0.0,
      0.023060588166117668,
      0.0,
      0.0,
      0.20349974930286407,
      0.0018794159404933453
    ],
    "channel_activity": [
      49,
      0,
      1,
      0,
      0,
      0,
      0,
      0,
      0,
      1,
      0,
      0,
      0,
      0,
      0,
      0,
      0,
      0,
      0,
      49,
      0,
      0
    ],
    "top_active_channels": [
      [
        0,
        49
      ],
      [
        19,
        49
      ],
      [
        2,
        1
      ],
      [
        9,
        1
      ],
      [
        1,
        0
      ]
    ],
    "total_board_activity": 100
  },
  "go_pattern_analysis": {
    "move_type": "corner",
    "game_phase": "opening",
    "turn_number": 1,
    "policy_entropy": 1.7288967299818236,
    "policy_confidence": 0.5291479820627802,
    "top_policy_moves": [
      {
        "coord": "(2,2)",
        "percentage": 52.9,
        "count": 472
      },
      {
        "coord": "(2,4)",
        "percentage": 19.3,
        "count": 172
      },
      {
        "coord": "(3,4)",
        "percentage": 16.4,
        "count": 146
      },
      {
        "coord": "(3,2)",
        "percentage": 11.4,
        "count": 102
      }
    ],
    "total_policy_counts": 892
  },
  "part_comparison": {
    "uniqueness_score": 0.08338572084903717,
    "similar_positions": [
      6366,
      4410,
      1821,
      786,
      6372
    ],
    "part_rank": 16,
    "max_other_part_activation": 0.9214512705802917,
    "activation_percentile": 99.75768590034832
  }
}