{
  "position_info": {
    "part": 4,
    "rank": 14,
    "global_position": 6437,
    "move_coordinate": "C3",
    "turn_number": 1,
    "npz_file": "E3CD9898B9AFF870.npz",
    "board_tensor_file": "pos_6437/board.npy",
    "sgf_file": "pos_6437/game.sgf"
  },
  "nmf_analysis": {
    "activation_strength": 0.8252113461494446,
    "rank_in_part": 14,
    "activation_in_other_parts": [
      0.455273300409317,
      0.37031784653663635,
      0.0,
      0.0488772913813591,
      0.8252113461494446,
      0.014917140826582909,
      0.0,
      0.0,
      0.034544315189123154,
      0.2723662257194519,
      0.010416314005851746,
      0.00927059631794691,
      0.0,
      0.0,
      0.0,
      0.0,
      0.49827590584754944,
      0.0,
      0.005147555842995644,
      0.0,
      0.0,
      0.015215099789202213,
      0.05802561342716217,
      0.0,
      0.14317873120307922
    ],
    "channel_activity": [
      49,
      0,
      1,
      0,
      0,
      0,
      0,
      0,
      0,
      1,
      0,
      0,
      0,
      0,
      0,
      0,
      0,
      0,
      0,
      49,
      0,
      0
    ],
    "top_active_channels": [
      [
        0,
        49
      ],
      [
        19,
        49
      ],
      [
        2,
        1
      ],
      [
        9,
        1
      ],
      [
        1,
        0
      ]
    ],
    "total_board_activity": 100
  },
  "go_pattern_analysis": {
    "move_type": "corner",
    "game_phase": "opening",
    "turn_number": 1,
    "policy_entropy": 1.7288967299818236,
    "policy_confidence": 0.5291479820627802,
    "top_policy_moves": [
      {
        "coord": "(2,2)",
        "percentage": 52.9,
        "count": 472
      },
      {
        "coord": "(2,4)",
        "percentage": 19.3,
        "count": 172
      },
      {
        "coord": "(3,4)",
        "percentage": 16.4,
        "count": 146
      },
      {
        "coord": "(3,2)",
        "percentage": 11.4,
        "count": 102
      }
    ],
    "total_policy_counts": 892
  },
  "part_comparison": {
    "uniqueness_score": 0.623512864112854,
    "similar_positions": [
      6366,
      4410,
      2582,
      1821,
      4993
    ],
    "part_rank": 14,
    "max_other_part_activation": 0.49827590584754944,
    "activation_percentile": 99.78797516280478
  }
}