{
  "position_info": {
    "part": 10,
    "rank": 20,
    "global_position": 6437,
    "move_coordinate": "C3",
    "turn_number": 1,
    "npz_file": "E3CD9898B9AFF870.npz",
    "board_tensor_file": "pos_6437/board.npy",
    "sgf_file": "pos_6437/game.sgf"
  },
  "nmf_analysis": {
    "activation_strength": 258.1733703613281,
    "rank_in_part": 20,
    "activation_in_other_parts": [
      0.0,
      80.35768127441406,
      0.0,
      0.0,
      8.211638450622559,
      31.81692123413086,
      0.0,
      6.627664566040039,
      0.3963663876056671,
      0.0,
      258.1733703613281,
      0.0,
      0.0,
      0.25675493478775024,
      0.0,
      0.2567882537841797,
      0.0,
      0.0,
      0.0,
      0.0,
      0.0,
      0.045413680374622345,
      0.0,
      0.0,
      0.0
    ],
    "channel_activity": [
      49,
      0,
      1,
      0,
      0,
      0,
      0,
      0,
      0,
      1,
      0,
      0,
      0,
      0,
      0,
      0,
      0,
      0,
      0,
      49,
      0,
      0
    ],
    "top_active_channels": [
      [
        0,
        49
      ],
      [
        19,
        49
      ],
      [
        2,
        1
      ],
      [
        9,
        1
      ],
      [
        1,
        0
      ]
    ],
    "total_board_activity": 100
  },
  "go_pattern_analysis": {
    "move_type": "corner",
    "game_phase": "opening",
    "turn_number": 1,
    "policy_entropy": 1.7288967299818236,
    "policy_confidence": 0.5291479820627802,
    "top_policy_moves": [
      {
        "coord": "(2,2)",
        "percentage": 52.9,
        "count": 472
      },
      {
        "coord": "(2,4)",
        "percentage": 19.3,
        "count": 172
      },
      {
        "coord": "(3,4)",
        "percentage": 16.4,
        "count": 146
      },
      {
        "coord": "(3,2)",
        "percentage": 11.4,
        "count": 102
      }
    ],
    "total_policy_counts": 892
  },
  "part_comparison": {
    "uniqueness_score": 0.7626283168792725,
    "similar_positions": [
      779,
      3536,
      1724,
      3835,
      6323
    ],
    "part_rank": 20,
    "max_other_part_activation": 80.35768127441406,
    "activation_percentile": 99.69710737543541
  }
}