{
  "position_info": {
    "part": 32,
    "rank": 4,
    "global_position": 2353,
    "move_coordinate": "D1",
    "turn_number": 1,
    "npz_file": "76F9EC3EB6A76AA0.npz",
    "board_tensor_file": "pos_2353/board.npy",
    "sgf_file": "pos_2353/game.sgf"
  },
  "nmf_analysis": {
    "activation_strength": 0.4916475713253021,
    "rank_in_part": 4,
    "activation_in_other_parts": [
      0.07613293081521988,
      0.10691468417644501,
      0.0,
      0.005684608593583107,
      0.0015498555731028318,
      0.02925112098455429,
      0.06052834168076515,
      0.049818314611911774,
      0.007298068143427372,
      0.051561154425144196,
      0.0,
      0.013896060176193714,
      0.0015798057429492474,
      0.03342270106077194,
      0.0,
      0.0007623275159858167,
      0.0027061018627136946,
      0.000488179677631706,
      0.0024727897252887487,
      0.04991412162780762,
      0.0019547753036022186,
      0.009600446559488773,
      3.152906720060855e-05,
      0.02833051234483719,
      0.007062450982630253,
      0.0019296687096357346,
      0.0,
      0.014423852786421776,
      0.1689043790102005,
      0.06003990024328232,
      0.206787109375,
      0.0,
      0.4916475713253021,
      0.0887582004070282,
      0.001607812475413084,
      0.14942212402820587,
      0.003795269876718521,
      0.000295867066597566,
      0.13297955691814423,
      0.13787151873111725,
      0.11058664321899414,
      0.3231690227985382,
      0.03017602674663067,
      0.05801062658429146,
      0.15414102375507355,
      0.02615751512348652,
      0.055210456252098083,
      0.2112976461648941,
      0.13982275128364563,
      0.44851934909820557
    ],
    "channel_activity": [
      49,
      8,
      8,
      0,
      2,
      0,
      0,
      0,
      0,
      1,
      1,
      1,
      1,
      1,
      1,
      1,
      0,
      1,
      8,
      8,
      0,
      0
    ],
    "top_active_channels": [
      [
        0,
        49
      ],
      [
        1,
        8
      ],
      [
        2,
        8
      ],
      [
        18,
        8
      ],
      [
        19,
        8
      ]
    ],
    "total_board_activity": 91
  },
  "go_pattern_analysis": {
    "move_type": "side",
    "game_phase": "opening",
    "turn_number": 1,
    "policy_entropy": 0.7900566268243581,
    "policy_confidence": 0.8743169398907104,
    "top_policy_moves": [
      {
        "coord": "(0,3)",
        "percentage": 87.4,
        "count": 160
      },
      {
        "coord": "(2,5)",
        "percentage": 4.9,
        "count": 9
      },
      {
        "coord": "(6,2)",
        "percentage": 4.4,
        "count": 8
      },
      {
        "coord": "(4,5)",
        "percentage": 1.6,
        "count": 3
      },
      {
        "coord": "(1,6)",
        "percentage": 1.1,
        "count": 2
      }
    ],
    "total_policy_counts": 183
  },
  "part_comparison": {
    "uniqueness_score": 0.5229364633560181,
    "similar_positions": [
      2356,
      4266,
      1365,
      4460,
      5036
    ],
    "part_rank": 4,
    "max_other_part_activation": 0.44851934909820557,
    "activation_percentile": 99.93942147508709
  }
}