{
  "position_info": {
    "part": 41,
    "rank": 15,
    "global_position": 1956,
    "move_coordinate": "F7",
    "turn_number": 1,
    "npz_file": "1D638D50844BD930.npz",
    "board_tensor_file": "pos_1956/board.npy",
    "sgf_file": "pos_1956/game.sgf"
  },
  "nmf_analysis": {
    "activation_strength": 0.5047509670257568,
    "rank_in_component": 15,
    "activation_in_other_components": [
      0.09982303529977798,
      0.09566041827201843,
      0.0,
      0.015551669523119926,
      0.018916375935077667,
      0.051540810614824295,
      0.09506353735923767,
      0.032637421041727066,
      0.0,
      0.09478204697370529,
      0.0,
      0.04355468600988388,
      0.03318922966718674,
      0.028800271451473236,
      0.0,
      0.05048762634396553,
      0.0,
      0.0004732985398732126,
      0.0,
      0.043042734265327454,
      0.0,
      0.05155682936310768,
      0.0,
      0.014810722321271896,
      0.09087833762168884,
      0.0,
      0.0,
      0.0023856637999415398,
      0.19485460221767426,
      0.08932764083147049,
      0.17100465297698975,
      0.0,
      0.2477797120809555,
      0.2871585786342621,
      0.06485303491353989,
      0.04968566447496414,
      0.2727162539958954,
      0.0,
      0.0007384562632068992,
      0.15584701299667358,
      0.03914272412657738,
      0.5047509670257568,
      0.0,
      0.0,
      0.12784922122955322,
      0.0030658291652798653,
      0.0,
      0.21943894028663635,
      0.04136083275079727,
      0.34545230865478516
    ],
    "channel_activity": [
      49,
      13,
      13,
      1,
      5,
      1,
      0,
      0,
      0,
      1,
      1,
      1,
      1,
      1,
      1,
      1,
      1,
      0,
      2,
      2,
      2,
      2
    ],
    "top_active_channels": [
      [
        0,
        49
      ],
      [
        1,
        13
      ],
      [
        2,
        13
      ],
      [
        4,
        5
      ],
      [
        18,
        2
      ]
    ],
    "total_board_activity": 98
  },
  "go_pattern_analysis": {
    "move_type": "corner",
    "game_phase": "opening",
    "turn_number": 1,
    "policy_entropy": 1.4955631151159894,
    "policy_confidence": 0.5748792270531401,
    "top_policy_moves": [
      {
        "coord": "(6,5)",
        "percentage": 57.5,
        "count": 119
      },
      {
        "coord": "(2,6)",
        "percentage": 22.7,
        "count": 47
      },
      {
        "coord": "(3,0)",
        "percentage": 18.4,
        "count": 38
      },
      {
        "coord": "(4,5)",
        "percentage": 1.0,
        "count": 2
      },
      {
        "coord": "(4,6)",
        "percentage": 0.5,
        "count": 1
      }
    ],
    "total_policy_counts": 207
  },
  "component_comparison": {
    "uniqueness_score": 0.5936827063560486,
    "similar_positions": [
      426,
      2498,
      4387,
      2499,
      4388
    ],
    "component_rank": 15,
    "max_other_component_activation": 0.34545230865478516,
    "activation_percentile": 99.77283053157655
  }
}