{
  "position_info": {
    "part": 48,
    "rank": 6,
    "global_position": 4248,
    "move_coordinate": "E6",
    "turn_number": 8,
    "npz_file": "B330F9C802154800.npz",
    "board_tensor_file": "pos_4248/board.npy",
    "sgf_file": "pos_4248/game.sgf"
  },
  "nmf_analysis": {
    "activation_strength": 0.5889979600906372,
    "rank_in_part": 6,
    "activation_in_other_parts": [
      0.21400129795074463,
      0.0,
      0.0,
      0.022887710481882095,
      0.011573354713618755,
      0.04932659491896629,
      0.08640961349010468,
      0.0,
      0.07726480066776276,
      0.06173032894730568,
      0.10406302660703659,
      0.019136646762490273,
      0.04021909087896347,
      0.006814870983362198,
      0.035994209349155426,
      0.010947564616799355,
      0.013585737906396389,
      0.0004505856486503035,
      0.01958303153514862,
      0.01595979556441307,
      0.045592695474624634,
      0.049795109778642654,
      0.044706832617521286,
      0.05657830461859703,
      0.08101099729537964,
      0.006232594605535269,
      0.015984123572707176,
      0.011876220814883709,
      0.10767929255962372,
      0.09016838669776917,
      0.01168842613697052,
      0.4775312840938568,
      0.25288504362106323,
      0.020751429721713066,
      0.041260480880737305,
      0.006074649281799793,
      0.004376327618956566,
      0.0,
      0.30044811964035034,
      0.0010059018386527896,
      0.13765159249305725,
      0.10743582993745804,
      0.06494494527578354,
      0.023368515074253082,
      0.008346791379153728,
      0.0,
      0.013622350990772247,
      0.0,
      0.5889979600906372,
      0.11447690427303314
    ],
    "channel_activity": [
      49,
      2,
      3,
      0,
      1,
      2,
      0,
      0,
      0,
      1,
      1,
      1,
      1,
      1,
      0,
      0,
      0,
      0,
      2,
      3,
      0,
      0
    ],
    "top_active_channels": [
      [
        0,
        49
      ],
      [
        2,
        3
      ],
      [
        19,
        3
      ],
      [
        1,
        2
      ],
      [
        5,
        2
      ]
    ],
    "total_board_activity": 67
  },
  "go_pattern_analysis": {
    "move_type": "corner",
    "game_phase": "opening",
    "turn_number": 8,
    "policy_entropy": -0.0,
    "policy_confidence": 1.0,
    "top_policy_moves": [
      {
        "coord": "(5,4)",
        "percentage": 100.0,
        "count": 390
      }
    ],
    "total_policy_counts": 390
  },
  "part_comparison": {
    "uniqueness_score": 0.55225670337677,
    "similar_positions": [
      1564,
      1569,
      6497,
      1350,
      4809
    ],
    "part_rank": 6,
    "max_other_part_activation": 0.4775312840938568,
    "activation_percentile": 99.90913221263062
  }
}