{
  "position_info": {
    "part": 11,
    "rank": 7,
    "global_position": 3223,
    "move_coordinate": "D1",
    "turn_number": 31,
    "npz_file": "AAE4EE8DC9A92FFF.npz",
    "board_tensor_file": "pos_3223/board.npy",
    "sgf_file": "pos_3223/game.sgf"
  },
  "nmf_analysis": {
    "activation_strength": 0.12545664608478546,
    "rank_in_part": 7,
    "activation_in_other_parts": [
      0.1337992548942566,
      0.012339104898273945,
      0.0,
      0.03375515341758728,
      0.0395483672618866,
      0.04035912826657295,
      0.0,
      0.0,
      0.0,
      0.08329682797193527,
      0.0,
      0.12545664608478546,
      0.056208789348602295,
      0.0065688518807291985,
      0.0060519068501889706,
      0.1439797580242157,
      0.012580927461385727,
      9.165004303213209e-05,
      0.01672212779521942,
      0.005745667032897472,
      0.006436563096940517,
      0.07516391575336456,
      0.003857553005218506,
      0.0,
      0.11952601373195648,
      0.005218434147536755,
      0.0,
      0.0,
      0.2541710436344147,
      0.28176048398017883,
      0.0,
      0.025130344554781914,
      0.035532061010599136,
      0.32607826590538025,
      0.540785014629364,
      0.0,
      0.2394827902317047,
      0.001435601618140936,
      0.0,
      0.0,
      0.010809121653437614,
      0.15144649147987366,
      0.0,
      0.09534987062215805,
      0.0,
      0.05676201730966568,
      0.0,
      0.11666273325681686,
      0.17313282191753387,
      0.3679913878440857
    ],
    "channel_activity": [
      49,
      11,
      21,
      0,
      0,
      1,
      0,
      0,
      0,
      1,
      0,
      1,
      0,
      1,
      0,
      0,
      0,
      0,
      20,
      29,
      11,
      18
    ],
    "top_active_channels": [
      [
        0,
        49
      ],
      [
        19,
        29
      ],
      [
        2,
        21
      ],
      [
        18,
        20
      ],
      [
        21,
        18
      ]
    ],
    "total_board_activity": 163
  },
  "go_pattern_analysis": {
    "move_type": "side",
    "game_phase": "middle_game",
    "turn_number": 31,
    "policy_entropy": 1.6594318677546034,
    "policy_confidence": 0.5401459854014599,
    "top_policy_moves": [
      {
        "coord": "(0,3)",
        "percentage": 54.0,
        "count": 74
      },
      {
        "coord": "PASS",
        "percentage": 21.9,
        "count": 30
      },
      {
        "coord": "(2,3)",
        "percentage": 19.7,
        "count": 27
      },
      {
        "coord": "(6,3)",
        "percentage": 2.9,
        "count": 4
      },
      {
        "coord": "(0,5)",
        "percentage": 1.5,
        "count": 2
      }
    ],
    "total_policy_counts": 137
  },
  "part_comparison": {
    "uniqueness_score": 0.18830502033233643,
    "similar_positions": [
      1536,
      6524,
      623,
      6523,
      1729
    ],
    "part_rank": 7,
    "max_other_part_activation": 0.540785014629364,
    "activation_percentile": 99.89398758140238
  }
}