{
  "position_info": {
    "part": 38,
    "rank": 10,
    "global_position": 787,
    "move_coordinate": "C5",
    "turn_number": 5,
    "npz_file": "1906C337F5CDAFA9.npz",
    "board_tensor_file": "pos_787/board.npy",
    "sgf_file": "pos_787/game.sgf"
  },
  "nmf_analysis": {
    "activation_strength": 0.817556619644165,
    "rank_in_component": 10,
    "activation_in_other_components": [
      0.0,
      0.05538151040673256,
      0.0,
      0.0,
      0.0,
      0.0,
      0.11429668962955475,
      0.022720232605934143,
      0.0033822834957391024,
      0.10261406749486923,
      0.030217096209526062,
      0.08766645938158035,
      0.05964034050703049,
      0.0,
      0.0,
      0.19489933550357819,
      0.003171415999531746,
      0.00034855390549637377,
      0.0,
      0.0,
      0.0,
      0.05948663502931595,
      0.00019626702123787254,
      0.0,
      0.09527029097080231,
      0.0006822939612902701,
      0.003908476792275906,
      0.0,
      0.0,
      0.006278349552303553,
      0.03727729618549347,
      0.27792489528656006,
      0.0,
      0.0,
      0.0,
      0.03752154856920242,
      0.0,
      0.0,
      0.817556619644165,
      0.0,
      0.08356790244579315,
      0.0,
      0.10722065716981888,
      0.0,
      0.0,
      0.23208683729171753,
      0.0,
      0.0,
      0.05749191716313362,
      0.48160913586616516
    ],
    "channel_activity": [
      49,
      1,
      1,
      0,
      0,
      2,
      0,
      0,
      0,
      1,
      1,
      0,
      0,
      0,
      0,
      0,
      0,
      0,
      1,
      1,
      0,
      0
    ],
    "top_active_channels": [
      [
        0,
        49
      ],
      [
        5,
        2
      ],
      [
        1,
        1
      ],
      [
        2,
        1
      ],
      [
        9,
        1
      ]
    ],
    "total_board_activity": 57
  },
  "go_pattern_analysis": {
    "move_type": "corner",
    "game_phase": "opening",
    "turn_number": 5,
    "policy_entropy": 0.07470433715479614,
    "policy_confidence": 0.990909090909091,
    "top_policy_moves": [
      {
        "coord": "(4,2)",
        "percentage": 99.1,
        "count": 109
      },
      {
        "coord": "(4,3)",
        "percentage": 0.9,
        "count": 1
      }
    ],
    "total_policy_counts": 110
  },
  "component_comparison": {
    "uniqueness_score": 0.6292935609817505,
    "similar_positions": [
      2978,
      5626,
      5462,
      5625,
      5933
    ],
    "component_rank": 10,
    "max_other_component_activation": 0.48160913586616516,
    "activation_percentile": 99.8485536877177
  }
}