{
  "position_info": {
    "part": 0,
    "rank": 8,
    "global_position": 4535,
    "move_coordinate": "PASS",
    "turn_number": 1,
    "npz_file": "B330F9C802154800.npz",
    "board_tensor_file": "pos_4535/board.npy",
    "sgf_file": "pos_4535/game.sgf"
  },
  "nmf_analysis": {
    "activation_strength": 4267.36669921875,
    "rank_in_part": 8,
    "activation_in_other_parts": [
      4267.36669921875,
      118.784423828125,
      55.5870475769043,
      143.1016387939453,
      0.0,
      0.644721269607544,
      0.15099464356899261,
      0.045819226652383804,
      0.04172638803720474,
      0.0,
      0.45128288865089417,
      0.0,
      0.24151937663555145,
      0.0,
      0.0,
      0.12954862415790558,
      0.002224959433078766,
      0.21042552590370178,
      0.5782202482223511,
      0.0,
      0.0,
      0.0,
      0.2369689643383026,
      0.0,
      0.0
    ],
    "channel_activity": [
      49,
      16,
      12,
      0,
      0,
      1,
      0,
      0,
      0,
      1,
      0,
      1,
      0,
      1,
      0,
      1,
      1,
      0,
      29,
      20,
      12,
      11
    ],
    "top_active_channels": [
      [
        0,
        49
      ],
      [
        18,
        29
      ],
      [
        19,
        20
      ],
      [
        1,
        16
      ],
      [
        2,
        12
      ]
    ],
    "total_board_activity": 155
  },
  "go_pattern_analysis": {
    "move_type": "pass",
    "game_phase": "opening",
    "turn_number": 1,
    "policy_entropy": 0.6765793019687399,
    "policy_confidence": 0.8846153846153846,
    "top_policy_moves": [
      {
        "coord": "PASS",
        "percentage": 88.5,
        "count": 138
      },
      {
        "coord": "(3,0)",
        "percentage": 5.1,
        "count": 8
      },
      {
        "coord": "(5,0)",
        "percentage": 5.1,
        "count": 8
      },
      {
        "coord": "(4,1)",
        "percentage": 1.3,
        "count": 2
      }
    ],
    "total_policy_counts": 156
  },
  "part_comparison": {
    "uniqueness_score": 0.9675540924072266,
    "similar_positions": [
      6387,
      934,
      933,
      1177,
      349
    ],
    "part_rank": 8,
    "max_other_part_activation": 143.1016387939453,
    "activation_percentile": 99.87884295017416
  }
}