{
  "position_info": {
    "part": 5,
    "rank": 5,
    "global_position": 2582,
    "move_coordinate": "C4",
    "turn_number": 3,
    "npz_file": "76F9EC3EB6A76AA0.npz",
    "board_tensor_file": "pos_2582/board.npy",
    "sgf_file": "pos_2582/game.sgf"
  },
  "nmf_analysis": {
    "activation_strength": 1.0807100534439087,
    "rank_in_part": 5,
    "activation_in_other_parts": [
      488.3544006347656,
      372.2931823730469,
      71.37277221679688,
      37.12348175048828,
      296.315673828125,
      1.0807100534439087,
      0.0,
      0.0,
      0.14252254366874695,
      0.0,
      0.5858585238456726,
      0.0,
      0.0,
      0.0,
      0.17279668152332306,
      0.0,
      0.0,
      0.0,
      0.0,
      0.30257686972618103,
      0.0,
      0.0,
      0.0,
      0.0,
      0.05808914452791214
    ],
    "channel_activity": [
      49,
      0,
      1,
      0,
      0,
      0,
      0,
      0,
      0,
      1,
      0,
      0,
      0,
      0,
      0,
      0,
      0,
      0,
      0,
      49,
      0,
      0
    ],
    "top_active_channels": [
      [
        0,
        49
      ],
      [
        19,
        49
      ],
      [
        2,
        1
      ],
      [
        9,
        1
      ],
      [
        1,
        0
      ]
    ],
    "total_board_activity": 100
  },
  "go_pattern_analysis": {
    "move_type": "side",
    "game_phase": "opening",
    "turn_number": 3,
    "policy_entropy": 1.9488832188730367,
    "policy_confidence": 0.36607142857142855,
    "top_policy_moves": [
      {
        "coord": "(3,2)",
        "percentage": 36.6,
        "count": 41
      },
      {
        "coord": "(3,4)",
        "percentage": 23.2,
        "count": 26
      },
      {
        "coord": "(2,2)",
        "percentage": 21.4,
        "count": 24
      },
      {
        "coord": "(2,4)",
        "percentage": 18.8,
        "count": 21
      }
    ],
    "total_policy_counts": 112
  },
  "part_comparison": {
    "uniqueness_score": 0.002208076184615493,
    "similar_positions": [
      726,
      725,
      786,
      3821,
      3906
    ],
    "part_rank": 5,
    "max_other_part_activation": 488.3544006347656,
    "activation_percentile": 99.92427684385885
  }
}