{
  "position_info": {
    "part": 9,
    "rank": 10,
    "global_position": 2582,
    "move_coordinate": "C4",
    "turn_number": 3,
    "npz_file": "76F9EC3EB6A76AA0.npz",
    "board_tensor_file": "pos_2582/board.npy",
    "sgf_file": "pos_2582/game.sgf"
  },
  "nmf_analysis": {
    "activation_strength": 0.22429285943508148,
    "rank_in_part": 10,
    "activation_in_other_parts": [
      0.28318506479263306,
      0.08091289550065994,
      0.0,
      0.029688680544495583,
      0.01832779496908188,
      0.049745164811611176,
      0.03404269367456436,
      0.08612335473299026,
      0.0,
      0.22429285943508148,
      0.0,
      0.0,
      0.05671631917357445,
      0.02822631038725376,
      0.0,
      0.0,
      0.004855665378272533,
      0.0,
      0.011461080983281136,
      0.08381883054971695,
      0.0,
      0.10425624251365662,
      0.0,
      0.005676667205989361,
      0.13884299993515015,
      0.00341858365572989,
      0.0,
      0.007507420610636473,
      0.2493802011013031,
      0.0,
      0.03024071268737316,
      0.9245744347572327,
      0.10996373742818832,
      0.02834504097700119,
      0.02445424161851406,
      0.0,
      0.0,
      0.0,
      0.39320212602615356,
      0.0,
      0.09715240448713303,
      0.025134965777397156,
      0.05867033824324608,
      0.0,
      0.0,
      0.02675940841436386,
      0.0,
      0.0,
      0.20550908148288727,
      0.004681396298110485
    ],
    "channel_activity": [
      49,
      0,
      1,
      0,
      0,
      0,
      0,
      0,
      0,
      1,
      0,
      0,
      0,
      0,
      0,
      0,
      0,
      0,
      0,
      49,
      0,
      0
    ],
    "top_active_channels": [
      [
        0,
        49
      ],
      [
        19,
        49
      ],
      [
        2,
        1
      ],
      [
        9,
        1
      ],
      [
        1,
        0
      ]
    ],
    "total_board_activity": 100
  },
  "go_pattern_analysis": {
    "move_type": "side",
    "game_phase": "opening",
    "turn_number": 3,
    "policy_entropy": 1.9488832188730367,
    "policy_confidence": 0.36607142857142855,
    "top_policy_moves": [
      {
        "coord": "(3,2)",
        "percentage": 36.6,
        "count": 41
      },
      {
        "coord": "(3,4)",
        "percentage": 23.2,
        "count": 26
      },
      {
        "coord": "(2,2)",
        "percentage": 21.4,
        "count": 24
      },
      {
        "coord": "(2,4)",
        "percentage": 18.8,
        "count": 21
      }
    ],
    "total_policy_counts": 112
  },
  "part_comparison": {
    "uniqueness_score": 0.19522957503795624,
    "similar_positions": [
      6366,
      1821,
      4410,
      786,
      779
    ],
    "part_rank": 10,
    "max_other_part_activation": 0.9245744347572327,
    "activation_percentile": 99.8485536877177
  }
}