{
  "position_info": {
    "part": 4,
    "rank": 3,
    "global_position": 2582,
    "move_coordinate": "C4",
    "turn_number": 3,
    "npz_file": "76F9EC3EB6A76AA0.npz",
    "board_tensor_file": "pos_2582/board.npy",
    "sgf_file": "pos_2582/game.sgf"
  },
  "nmf_analysis": {
    "activation_strength": 0.8323955535888672,
    "rank_in_part": 3,
    "activation_in_other_parts": [
      0.44299253821372986,
      0.3822506368160248,
      0.0,
      0.0505678616464138,
      0.8323955535888672,
      0.0189809687435627,
      0.0,
      0.0,
      0.03225897625088692,
      0.24962154030799866,
      0.027938362210989,
      0.005881218705326319,
      8.115085074678063e-05,
      0.0,
      0.0,
      0.0,
      0.4911000430583954,
      0.0,
      0.017504651099443436,
      0.0,
      0.0,
      0.006002319976687431,
      0.051004379987716675,
      0.0,
      0.1378016471862793
    ],
    "channel_activity": [
      49,
      0,
      1,
      0,
      0,
      0,
      0,
      0,
      0,
      1,
      0,
      0,
      0,
      0,
      0,
      0,
      0,
      0,
      0,
      49,
      0,
      0
    ],
    "top_active_channels": [
      [
        0,
        49
      ],
      [
        19,
        49
      ],
      [
        2,
        1
      ],
      [
        9,
        1
      ],
      [
        1,
        0
      ]
    ],
    "total_board_activity": 100
  },
  "go_pattern_analysis": {
    "move_type": "side",
    "game_phase": "opening",
    "turn_number": 3,
    "policy_entropy": 1.9488832188730367,
    "policy_confidence": 0.36607142857142855,
    "top_policy_moves": [
      {
        "coord": "(3,2)",
        "percentage": 36.6,
        "count": 41
      },
      {
        "coord": "(3,4)",
        "percentage": 23.2,
        "count": 26
      },
      {
        "coord": "(2,2)",
        "percentage": 21.4,
        "count": 24
      },
      {
        "coord": "(2,4)",
        "percentage": 18.8,
        "count": 21
      }
    ],
    "total_policy_counts": 112
  },
  "part_comparison": {
    "uniqueness_score": 0.6289371252059937,
    "similar_positions": [
      6366,
      4410,
      1821,
      4993,
      6372
    ],
    "part_rank": 3,
    "max_other_part_activation": 0.4911000430583954,
    "activation_percentile": 99.95456610631531
  }
}