{
  "position_info": {
    "part": 40,
    "rank": 11,
    "global_position": 3184,
    "move_coordinate": "B2",
    "turn_number": 20,
    "npz_file": "76F9EC3EB6A76AA0.npz",
    "board_tensor_file": "pos_3184/board.npy",
    "sgf_file": "pos_3184/game.sgf"
  },
  "nmf_analysis": {
    "activation_strength": 0.47460752725601196,
    "rank_in_component": 11,
    "activation_in_other_components": [
      0.021114492788910866,
      0.019063904881477356,
      0.0,
      0.0102568119764328,
      0.016225814819335938,
      0.0,
      0.011758830398321152,
      0.002030142117291689,
      0.005498317535966635,
      0.0,
      0.005842666141688824,
      0.05525895208120346,
      0.0013095771428197622,
      4.2592117097228765e-05,
      0.008188145235180855,
      0.11185005307197571,
      0.01271712314337492,
      0.00027179179596714675,
      0.019493598490953445,
      0.0,
      0.010030947625637054,
      0.0006477379356510937,
      0.007251088973134756,
      0.0,
      0.0,
      0.0061687082052230835,
      0.0036833719350397587,
      0.021476605907082558,
      0.0,
      0.21841317415237427,
      0.03377404808998108,
      0.14715781807899475,
      0.0,
      0.0019324957393109798,
      0.003969019278883934,
      0.27105143666267395,
      0.018230102956295013,
      0.151417076587677,
      0.4891316890716553,
      0.008763676509261131,
      0.47460752725601196,
      0.0,
      0.15517374873161316,
      0.1728336662054062,
      0.0,
      0.0,
      0.0,
      0.04079755023121834,
      0.20680679380893707,
      0.3669659197330475
    ],
    "channel_activity": [
      49,
      3,
      3,
      0,
      0,
      0,
      0,
      0,
      0,
      1,
      1,
      1,
      1,
      1,
      0,
      0,
      0,
      0,
      0,
      0,
      0,
      0
    ],
    "top_active_channels": [
      [
        0,
        49
      ],
      [
        1,
        3
      ],
      [
        2,
        3
      ],
      [
        9,
        1
      ],
      [
        10,
        1
      ]
    ],
    "total_board_activity": 60
  },
  "go_pattern_analysis": {
    "move_type": "corner",
    "game_phase": "opening",
    "turn_number": 20,
    "policy_entropy": 1.1182788558977044,
    "policy_confidence": 0.7174887892376681,
    "top_policy_moves": [
      {
        "coord": "(1,1)",
        "percentage": 71.7,
        "count": 160
      },
      {
        "coord": "(3,1)",
        "percentage": 18.8,
        "count": 42
      },
      {
        "coord": "(3,5)",
        "percentage": 9.4,
        "count": 21
      }
    ],
    "total_policy_counts": 223
  },
  "component_comparison": {
    "uniqueness_score": 0.49246469140052795,
    "similar_positions": [
      1757,
      4189,
      3451,
      747,
      6471
    ],
    "component_rank": 11,
    "max_other_component_activation": 0.4891316890716553,
    "activation_percentile": 99.83340905648947
  }
}