{
  "position_info": {
    "part": 29,
    "rank": 19,
    "global_position": 887,
    "move_coordinate": "F7",
    "turn_number": 18,
    "npz_file": "1906C337F5CDAFA9.npz",
    "board_tensor_file": "pos_887/board.npy",
    "sgf_file": "pos_887/game.sgf"
  },
  "nmf_analysis": {
    "activation_strength": 0.40186208486557007,
    "rank_in_component": 19,
    "activation_in_other_components": [
      0.05589980632066727,
      0.05320463329553604,
      0.0,
      0.013601315207779408,
      0.018726782873272896,
      0.027617501094937325,
      0.03220725804567337,
      0.008108969777822495,
      0.020572112873196602,
      0.060283973813056946,
      0.019832370802760124,
      0.03846440464258194,
      0.045139990746974945,
      0.00911287497729063,
      0.015830455347895622,
      0.023302718997001648,
      0.0,
      0.00031622895039618015,
      0.0,
      0.007876764982938766,
      0.014775903895497322,
      0.049558527767658234,
      0.013724666088819504,
      0.0,
      0.08892893046140671,
      0.0,
      0.0025405699852854013,
      0.0,
      0.2703556418418884,
      0.40186208486557007,
      0.02916163206100464,
      0.014048274606466293,
      0.0,
      0.3200061619281769,
      0.4813374876976013,
      0.0,
      0.29628828167915344,
      0.0,
      0.0,
      0.010657919570803642,
      0.0,
      0.13758619129657745,
      0.010885288938879967,
      0.0,
      0.032793983817100525,
      0.09794346988201141,
      0.0017543500289320946,
      0.13861717283725739,
      0.2173827439546585,
      0.2778162360191345
    ],
    "channel_activity": [
      49,
      14,
      18,
      1,
      7,
      3,
      0,
      0,
      0,
      1,
      0,
      0,
      0,
      0,
      3,
      4,
      4,
      2,
      14,
      17,
      15,
      17
    ],
    "top_active_channels": [
      [
        0,
        49
      ],
      [
        2,
        18
      ],
      [
        19,
        17
      ],
      [
        21,
        17
      ],
      [
        20,
        15
      ]
    ],
    "total_board_activity": 169
  },
  "go_pattern_analysis": {
    "move_type": "corner",
    "game_phase": "opening",
    "turn_number": 18,
    "policy_entropy": 2.9369563057766257,
    "policy_confidence": 0.26582278481012656,
    "top_policy_moves": [
      {
        "coord": "(6,5)",
        "percentage": 26.6,
        "count": 42
      },
      {
        "coord": "(3,4)",
        "percentage": 15.2,
        "count": 24
      },
      {
        "coord": "(4,6)",
        "percentage": 13.3,
        "count": 21
      },
      {
        "coord": "(0,6)",
        "percentage": 12.7,
        "count": 20
      },
      {
        "coord": "(2,6)",
        "percentage": 9.5,
        "count": 15
      }
    ],
    "total_policy_counts": 158
  },
  "component_comparison": {
    "uniqueness_score": 0.4550071060657501,
    "similar_positions": [
      4462,
      3673,
      1704,
      3178,
      3180
    ],
    "component_rank": 19,
    "max_other_component_activation": 0.4813374876976013,
    "activation_percentile": 99.71225200666363
  }
}