{
  "position_info": {
    "part": 15,
    "rank": 10,
    "global_position": 3155,
    "move_coordinate": "C6",
    "turn_number": 1,
    "npz_file": "76F9EC3EB6A76AA0.npz",
    "board_tensor_file": "pos_3155/board.npy",
    "sgf_file": "pos_3155/game.sgf"
  },
  "nmf_analysis": {
    "activation_strength": 0.4387314021587372,
    "rank_in_part": 10,
    "activation_in_other_parts": [
      0.03346836566925049,
      0.17754073441028595,
      0.1416475623846054,
      0.020070305094122887,
      0.07162287831306458,
      0.14902091026306152,
      0.25146204233169556,
      0.1699751764535904,
      0.2581087648868561,
      0.20691058039665222,
      0.07162348926067352,
      0.06358189135789871,
      0.07976022362709045,
      0.03075503557920456,
      0.12357877194881439,
      0.4387314021587372,
      0.2923603355884552,
      0.0,
      0.03320803493261337,
      0.20176459848880768,
      0.0024337125942111015,
      0.08239971101284027,
      0.04882464557886124,
      0.21222041547298431,
      0.2859979569911957
    ],
    "channel_activity": [
      49,
      5,
      6,
      0,
      1,
      5,
      0,
      0,
      0,
      1,
      1,
      1,
      1,
      1,
      1,
      2,
      1,
      1,
      0,
      0,
      0,
      0
    ],
    "top_active_channels": [
      [
        0,
        49
      ],
      [
        2,
        6
      ],
      [
        1,
        5
      ],
      [
        5,
        5
      ],
      [
        15,
        2
      ]
    ],
    "total_board_activity": 76
  },
  "go_pattern_analysis": {
    "move_type": "corner",
    "game_phase": "opening",
    "turn_number": 1,
    "policy_entropy": -0.0,
    "policy_confidence": 1.0,
    "top_policy_moves": [
      {
        "coord": "(5,2)",
        "percentage": 100.0,
        "count": 388
      }
    ],
    "total_policy_counts": 388
  },
  "part_comparison": {
    "uniqueness_score": 0.6001044511795044,
    "similar_positions": [
      4580,
      4581,
      3622,
      4195,
      3156
    ],
    "part_rank": 10,
    "max_other_part_activation": 0.2923603355884552,
    "activation_percentile": 99.8485536877177
  }
}