{
  "position_info": {
    "part": 26,
    "rank": 20,
    "global_position": 3385,
    "move_coordinate": "D5",
    "turn_number": 4,
    "npz_file": "AAE4EE8DC9A92FFF.npz",
    "board_tensor_file": "pos_3385/board.npy",
    "sgf_file": "pos_3385/game.sgf"
  },
  "nmf_analysis": {
    "activation_strength": 0.02086007408797741,
    "rank_in_component": 20,
    "activation_in_other_components": [
      0.07473455369472504,
      0.04456581175327301,
      0.0,
      0.0,
      0.0,
      0.018514186143875122,
      0.09256823360919952,
      0.008807694539427757,
      0.1205507293343544,
      0.0,
      0.1334128975868225,
      0.009592476300895214,
      0.01211237907409668,
      0.006133553106337786,
      0.05819370970129967,
      0.008451821282505989,
      0.012351753190159798,
      0.000840476481243968,
      0.010924833826720715,
      0.0,
      0.06930121034383774,
      0.0,
      0.06514157354831696,
      0.08116733282804489,
      0.0,
      0.004541025031358004,
      0.02086007408797741,
      0.0,
      0.25993698835372925,
      0.18796950578689575,
      0.0,
      0.7074222564697266,
      0.4119899272918701,
      0.021617498248815536,
      0.02228061482310295,
      0.0,
      0.0,
      0.0,
      0.38950207829475403,
      0.01775578036904335,
      0.0,
      0.0489659309387207,
      0.21449962258338928,
      0.0,
      0.0,
      0.010555161163210869,
      0.0,
      0.0,
      0.36627936363220215,
      0.0
    ],
    "channel_activity": [
      49,
      1,
      2,
      0,
      1,
      2,
      0,
      0,
      0,
      1,
      1,
      1,
      0,
      0,
      0,
      0,
      0,
      0,
      1,
      2,
      0,
      0
    ],
    "top_active_channels": [
      [
        0,
        49
      ],
      [
        2,
        2
      ],
      [
        5,
        2
      ],
      [
        19,
        2
      ],
      [
        1,
        1
      ]
    ],
    "total_board_activity": 61
  },
  "go_pattern_analysis": {
    "move_type": "side",
    "game_phase": "opening",
    "turn_number": 4,
    "policy_entropy": -0.0,
    "policy_confidence": 1.0,
    "top_policy_moves": [
      {
        "coord": "(4,3)",
        "percentage": 100.0,
        "count": 529
      }
    ],
    "total_policy_counts": 529
  },
  "component_comparison": {
    "uniqueness_score": 0.028642838820815086,
    "similar_positions": [
      988,
      1663,
      2297,
      1973,
      3429
    ],
    "component_rank": 20,
    "max_other_component_activation": 0.7074222564697266,
    "activation_percentile": 99.69710737543541
  }
}