{
  "position_info": {
    "part": 17,
    "rank": 11,
    "global_position": 6300,
    "move_coordinate": "B4",
    "turn_number": 11,
    "npz_file": "E3CD9898B9AFF870.npz",
    "board_tensor_file": "pos_6300/board.npy",
    "sgf_file": "pos_6300/game.sgf"
  },
  "nmf_analysis": {
    "activation_strength": 0.9978110790252686,
    "rank_in_part": 11,
    "activation_in_other_parts": [
      146.57400512695312,
      455.9509582519531,
      388.6922607421875,
      77.8633804321289,
      58.39807891845703,
      0.0,
      0.3598324656486511,
      0.4013838768005371,
      0.14949306845664978,
      0.0,
      0.4055033028125763,
      0.0,
      0.0,
      0.0,
      0.4869721531867981,
      0.0,
      0.3527844250202179,
      0.9978110790252686,
      0.15765531361103058,
      0.0,
      0.07098153233528137,
      0.03791993111371994,
      0.0,
      0.0,
      0.1116681769490242
    ],
    "channel_activity": [
      49,
      6,
      6,
      0,
      1,
      1,
      0,
      0,
      0,
      1,
      1,
      1,
      1,
      1,
      1,
      0,
      1,
      1,
      6,
      6,
      0,
      0
    ],
    "top_active_channels": [
      [
        0,
        49
      ],
      [
        1,
        6
      ],
      [
        2,
        6
      ],
      [
        18,
        6
      ],
      [
        19,
        6
      ]
    ],
    "total_board_activity": 83
  },
  "go_pattern_analysis": {
    "move_type": "side",
    "game_phase": "opening",
    "turn_number": 11,
    "policy_entropy": -0.0,
    "policy_confidence": 1.0,
    "top_policy_moves": [
      {
        "coord": "(3,1)",
        "percentage": 100.0,
        "count": 274
      }
    ],
    "total_policy_counts": 274
  },
  "part_comparison": {
    "uniqueness_score": 0.0021836389787495136,
    "similar_positions": [
      1944,
      1943,
      260,
      259,
      2940
    ],
    "part_rank": 11,
    "max_other_part_activation": 455.9509582519531,
    "activation_percentile": 99.83340905648947
  }
}