{
  "position_info": {
    "part": 10,
    "rank": 3,
    "global_position": 1724,
    "move_coordinate": "C4",
    "turn_number": 6,
    "npz_file": "1D638D50844BD930.npz",
    "board_tensor_file": "pos_1724/board.npy",
    "sgf_file": "pos_1724/game.sgf"
  },
  "nmf_analysis": {
    "activation_strength": 265.61181640625,
    "rank_in_part": 3,
    "activation_in_other_parts": [
      16.357580184936523,
      82.390380859375,
      0.17921525239944458,
      5.547276973724365,
      8.285841941833496,
      22.481182098388672,
      0.0,
      2.9541032314300537,
      0.24907562136650085,
      0.0,
      265.61181640625,
      0.004035472869873047,
      0.0,
      0.098064124584198,
      0.39145857095718384,
      0.28076794743537903,
      0.040595896542072296,
      0.0,
      0.0,
      0.10666020214557648,
      0.05707352235913277,
      0.01116439700126648,
      0.05501644313335419,
      0.0,
      0.0
    ],
    "channel_activity": [
      49,
      0,
      1,
      0,
      0,
      0,
      0,
      0,
      0,
      1,
      0,
      0,
      0,
      0,
      0,
      0,
      0,
      0,
      0,
      0,
      0,
      0
    ],
    "top_active_channels": [
      [
        0,
        49
      ],
      [
        2,
        1
      ],
      [
        9,
        1
      ],
      [
        1,
        0
      ],
      [
        3,
        0
      ]
    ],
    "total_board_activity": 51
  },
  "go_pattern_analysis": {
    "move_type": "side",
    "game_phase": "opening",
    "turn_number": 6,
    "policy_entropy": 1.8916602814905252,
    "policy_confidence": 0.4143646408839779,
    "top_policy_moves": [
      {
        "coord": "(3,2)",
        "percentage": 41.4,
        "count": 75
      },
      {
        "coord": "(3,4)",
        "percentage": 24.9,
        "count": 45
      },
      {
        "coord": "(4,2)",
        "percentage": 17.1,
        "count": 31
      },
      {
        "coord": "(4,4)",
        "percentage": 16.6,
        "count": 30
      }
    ],
    "total_policy_counts": 181
  },
  "part_comparison": {
    "uniqueness_score": 0.763247549533844,
    "similar_positions": [
      779,
      3536,
      3835,
      6323,
      3821
    ],
    "part_rank": 3,
    "max_other_part_activation": 82.390380859375,
    "activation_percentile": 99.95456610631531
  }
}