{
  "position_info": {
    "part": 43,
    "rank": 3,
    "global_position": 2799,
    "move_coordinate": "G3",
    "turn_number": 1,
    "npz_file": "76F9EC3EB6A76AA0.npz",
    "board_tensor_file": "pos_2799/board.npy",
    "sgf_file": "pos_2799/game.sgf"
  },
  "nmf_analysis": {
    "activation_strength": 0.2645430266857147,
    "rank_in_component": 3,
    "activation_in_other_components": [
      0.06863579899072647,
      0.09850049018859863,
      0.0,
      0.007613014429807663,
      0.006668023765087128,
      0.005059175658971071,
      0.0,
      0.04421199858188629,
      0.003958245739340782,
      0.13417455554008484,
      0.0,
      0.0879637598991394,
      0.04456242173910141,
      0.020059878006577492,
      0.005456614773720503,
      0.11182267963886261,
      0.013425376266241074,
      0.0005512950592674315,
      0.01540714967995882,
      0.021949388086795807,
      0.0022078319452703,
      0.05328361317515373,
      0.0027266424149274826,
      0.0,
      0.058987073600292206,
      0.005905762780457735,
      0.0033860914409160614,
      0.0,
      0.29003140330314636,
      0.0704759880900383,
      0.08536678552627563,
      0.06418685615062714,
      0.0,
      0.15543027222156525,
      0.1598670929670334,
      0.0062026153318583965,
      0.13149012625217438,
      0.22459931671619415,
      0.041187409311532974,
      0.13426117599010468,
      0.05298883840441704,
      0.0,
      0.03180187940597534,
      0.2645430266857147,
      0.09371356666088104,
      0.17743781208992004,
      0.1754974126815796,
      0.11024365574121475,
      0.42738479375839233,
      0.2734017074108124
    ],
    "channel_activity": [
      49,
      7,
      8,
      0,
      0,
      1,
      0,
      0,
      0,
      1,
      1,
      1,
      1,
      1,
      0,
      1,
      0,
      0,
      0,
      0,
      0,
      0
    ],
    "top_active_channels": [
      [
        0,
        49
      ],
      [
        2,
        8
      ],
      [
        1,
        7
      ],
      [
        5,
        1
      ],
      [
        9,
        1
      ]
    ],
    "total_board_activity": 71
  },
  "go_pattern_analysis": {
    "move_type": "corner",
    "game_phase": "opening",
    "turn_number": 1,
    "policy_entropy": -0.0,
    "policy_confidence": 1.0,
    "top_policy_moves": [
      {
        "coord": "(2,6)",
        "percentage": 100.0,
        "count": 537
      }
    ],
    "total_policy_counts": 537
  },
  "component_comparison": {
    "uniqueness_score": 0.38232749700546265,
    "similar_positions": [
      2571,
      3279,
      4365,
      2077,
      2418
    ],
    "component_rank": 3,
    "max_other_component_activation": 0.42738479375839233,
    "activation_percentile": 99.95456610631531
  }
}