{
  "position_info": {
    "part": 47,
    "rank": 9,
    "global_position": 3996,
    "move_coordinate": "F4",
    "turn_number": 49,
    "npz_file": "AAE4EE8DC9A92FFF.npz",
    "board_tensor_file": "pos_3996/board.npy",
    "sgf_file": "pos_3996/game.sgf"
  },
  "nmf_analysis": {
    "activation_strength": 0.3374708294868469,
    "rank_in_part": 9,
    "activation_in_other_parts": [
      0.011725325137376785,
      0.05746403709053993,
      0.0,
      0.005087671335786581,
      0.013037926517426968,
      0.00349979056045413,
      0.25671595335006714,
      0.004659431055188179,
      0.0011538697872310877,
      0.0,
      0.01117786392569542,
      0.01803101971745491,
      0.01965072564780712,
      0.0037531042471528053,
      0.0,
      0.06262775510549545,
      0.0,
      0.00016217947995755821,
      0.000675490009598434,
      0.0,
      0.0,
      0.020911267027258873,
      0.0,
      0.034380875527858734,
      0.05835607275366783,
      0.0,
      0.0,
      0.024525780230760574,
      0.08018790185451508,
      0.038571566343307495,
      0.09868369996547699,
      0.06930290907621384,
      0.08412905782461166,
      0.24332928657531738,
      0.023245790973305702,
      0.05942296236753464,
      0.03733161836862564,
      0.23823665082454681,
      0.1327589452266693,
      0.14999818801879883,
      0.139631450176239,
      0.12043484300374985,
      0.008586660958826542,
      0.0,
      0.21704646944999695,
      0.10530267655849457,
      0.11899492144584656,
      0.3374708294868469,
      0.18432466685771942,
      0.41746026277542114
    ],
    "channel_activity": [
      49,
      7,
      7,
      0,
      1,
      1,
      0,
      0,
      0,
      1,
      1,
      1,
      1,
      1,
      1,
      0,
      0,
      0,
      7,
      7,
      0,
      0
    ],
    "top_active_channels": [
      [
        0,
        49
      ],
      [
        1,
        7
      ],
      [
        2,
        7
      ],
      [
        18,
        7
      ],
      [
        19,
        7
      ]
    ],
    "total_board_activity": 85
  },
  "go_pattern_analysis": {
    "move_type": "side",
    "game_phase": "middle_game",
    "turn_number": 49,
    "policy_entropy": 1.5512469458174662,
    "policy_confidence": 0.4702702702702703,
    "top_policy_moves": [
      {
        "coord": "(3,5)",
        "percentage": 47.0,
        "count": 87
      },
      {
        "coord": "(1,5)",
        "percentage": 36.2,
        "count": 67
      },
      {
        "coord": "(2,5)",
        "percentage": 15.1,
        "count": 28
      },
      {
        "coord": "(3,6)",
        "percentage": 1.6,
        "count": 3
      }
    ],
    "total_policy_counts": 185
  },
  "part_comparison": {
    "uniqueness_score": 0.447022020816803,
    "similar_positions": [
      4663,
      6024,
      550,
      5873,
      3849
    ],
    "part_rank": 9,
    "max_other_part_activation": 0.41746026277542114,
    "activation_percentile": 99.86369831894594
  }
}