{
  "position_info": {
    "part": 8,
    "rank": 13,
    "global_position": 3403,
    "move_coordinate": "F3",
    "turn_number": 33,
    "npz_file": "AAE4EE8DC9A92FFF.npz",
    "board_tensor_file": "pos_3403/board.npy",
    "sgf_file": "pos_3403/game.sgf"
  },
  "nmf_analysis": {
    "activation_strength": 0.7240017652511597,
    "rank_in_part": 13,
    "activation_in_other_parts": [
      1336.4686279296875,
      421.7716369628906,
      72.47442626953125,
      0.0,
      8.437761306762695,
      0.0,
      0.0,
      5.436889171600342,
      0.7240017652511597,
      0.0,
      70.94674682617188,
      0.0,
      0.0,
      0.0,
      0.0,
      0.12646985054016113,
      0.08712883293628693,
      0.030250176787376404,
      0.33620965480804443,
      0.06042361259460449,
      0.0,
      0.00231735035777092,
      0.0,
      0.06156456097960472,
      0.03952287882566452
    ],
    "channel_activity": [
      49,
      4,
      5,
      0,
      0,
      1,
      0,
      0,
      0,
      1,
      1,
      1,
      1,
      1,
      0,
      1,
      0,
      0,
      0,
      0,
      0,
      0
    ],
    "top_active_channels": [
      [
        0,
        49
      ],
      [
        2,
        5
      ],
      [
        1,
        4
      ],
      [
        5,
        1
      ],
      [
        9,
        1
      ]
    ],
    "total_board_activity": 65
  },
  "go_pattern_analysis": {
    "move_type": "corner",
    "game_phase": "middle_game",
    "turn_number": 33,
    "policy_entropy": -0.0,
    "policy_confidence": 1.0,
    "top_policy_moves": [
      {
        "coord": "(2,5)",
        "percentage": 100.0,
        "count": 263
      }
    ],
    "total_policy_counts": 263
  },
  "part_comparison": {
    "uniqueness_score": 0.0005414341576397419,
    "similar_positions": [
      6368,
      88,
      4550,
      1244,
      1578
    ],
    "part_rank": 13,
    "max_other_part_activation": 1336.4686279296875,
    "activation_percentile": 99.80311979403301
  }
}