{
  "position_info": {
    "part": 21,
    "rank": 20,
    "global_position": 3403,
    "move_coordinate": "F3",
    "turn_number": 33,
    "npz_file": "AAE4EE8DC9A92FFF.npz",
    "board_tensor_file": "pos_3403/board.npy",
    "sgf_file": "pos_3403/game.sgf"
  },
  "nmf_analysis": {
    "activation_strength": 0.10325076431035995,
    "rank_in_component": 20,
    "activation_in_other_components": [
      0.20591773092746735,
      0.04745195806026459,
      0.0,
      0.031525105237960815,
      0.029779858887195587,
      0.027636155486106873,
      0.0,
      0.04969707876443863,
      0.0,
      0.21563318371772766,
      0.0,
      0.0013413786655291915,
      0.0660347267985344,
      0.018185198307037354,
      0.0004274648963473737,
      0.0003515283460728824,
      0.00868321768939495,
      0.00010272290819557384,
      0.020173827186226845,
      0.04548032954335213,
      0.0018915459513664246,
      0.10325076431035995,
      0.0007328857900574803,
      0.0,
      0.12021099776029587,
      0.005086425691843033,
      0.001781134051270783,
      0.0007931041182018816,
      0.1119581088423729,
      0.025232132524251938,
      0.29783689975738525,
      0.2406305968761444,
      0.0,
      0.15771421790122986,
      0.06137514486908913,
      0.05737454816699028,
      0.0,
      0.13941219449043274,
      0.14623619616031647,
      0.042852047830820084,
      0.1917414516210556,
      0.0,
      0.08243187516927719,
      0.22461195290088654,
      0.0493939146399498,
      0.06703466922044754,
      0.07877327501773834,
      0.031775325536727905,
      0.48709627985954285,
      0.15781836211681366
    ],
    "channel_activity": [
      49,
      4,
      5,
      0,
      0,
      1,
      0,
      0,
      0,
      1,
      1,
      1,
      1,
      1,
      0,
      1,
      0,
      0,
      0,
      0,
      0,
      0
    ],
    "top_active_channels": [
      [
        0,
        49
      ],
      [
        2,
        5
      ],
      [
        1,
        4
      ],
      [
        5,
        1
      ],
      [
        9,
        1
      ]
    ],
    "total_board_activity": 65
  },
  "go_pattern_analysis": {
    "move_type": "corner",
    "game_phase": "middle_game",
    "turn_number": 33,
    "policy_entropy": -0.0,
    "policy_confidence": 1.0,
    "top_policy_moves": [
      {
        "coord": "(2,5)",
        "percentage": 100.0,
        "count": 263
      }
    ],
    "total_policy_counts": 263
  },
  "component_comparison": {
    "uniqueness_score": 0.1748984158039093,
    "similar_positions": [
      6366,
      3444,
      4410,
      1821,
      2963
    ],
    "component_rank": 20,
    "max_other_component_activation": 0.48709627985954285,
    "activation_percentile": 99.69710737543541
  }
}