{
  "position_info": {
    "part": 13,
    "rank": 19,
    "global_position": 5923,
    "move_coordinate": "E1",
    "turn_number": 1,
    "npz_file": "E3CD9898B9AFF870.npz",
    "board_tensor_file": "pos_5923/board.npy",
    "sgf_file": "pos_5923/game.sgf"
  },
  "nmf_analysis": {
    "activation_strength": 0.050914932042360306,
    "rank_in_component": 19,
    "activation_in_other_components": [
      0.09562906622886658,
      0.17317739129066467,
      0.0,
      0.0,
      0.0,
      0.05062423273921013,
      0.0032555055804550648,
      0.07733451575040817,
      0.0,
      0.12283328175544739,
      0.007884135469794273,
      0.01806611567735672,
      0.02367604523897171,
      0.050914932042360306,
      0.0,
      0.0005281523335725069,
      0.0,
      0.0011830247240141034,
      0.0,
      0.07285738736391068,
      0.0,
      0.030956584960222244,
      0.0,
      0.0,
      0.036725807934999466,
      0.0,
      0.0,
      0.0,
      0.123234823346138,
      0.11044438183307648,
      0.1586797684431076,
      0.03845478594303131,
      0.2516095042228699,
      0.15020261704921722,
      0.013183863833546638,
      0.1394452005624771,
      0.2476588934659958,
      0.0,
      0.06113610789179802,
      0.270912230014801,
      0.07168720662593842,
      0.2896864116191864,
      0.0,
      0.038672927767038345,
      0.17623069882392883,
      0.0491177961230278,
      0.04457712918519974,
      0.2715878486633301,
      0.13718582689762115,
      0.39275380969047546
    ],
    "channel_activity": [
      49,
      11,
      11,
      0,
      8,
      5,
      0,
      0,
      0,
      1,
      1,
      1,
      1,
      1,
      2,
      0,
      0,
      1,
      0,
      0,
      0,
      0
    ],
    "top_active_channels": [
      [
        0,
        49
      ],
      [
        1,
        11
      ],
      [
        2,
        11
      ],
      [
        4,
        8
      ],
      [
        5,
        5
      ]
    ],
    "total_board_activity": 92
  },
  "go_pattern_analysis": {
    "move_type": "corner",
    "game_phase": "opening",
    "turn_number": 1,
    "policy_entropy": 1.6249122531721005,
    "policy_confidence": 0.5399484536082474,
    "top_policy_moves": [
      {
        "coord": "(0,4)",
        "percentage": 54.0,
        "count": 419
      },
      {
        "coord": "(6,2)",
        "percentage": 31.3,
        "count": 243
      },
      {
        "coord": "(6,3)",
        "percentage": 6.7,
        "count": 52
      },
      {
        "coord": "(5,2)",
        "percentage": 5.8,
        "count": 45
      },
      {
        "coord": "(1,1)",
        "percentage": 2.2,
        "count": 17
      }
    ],
    "total_policy_counts": 776
  },
  "component_comparison": {
    "uniqueness_score": 0.11475888639688492,
    "similar_positions": [
      2742,
      5172,
      5756,
      262,
      6121
    ],
    "component_rank": 19,
    "max_other_component_activation": 0.39275380969047546,
    "activation_percentile": 99.71225200666363
  }
}