{
  "position_info": {
    "part": 30,
    "rank": 20,
    "global_position": 3655,
    "move_coordinate": "E5",
    "turn_number": 16,
    "npz_file": "AAE4EE8DC9A92FFF.npz",
    "board_tensor_file": "pos_3655/board.npy",
    "sgf_file": "pos_3655/game.sgf"
  },
  "nmf_analysis": {
    "activation_strength": 0.5423228740692139,
    "rank_in_part": 20,
    "activation_in_other_parts": [
      0.2195291519165039,
      0.014208628796041012,
      0.0,
      0.02664562687277794,
      0.016505533829331398,
      0.02928154170513153,
      0.0,
      0.019375095143914223,
      0.03558145835995674,
      0.030737299472093582,
      0.04792678356170654,
      0.06063494458794594,
      0.0,
      0.010372962802648544,
      0.02495049685239792,
      0.10219485312700272,
      0.01573929563164711,
      0.0002602339372970164,
      0.020786425098776817,
      0.018410518765449524,
      0.03153857961297035,
      0.002052689902484417,
      0.02816612273454666,
      0.0,
      0.0,
      0.007839050143957138,
      0.007235996425151825,
      0.0,
      0.2454873025417328,
      0.012939375825226307,
      0.5423228740692139,
      0.12879090011119843,
      0.09065421670675278,
      0.0,
      0.0011949976906180382,
      0.016282957047224045,
      0.01501995138823986,
      0.0,
      0.17331402003765106,
      0.002525505842640996,
      0.24049827456474304,
      0.25139644742012024,
      0.2308872789144516,
      0.0486777164041996,
      0.0,
      0.0,
      0.14934030175209045,
      0.0,
      0.3057304918766022,
      0.2731999456882477
    ],
    "channel_activity": [
      49,
      6,
      7,
      0,
      1,
      1,
      0,
      0,
      0,
      1,
      1,
      1,
      1,
      1,
      1,
      1,
      0,
      0,
      0,
      0,
      0,
      0
    ],
    "top_active_channels": [
      [
        0,
        49
      ],
      [
        2,
        7
      ],
      [
        1,
        6
      ],
      [
        4,
        1
      ],
      [
        5,
        1
      ]
    ],
    "total_board_activity": 71
  },
  "go_pattern_analysis": {
    "move_type": "corner",
    "game_phase": "opening",
    "turn_number": 16,
    "policy_entropy": 0.020462025775467917,
    "policy_confidence": 0.9980392156862745,
    "top_policy_moves": [
      {
        "coord": "(4,4)",
        "percentage": 99.8,
        "count": 509
      },
      {
        "coord": "(6,1)",
        "percentage": 0.2,
        "count": 1
      }
    ],
    "total_policy_counts": 510
  },
  "part_comparison": {
    "uniqueness_score": 0.6394914984703064,
    "similar_positions": [
      4526,
      1588,
      74,
      1050,
      3124
    ],
    "part_rank": 20,
    "max_other_part_activation": 0.3057304918766022,
    "activation_percentile": 99.69710737543541
  }
}