{
  "position_info": {
    "part": 13,
    "rank": 2,
    "global_position": 2574,
    "move_coordinate": "A7",
    "turn_number": 35,
    "npz_file": "76F9EC3EB6A76AA0.npz",
    "board_tensor_file": "pos_2574/board.npy",
    "sgf_file": "pos_2574/game.sgf"
  },
  "nmf_analysis": {
    "activation_strength": 0.9698300361633301,
    "rank_in_part": 2,
    "activation_in_other_parts": [
      2005.315673828125,
      294.7987976074219,
      30.411165237426758,
      305.658935546875,
      0.0,
      0.29429781436920166,
      0.0,
      0.0,
      0.0,
      0.0,
      0.0,
      0.08166450262069702,
      0.32319802045822144,
      0.9698300361633301,
      0.0,
      0.0,
      0.0,
      0.5765911936759949,
      0.0,
      0.0,
      0.0,
      0.0,
      0.1427263766527176,
      0.0,
      0.12613630294799805
    ],
    "channel_activity": [
      49,
      9,
      10,
      0,
      0,
      0,
      0,
      0,
      0,
      1,
      1,
      1,
      1,
      1,
      0,
      0,
      0,
      0,
      0,
      0,
      0,
      0
    ],
    "top_active_channels": [
      [
        0,
        49
      ],
      [
        2,
        10
      ],
      [
        1,
        9
      ],
      [
        9,
        1
      ],
      [
        10,
        1
      ]
    ],
    "total_board_activity": 73
  },
  "go_pattern_analysis": {
    "move_type": "corner",
    "game_phase": "middle_game",
    "turn_number": 35,
    "policy_entropy": 0.9021721408457306,
    "policy_confidence": 0.7894736842105263,
    "top_policy_moves": [
      {
        "coord": "(6,0)",
        "percentage": 78.9,
        "count": 225
      },
      {
        "coord": "PASS",
        "percentage": 17.9,
        "count": 51
      },
      {
        "coord": "(6,3)",
        "percentage": 1.8,
        "count": 5
      },
      {
        "coord": "(6,5)",
        "percentage": 1.4,
        "count": 4
      }
    ],
    "total_policy_counts": 285
  },
  "part_comparison": {
    "uniqueness_score": 0.00048339582281187177,
    "similar_positions": [
      188,
      2331,
      186,
      3473,
      5434
    ],
    "part_rank": 2,
    "max_other_part_activation": 2005.315673828125,
    "activation_percentile": 99.96971073754354
  }
}