{
  "position_info": {
    "part": 1,
    "rank": 13,
    "global_position": 5934,
    "move_coordinate": "D2",
    "turn_number": 12,
    "npz_file": "E3CD9898B9AFF870.npz",
    "board_tensor_file": "pos_5934/board.npy",
    "sgf_file": "pos_5934/game.sgf"
  },
  "nmf_analysis": {
    "activation_strength": 0.4957563877105713,
    "rank_in_part": 13,
    "activation_in_other_parts": [
      0.09186405688524246,
      0.4957563877105713,
      0.0,
      0.04657689481973648,
      0.23505190014839172,
      0.0623251274228096,
      0.1900617778301239,
      0.01038120687007904,
      0.21126286685466766,
      0.2323157787322998,
      0.017545120790600777,
      0.02024764008820057,
      0.0645517036318779,
      0.0,
      0.12334899604320526,
      0.2675485908985138,
      0.36740216612815857,
      0.0,
      0.0,
      0.09226461499929428,
      0.08542537689208984,
      0.0,
      0.0056807477958500385,
      0.14754308760166168,
      0.379727840423584
    ],
    "channel_activity": [
      49,
      3,
      4,
      0,
      0,
      1,
      0,
      0,
      0,
      1,
      1,
      1,
      1,
      1,
      0,
      0,
      0,
      0,
      0,
      0,
      0,
      0
    ],
    "top_active_channels": [
      [
        0,
        49
      ],
      [
        2,
        4
      ],
      [
        1,
        3
      ],
      [
        5,
        1
      ],
      [
        9,
        1
      ]
    ],
    "total_board_activity": 62
  },
  "go_pattern_analysis": {
    "move_type": "side",
    "game_phase": "opening",
    "turn_number": 12,
    "policy_entropy": 1.2703422588682698,
    "policy_confidence": 0.6869918699186992,
    "top_policy_moves": [
      {
        "coord": "(1,3)",
        "percentage": 68.7,
        "count": 169
      },
      {
        "coord": "(5,3)",
        "percentage": 16.3,
        "count": 40
      },
      {
        "coord": "(5,4)",
        "percentage": 13.8,
        "count": 34
      },
      {
        "coord": "(5,2)",
        "percentage": 1.2,
        "count": 3
      }
    ],
    "total_policy_counts": 246
  },
  "part_comparison": {
    "uniqueness_score": 0.566265344619751,
    "similar_positions": [
      88,
      6367,
      1822,
      2979,
      1823
    ],
    "part_rank": 13,
    "max_other_part_activation": 0.379727840423584,
    "activation_percentile": 99.80311979403301
  }
}