{
  "position_info": {
    "part": 46,
    "rank": 7,
    "global_position": 5833,
    "move_coordinate": "PASS",
    "turn_number": 1,
    "npz_file": "E3CD9898B9AFF870.npz",
    "board_tensor_file": "pos_5833/board.npy",
    "sgf_file": "pos_5833/game.sgf"
  },
  "nmf_analysis": {
    "activation_strength": 0.34639087319374084,
    "rank_in_part": 7,
    "activation_in_other_parts": [
      0.06857907027006149,
      0.010153292678296566,
      0.0,
      0.0,
      0.0,
      0.0,
      0.04934011399745941,
      0.003914384171366692,
      0.007622838485985994,
      0.0,
      0.02943260408937931,
      0.007923467084765434,
      0.006396585609763861,
      0.008981871418654919,
      0.013058068230748177,
      0.0,
      0.008796220645308495,
      0.0003433296224102378,
      0.012488584034144878,
      0.008104309439659119,
      0.0029956363141536713,
      0.0,
      0.00655088946223259,
      0.004410583525896072,
      0.00994072761386633,
      0.004912401549518108,
      0.005312218796461821,
      0.00782136432826519,
      0.14198391139507294,
      0.0017196551198139787,
      0.003609273349866271,
      0.11832719296216965,
      0.0,
      0.2714577317237854,
      0.14850866794586182,
      0.17990507185459137,
      0.1275341510772705,
      0.24143952131271362,
      0.037813570350408554,
      0.2550269067287445,
      0.09093327075242996,
      0.0,
      0.0715971291065216,
      0.07482612133026123,
      0.11342428624629974,
      0.13923177123069763,
      0.34639087319374084,
      0.17066307365894318,
      0.17567215859889984,
      0.41884559392929077
    ],
    "channel_activity": [
      49,
      8,
      8,
      0,
      0,
      0,
      0,
      0,
      0,
      1,
      1,
      1,
      1,
      1,
      0,
      0,
      1,
      0,
      0,
      0,
      0,
      0
    ],
    "top_active_channels": [
      [
        0,
        49
      ],
      [
        1,
        8
      ],
      [
        2,
        8
      ],
      [
        9,
        1
      ],
      [
        10,
        1
      ]
    ],
    "total_board_activity": 71
  },
  "go_pattern_analysis": {
    "move_type": "pass",
    "game_phase": "opening",
    "turn_number": 1,
    "policy_entropy": -0.0,
    "policy_confidence": 1.0,
    "top_policy_moves": [
      {
        "coord": "PASS",
        "percentage": 100.0,
        "count": 530
      }
    ],
    "total_policy_counts": 530
  },
  "part_comparison": {
    "uniqueness_score": 0.45265859365463257,
    "similar_positions": [
      2526,
      3558,
      4802,
      4395,
      4238
    ],
    "part_rank": 6,
    "max_other_part_activation": 0.41884559392929077,
    "activation_percentile": 99.90913221263062
  }
}