{
  "position_info": {
    "part": 9,
    "rank": 8,
    "global_position": 5117,
    "move_coordinate": "E4",
    "turn_number": 6,
    "npz_file": "B330F9C802154800.npz",
    "board_tensor_file": "pos_5117/board.npy",
    "sgf_file": "pos_5117/game.sgf"
  },
  "nmf_analysis": {
    "activation_strength": 0.5223169922828674,
    "rank_in_part": 8,
    "activation_in_other_parts": [
      0.2051575630903244,
      0.15700186789035797,
      0.2136424481868744,
      0.1541561633348465,
      0.503319263458252,
      0.0,
      0.19896724820137024,
      0.009111867286264896,
      0.07006072998046875,
      0.5223169922828674,
      0.0,
      0.16471169888973236,
      0.0,
      0.0,
      0.08103200793266296,
      0.05659998580813408,
      0.7167301774024963,
      0.0,
      0.0,
      0.18172447383403778,
      0.0,
      0.01461638230830431,
      0.0,
      0.0,
      0.031545240432024
    ],
    "channel_activity": [
      49,
      1,
      2,
      0,
      1,
      2,
      0,
      0,
      0,
      1,
      1,
      1,
      0,
      0,
      0,
      0,
      0,
      0,
      1,
      2,
      0,
      0
    ],
    "top_active_channels": [
      [
        0,
        49
      ],
      [
        2,
        2
      ],
      [
        5,
        2
      ],
      [
        19,
        2
      ],
      [
        1,
        1
      ]
    ],
    "total_board_activity": 61
  },
  "go_pattern_analysis": {
    "move_type": "side",
    "game_phase": "opening",
    "turn_number": 6,
    "policy_entropy": -0.0,
    "policy_confidence": 1.0,
    "top_policy_moves": [
      {
        "coord": "(3,4)",
        "percentage": 100.0,
        "count": 528
      }
    ],
    "total_policy_counts": 528
  },
  "part_comparison": {
    "uniqueness_score": 0.4215472936630249,
    "similar_positions": [
      988,
      1663,
      3429,
      1802,
      6427
    ],
    "part_rank": 8,
    "max_other_part_activation": 0.7167301774024963,
    "activation_percentile": 99.87884295017416
  }
}