{
  "position_info": {
    "part": 11,
    "rank": 13,
    "global_position": 882,
    "move_coordinate": "G5",
    "turn_number": 1,
    "npz_file": "1906C337F5CDAFA9.npz",
    "board_tensor_file": "pos_882/board.npy",
    "sgf_file": "pos_882/game.sgf"
  },
  "nmf_analysis": {
    "activation_strength": 0.8807929754257202,
    "rank_in_part": 13,
    "activation_in_other_parts": [
      203.48526000976562,
      51.922908782958984,
      121.15289306640625,
      341.0237121582031,
      180.8352813720703,
      0.0,
      0.0,
      0.0,
      0.0,
      0.0,
      0.0,
      0.8807929754257202,
      0.1305178999900818,
      0.0,
      0.37648019194602966,
      0.0,
      0.0,
      0.0,
      0.3619186282157898,
      0.0,
      0.4086000323295593,
      0.0,
      0.0,
      0.0,
      0.0
    ],
    "channel_activity": [
      49,
      7,
      8,
      0,
      0,
      1,
      0,
      0,
      0,
      1,
      1,
      1,
      1,
      1,
      0,
      1,
      0,
      0,
      7,
      8,
      0,
      0
    ],
    "top_active_channels": [
      [
        0,
        49
      ],
      [
        2,
        8
      ],
      [
        19,
        8
      ],
      [
        1,
        7
      ],
      [
        18,
        7
      ]
    ],
    "total_board_activity": 86
  },
  "go_pattern_analysis": {
    "move_type": "corner",
    "game_phase": "opening",
    "turn_number": 1,
    "policy_entropy": 0.12441411911398062,
    "policy_confidence": 0.9846547314578005,
    "top_policy_moves": [
      {
        "coord": "(4,6)",
        "percentage": 98.5,
        "count": 385
      },
      {
        "coord": "PASS",
        "percentage": 1.3,
        "count": 5
      },
      {
        "coord": "(5,3)",
        "percentage": 0.3,
        "count": 1
      }
    ],
    "total_policy_counts": 391
  },
  "part_comparison": {
    "uniqueness_score": 0.00257613742724061,
    "similar_positions": [
      770,
      2664,
      3363,
      4243,
      771
    ],
    "part_rank": 13,
    "max_other_part_activation": 341.0237121582031,
    "activation_percentile": 99.80311979403301
  }
}