{
  "position_info": {
    "part": 3,
    "rank": 19,
    "global_position": 5835,
    "move_coordinate": "PASS",
    "turn_number": 1,
    "npz_file": "E3CD9898B9AFF870.npz",
    "board_tensor_file": "pos_5835/board.npy",
    "sgf_file": "pos_5835/game.sgf"
  },
  "nmf_analysis": {
    "activation_strength": 125.16034698486328,
    "rank_in_part": 19,
    "activation_in_other_parts": [
      551.1289672851562,
      102.57467651367188,
      46.67156219482422,
      125.16034698486328,
      0.0,
      0.0,
      0.0,
      48.65919494628906,
      0.0,
      0.06202646344900131,
      12.842870712280273,
      0.0,
      0.0,
      0.22063171863555908,
      0.0,
      0.10760146379470825,
      0.17149940133094788,
      0.0,
      0.0,
      0.16059055924415588,
      0.14984732866287231,
      0.0,
      0.0,
      0.0,
      0.0
    ],
    "channel_activity": [
      49,
      9,
      8,
      0,
      0,
      2,
      0,
      0,
      0,
      0,
      1,
      1,
      1,
      1,
      0,
      0,
      0,
      0,
      0,
      0,
      0,
      0
    ],
    "top_active_channels": [
      [
        0,
        49
      ],
      [
        1,
        9
      ],
      [
        2,
        8
      ],
      [
        5,
        2
      ],
      [
        10,
        1
      ]
    ],
    "total_board_activity": 72
  },
  "go_pattern_analysis": {
    "move_type": "pass",
    "game_phase": "opening",
    "turn_number": 1,
    "policy_entropy": -0.0,
    "policy_confidence": 1.0,
    "top_policy_moves": [
      {
        "coord": "PASS",
        "percentage": 100.0,
        "count": 506
      }
    ],
    "total_policy_counts": 506
  },
  "part_comparison": {
    "uniqueness_score": 0.1850692331790924,
    "similar_positions": [
      5518,
      3374,
      1950,
      4370,
      229
    ],
    "part_rank": 19,
    "max_other_part_activation": 551.1289672851562,
    "activation_percentile": 99.71225200666363
  }
}