{
  "position_info": {
    "part": 8,
    "rank": 3,
    "global_position": 3786,
    "move_coordinate": "F2",
    "turn_number": 9,
    "npz_file": "AAE4EE8DC9A92FFF.npz",
    "board_tensor_file": "pos_3786/board.npy",
    "sgf_file": "pos_3786/game.sgf"
  },
  "nmf_analysis": {
    "activation_strength": 1.456425428390503,
    "rank_in_part": 3,
    "activation_in_other_parts": [
      2385.133056640625,
      268.0124206542969,
      131.0411834716797,
      205.1935272216797,
      20.399852752685547,
      0.0,
      0.0,
      0.2503015398979187,
      1.456425428390503,
      0.4344581961631775,
      0.0,
      0.0,
      0.06333984434604645,
      0.0,
      0.0,
      0.0,
      0.38018351793289185,
      0.0,
      0.020573101937770844,
      0.0,
      0.8557727336883545,
      0.0,
      0.30253592133522034,
      0.28585678339004517,
      0.0
    ],
    "channel_activity": [
      49,
      13,
      15,
      1,
      12,
      5,
      0,
      0,
      0,
      1,
      1,
      1,
      1,
      1,
      1,
      1,
      2,
      0,
      14,
      17,
      0,
      0
    ],
    "top_active_channels": [
      [
        0,
        49
      ],
      [
        19,
        17
      ],
      [
        2,
        15
      ],
      [
        18,
        14
      ],
      [
        1,
        13
      ]
    ],
    "total_board_activity": 135
  },
  "go_pattern_analysis": {
    "move_type": "corner",
    "game_phase": "opening",
    "turn_number": 9,
    "policy_entropy": 0.12862243565642703,
    "policy_confidence": 0.9822485207100592,
    "top_policy_moves": [
      {
        "coord": "(1,5)",
        "percentage": 98.2,
        "count": 166
      },
      {
        "coord": "(1,3)",
        "percentage": 1.8,
        "count": 3
      }
    ],
    "total_policy_counts": 169
  },
  "part_comparison": {
    "uniqueness_score": 0.0006102538318373263,
    "similar_positions": [
      426,
      425,
      424,
      423,
      3784
    ],
    "part_rank": 3,
    "max_other_part_activation": 2385.133056640625,
    "activation_percentile": 99.95456610631531
  }
}