{
  "position_info": {
    "part": 8,
    "rank": 1,
    "global_position": 3786,
    "move_coordinate": "F2",
    "turn_number": 9,
    "npz_file": "AAE4EE8DC9A92FFF.npz",
    "board_tensor_file": "pos_3786/board.npy",
    "sgf_file": "pos_3786/game.sgf"
  },
  "nmf_analysis": {
    "activation_strength": 1.4328062534332275,
    "rank_in_part": 1,
    "activation_in_other_parts": [
      1910.3602294921875,
      19.44830894470215,
      147.5012969970703,
      201.00274658203125,
      143.0528106689453,
      0.0,
      0.0,
      0.0,
      1.4328062534332275,
      0.0,
      0.0,
      0.0,
      0.0,
      0.0,
      0.0,
      0.023565419018268585,
      0.0,
      0.0,
      0.0,
      0.5718957781791687,
      0.0,
      0.3395645022392273,
      0.03664901852607727,
      0.13494953513145447,
      0.5350983738899231
    ],
    "channel_activity": [
      49,
      13,
      15,
      1,
      12,
      5,
      0,
      0,
      0,
      1,
      1,
      1,
      1,
      1,
      1,
      1,
      2,
      0,
      14,
      17,
      0,
      0
    ],
    "top_active_channels": [
      [
        0,
        49
      ],
      [
        19,
        17
      ],
      [
        2,
        15
      ],
      [
        18,
        14
      ],
      [
        1,
        13
      ]
    ],
    "total_board_activity": 135
  },
  "go_pattern_analysis": {
    "move_type": "corner",
    "game_phase": "opening",
    "turn_number": 9,
    "policy_entropy": 0.12862243565642703,
    "policy_confidence": 0.9822485207100592,
    "top_policy_moves": [
      {
        "coord": "(1,5)",
        "percentage": 98.2,
        "count": 166
      },
      {
        "coord": "(1,3)",
        "percentage": 1.8,
        "count": 3
      }
    ],
    "total_policy_counts": 169
  },
  "part_comparison": {
    "uniqueness_score": 0.0007494567544199526,
    "similar_positions": [
      423,
      424,
      1885,
      426,
      425
    ],
    "part_rank": 1,
    "max_other_part_activation": 1910.3602294921875,
    "activation_percentile": 99.98485536877178
  }
}