{
  "position_info": {
    "part": 12,
    "rank": 8,
    "global_position": 1890,
    "move_coordinate": "B1",
    "turn_number": 30,
    "npz_file": "1D638D50844BD930.npz",
    "board_tensor_file": "pos_1890/board.npy",
    "sgf_file": "pos_1890/game.sgf"
  },
  "nmf_analysis": {
    "activation_strength": 0.9865955710411072,
    "rank_in_part": 8,
    "activation_in_other_parts": [
      0.0,
      86.0259780883789,
      338.060791015625,
      146.99560546875,
      214.25331115722656,
      0.0,
      0.28024160861968994,
      0.0,
      0.0,
      0.14753258228302002,
      0.0,
      0.0,
      0.9865955710411072,
      0.16125604510307312,
      0.0,
      0.0,
      0.0,
      0.2693637013435364,
      0.4546895921230316,
      0.3005722165107727,
      0.0,
      0.04012773185968399,
      0.41955727338790894,
      0.022719040513038635,
      0.43694615364074707
    ],
    "channel_activity": [
      49,
      6,
      7,
      2,
      0,
      6,
      0,
      0,
      0,
      1,
      1,
      1,
      1,
      1,
      0,
      1,
      1,
      0,
      6,
      7,
      0,
      0
    ],
    "top_active_channels": [
      [
        0,
        49
      ],
      [
        2,
        7
      ],
      [
        19,
        7
      ],
      [
        1,
        6
      ],
      [
        5,
        6
      ]
    ],
    "total_board_activity": 90
  },
  "go_pattern_analysis": {
    "move_type": "corner",
    "game_phase": "middle_game",
    "turn_number": 30,
    "policy_entropy": -0.0,
    "policy_confidence": 1.0,
    "top_policy_moves": [
      {
        "coord": "(0,1)",
        "percentage": 100.0,
        "count": 538
      }
    ],
    "total_policy_counts": 538
  },
  "part_comparison": {
    "uniqueness_score": 0.0029099045787006617,
    "similar_positions": [
      3055,
      6398,
      1894,
      2360,
      6351
    ],
    "part_rank": 8,
    "max_other_part_activation": 338.060791015625,
    "activation_percentile": 99.87884295017416
  }
}