{
  "position_info": {
    "part": 9,
    "rank": 14,
    "global_position": 4047,
    "move_coordinate": "C4",
    "turn_number": 4,
    "npz_file": "AAE4EE8DC9A92FFF.npz",
    "board_tensor_file": "pos_4047/board.npy",
    "sgf_file": "pos_4047/game.sgf"
  },
  "nmf_analysis": {
    "activation_strength": 0.5172275304794312,
    "rank_in_part": 14,
    "activation_in_other_parts": [
      0.2325974404811859,
      0.17265556752681732,
      0.17011509835720062,
      0.1319112330675125,
      0.5356892347335815,
      0.0,
      0.16331599652767181,
      0.0016380688175559044,
      0.06881453096866608,
      0.5172275304794312,
      0.0,
      0.1362265795469284,
      0.0,
      0.0,
      0.05806949362158775,
      0.06037703901529312,
      0.684865415096283,
      0.0,
      0.019366493448615074,
      0.15678928792476654,
      0.0,
      0.0338243804872036,
      0.0,
      0.0,
      0.0742853507399559
    ],
    "channel_activity": [
      49,
      1,
      2,
      0,
      1,
      2,
      0,
      0,
      0,
      1,
      1,
      1,
      0,
      0,
      0,
      0,
      0,
      0,
      0,
      0,
      0,
      0
    ],
    "top_active_channels": [
      [
        0,
        49
      ],
      [
        2,
        2
      ],
      [
        5,
        2
      ],
      [
        1,
        1
      ],
      [
        4,
        1
      ]
    ],
    "total_board_activity": 58
  },
  "go_pattern_analysis": {
    "move_type": "side",
    "game_phase": "opening",
    "turn_number": 4,
    "policy_entropy": -0.0,
    "policy_confidence": 1.0,
    "top_policy_moves": [
      {
        "coord": "(3,2)",
        "percentage": 100.0,
        "count": 543
      }
    ],
    "total_policy_counts": 543
  },
  "part_comparison": {
    "uniqueness_score": 0.43027251958847046,
    "similar_positions": [
      988,
      1663,
      3429,
      1802,
      6427
    ],
    "part_rank": 14,
    "max_other_part_activation": 0.684865415096283,
    "activation_percentile": 99.78797516280478
  }
}