{
  "position_info": {
    "part": 26,
    "rank": 16,
    "global_position": 4047,
    "move_coordinate": "C4",
    "turn_number": 4,
    "npz_file": "AAE4EE8DC9A92FFF.npz",
    "board_tensor_file": "pos_4047/board.npy",
    "sgf_file": "pos_4047/game.sgf"
  },
  "nmf_analysis": {
    "activation_strength": 0.021351953968405724,
    "rank_in_part": 16,
    "activation_in_other_parts": [
      0.09749209135770798,
      0.04598553106188774,
      0.0,
      0.00048561696894466877,
      0.0,
      0.021894827485084534,
      0.05931538715958595,
      0.013039328157901764,
      0.11337124556303024,
      0.0023492625914514065,
      0.13270939886569977,
      0.01010415330529213,
      0.015686465427279472,
      0.008795359171926975,
      0.057266172021627426,
      0.004964326974004507,
      0.01218999270349741,
      0.0008756183087825775,
      0.011621895246207714,
      0.0,
      0.06530112028121948,
      0.0,
      0.06300242245197296,
      0.06268630176782608,
      0.004267670679837465,
      0.0046013821847736835,
      0.021351953968405724,
      0.0,
      0.2443113476037979,
      0.16798372566699982,
      0.0,
      0.726716160774231,
      0.36515289545059204,
      0.01597483456134796,
      0.00023352119023911655,
      0.0,
      0.0,
      0.0,
      0.4043065309524536,
      0.06260833889245987,
      0.0,
      0.05518579110503197,
      0.2105211615562439,
      0.0,
      0.004048795904964209,
      0.008708297275006771,
      0.0,
      0.0,
      0.37869006395339966,
      0.0
    ],
    "channel_activity": [
      49,
      1,
      2,
      0,
      1,
      2,
      0,
      0,
      0,
      1,
      1,
      1,
      0,
      0,
      0,
      0,
      0,
      0,
      0,
      0,
      0,
      0
    ],
    "top_active_channels": [
      [
        0,
        49
      ],
      [
        2,
        2
      ],
      [
        5,
        2
      ],
      [
        1,
        1
      ],
      [
        4,
        1
      ]
    ],
    "total_board_activity": 58
  },
  "go_pattern_analysis": {
    "move_type": "side",
    "game_phase": "opening",
    "turn_number": 4,
    "policy_entropy": -0.0,
    "policy_confidence": 1.0,
    "top_policy_moves": [
      {
        "coord": "(3,2)",
        "percentage": 100.0,
        "count": 543
      }
    ],
    "total_policy_counts": 543
  },
  "part_comparison": {
    "uniqueness_score": 0.028542794287204742,
    "similar_positions": [
      988,
      1663,
      2297,
      1973,
      3429
    ],
    "part_rank": 16,
    "max_other_part_activation": 0.726716160774231,
    "activation_percentile": 99.75768590034832
  }
}