{
  "position_info": {
    "part": 12,
    "rank": 15,
    "global_position": 1453,
    "move_coordinate": "D2",
    "turn_number": 10,
    "npz_file": "1D638D50844BD930.npz",
    "board_tensor_file": "pos_1453/board.npy",
    "sgf_file": "pos_1453/game.sgf"
  },
  "nmf_analysis": {
    "activation_strength": 0.9711042046546936,
    "rank_in_part": 15,
    "activation_in_other_parts": [
      0.0,
      162.24673461914062,
      322.7613220214844,
      66.32112121582031,
      270.9848327636719,
      0.0,
      0.08849388360977173,
      0.29101040959358215,
      0.0,
      0.29291653633117676,
      0.0,
      0.0,
      0.9711042046546936,
      0.022669173777103424,
      0.0,
      0.03142450749874115,
      0.4863568842411041,
      0.0,
      0.019467301666736603,
      0.0,
      0.011675961315631866,
      0.34387633204460144,
      0.42623162269592285,
      0.0,
      0.0
    ],
    "channel_activity": [
      49,
      4,
      5,
      0,
      1,
      5,
      0,
      0,
      0,
      1,
      1,
      1,
      1,
      1,
      1,
      1,
      0,
      1,
      4,
      5,
      0,
      0
    ],
    "top_active_channels": [
      [
        0,
        49
      ],
      [
        2,
        5
      ],
      [
        5,
        5
      ],
      [
        19,
        5
      ],
      [
        1,
        4
      ]
    ],
    "total_board_activity": 81
  },
  "go_pattern_analysis": {
    "move_type": "side",
    "game_phase": "opening",
    "turn_number": 10,
    "policy_entropy": 1.5585524360335008,
    "policy_confidence": 0.4744897959183674,
    "top_policy_moves": [
      {
        "coord": "(1,3)",
        "percentage": 47.4,
        "count": 93
      },
      {
        "coord": "(5,3)",
        "percentage": 39.3,
        "count": 77
      },
      {
        "coord": "(1,4)",
        "percentage": 7.1,
        "count": 14
      },
      {
        "coord": "(5,4)",
        "percentage": 6.1,
        "count": 12
      }
    ],
    "total_policy_counts": 196
  },
  "part_comparison": {
    "uniqueness_score": 0.0029997124802321196,
    "similar_positions": [
      3055,
      6398,
      1894,
      2360,
      6351
    ],
    "part_rank": 15,
    "max_other_part_activation": 322.7613220214844,
    "activation_percentile": 99.77283053157655
  }
}