{
  "position_info": {
    "part": 9,
    "rank": 8,
    "global_position": 1294,
    "move_coordinate": "D7",
    "turn_number": 26,
    "npz_file": "1D638D50844BD930.npz",
    "board_tensor_file": "pos_1294/board.npy",
    "sgf_file": "pos_1294/game.sgf"
  },
  "nmf_analysis": {
    "activation_strength": 1.3544049263000488,
    "rank_in_part": 8,
    "activation_in_other_parts": [
      1331.3233642578125,
      286.44842529296875,
      192.22341918945312,
      195.6934051513672,
      57.14406967163086,
      0.0,
      0.0,
      0.23272909224033356,
      0.0,
      1.3544049263000488,
      0.26011621952056885,
      0.07246015220880508,
      0.0,
      0.03915984928607941,
      0.20321553945541382,
      0.0,
      0.0,
      0.0,
      0.0,
      0.2621307969093323,
      0.0,
      0.0,
      0.0,
      0.4108777642250061,
      0.3072133958339691
    ],
    "channel_activity": [
      49,
      11,
      11,
      3,
      1,
      7,
      0,
      0,
      0,
      1,
      1,
      1,
      1,
      1,
      0,
      1,
      1,
      0,
      11,
      11,
      0,
      0
    ],
    "top_active_channels": [
      [
        0,
        49
      ],
      [
        1,
        11
      ],
      [
        2,
        11
      ],
      [
        18,
        11
      ],
      [
        19,
        11
      ]
    ],
    "total_board_activity": 111
  },
  "go_pattern_analysis": {
    "move_type": "side",
    "game_phase": "opening",
    "turn_number": 26,
    "policy_entropy": 0.11058084476988708,
    "policy_confidence": 0.9852941176470589,
    "top_policy_moves": [
      {
        "coord": "(6,3)",
        "percentage": 98.5,
        "count": 134
      },
      {
        "coord": "(5,2)",
        "percentage": 1.5,
        "count": 2
      }
    ],
    "total_policy_counts": 136
  },
  "part_comparison": {
    "uniqueness_score": 0.0010163034312427044,
    "similar_positions": [
      3783,
      145,
      421,
      3785,
      4387
    ],
    "part_rank": 8,
    "max_other_part_activation": 1331.3233642578125,
    "activation_percentile": 99.87884295017416
  }
}