{
  "position_info": {
    "part": 5,
    "rank": 15,
    "global_position": 3503,
    "move_coordinate": "A1",
    "turn_number": 22,
    "npz_file": "AAE4EE8DC9A92FFF.npz",
    "board_tensor_file": "pos_3503/board.npy",
    "sgf_file": "pos_3503/game.sgf"
  },
  "nmf_analysis": {
    "activation_strength": 0.05312962457537651,
    "rank_in_part": 15,
    "activation_in_other_parts": [
      0.22137589752674103,
      0.017238417640328407,
      0.0,
      0.03306437283754349,
      0.02512924000620842,
      0.05312962457537651,
      0.09760424494743347,
      0.023314863443374634,
      0.06331935524940491,
      0.13953594863414764,
      0.06741579622030258,
      0.007279439363628626,
      0.03493008390069008,
      0.018448706716299057,
      0.031032584607601166,
      0.011913226917386055,
      0.007938499562442303,
      0.0004031280113849789,
      0.01592697948217392,
      0.03747708722949028,
      0.04909095540642738,
      0.062155645340681076,
      0.04073379933834076,
      0.057096097618341446,
      0.07850394397974014,
      0.004041532054543495,
      0.00951395370066166,
      0.019844448193907738,
      0.3324001133441925,
      0.0,
      0.4478100836277008,
      0.16133108735084534,
      0.20642277598381042,
      0.0,
      0.04160391911864281,
      0.0,
      0.04697343334555626,
      0.0,
      0.11194656044244766,
      0.025975141674280167,
      0.12211261689662933,
      0.4201858341693878,
      0.0,
      0.00598585931584239,
      0.048421185463666916,
      0.0,
      0.0,
      0.12047945708036423,
      0.2362157553434372,
      0.3118656873703003
    ],
    "channel_activity": [
      49,
      8,
      9,
      1,
      6,
      4,
      0,
      0,
      0,
      1,
      1,
      1,
      1,
      1,
      1,
      5,
      1,
      0,
      8,
      9,
      0,
      0
    ],
    "top_active_channels": [
      [
        0,
        49
      ],
      [
        2,
        9
      ],
      [
        19,
        9
      ],
      [
        1,
        8
      ],
      [
        18,
        8
      ]
    ],
    "total_board_activity": 106
  },
  "go_pattern_analysis": {
    "move_type": "corner",
    "game_phase": "opening",
    "turn_number": 22,
    "policy_entropy": 5.643856189774725,
    "policy_confidence": 0.02,
    "top_policy_moves": [
      {
        "coord": "PASS",
        "percentage": 2.0,
        "count": 1
      },
      {
        "coord": "(1,5)",
        "percentage": 2.0,
        "count": 1
      },
      {
        "coord": "(3,1)",
        "percentage": 2.0,
        "count": 1
      },
      {
        "coord": "(3,0)",
        "percentage": 2.0,
        "count": 1
      },
      {
        "coord": "(2,6)",
        "percentage": 2.0,
        "count": 1
      }
    ],
    "total_policy_counts": 50
  },
  "part_comparison": {
    "uniqueness_score": 0.10605991631746292,
    "similar_positions": [
      1954,
      2742,
      6368,
      1227,
      1973
    ],
    "part_rank": 15,
    "max_other_part_activation": 0.4478100836277008,
    "activation_percentile": 99.77283053157655
  }
}