{
  "position_info": {
    "part": 44,
    "rank": 1,
    "global_position": 286,
    "move_coordinate": "E6",
    "turn_number": 16,
    "npz_file": "1906C337F5CDAFA9.npz",
    "board_tensor_file": "pos_286/board.npy",
    "sgf_file": "pos_286/game.sgf"
  },
  "nmf_analysis": {
    "activation_strength": 0.34342506527900696,
    "rank_in_component": 1,
    "activation_in_other_components": [
      0.08801661431789398,
      0.07131291180849075,
      0.0,
      0.0016369896475225687,
      0.0,
      0.0277340617030859,
      0.14204856753349304,
      0.03463286533951759,
      0.007017253898084164,
      0.12143394351005554,
      0.026344021782279015,
      0.07928668707609177,
      0.057529475539922714,
      0.02423429861664772,
      0.0,
      0.06380259990692139,
      0.0,
      0.00034557137405499816,
      0.0,
      0.03896510973572731,
      0.0,
      0.068094901740551,
      0.0,
      0.030474567785859108,
      0.13962778449058533,
      0.00011098676623078063,
      0.0,
      0.017306670546531677,
      0.1338304728269577,
      0.14248034358024597,
      0.11807911843061447,
      0.09155379235744476,
      0.29095205664634705,
      0.25651195645332336,
      0.0,
      0.08766832947731018,
      0.025600126013159752,
      0.057963863015174866,
      0.0676230639219284,
      0.13066044449806213,
      0.0,
      0.17958411574363708,
      0.0,
      0.08069725334644318,
      0.34342506527900696,
      0.09846638143062592,
      0.02099486254155636,
      0.20720012485980988,
      0.3439573347568512,
      0.2896144688129425
    ],
    "channel_activity": [
      49,
      8,
      8,
      2,
      1,
      3,
      0,
      0,
      0,
      1,
      1,
      1,
      1,
      1,
      0,
      1,
      2,
      0,
      0,
      0,
      0,
      0
    ],
    "top_active_channels": [
      [
        0,
        49
      ],
      [
        1,
        8
      ],
      [
        2,
        8
      ],
      [
        5,
        3
      ],
      [
        3,
        2
      ]
    ],
    "total_board_activity": 79
  },
  "go_pattern_analysis": {
    "move_type": "corner",
    "game_phase": "opening",
    "turn_number": 16,
    "policy_entropy": 0.6556823431457254,
    "policy_confidence": 0.8308823529411765,
    "top_policy_moves": [
      {
        "coord": "(5,4)",
        "percentage": 83.1,
        "count": 113
      },
      {
        "coord": "(5,0)",
        "percentage": 16.9,
        "count": 23
      }
    ],
    "total_policy_counts": 136
  },
  "component_comparison": {
    "uniqueness_score": 0.49961283802986145,
    "similar_positions": [
      4869,
      287,
      5778,
      3834,
      5410
    ],
    "component_rank": 1,
    "max_other_component_activation": 0.3439573347568512,
    "activation_percentile": 99.98485536877178
  }
}