{
  "position_info": {
    "part": 20,
    "rank": 20,
    "global_position": 4969,
    "move_coordinate": "C1",
    "turn_number": 1,
    "npz_file": "B330F9C802154800.npz",
    "board_tensor_file": "pos_4969/board.npy",
    "sgf_file": "pos_4969/game.sgf"
  },
  "nmf_analysis": {
    "activation_strength": 0.46166735887527466,
    "rank_in_part": 20,
    "activation_in_other_parts": [
      2010.7564697265625,
      59.94255828857422,
      100.4926986694336,
      46.417266845703125,
      6.543419361114502,
      4.929495811462402,
      0.0,
      41.950439453125,
      0.0,
      0.0,
      12.045483589172363,
      0.06770966947078705,
      0.13231037557125092,
      0.10510434955358505,
      0.0,
      0.0,
      0.0,
      0.0,
      0.36967647075653076,
      0.0,
      0.46166735887527466,
      0.034567851573228836,
      0.0,
      0.20055484771728516,
      0.0014751069247722626
    ],
    "channel_activity": [
      49,
      10,
      9,
      0,
      5,
      0,
      0,
      0,
      0,
      0,
      0,
      0,
      0,
      0,
      0,
      0,
      0,
      0,
      0,
      0,
      0,
      0
    ],
    "top_active_channels": [
      [
        0,
        49
      ],
      [
        1,
        10
      ],
      [
        2,
        9
      ],
      [
        4,
        5
      ],
      [
        3,
        0
      ]
    ],
    "total_board_activity": 73
  },
  "go_pattern_analysis": {
    "move_type": "corner",
    "game_phase": "opening",
    "turn_number": 1,
    "policy_entropy": 1.3313326779010657,
    "policy_confidence": 0.6021505376344086,
    "top_policy_moves": [
      {
        "coord": "(0,2)",
        "percentage": 60.2,
        "count": 56
      },
      {
        "coord": "PASS",
        "percentage": 26.9,
        "count": 25
      },
      {
        "coord": "(6,1)",
        "percentage": 12.9,
        "count": 12
      }
    ],
    "total_policy_counts": 93
  },
  "part_comparison": {
    "uniqueness_score": 0.00022954614541959018,
    "similar_positions": [
      3374,
      3693,
      2916,
      508,
      2917
    ],
    "part_rank": 20,
    "max_other_part_activation": 2010.7564697265625,
    "activation_percentile": 99.69710737543541
  }
}