{
  "position_info": {
    "part": 22,
    "rank": 8,
    "global_position": 1932,
    "move_coordinate": "B6",
    "turn_number": 1,
    "npz_file": "1D638D50844BD930.npz",
    "board_tensor_file": "pos_1932/board.npy",
    "sgf_file": "pos_1932/game.sgf"
  },
  "nmf_analysis": {
    "activation_strength": 0.318185031414032,
    "rank_in_part": 8,
    "activation_in_other_parts": [
      0.025019286200404167,
      0.18528425693511963,
      0.004734322428703308,
      0.039464887231588364,
      0.17284755408763885,
      0.2834881842136383,
      0.3857557773590088,
      0.03155483305454254,
      0.021902307868003845,
      0.3723338544368744,
      0.14607712626457214,
      0.12142208218574524,
      0.4002315104007721,
      0.0,
      0.07812688499689102,
      0.003455025376752019,
      0.07700120657682419,
      0.008261607028543949,
      0.0,
      0.009728388860821724,
      0.12733682990074158,
      0.0030090135987848043,
      0.318185031414032,
      0.06504791229963303,
      0.41187480092048645
    ],
    "channel_activity": [
      49,
      3,
      3,
      0,
      0,
      0,
      0,
      0,
      0,
      1,
      1,
      1,
      1,
      1,
      0,
      0,
      0,
      0,
      0,
      0,
      0,
      0
    ],
    "top_active_channels": [
      [
        0,
        49
      ],
      [
        1,
        3
      ],
      [
        2,
        3
      ],
      [
        9,
        1
      ],
      [
        10,
        1
      ]
    ],
    "total_board_activity": 60
  },
  "go_pattern_analysis": {
    "move_type": "corner",
    "game_phase": "opening",
    "turn_number": 1,
    "policy_entropy": 0.3013786435930858,
    "policy_confidence": 0.9464285714285714,
    "top_policy_moves": [
      {
        "coord": "(5,1)",
        "percentage": 94.6,
        "count": 212
      },
      {
        "coord": "(3,5)",
        "percentage": 5.4,
        "count": 12
      }
    ],
    "total_policy_counts": 224
  },
  "part_comparison": {
    "uniqueness_score": 0.4358341693878174,
    "similar_positions": [
      709,
      3232,
      2477,
      815,
      590
    ],
    "part_rank": 7,
    "max_other_part_activation": 0.41187480092048645,
    "activation_percentile": 99.89398758140238
  }
}