{
  "position_info": {
    "part": 17,
    "rank": 3,
    "global_position": 262,
    "move_coordinate": "PASS",
    "turn_number": 1,
    "npz_file": "1906C337F5CDAFA9.npz",
    "board_tensor_file": "pos_262/board.npy",
    "sgf_file": "pos_262/game.sgf"
  },
  "nmf_analysis": {
    "activation_strength": 0.0015897161792963743,
    "rank_in_component": 3,
    "activation_in_other_components": [
      0.03663652017712593,
      0.20521555840969086,
      0.0,
      0.0,
      0.0,
      0.040664173662662506,
      0.0,
      0.08231137692928314,
      0.008103196509182453,
      0.10750262439250946,
      0.027859793975949287,
      0.011658171191811562,
      0.016721464693546295,
      0.053782157599925995,
      0.002543156500905752,
      0.0007832292467355728,
      0.0,
      0.0015897161792963743,
      0.0,
      0.062418773770332336,
      0.004117046948522329,
      0.013582415878772736,
      0.006294247694313526,
      0.0,
      0.0036331703886389732,
      0.0,
      0.0038549555465579033,
      0.0,
      0.08996006101369858,
      0.09115847945213318,
      0.15657921135425568,
      0.09070169925689697,
      0.08180701732635498,
      0.19175271689891815,
      0.08765485882759094,
      0.13343580067157745,
      0.3170008957386017,
      0.0,
      0.08323447406291962,
      0.2893955409526825,
      0.05545184016227722,
      0.20284950733184814,
      0.0,
      0.036175504326820374,
      0.11908101290464401,
      0.059682879596948624,
      0.08631506562232971,
      0.2516356408596039,
      0.1390693187713623,
      0.3896304666996002
    ],
    "channel_activity": [
      49,
      11,
      11,
      0,
      6,
      10,
      0,
      0,
      0,
      1,
      1,
      1,
      1,
      1,
      0,
      0,
      0,
      0,
      11,
      23,
      0,
      0
    ],
    "top_active_channels": [
      [
        0,
        49
      ],
      [
        19,
        23
      ],
      [
        1,
        11
      ],
      [
        2,
        11
      ],
      [
        18,
        11
      ]
    ],
    "total_board_activity": 126
  },
  "go_pattern_analysis": {
    "move_type": "pass",
    "game_phase": "opening",
    "turn_number": 1,
    "policy_entropy": 1.810867113247248,
    "policy_confidence": 0.7014925373134329,
    "top_policy_moves": [
      {
        "coord": "PASS",
        "percentage": 70.1,
        "count": 141
      },
      {
        "coord": "(6,2)",
        "percentage": 6.0,
        "count": 12
      },
      {
        "coord": "(4,1)",
        "percentage": 4.0,
        "count": 8
      },
      {
        "coord": "(5,1)",
        "percentage": 4.0,
        "count": 8
      },
      {
        "coord": "(1,2)",
        "percentage": 3.5,
        "count": 7
      }
    ],
    "total_policy_counts": 201
  },
  "component_comparison": {
    "uniqueness_score": 0.00406348193064332,
    "similar_positions": [
      536,
      1054,
      6120,
      6121,
      1400
    ],
    "component_rank": 3,
    "max_other_component_activation": 0.3896304666996002,
    "activation_percentile": 99.95456610631531
  }
}