{
  "position_info": {
    "part": 39,
    "rank": 13,
    "global_position": 2166,
    "move_coordinate": "D2",
    "turn_number": 1,
    "npz_file": "565285905A9A0C14.npz",
    "board_tensor_file": "pos_2166/board.npy",
    "sgf_file": "pos_2166/game.sgf"
  },
  "nmf_analysis": {
    "activation_strength": 0.3201427757740021,
    "rank_in_part": 13,
    "activation_in_other_parts": [
      0.02260017767548561,
      0.048191849142313004,
      0.0,
      0.00100793712772429,
      0.004115172661840916,
      0.008973507210612297,
      0.05145970731973648,
      0.028796033933758736,
      0.04226670414209366,
      0.04415440559387207,
      0.017711471766233444,
      0.07194824516773224,
      0.0,
      0.016318174079060555,
      0.02582598477602005,
      0.10891465842723846,
      0.016849739477038383,
      0.0004029258561786264,
      0.01955585367977619,
      0.027106069028377533,
      0.03263770788908005,
      0.0,
      0.02627052739262581,
      0.04858765751123428,
      0.0,
      0.0076296450570225716,
      0.007009774446487427,
      0.015862509608268738,
      0.13151945173740387,
      0.03870910778641701,
      0.0385095477104187,
      0.06765560805797577,
      0.07864813506603241,
      0.3462381362915039,
      0.13496461510658264,
      0.20167596638202667,
      0.31820493936538696,
      0.054111793637275696,
      0.014787375926971436,
      0.3201427757740021,
      0.004097953904420137,
      0.07619477063417435,
      0.07987242192029953,
      0.09710755944252014,
      0.0002683608909137547,
      0.05865129828453064,
      0.07753675431013107,
      0.18762648105621338,
      0.11528483033180237,
      0.45220404863357544
    ],
    "channel_activity": [
      49,
      12,
      11,
      0,
      10,
      7,
      0,
      0,
      0,
      0,
      0,
      0,
      0,
      0,
      3,
      3,
      3,
      2,
      0,
      0,
      0,
      0
    ],
    "top_active_channels": [
      [
        0,
        49
      ],
      [
        1,
        12
      ],
      [
        2,
        11
      ],
      [
        4,
        10
      ],
      [
        5,
        7
      ]
    ],
    "total_board_activity": 100
  },
  "go_pattern_analysis": {
    "move_type": "side",
    "game_phase": "opening",
    "turn_number": 1,
    "policy_entropy": 1.6305683637284847,
    "policy_confidence": 0.5710843373493976,
    "top_policy_moves": [
      {
        "coord": "(1,3)",
        "percentage": 57.1,
        "count": 237
      },
      {
        "coord": "(0,4)",
        "percentage": 31.8,
        "count": 132
      },
      {
        "coord": "(5,2)",
        "percentage": 2.7,
        "count": 11
      },
      {
        "coord": "(5,1)",
        "percentage": 2.4,
        "count": 10
      },
      {
        "coord": "(3,6)",
        "percentage": 2.2,
        "count": 9
      }
    ],
    "total_policy_counts": 415
  },
  "part_comparison": {
    "uniqueness_score": 0.4145064651966095,
    "similar_positions": [
      6554,
      1145,
      1443,
      1254,
      6456
    ],
    "part_rank": 13,
    "max_other_part_activation": 0.45220404863357544,
    "activation_percentile": 99.80311979403301
  }
}