{
  "position_info": {
    "part": 1,
    "rank": 10,
    "global_position": 5412,
    "move_coordinate": "D2",
    "turn_number": 15,
    "npz_file": "BADFFB51627F24FD.npz",
    "board_tensor_file": "pos_5412/board.npy",
    "sgf_file": "pos_5412/game.sgf"
  },
  "nmf_analysis": {
    "activation_strength": 467.9389953613281,
    "rank_in_part": 10,
    "activation_in_other_parts": [
      0.0,
      467.9389953613281,
      0.0,
      46.84786605834961,
      0.6452236175537109,
      84.90870666503906,
      0.09409149736166,
      9.129779815673828,
      0.0,
      0.0,
      0.0,
      0.6728826761245728,
      0.0,
      0.0,
      33.38484191894531,
      0.0,
      0.0,
      0.0,
      0.0,
      0.0,
      0.0,
      0.0,
      0.0,
      0.0,
      0.0
    ],
    "channel_activity": [
      49,
      4,
      4,
      0,
      1,
      1,
      0,
      0,
      0,
      1,
      1,
      1,
      1,
      1,
      1,
      0,
      0,
      0,
      0,
      0,
      0,
      0
    ],
    "top_active_channels": [
      [
        0,
        49
      ],
      [
        1,
        4
      ],
      [
        2,
        4
      ],
      [
        4,
        1
      ],
      [
        5,
        1
      ]
    ],
    "total_board_activity": 65
  },
  "go_pattern_analysis": {
    "move_type": "side",
    "game_phase": "opening",
    "turn_number": 15,
    "policy_entropy": 0.8497511372532974,
    "policy_confidence": 0.7241379310344828,
    "top_policy_moves": [
      {
        "coord": "(1,3)",
        "percentage": 72.4,
        "count": 210
      },
      {
        "coord": "(1,2)",
        "percentage": 27.6,
        "count": 80
      }
    ],
    "total_policy_counts": 290
  },
  "part_comparison": {
    "uniqueness_score": 0.8464156985282898,
    "similar_positions": [
      3451,
      2267,
      1757,
      5492,
      5359
    ],
    "part_rank": 10,
    "max_other_part_activation": 84.90870666503906,
    "activation_percentile": 99.8485536877177
  }
}