{
  "position_info": {
    "part": 40,
    "rank": 14,
    "global_position": 5412,
    "move_coordinate": "D2",
    "turn_number": 15,
    "npz_file": "BADFFB51627F24FD.npz",
    "board_tensor_file": "pos_5412/board.npy",
    "sgf_file": "pos_5412/game.sgf"
  },
  "nmf_analysis": {
    "activation_strength": 0.4693009853363037,
    "rank_in_part": 14,
    "activation_in_other_parts": [
      0.013968483544886112,
      0.07082368433475494,
      0.0,
      0.0,
      0.004905711859464645,
      0.0005653839325532317,
      0.0,
      0.013688912615180016,
      0.0009118309826590121,
      0.0,
      0.034247975796461105,
      0.060311008244752884,
      0.0,
      0.013636956922709942,
      0.0,
      0.12161165475845337,
      0.012671205215156078,
      0.0008973455405794084,
      0.016176803037524223,
      0.0,
      0.000287957169348374,
      0.0,
      0.000836915394756943,
      0.0,
      0.0,
      0.006505261175334454,
      0.004047983791679144,
      0.022167814895510674,
      0.0,
      0.25098732113838196,
      0.05805898457765579,
      0.10153543204069138,
      0.0,
      0.0,
      0.0010499514173716307,
      0.3160187005996704,
      0.05067691206932068,
      0.11419487744569778,
      0.45422738790512085,
      0.0,
      0.4693009853363037,
      0.0,
      0.1394067257642746,
      0.14775776863098145,
      0.0,
      0.0,
      0.05164073035120964,
      0.05036955326795578,
      0.23841716349124908,
      0.3652484714984894
    ],
    "channel_activity": [
      49,
      4,
      4,
      0,
      1,
      1,
      0,
      0,
      0,
      1,
      1,
      1,
      1,
      1,
      1,
      0,
      0,
      0,
      0,
      0,
      0,
      0
    ],
    "top_active_channels": [
      [
        0,
        49
      ],
      [
        1,
        4
      ],
      [
        2,
        4
      ],
      [
        4,
        1
      ],
      [
        5,
        1
      ]
    ],
    "total_board_activity": 65
  },
  "go_pattern_analysis": {
    "move_type": "side",
    "game_phase": "opening",
    "turn_number": 15,
    "policy_entropy": 0.8497511372532974,
    "policy_confidence": 0.7241379310344828,
    "top_policy_moves": [
      {
        "coord": "(1,3)",
        "percentage": 72.4,
        "count": 210
      },
      {
        "coord": "(1,2)",
        "percentage": 27.6,
        "count": 80
      }
    ],
    "total_policy_counts": 290
  },
  "part_comparison": {
    "uniqueness_score": 0.5081608891487122,
    "similar_positions": [
      1757,
      4189,
      3451,
      747,
      6471
    ],
    "part_rank": 14,
    "max_other_part_activation": 0.45422738790512085,
    "activation_percentile": 99.78797516280478
  }
}