{
  "position_info": {
    "part": 2,
    "rank": 19,
    "global_position": 2210,
    "move_coordinate": "G5",
    "turn_number": 1,
    "npz_file": "76F9EC3EB6A76AA0.npz",
    "board_tensor_file": "pos_2210/board.npy",
    "sgf_file": "pos_2210/game.sgf"
  },
  "nmf_analysis": {
    "activation_strength": 0.0,
    "rank_in_component": 19,
    "activation_in_other_components": [
      0.08954670280218124,
      0.036381252110004425,
      0.0,
      0.02100554294884205,
      0.029289014637470245,
      0.011015331372618675,
      0.107795350253582,
      0.008607774041593075,
      0.00015406898455694318,
      0.073268361389637,
      0.0,
      0.02297714538872242,
      0.0414239838719368,
      0.003196257632225752,
      0.0021588255185633898,
      0.02857077121734619,
      0.00027431585476733744,
      0.0,
      0.005891578271985054,
      0.010028679855167866,
      0.0,
      0.05808452516794205,
      0.0,
      0.018661338835954666,
      0.10946128517389297,
      0.0005107360775582492,
      0.0,
      0.013810999691486359,
      0.3596266508102417,
      0.1461370289325714,
      0.0284435972571373,
      0.029168695211410522,
      0.0070848590694367886,
      0.2609739303588867,
      0.18345411121845245,
      0.0,
      0.16209594905376434,
      0.14803293347358704,
      0.0,
      0.021511491388082504,
      0.06269045174121857,
      0.08987686783075333,
      0.0,
      0.048033274710178375,
      0.1132851094007492,
      0.11945026367902756,
      0.19236330687999725,
      0.1676299124956131,
      0.30938002467155457,
      0.31403881311416626
    ],
    "channel_activity": [
      49,
      9,
      10,
      0,
      0,
      5,
      0,
      0,
      0,
      1,
      1,
      1,
      1,
      1,
      0,
      1,
      0,
      0,
      9,
      10,
      0,
      0
    ],
    "top_active_channels": [
      [
        0,
        49
      ],
      [
        2,
        10
      ],
      [
        19,
        10
      ],
      [
        1,
        9
      ],
      [
        18,
        9
      ]
    ],
    "total_board_activity": 98
  },
  "go_pattern_analysis": {
    "move_type": "corner",
    "game_phase": "opening",
    "turn_number": 1,
    "policy_entropy": 0.979177202926766,
    "policy_confidence": 0.5847457627118644,
    "top_policy_moves": [
      {
        "coord": "(4,6)",
        "percentage": 58.5,
        "count": 69
      },
      {
        "coord": "(2,4)",
        "percentage": 41.5,
        "count": 49
      }
    ],
    "total_policy_counts": 118
  },
  "component_comparison": {
    "uniqueness_score": 0.0,
    "similar_positions": [
      6602,
      2204,
      2194,
      2195,
      2196
    ],
    "component_rank": 1,
    "max_other_component_activation": 0.3596266508102417,
    "activation_percentile": 99.98485536877178
  }
}