{
  "position_info": {
    "part": 41,
    "rank": 18,
    "global_position": 145,
    "move_coordinate": "C1",
    "turn_number": 1,
    "npz_file": "1906C337F5CDAFA9.npz",
    "board_tensor_file": "pos_145/board.npy",
    "sgf_file": "pos_145/game.sgf"
  },
  "nmf_analysis": {
    "activation_strength": 0.49791091680526733,
    "rank_in_component": 18,
    "activation_in_other_components": [
      0.16032172739505768,
      0.11833692342042923,
      0.0,
      0.018156997859477997,
      0.01327684335410595,
      0.043798480182886124,
      0.014817311428487301,
      0.06211601570248604,
      0.01532045193016529,
      0.06732635945081711,
      0.02097807079553604,
      0.06777835637331009,
      0.003768590511754155,
      0.03820432350039482,
      0.0037222790997475386,
      0.11420439928770065,
      0.00964393187314272,
      0.0006966154323890805,
      0.01088244840502739,
      0.05352770909667015,
      0.012387094087898731,
      0.01187393069267273,
      0.00967751257121563,
      0.0,
      0.0253516286611557,
      0.004700730554759502,
      0.0026520397514104843,
      0.0,
      0.11848632246255875,
      0.026685457676649094,
      0.31662464141845703,
      0.0675622969865799,
      0.37200599908828735,
      0.03390324115753174,
      0.00548224663361907,
      0.0,
      0.07675259560346603,
      0.0,
      0.17689189314842224,
      0.179195374250412,
      0.1846923679113388,
      0.49791091680526733,
      0.0,
      0.0,
      0.1347125917673111,
      0.0,
      0.0,
      0.2137436717748642,
      0.03257336467504501,
      0.4635796844959259
    ],
    "channel_activity": [
      49,
      10,
      10,
      0,
      3,
      10,
      0,
      0,
      0,
      1,
      1,
      1,
      1,
      1,
      1,
      1,
      0,
      1,
      10,
      10,
      0,
      0
    ],
    "top_active_channels": [
      [
        0,
        49
      ],
      [
        1,
        10
      ],
      [
        2,
        10
      ],
      [
        5,
        10
      ],
      [
        18,
        10
      ]
    ],
    "total_board_activity": 110
  },
  "go_pattern_analysis": {
    "move_type": "corner",
    "game_phase": "opening",
    "turn_number": 1,
    "policy_entropy": 2.489814696776944,
    "policy_confidence": 0.3840304182509506,
    "top_policy_moves": [
      {
        "coord": "(0,2)",
        "percentage": 38.4,
        "count": 303
      },
      {
        "coord": "(2,0)",
        "percentage": 19.6,
        "count": 155
      },
      {
        "coord": "(2,5)",
        "percentage": 10.5,
        "count": 83
      },
      {
        "coord": "(0,1)",
        "percentage": 9.5,
        "count": 75
      },
      {
        "coord": "(1,2)",
        "percentage": 9.5,
        "count": 75
      }
    ],
    "total_policy_counts": 789
  },
  "component_comparison": {
    "uniqueness_score": 0.5178531408309937,
    "similar_positions": [
      426,
      2498,
      4387,
      2499,
      4388
    ],
    "component_rank": 18,
    "max_other_component_activation": 0.4635796844959259,
    "activation_percentile": 99.72739663789186
  }
}