{
  "position_info": {
    "part": 7,
    "rank": 7,
    "global_position": 669,
    "move_coordinate": "A6",
    "turn_number": 1,
    "npz_file": "1906C337F5CDAFA9.npz",
    "board_tensor_file": "pos_669/board.npy",
    "sgf_file": "pos_669/game.sgf"
  },
  "nmf_analysis": {
    "activation_strength": 1.1104189157485962,
    "rank_in_part": 7,
    "activation_in_other_parts": [
      1474.5855712890625,
      82.33572387695312,
      418.4312744140625,
      0.0,
      164.06016540527344,
      0.0,
      0.0,
      1.1104189157485962,
      0.0,
      0.0,
      0.0,
      0.0,
      0.0,
      0.21799148619174957,
      0.34473487734794617,
      0.0,
      0.6480469107627869,
      0.0,
      0.0,
      0.0,
      0.22843006253242493,
      0.0,
      0.0,
      0.0,
      0.2343447506427765
    ],
    "channel_activity": [
      49,
      7,
      8,
      0,
      3,
      0,
      0,
      0,
      0,
      1,
      1,
      1,
      1,
      1,
      1,
      1,
      1,
      0,
      0,
      0,
      0,
      0
    ],
    "top_active_channels": [
      [
        0,
        49
      ],
      [
        2,
        8
      ],
      [
        1,
        7
      ],
      [
        4,
        3
      ],
      [
        9,
        1
      ]
    ],
    "total_board_activity": 75
  },
  "go_pattern_analysis": {
    "move_type": "corner",
    "game_phase": "opening",
    "turn_number": 1,
    "policy_entropy": 0.29583217796174044,
    "policy_confidence": 0.9477611940298507,
    "top_policy_moves": [
      {
        "coord": "(5,0)",
        "percentage": 94.8,
        "count": 254
      },
      {
        "coord": "(3,0)",
        "percentage": 5.2,
        "count": 14
      }
    ],
    "total_policy_counts": 268
  },
  "part_comparison": {
    "uniqueness_score": 0.0007524712709710002,
    "similar_positions": [
      267,
      6252,
      823,
      2985,
      5972
    ],
    "part_rank": 7,
    "max_other_part_activation": 1474.5855712890625,
    "activation_percentile": 99.89398758140238
  }
}