{
  "position_info": {
    "part": 48,
    "rank": 7,
    "global_position": 4390,
    "move_coordinate": "E2",
    "turn_number": 33,
    "npz_file": "B330F9C802154800.npz",
    "board_tensor_file": "pos_4390/board.npy",
    "sgf_file": "pos_4390/game.sgf"
  },
  "nmf_analysis": {
    "activation_strength": 0.5879645347595215,
    "rank_in_part": 7,
    "activation_in_other_parts": [
      0.16131122410297394,
      0.05869492143392563,
      0.0,
      0.021023288369178772,
      0.02082216739654541,
      0.02803664654493332,
      0.0736955851316452,
      0.04325275495648384,
      0.0,
      0.15850137174129486,
      0.0,
      0.006195882335305214,
      0.04504785314202309,
      0.018052322790026665,
      0.0,
      0.005530660971999168,
      0.0027180875185877085,
      0.00012205837265355512,
      0.007970857433974743,
      0.046417608857154846,
      0.0,
      0.07791265100240707,
      0.0,
      0.002448204206302762,
      0.09623377025127411,
      0.002262399299070239,
      0.0,
      0.016398364678025246,
      0.10371936112642288,
      0.08459482342004776,
      0.192276269197464,
      0.29694604873657227,
      0.15444695949554443,
      0.07042369246482849,
      0.06614994257688522,
      0.12828463315963745,
      0.010869169607758522,
      0.022856203839182854,
      0.19114522635936737,
      0.0,
      0.12345857918262482,
      0.03069605864584446,
      0.11592169106006622,
      0.09097205847501755,
      0.06764484196901321,
      0.06619420647621155,
      0.07342550903558731,
      0.05324751138687134,
      0.5879645347595215,
      0.11766207963228226
    ],
    "channel_activity": [
      49,
      3,
      4,
      0,
      1,
      1,
      0,
      0,
      0,
      1,
      1,
      1,
      1,
      1,
      1,
      0,
      0,
      0,
      3,
      4,
      0,
      0
    ],
    "top_active_channels": [
      [
        0,
        49
      ],
      [
        2,
        4
      ],
      [
        19,
        4
      ],
      [
        1,
        3
      ],
      [
        18,
        3
      ]
    ],
    "total_board_activity": 71
  },
  "go_pattern_analysis": {
    "move_type": "corner",
    "game_phase": "middle_game",
    "turn_number": 33,
    "policy_entropy": 1.7399752027633002,
    "policy_confidence": 0.4337979094076655,
    "top_policy_moves": [
      {
        "coord": "(1,4)",
        "percentage": 43.4,
        "count": 249
      },
      {
        "coord": "(5,4)",
        "percentage": 33.4,
        "count": 192
      },
      {
        "coord": "(1,3)",
        "percentage": 16.6,
        "count": 95
      },
      {
        "coord": "(1,2)",
        "percentage": 6.6,
        "count": 38
      }
    ],
    "total_policy_counts": 574
  },
  "part_comparison": {
    "uniqueness_score": 0.6644338369369507,
    "similar_positions": [
      1564,
      1569,
      6497,
      1350,
      4809
    ],
    "part_rank": 7,
    "max_other_part_activation": 0.29694604873657227,
    "activation_percentile": 99.89398758140238
  }
}