{
  "position_info": {
    "part": 8,
    "rank": 4,
    "global_position": 5154,
    "move_coordinate": "E3",
    "turn_number": 26,
    "npz_file": "B330F9C802154800.npz",
    "board_tensor_file": "pos_5154/board.npy",
    "sgf_file": "pos_5154/game.sgf"
  },
  "nmf_analysis": {
    "activation_strength": 0.5216339826583862,
    "rank_in_part": 4,
    "activation_in_other_parts": [
      0.07860535383224487,
      0.08990787714719772,
      0.03721829503774643,
      0.18662580847740173,
      0.055470820516347885,
      0.0,
      0.06872405856847763,
      0.23183771967887878,
      0.5216339826583862,
      0.1932654082775116,
      0.028654925525188446,
      0.11224270612001419,
      0.17766310274600983,
      0.0,
      0.11757303029298782,
      0.25534218549728394,
      0.35801973938941956,
      0.0071341125294566154,
      0.1549501270055771,
      0.0,
      0.2034948319196701,
      0.0,
      0.014110203832387924,
      0.07343815267086029,
      0.4082055985927582
    ],
    "channel_activity": [
      49,
      6,
      7,
      0,
      1,
      1,
      0,
      0,
      0,
      1,
      1,
      1,
      1,
      1,
      1,
      1,
      0,
      0,
      0,
      0,
      0,
      0
    ],
    "top_active_channels": [
      [
        0,
        49
      ],
      [
        2,
        7
      ],
      [
        1,
        6
      ],
      [
        4,
        1
      ],
      [
        5,
        1
      ]
    ],
    "total_board_activity": 71
  },
  "go_pattern_analysis": {
    "move_type": "corner",
    "game_phase": "opening",
    "turn_number": 26,
    "policy_entropy": 0.1257667135131337,
    "policy_confidence": 0.9851301115241635,
    "top_policy_moves": [
      {
        "coord": "(2,4)",
        "percentage": 98.5,
        "count": 530
      },
      {
        "coord": "(0,1)",
        "percentage": 0.9,
        "count": 5
      },
      {
        "coord": "(4,5)",
        "percentage": 0.6,
        "count": 3
      }
    ],
    "total_policy_counts": 538
  },
  "part_comparison": {
    "uniqueness_score": 0.560993492603302,
    "similar_positions": [
      1909,
      4911,
      3071,
      3124,
      917
    ],
    "part_rank": 4,
    "max_other_part_activation": 0.4082055985927582,
    "activation_percentile": 99.93942147508709
  }
}