{
  "position_info": {
    "part": 21,
    "rank": 11,
    "global_position": 4468,
    "move_coordinate": "C5",
    "turn_number": 7,
    "npz_file": "B330F9C802154800.npz",
    "board_tensor_file": "pos_4468/board.npy",
    "sgf_file": "pos_4468/game.sgf"
  },
  "nmf_analysis": {
    "activation_strength": 0.44611379504203796,
    "rank_in_part": 11,
    "activation_in_other_parts": [
      527.4237670898438,
      275.7120056152344,
      0.0,
      39.28925323486328,
      2.502251386642456,
      146.3982391357422,
      0.10535545647144318,
      0.23681414127349854,
      0.0,
      0.0,
      13.007105827331543,
      0.0,
      0.0,
      0.3997576832771301,
      41.55487060546875,
      0.0,
      0.0,
      0.0,
      0.0,
      0.0,
      0.0,
      0.44611379504203796,
      0.0,
      0.0,
      0.0
    ],
    "channel_activity": [
      49,
      2,
      2,
      0,
      0,
      0,
      0,
      0,
      0,
      1,
      1,
      1,
      1,
      0,
      0,
      0,
      0,
      0,
      2,
      2,
      0,
      0
    ],
    "top_active_channels": [
      [
        0,
        49
      ],
      [
        1,
        2
      ],
      [
        2,
        2
      ],
      [
        18,
        2
      ],
      [
        19,
        2
      ]
    ],
    "total_board_activity": 61
  },
  "go_pattern_analysis": {
    "move_type": "corner",
    "game_phase": "opening",
    "turn_number": 7,
    "policy_entropy": 0.357312810793364,
    "policy_confidence": 0.9322916666666666,
    "top_policy_moves": [
      {
        "coord": "(4,2)",
        "percentage": 93.2,
        "count": 179
      },
      {
        "coord": "(3,5)",
        "percentage": 6.8,
        "count": 13
      }
    ],
    "total_policy_counts": 192
  },
  "part_comparison": {
    "uniqueness_score": 0.0008451207540929317,
    "similar_positions": [
      2298,
      5535,
      776,
      5533,
      5534
    ],
    "part_rank": 11,
    "max_other_part_activation": 527.4237670898438,
    "activation_percentile": 99.83340905648947
  }
}