{
  "position_info": {
    "part": 20,
    "rank": 13,
    "global_position": 5399,
    "move_coordinate": "E7",
    "turn_number": 1,
    "npz_file": "BADFFB51627F24FD.npz",
    "board_tensor_file": "pos_5399/board.npy",
    "sgf_file": "pos_5399/game.sgf"
  },
  "nmf_analysis": {
    "activation_strength": 0.4879269599914551,
    "rank_in_part": 13,
    "activation_in_other_parts": [
      2752.857421875,
      140.19590759277344,
      87.30863189697266,
      35.270729064941406,
      27.085079193115234,
      0.0,
      0.0,
      14.15975284576416,
      0.3617754876613617,
      0.0,
      19.62739372253418,
      0.0,
      0.0,
      0.0,
      0.0,
      0.0,
      0.0,
      0.0,
      0.15580429136753082,
      0.12187295407056808,
      0.4879269599914551,
      0.0,
      0.0,
      0.1889529526233673,
      0.0
    ],
    "channel_activity": [
      49,
      9,
      10,
      0,
      2,
      1,
      0,
      0,
      0,
      1,
      1,
      1,
      1,
      1,
      0,
      0,
      0,
      0,
      9,
      10,
      0,
      0
    ],
    "top_active_channels": [
      [
        0,
        49
      ],
      [
        2,
        10
      ],
      [
        19,
        10
      ],
      [
        1,
        9
      ],
      [
        18,
        9
      ]
    ],
    "total_board_activity": 95
  },
  "go_pattern_analysis": {
    "move_type": "corner",
    "game_phase": "opening",
    "turn_number": 1,
    "policy_entropy": 0.5454402228441292,
    "policy_confidence": 0.8857142857142857,
    "top_policy_moves": [
      {
        "coord": "(6,4)",
        "percentage": 88.6,
        "count": 155
      },
      {
        "coord": "(4,2)",
        "percentage": 10.9,
        "count": 19
      },
      {
        "coord": "(1,0)",
        "percentage": 0.6,
        "count": 1
      }
    ],
    "total_policy_counts": 175
  },
  "part_comparison": {
    "uniqueness_score": 0.0001772123941918835,
    "similar_positions": [
      3374,
      3693,
      2916,
      508,
      2917
    ],
    "part_rank": 13,
    "max_other_part_activation": 2752.857421875,
    "activation_percentile": 99.80311979403301
  }
}