{
  "position_info": {
    "part": 19,
    "rank": 2,
    "global_position": 4551,
    "move_coordinate": "F6",
    "turn_number": 18,
    "npz_file": "B330F9C802154800.npz",
    "board_tensor_file": "pos_4551/board.npy",
    "sgf_file": "pos_4551/game.sgf"
  },
  "nmf_analysis": {
    "activation_strength": 0.32561948895454407,
    "rank_in_part": 2,
    "activation_in_other_parts": [
      0.14408090710639954,
      0.45911213755607605,
      0.09609376639127731,
      0.0005676248110830784,
      0.27318572998046875,
      0.0,
      0.18631036579608917,
      0.05188632011413574,
      0.014935431070625782,
      0.230220764875412,
      0.003910664469003677,
      0.052934374660253525,
      0.09958364814519882,
      0.09210992604494095,
      0.0990520566701889,
      0.050093963742256165,
      0.2725382447242737,
      0.12061288207769394,
      0.08354707062244415,
      0.32561948895454407,
      0.0,
      0.10715124011039734,
      0.1064789667725563,
      0.10773130506277084,
      0.40801382064819336
    ],
    "channel_activity": [
      49,
      3,
      4,
      0,
      1,
      2,
      0,
      0,
      0,
      1,
      1,
      1,
      1,
      1,
      0,
      0,
      0,
      0,
      3,
      4,
      0,
      0
    ],
    "top_active_channels": [
      [
        0,
        49
      ],
      [
        2,
        4
      ],
      [
        19,
        4
      ],
      [
        1,
        3
      ],
      [
        18,
        3
      ]
    ],
    "total_board_activity": 71
  },
  "go_pattern_analysis": {
    "move_type": "corner",
    "game_phase": "opening",
    "turn_number": 18,
    "policy_entropy": 1.5313258608808369,
    "policy_confidence": 0.5884057971014492,
    "top_policy_moves": [
      {
        "coord": "(5,5)",
        "percentage": 58.8,
        "count": 203
      },
      {
        "coord": "(2,1)",
        "percentage": 23.8,
        "count": 82
      },
      {
        "coord": "(3,1)",
        "percentage": 12.5,
        "count": 43
      },
      {
        "coord": "(5,3)",
        "percentage": 4.9,
        "count": 17
      }
    ],
    "total_policy_counts": 345
  },
  "part_comparison": {
    "uniqueness_score": 0.41494375467300415,
    "similar_positions": [
      6547,
      4550,
      2806,
      4869,
      2088
    ],
    "part_rank": 2,
    "max_other_part_activation": 0.45911213755607605,
    "activation_percentile": 99.96971073754354
  }
}