{
  "position_info": {
    "part": 8,
    "rank": 15,
    "global_position": 4551,
    "move_coordinate": "F6",
    "turn_number": 18,
    "npz_file": "B330F9C802154800.npz",
    "board_tensor_file": "pos_4551/board.npy",
    "sgf_file": "pos_4551/game.sgf"
  },
  "nmf_analysis": {
    "activation_strength": 0.7107901573181152,
    "rank_in_part": 15,
    "activation_in_other_parts": [
      1774.5850830078125,
      395.3821716308594,
      2.3974413871765137,
      1.074550747871399,
      9.249369621276855,
      4.874269485473633,
      0.16859665513038635,
      0.0,
      0.7107901573181152,
      0.0,
      106.64301300048828,
      0.37053462862968445,
      0.2660219073295593,
      0.0,
      37.83878707885742,
      0.0,
      0.0,
      0.013399973511695862,
      0.14902082085609436,
      0.0901014432311058,
      0.12344060838222504,
      0.1175675019621849,
      0.0,
      0.19487029314041138,
      0.0
    ],
    "channel_activity": [
      49,
      3,
      4,
      0,
      1,
      2,
      0,
      0,
      0,
      1,
      1,
      1,
      1,
      1,
      0,
      0,
      0,
      0,
      3,
      4,
      0,
      0
    ],
    "top_active_channels": [
      [
        0,
        49
      ],
      [
        2,
        4
      ],
      [
        19,
        4
      ],
      [
        1,
        3
      ],
      [
        18,
        3
      ]
    ],
    "total_board_activity": 71
  },
  "go_pattern_analysis": {
    "move_type": "corner",
    "game_phase": "opening",
    "turn_number": 18,
    "policy_entropy": 1.5313258608808369,
    "policy_confidence": 0.5884057971014492,
    "top_policy_moves": [
      {
        "coord": "(5,5)",
        "percentage": 58.8,
        "count": 203
      },
      {
        "coord": "(2,1)",
        "percentage": 23.8,
        "count": 82
      },
      {
        "coord": "(3,1)",
        "percentage": 12.5,
        "count": 43
      },
      {
        "coord": "(5,3)",
        "percentage": 4.9,
        "count": 17
      }
    ],
    "total_policy_counts": 345
  },
  "part_comparison": {
    "uniqueness_score": 0.000400378427002579,
    "similar_positions": [
      6368,
      88,
      4550,
      1244,
      1578
    ],
    "part_rank": 15,
    "max_other_part_activation": 1774.5850830078125,
    "activation_percentile": 99.77283053157655
  }
}