{
  "position_info": {
    "part": 3,
    "rank": 7,
    "global_position": 3421,
    "move_coordinate": "A6",
    "turn_number": 1,
    "npz_file": "AAE4EE8DC9A92FFF.npz",
    "board_tensor_file": "pos_3421/board.npy",
    "sgf_file": "pos_3421/game.sgf"
  },
  "nmf_analysis": {
    "activation_strength": 0.039808206260204315,
    "rank_in_part": 7,
    "activation_in_other_parts": [
      0.24453866481781006,
      0.0,
      0.0,
      0.039808206260204315,
      0.03710999712347984,
      0.030556265264749527,
      0.050842296332120895,
      0.01647692359983921,
      0.04113105684518814,
      0.05884562432765961,
      0.02966584451496601,
      0.0,
      0.015700405463576317,
      0.00574001669883728,
      0.02849717251956463,
      0.0,
      0.011165996082127094,
      0.0,
      0.024463415145874023,
      0.02935689315199852,
      0.03789546340703964,
      0.03429315611720085,
      0.030579565092921257,
      0.026225904002785683,
      0.0390111580491066,
      0.006027492228895426,
      0.007012024987488985,
      0.0033747099805623293,
      0.28030282258987427,
      0.0,
      0.48810121417045593,
      0.11311351507902145,
      0.11275078356266022,
      0.006470777560025454,
      0.051814302802085876,
      0.0,
      0.0,
      0.00761539489030838,
      0.11397230625152588,
      0.017947658896446228,
      0.2447478175163269,
      0.24266648292541504,
      0.13787364959716797,
      0.03606661036610603,
      0.0,
      0.0,
      0.11704349517822266,
      0.09276162087917328,
      0.3120727837085724,
      0.3222726285457611
    ],
    "channel_activity": [
      49,
      7,
      8,
      0,
      0,
      3,
      0,
      0,
      0,
      1,
      1,
      1,
      1,
      1,
      0,
      0,
      1,
      0,
      7,
      8,
      0,
      0
    ],
    "top_active_channels": [
      [
        0,
        49
      ],
      [
        2,
        8
      ],
      [
        19,
        8
      ],
      [
        1,
        7
      ],
      [
        18,
        7
      ]
    ],
    "total_board_activity": 88
  },
  "go_pattern_analysis": {
    "move_type": "corner",
    "game_phase": "opening",
    "turn_number": 1,
    "policy_entropy": -0.0,
    "policy_confidence": 1.0,
    "top_policy_moves": [
      {
        "coord": "(5,0)",
        "percentage": 100.0,
        "count": 253
      }
    ],
    "total_policy_counts": 253
  },
  "part_comparison": {
    "uniqueness_score": 0.07540726661682129,
    "similar_positions": [
      426,
      4798,
      1704,
      5385,
      5609
    ],
    "part_rank": 7,
    "max_other_part_activation": 0.48810121417045593,
    "activation_percentile": 99.89398758140238
  }
}