{
  "position_info": {
    "part": 3,
    "rank": 2,
    "global_position": 4870,
    "move_coordinate": "D4",
    "turn_number": 2,
    "npz_file": "B330F9C802154800.npz",
    "board_tensor_file": "pos_4870/board.npy",
    "sgf_file": "pos_4870/game.sgf"
  },
  "nmf_analysis": {
    "activation_strength": 381.6185302734375,
    "rank_in_part": 2,
    "activation_in_other_parts": [
      407.87457275390625,
      235.45643615722656,
      100.41067504882812,
      381.6185302734375,
      37.741294860839844,
      0.22909224033355713,
      0.0,
      0.0,
      0.0,
      0.0,
      0.0,
      0.0,
      0.0,
      0.0,
      0.3893541693687439,
      0.0,
      0.0,
      0.0,
      0.23533250391483307,
      0.0,
      0.007295466959476471,
      0.0,
      0.0,
      0.0,
      0.1312137097120285
    ],
    "channel_activity": [
      49,
      8,
      8,
      0,
      2,
      4,
      0,
      0,
      0,
      1,
      1,
      1,
      1,
      1,
      0,
      0,
      1,
      0,
      8,
      8,
      0,
      0
    ],
    "top_active_channels": [
      [
        0,
        49
      ],
      [
        1,
        8
      ],
      [
        2,
        8
      ],
      [
        18,
        8
      ],
      [
        19,
        8
      ]
    ],
    "total_board_activity": 93
  },
  "go_pattern_analysis": {
    "move_type": "center",
    "game_phase": "opening",
    "turn_number": 2,
    "policy_entropy": 1.6659271770421524,
    "policy_confidence": 0.47959183673469385,
    "top_policy_moves": [
      {
        "coord": "(3,3)",
        "percentage": 48.0,
        "count": 235
      },
      {
        "coord": "(3,6)",
        "percentage": 31.4,
        "count": 154
      },
      {
        "coord": "(3,0)",
        "percentage": 15.7,
        "count": 77
      },
      {
        "coord": "(2,0)",
        "percentage": 4.9,
        "count": 24
      }
    ],
    "total_policy_counts": 490
  },
  "part_comparison": {
    "uniqueness_score": 0.4833715856075287,
    "similar_positions": [
      2888,
      6298,
      3002,
      2997,
      2996
    ],
    "part_rank": 2,
    "max_other_part_activation": 407.87457275390625,
    "activation_percentile": 99.96971073754354
  }
}