{
  "position_info": {
    "part": 22,
    "rank": 10,
    "global_position": 1768,
    "move_coordinate": "B6",
    "turn_number": 1,
    "npz_file": "1D638D50844BD930.npz",
    "board_tensor_file": "pos_1768/board.npy",
    "sgf_file": "pos_1768/game.sgf"
  },
  "nmf_analysis": {
    "activation_strength": 0.316872775554657,
    "rank_in_part": 10,
    "activation_in_other_parts": [
      0.01672709733247757,
      0.1550905704498291,
      0.019489414989948273,
      0.050775669515132904,
      0.13118472695350647,
      0.2875061631202698,
      0.42980456352233887,
      0.06459588557481766,
      0.0508950911462307,
      0.36054980754852295,
      0.16082531213760376,
      0.10857219249010086,
      0.35451003909111023,
      0.026440944522619247,
      0.046042364090681076,
      0.02505016140639782,
      0.07462833821773529,
      0.027990194037556648,
      0.0,
      0.01484619453549385,
      0.062115252017974854,
      0.02136949449777603,
      0.316872775554657,
      0.08651047199964523,
      0.43308547139167786
    ],
    "channel_activity": [
      49,
      4,
      4,
      0,
      1,
      1,
      0,
      0,
      0,
      1,
      1,
      1,
      1,
      1,
      1,
      0,
      0,
      0,
      0,
      0,
      0,
      0
    ],
    "top_active_channels": [
      [
        0,
        49
      ],
      [
        1,
        4
      ],
      [
        2,
        4
      ],
      [
        4,
        1
      ],
      [
        5,
        1
      ]
    ],
    "total_board_activity": 65
  },
  "go_pattern_analysis": {
    "move_type": "corner",
    "game_phase": "opening",
    "turn_number": 1,
    "policy_entropy": 1.243174882326141,
    "policy_confidence": 0.6438679245283019,
    "top_policy_moves": [
      {
        "coord": "(5,1)",
        "percentage": 64.4,
        "count": 273
      },
      {
        "coord": "(3,1)",
        "percentage": 25.7,
        "count": 109
      },
      {
        "coord": "(3,5)",
        "percentage": 9.9,
        "count": 42
      }
    ],
    "total_policy_counts": 424
  },
  "part_comparison": {
    "uniqueness_score": 0.42252054810523987,
    "similar_positions": [
      709,
      3232,
      2477,
      815,
      590
    ],
    "part_rank": 10,
    "max_other_part_activation": 0.43308547139167786,
    "activation_percentile": 99.8485536877177
  }
}