{
  "position_info": {
    "part": 13,
    "rank": 8,
    "global_position": 4514,
    "move_coordinate": "B6",
    "turn_number": 20,
    "npz_file": "B330F9C802154800.npz",
    "board_tensor_file": "pos_4514/board.npy",
    "sgf_file": "pos_4514/game.sgf"
  },
  "nmf_analysis": {
    "activation_strength": 0.5513917207717896,
    "rank_in_part": 8,
    "activation_in_other_parts": [
      0.0,
      388.4256591796875,
      0.0,
      48.353946685791016,
      0.0,
      90.20365142822266,
      0.2867540121078491,
      6.937595844268799,
      0.0,
      0.0,
      0.0,
      0.07346746325492859,
      0.0,
      0.5513917207717896,
      61.60928726196289,
      0.0,
      0.0,
      0.0,
      0.025694891810417175,
      0.0,
      0.0,
      0.0,
      0.0,
      0.0,
      0.0
    ],
    "channel_activity": [
      49,
      3,
      3,
      0,
      0,
      0,
      0,
      0,
      0,
      1,
      1,
      1,
      1,
      1,
      0,
      0,
      0,
      0,
      0,
      0,
      0,
      0
    ],
    "top_active_channels": [
      [
        0,
        49
      ],
      [
        1,
        3
      ],
      [
        2,
        3
      ],
      [
        9,
        1
      ],
      [
        10,
        1
      ]
    ],
    "total_board_activity": 60
  },
  "go_pattern_analysis": {
    "move_type": "corner",
    "game_phase": "opening",
    "turn_number": 20,
    "policy_entropy": 0.7686913027030167,
    "policy_confidence": 0.7752808988764045,
    "top_policy_moves": [
      {
        "coord": "(5,1)",
        "percentage": 77.5,
        "count": 207
      },
      {
        "coord": "(1,3)",
        "percentage": 22.5,
        "count": 60
      }
    ],
    "total_policy_counts": 267
  },
  "part_comparison": {
    "uniqueness_score": 0.0014175430405884981,
    "similar_positions": [
      5524,
      3359,
      3435,
      3436,
      1569
    ],
    "part_rank": 8,
    "max_other_part_activation": 388.4256591796875,
    "activation_percentile": 99.87884295017416
  }
}