{
  "position_info": {
    "part": 38,
    "rank": 7,
    "global_position": 473,
    "move_coordinate": "E5",
    "turn_number": 30,
    "npz_file": "1906C337F5CDAFA9.npz",
    "board_tensor_file": "pos_473/board.npy",
    "sgf_file": "pos_473/game.sgf"
  },
  "nmf_analysis": {
    "activation_strength": 0.8196430206298828,
    "rank_in_component": 7,
    "activation_in_other_components": [
      0.0,
      0.036350805312395096,
      0.0,
      0.0,
      0.0,
      0.0,
      0.09637603163719177,
      0.020225463435053825,
      0.010650956071913242,
      0.12148357927799225,
      0.030485741794109344,
      0.08851242065429688,
      0.06278837472200394,
      0.0,
      9.299054909206461e-06,
      0.1807781457901001,
      0.004564810078591108,
      0.00022302773140836507,
      0.001017521251924336,
      0.0,
      0.0014011813327670097,
      0.06603081524372101,
      0.004297588020563126,
      0.0,
      0.10362571477890015,
      0.0014205179177224636,
      0.0047295247204601765,
      0.0,
      0.0,
      0.00807105377316475,
      0.030301280319690704,
      0.25745344161987305,
      0.028088515624403954,
      0.0,
      0.0,
      0.06234323978424072,
      0.0,
      0.0,
      0.8196430206298828,
      0.0,
      0.06442829221487045,
      0.0,
      0.10284269601106644,
      0.010732701048254967,
      0.0,
      0.23556400835514069,
      0.0,
      0.0,
      0.06861601769924164,
      0.4854823350906372
    ],
    "channel_activity": [
      49,
      1,
      1,
      0,
      0,
      2,
      0,
      0,
      0,
      1,
      1,
      0,
      0,
      0,
      0,
      0,
      0,
      0,
      1,
      1,
      0,
      0
    ],
    "top_active_channels": [
      [
        0,
        49
      ],
      [
        5,
        2
      ],
      [
        1,
        1
      ],
      [
        2,
        1
      ],
      [
        9,
        1
      ]
    ],
    "total_board_activity": 57
  },
  "go_pattern_analysis": {
    "move_type": "corner",
    "game_phase": "middle_game",
    "turn_number": 30,
    "policy_entropy": -0.0,
    "policy_confidence": 1.0,
    "top_policy_moves": [
      {
        "coord": "(4,4)",
        "percentage": 100.0,
        "count": 99
      }
    ],
    "total_policy_counts": 99
  },
  "component_comparison": {
    "uniqueness_score": 0.6280186176300049,
    "similar_positions": [
      2978,
      5626,
      5462,
      5625,
      5933
    ],
    "component_rank": 7,
    "max_other_component_activation": 0.4854823350906372,
    "activation_percentile": 99.89398758140238
  }
}