{
  "position_info": {
    "part": 8,
    "rank": 14,
    "global_position": 5389,
    "move_coordinate": "B2",
    "turn_number": 9,
    "npz_file": "BADFFB51627F24FD.npz",
    "board_tensor_file": "pos_5389/board.npy",
    "sgf_file": "pos_5389/game.sgf"
  },
  "nmf_analysis": {
    "activation_strength": 0.7142331600189209,
    "rank_in_part": 14,
    "activation_in_other_parts": [
      3038.96533203125,
      184.14306640625,
      84.94105529785156,
      0.0,
      18.212556838989258,
      0.0,
      0.0,
      0.0,
      0.7142331600189209,
      0.0,
      74.21440887451172,
      0.0,
      0.0,
      0.09822265803813934,
      0.0,
      0.0,
      0.0,
      0.13410191237926483,
      0.31304267048835754,
      0.0,
      0.2718643248081207,
      0.04497080296278,
      0.0,
      0.0,
      0.0
    ],
    "channel_activity": [
      49,
      6,
      7,
      0,
      2,
      2,
      0,
      0,
      0,
      1,
      1,
      1,
      1,
      1,
      0,
      0,
      0,
      0,
      0,
      0,
      0,
      0
    ],
    "top_active_channels": [
      [
        0,
        49
      ],
      [
        2,
        7
      ],
      [
        1,
        6
      ],
      [
        4,
        2
      ],
      [
        5,
        2
      ]
    ],
    "total_board_activity": 71
  },
  "go_pattern_analysis": {
    "move_type": "corner",
    "game_phase": "opening",
    "turn_number": 9,
    "policy_entropy": 0.1267078958363268,
    "policy_confidence": 0.9825783972125436,
    "top_policy_moves": [
      {
        "coord": "(1,1)",
        "percentage": 98.3,
        "count": 282
      },
      {
        "coord": "(1,0)",
        "percentage": 1.7,
        "count": 5
      }
    ],
    "total_policy_counts": 287
  },
  "part_comparison": {
    "uniqueness_score": 0.00023496989160776138,
    "similar_positions": [
      6368,
      88,
      4550,
      1244,
      1578
    ],
    "part_rank": 14,
    "max_other_part_activation": 3038.96533203125,
    "activation_percentile": 99.78797516280478
  }
}