{
  "position_info": {
    "part": 5,
    "rank": 20,
    "global_position": 5389,
    "move_coordinate": "B2",
    "turn_number": 9,
    "npz_file": "BADFFB51627F24FD.npz",
    "board_tensor_file": "pos_5389/board.npy",
    "sgf_file": "pos_5389/game.sgf"
  },
  "nmf_analysis": {
    "activation_strength": 0.05258883163332939,
    "rank_in_part": 20,
    "activation_in_other_parts": [
      0.2278112918138504,
      0.06577298790216446,
      0.0,
      0.023007351905107498,
      0.016372889280319214,
      0.05258883163332939,
      0.0688612163066864,
      0.048006653785705566,
      0.0,
      0.18184460699558258,
      0.0,
      0.03778524324297905,
      0.0661657527089119,
      0.02653275616466999,
      0.0,
      0.014902940951287746,
      0.0007431432022713125,
      0.00010439324250910431,
      0.004548175726085901,
      0.05787727236747742,
      0.0,
      0.09913872182369232,
      0.0,
      0.02495867758989334,
      0.1626090109348297,
      0.0010016787564381957,
      0.0,
      0.0138767771422863,
      0.3464123606681824,
      0.0,
      0.1804894655942917,
      0.2048444151878357,
      0.03874852880835533,
      0.19114218652248383,
      0.06473522633314133,
      0.0,
      0.11281806975603104,
      0.10942910611629486,
      0.0,
      0.05076122283935547,
      0.05907406657934189,
      0.11856529116630554,
      0.0,
      0.12163365632295609,
      0.19687870144844055,
      0.06956751644611359,
      0.12274684011936188,
      0.12934629619121552,
      0.4371338486671448,
      0.13942892849445343
    ],
    "channel_activity": [
      49,
      6,
      7,
      0,
      2,
      2,
      0,
      0,
      0,
      1,
      1,
      1,
      1,
      1,
      0,
      0,
      0,
      0,
      0,
      0,
      0,
      0
    ],
    "top_active_channels": [
      [
        0,
        49
      ],
      [
        2,
        7
      ],
      [
        1,
        6
      ],
      [
        4,
        2
      ],
      [
        5,
        2
      ]
    ],
    "total_board_activity": 71
  },
  "go_pattern_analysis": {
    "move_type": "corner",
    "game_phase": "opening",
    "turn_number": 9,
    "policy_entropy": 0.1267078958363268,
    "policy_confidence": 0.9825783972125436,
    "top_policy_moves": [
      {
        "coord": "(1,1)",
        "percentage": 98.3,
        "count": 282
      },
      {
        "coord": "(1,0)",
        "percentage": 1.7,
        "count": 5
      }
    ],
    "total_policy_counts": 287
  },
  "part_comparison": {
    "uniqueness_score": 0.10738492757081985,
    "similar_positions": [
      1954,
      2742,
      6368,
      1227,
      1973
    ],
    "part_rank": 20,
    "max_other_part_activation": 0.4371338486671448,
    "activation_percentile": 99.69710737543541
  }
}