{
  "position_info": {
    "part": 28,
    "rank": 2,
    "global_position": 1567,
    "move_coordinate": "G2",
    "turn_number": 1,
    "npz_file": "1D638D50844BD930.npz",
    "board_tensor_file": "pos_1567/board.npy",
    "sgf_file": "pos_1567/game.sgf"
  },
  "nmf_analysis": {
    "activation_strength": 0.6377818584442139,
    "rank_in_component": 2,
    "activation_in_other_components": [
      0.0,
      0.06458193063735962,
      0.0,
      0.0005606704507954419,
      0.003946084529161453,
      0.019232291728258133,
      0.22074609994888306,
      0.011458216235041618,
      0.04661724343895912,
      0.11070280522108078,
      0.04255170375108719,
      0.042883943766355515,
      0.05126363784074783,
      0.0049296170473098755,
      0.00617063557729125,
      0.03017996810376644,
      0.0,
      0.0002512260398361832,
      0.0,
      0.009144758805632591,
      0.01806515082716942,
      0.06861530989408493,
      0.014814972877502441,
      0.07963074743747711,
      0.11851754784584045,
      0.0,
      0.000554988335352391,
      0.03831537067890167,
      0.6377818584442139,
      0.19566956162452698,
      0.15553584694862366,
      0.04443686828017235,
      0.1250235140323639,
      0.014137404039502144,
      0.2755015194416046,
      0.0,
      0.18560411036014557,
      0.0,
      0.0,
      0.0,
      0.0,
      0.11093342304229736,
      0.0,
      0.031327664852142334,
      0.150680273771286,
      0.17739459872245789,
      0.02691858634352684,
      0.09428703784942627,
      0.4710216224193573,
      0.08715294301509857
    ],
    "channel_activity": [
      49,
      7,
      9,
      1,
      4,
      2,
      0,
      0,
      0,
      1,
      1,
      1,
      1,
      1,
      3,
      1,
      2,
      0,
      7,
      9,
      0,
      0
    ],
    "top_active_channels": [
      [
        0,
        49
      ],
      [
        2,
        9
      ],
      [
        19,
        9
      ],
      [
        1,
        7
      ],
      [
        18,
        7
      ]
    ],
    "total_board_activity": 99
  },
  "go_pattern_analysis": {
    "move_type": "corner",
    "game_phase": "opening",
    "turn_number": 1,
    "policy_entropy": 1.1401234877022772,
    "policy_confidence": 0.7177242888402626,
    "top_policy_moves": [
      {
        "coord": "(1,6)",
        "percentage": 71.8,
        "count": 328
      },
      {
        "coord": "(1,5)",
        "percentage": 19.5,
        "count": 89
      },
      {
        "coord": "(0,3)",
        "percentage": 8.3,
        "count": 38
      },
      {
        "coord": "(0,2)",
        "percentage": 0.2,
        "count": 1
      },
      {
        "coord": "(0,5)",
        "percentage": 0.2,
        "count": 1
      }
    ],
    "total_policy_counts": 457
  },
  "component_comparison": {
    "uniqueness_score": 0.5751982927322388,
    "similar_positions": [
      1568,
      1566,
      1565,
      1569,
      1564
    ],
    "component_rank": 2,
    "max_other_component_activation": 0.4710216224193573,
    "activation_percentile": 99.96971073754354
  }
}