{
  "position_info": {
    "part": 28,
    "rank": 11,
    "global_position": 1949,
    "move_coordinate": "PASS",
    "turn_number": 1,
    "npz_file": "1D638D50844BD930.npz",
    "board_tensor_file": "pos_1949/board.npy",
    "sgf_file": "pos_1949/game.sgf"
  },
  "nmf_analysis": {
    "activation_strength": 0.5303455591201782,
    "rank_in_component": 11,
    "activation_in_other_components": [
      0.008163299411535263,
      0.11340020596981049,
      0.0,
      0.007417641580104828,
      0.012880906462669373,
      0.03249935433268547,
      0.0,
      0.027890997007489204,
      0.024051371961832047,
      0.11515843868255615,
      0.013056488707661629,
      0.01061360351741314,
      0.04543754458427429,
      0.016875827684998512,
      0.007930253632366657,
      0.0,
      0.0,
      0.0007406107615679502,
      0.0,
      0.014412994496524334,
      0.018702497705817223,
      0.06376701593399048,
      0.014219310134649277,
      0.004381078295409679,
      0.08173274993896484,
      0.0,
      0.0004160426906310022,
      0.0,
      0.5303455591201782,
      0.3208834230899811,
      0.050482019782066345,
      0.03102870285511017,
      0.0085512800142169,
      0.15145118534564972,
      0.6028390526771545,
      0.0,
      0.32653573155403137,
      0.0,
      0.0,
      0.0,
      0.0,
      0.048303548246622086,
      0.0,
      0.04083628207445145,
      0.0,
      0.12329036742448807,
      0.0,
      0.048626549541950226,
      0.30863770842552185,
      0.14532887935638428
    ],
    "channel_activity": [
      49,
      10,
      14,
      0,
      13,
      3,
      0,
      0,
      0,
      1,
      0,
      0,
      0,
      0,
      0,
      1,
      1,
      0,
      11,
      36,
      11,
      13
    ],
    "top_active_channels": [
      [
        0,
        49
      ],
      [
        19,
        36
      ],
      [
        2,
        14
      ],
      [
        4,
        13
      ],
      [
        21,
        13
      ]
    ],
    "total_board_activity": 163
  },
  "go_pattern_analysis": {
    "move_type": "pass",
    "game_phase": "opening",
    "turn_number": 1,
    "policy_entropy": 1.033657100366853,
    "policy_confidence": 0.8175046554934823,
    "top_policy_moves": [
      {
        "coord": "PASS",
        "percentage": 81.8,
        "count": 439
      },
      {
        "coord": "(6,5)",
        "percentage": 11.9,
        "count": 64
      },
      {
        "coord": "(5,4)",
        "percentage": 1.7,
        "count": 9
      },
      {
        "coord": "(4,2)",
        "percentage": 1.5,
        "count": 8
      },
      {
        "coord": "(6,2)",
        "percentage": 0.7,
        "count": 4
      }
    ],
    "total_policy_counts": 537
  },
  "component_comparison": {
    "uniqueness_score": 0.46801334619522095,
    "similar_positions": [
      1568,
      1567,
      1566,
      1565,
      1569
    ],
    "component_rank": 11,
    "max_other_component_activation": 0.6028390526771545,
    "activation_percentile": 99.83340905648947
  }
}