{
  "position_info": {
    "part": 1,
    "rank": 4,
    "global_position": 5492,
    "move_coordinate": "B2",
    "turn_number": 11,
    "npz_file": "BADFFB51627F24FD.npz",
    "board_tensor_file": "pos_5492/board.npy",
    "sgf_file": "pos_5492/game.sgf"
  },
  "nmf_analysis": {
    "activation_strength": 471.4493103027344,
    "rank_in_part": 4,
    "activation_in_other_parts": [
      0.0,
      471.4493103027344,
      0.0,
      44.74716567993164,
      0.0,
      82.98948669433594,
      0.21441727876663208,
      7.8771162033081055,
      0.0,
      0.0,
      0.0,
      0.4473499655723572,
      0.0,
      0.16997049748897552,
      41.703277587890625,
      0.0,
      0.0,
      0.0,
      0.08514498174190521,
      0.0,
      0.0,
      0.0,
      0.0,
      0.0,
      0.0
    ],
    "channel_activity": [
      49,
      4,
      4,
      0,
      1,
      1,
      0,
      0,
      0,
      1,
      1,
      1,
      1,
      1,
      1,
      0,
      0,
      0,
      0,
      0,
      0,
      0
    ],
    "top_active_channels": [
      [
        0,
        49
      ],
      [
        1,
        4
      ],
      [
        2,
        4
      ],
      [
        4,
        1
      ],
      [
        5,
        1
      ]
    ],
    "total_board_activity": 65
  },
  "go_pattern_analysis": {
    "move_type": "corner",
    "game_phase": "opening",
    "turn_number": 11,
    "policy_entropy": 0.4810388606245476,
    "policy_confidence": 0.9161290322580645,
    "top_policy_moves": [
      {
        "coord": "(1,1)",
        "percentage": 91.6,
        "count": 284
      },
      {
        "coord": "(1,3)",
        "percentage": 6.5,
        "count": 20
      },
      {
        "coord": "(5,3)",
        "percentage": 1.9,
        "count": 6
      }
    ],
    "total_policy_counts": 310
  },
  "part_comparison": {
    "uniqueness_score": 0.8503180742263794,
    "similar_positions": [
      3451,
      2267,
      1757,
      5359,
      4444
    ],
    "part_rank": 4,
    "max_other_part_activation": 82.98948669433594,
    "activation_percentile": 99.93942147508709
  }
}