{
  "position_info": {
    "part": 19,
    "rank": 3,
    "global_position": 4550,
    "move_coordinate": "C3",
    "turn_number": 7,
    "npz_file": "B330F9C802154800.npz",
    "board_tensor_file": "pos_4550/board.npy",
    "sgf_file": "pos_4550/game.sgf"
  },
  "nmf_analysis": {
    "activation_strength": 0.3192228674888611,
    "rank_in_part": 3,
    "activation_in_other_parts": [
      0.20633867383003235,
      0.45553499460220337,
      0.16684269905090332,
      0.0,
      0.3959164023399353,
      0.0,
      0.09635785967111588,
      0.0084543377161026,
      0.01106305792927742,
      0.14706851541996002,
      0.0,
      0.03818549960851669,
      0.0852016881108284,
      0.09088628739118576,
      0.06966445595026016,
      0.05531835928559303,
      0.2626629173755646,
      0.11388137936592102,
      0.11306682229042053,
      0.3192228674888611,
      0.0,
      0.1399252712726593,
      0.11677555739879608,
      0.14116422832012177,
      0.37497225403785706
    ],
    "channel_activity": [
      49,
      2,
      3,
      0,
      0,
      2,
      0,
      0,
      0,
      1,
      1,
      1,
      1,
      1,
      0,
      0,
      0,
      0,
      2,
      3,
      0,
      0
    ],
    "top_active_channels": [
      [
        0,
        49
      ],
      [
        2,
        3
      ],
      [
        19,
        3
      ],
      [
        1,
        2
      ],
      [
        5,
        2
      ]
    ],
    "total_board_activity": 66
  },
  "go_pattern_analysis": {
    "move_type": "corner",
    "game_phase": "opening",
    "turn_number": 7,
    "policy_entropy": 0.1551032721030342,
    "policy_confidence": 0.9775280898876404,
    "top_policy_moves": [
      {
        "coord": "(2,2)",
        "percentage": 97.8,
        "count": 522
      },
      {
        "coord": "(5,3)",
        "percentage": 2.2,
        "count": 12
      }
    ],
    "total_policy_counts": 534
  },
  "part_comparison": {
    "uniqueness_score": 0.4120292067527771,
    "similar_positions": [
      6547,
      4551,
      2806,
      4869,
      2088
    ],
    "part_rank": 3,
    "max_other_part_activation": 0.45553499460220337,
    "activation_percentile": 99.95456610631531
  }
}