{
  "position_info": {
    "part": 8,
    "rank": 3,
    "global_position": 4550,
    "move_coordinate": "C3",
    "turn_number": 7,
    "npz_file": "B330F9C802154800.npz",
    "board_tensor_file": "pos_4550/board.npy",
    "sgf_file": "pos_4550/game.sgf"
  },
  "nmf_analysis": {
    "activation_strength": 0.8823654651641846,
    "rank_in_part": 3,
    "activation_in_other_parts": [
      1982.7340087890625,
      341.61199951171875,
      9.31618595123291,
      3.4995806217193604,
      1.8438868522644043,
      21.555208206176758,
      0.0,
      0.0,
      0.8823654651641846,
      0.0,
      127.02019500732422,
      0.19700850546360016,
      0.21254177391529083,
      0.04493642970919609,
      16.250593185424805,
      0.0,
      0.06814907491207123,
      0.0,
      0.08140519261360168,
      0.014906935393810272,
      0.19008222222328186,
      0.22109255194664001,
      0.0,
      0.21123969554901123,
      0.0
    ],
    "channel_activity": [
      49,
      2,
      3,
      0,
      0,
      2,
      0,
      0,
      0,
      1,
      1,
      1,
      1,
      1,
      0,
      0,
      0,
      0,
      2,
      3,
      0,
      0
    ],
    "top_active_channels": [
      [
        0,
        49
      ],
      [
        2,
        3
      ],
      [
        19,
        3
      ],
      [
        1,
        2
      ],
      [
        5,
        2
      ]
    ],
    "total_board_activity": 66
  },
  "go_pattern_analysis": {
    "move_type": "corner",
    "game_phase": "opening",
    "turn_number": 7,
    "policy_entropy": 0.1551032721030342,
    "policy_confidence": 0.9775280898876404,
    "top_policy_moves": [
      {
        "coord": "(2,2)",
        "percentage": 97.8,
        "count": 522
      },
      {
        "coord": "(5,3)",
        "percentage": 2.2,
        "count": 12
      }
    ],
    "total_policy_counts": 534
  },
  "part_comparison": {
    "uniqueness_score": 0.0004448266699910164,
    "similar_positions": [
      6368,
      88,
      1244,
      1578,
      6544
    ],
    "part_rank": 3,
    "max_other_part_activation": 1982.7340087890625,
    "activation_percentile": 99.95456610631531
  }
}