{
  "position_info": {
    "part": 31,
    "rank": 9,
    "global_position": 726,
    "move_coordinate": "D5",
    "turn_number": 4,
    "npz_file": "1906C337F5CDAFA9.npz",
    "board_tensor_file": "pos_726/board.npy",
    "sgf_file": "pos_726/game.sgf"
  },
  "nmf_analysis": {
    "activation_strength": 0.9313223958015442,
    "rank_in_component": 9,
    "activation_in_other_components": [
      0.27780529856681824,
      0.08150061219930649,
      0.0,
      0.028465284034609795,
      0.01728587970137596,
      0.04728054627776146,
      0.02933889627456665,
      0.08505004644393921,
      0.0,
      0.21558435261249542,
      0.0,
      0.0,
      0.05446247011423111,
      0.027697153389453888,
      0.0,
      0.0,
      0.005269946996122599,
      0.0,
      0.01190036442130804,
      0.07998485118150711,
      0.0,
      0.09894051402807236,
      0.0,
      0.005899032577872276,
      0.13392581045627594,
      0.0036032467614859343,
      0.0,
      0.007556818891316652,
      0.2513599991798401,
      0.0,
      0.025359684601426125,
      0.9313223958015442,
      0.1149211972951889,
      0.02975408174097538,
      0.040850892663002014,
      0.0,
      0.0,
      0.0,
      0.3927426040172577,
      0.0,
      0.09388545155525208,
      0.01350441388785839,
      0.061696965247392654,
      0.0,
      0.0,
      0.01535293459892273,
      0.0,
      0.0,
      0.20459407567977905,
      0.01113236602395773
    ],
    "channel_activity": [
      49,
      0,
      1,
      0,
      0,
      0,
      0,
      0,
      0,
      1,
      0,
      0,
      0,
      0,
      0,
      0,
      0,
      0,
      0,
      49,
      0,
      0
    ],
    "top_active_channels": [
      [
        0,
        49
      ],
      [
        19,
        49
      ],
      [
        2,
        1
      ],
      [
        9,
        1
      ],
      [
        1,
        0
      ]
    ],
    "total_board_activity": 100
  },
  "go_pattern_analysis": {
    "move_type": "side",
    "game_phase": "opening",
    "turn_number": 4,
    "policy_entropy": 1.9515636579485771,
    "policy_confidence": 0.366412213740458,
    "top_policy_moves": [
      {
        "coord": "(4,3)",
        "percentage": 36.6,
        "count": 48
      },
      {
        "coord": "(4,4)",
        "percentage": 22.1,
        "count": 29
      },
      {
        "coord": "(2,4)",
        "percentage": 20.6,
        "count": 27
      },
      {
        "coord": "(2,3)",
        "percentage": 20.6,
        "count": 27
      }
    ],
    "total_policy_counts": 131
  },
  "component_comparison": {
    "uniqueness_score": 0.7033811807632446,
    "similar_positions": [
      786,
      6366,
      3821,
      4015,
      4410
    ],
    "component_rank": 8,
    "max_other_component_activation": 0.3927426040172577,
    "activation_percentile": 99.87884295017416
  }
}