{
  "position_info": {
    "part": 2,
    "rank": 10,
    "global_position": 2201,
    "move_coordinate": "C4",
    "turn_number": 13,
    "npz_file": "76F9EC3EB6A76AA0.npz",
    "board_tensor_file": "pos_2201/board.npy",
    "sgf_file": "pos_2201/game.sgf"
  },
  "nmf_analysis": {
    "activation_strength": 0.0,
    "rank_in_part": 10,
    "activation_in_other_parts": [
      0.0748087465763092,
      0.05271091312170029,
      0.0,
      0.006395368371158838,
      0.005490056239068508,
      0.01838531345129013,
      0.28061744570732117,
      0.024958912283182144,
      0.029327530413866043,
      0.07226112484931946,
      0.04191815108060837,
      0.02330533228814602,
      0.029801655560731888,
      0.011483839713037014,
      0.0031491301488131285,
      0.06508428603410721,
      0.002533341757953167,
      0.00022515078308060765,
      0.005158292595297098,
      0.02526853233575821,
      0.00856427289545536,
      0.04114063084125519,
      0.007610285189002752,
      0.07829350233078003,
      0.09135604649782181,
      0.0014663359615951777,
      0.0029469977598637342,
      0.054023873060941696,
      0.051510799676179886,
      0.0,
      0.10943040251731873,
      0.3023220896720886,
      0.11413230746984482,
      0.09292662888765335,
      0.014032040722668171,
      0.003695789258927107,
      0.02780553512275219,
      0.10540062189102173,
      0.19883181154727936,
      0.05911222845315933,
      0.17618949711322784,
      0.062019508332014084,
      0.0,
      0.0,
      0.2607269287109375,
      0.08485449105501175,
      0.045509930700063705,
      0.18892046809196472,
      0.39340081810951233,
      0.28771156072616577
    ],
    "channel_activity": [
      49,
      3,
      3,
      0,
      0,
      2,
      0,
      0,
      0,
      1,
      1,
      1,
      1,
      1,
      0,
      0,
      0,
      0,
      3,
      3,
      0,
      0
    ],
    "top_active_channels": [
      [
        0,
        49
      ],
      [
        1,
        3
      ],
      [
        2,
        3
      ],
      [
        18,
        3
      ],
      [
        19,
        3
      ]
    ],
    "total_board_activity": 68
  },
  "go_pattern_analysis": {
    "move_type": "side",
    "game_phase": "opening",
    "turn_number": 13,
    "policy_entropy": 1.0074589905484836,
    "policy_confidence": 0.7690802348336595,
    "top_policy_moves": [
      {
        "coord": "(3,2)",
        "percentage": 76.9,
        "count": 393
      },
      {
        "coord": "(2,1)",
        "percentage": 13.1,
        "count": 67
      },
      {
        "coord": "(3,1)",
        "percentage": 10.0,
        "count": 51
      }
    ],
    "total_policy_counts": 511
  },
  "part_comparison": {
    "uniqueness_score": 0.0,
    "similar_positions": [
      6602,
      2204,
      2194,
      2195,
      2196
    ],
    "part_rank": 1,
    "max_other_part_activation": 0.39340081810951233,
    "activation_percentile": 99.98485536877178
  }
}