{
  "position_info": {
    "part": 8,
    "rank": 4,
    "global_position": 1244,
    "move_coordinate": "E2",
    "turn_number": 8,
    "npz_file": "1D638D50844BD930.npz",
    "board_tensor_file": "pos_1244/board.npy",
    "sgf_file": "pos_1244/game.sgf"
  },
  "nmf_analysis": {
    "activation_strength": 0.8738059997558594,
    "rank_in_part": 4,
    "activation_in_other_parts": [
      2429.096435546875,
      284.1969909667969,
      29.0585880279541,
      0.0,
      39.247283935546875,
      0.0,
      0.09230294823646545,
      0.0,
      0.8738059997558594,
      0.0,
      99.58973693847656,
      0.014064505696296692,
      0.20482908189296722,
      0.24896390736103058,
      15.351993560791016,
      0.1591927856206894,
      0.0,
      0.0,
      0.0,
      0.0,
      0.0,
      0.2442135363817215,
      0.021469950675964355,
      0.0,
      0.0
    ],
    "channel_activity": [
      49,
      5,
      6,
      0,
      3,
      2,
      0,
      0,
      0,
      1,
      1,
      1,
      1,
      1,
      2,
      1,
      0,
      0,
      5,
      6,
      0,
      0
    ],
    "top_active_channels": [
      [
        0,
        49
      ],
      [
        2,
        6
      ],
      [
        19,
        6
      ],
      [
        1,
        5
      ],
      [
        18,
        5
      ]
    ],
    "total_board_activity": 84
  },
  "go_pattern_analysis": {
    "move_type": "corner",
    "game_phase": "opening",
    "turn_number": 8,
    "policy_entropy": 1.1884972328719892,
    "policy_confidence": 0.6163522012578616,
    "top_policy_moves": [
      {
        "coord": "(1,4)",
        "percentage": 61.6,
        "count": 294
      },
      {
        "coord": "(2,4)",
        "percentage": 34.2,
        "count": 163
      },
      {
        "coord": "(1,2)",
        "percentage": 2.9,
        "count": 14
      },
      {
        "coord": "(4,1)",
        "percentage": 1.3,
        "count": 6
      }
    ],
    "total_policy_counts": 477
  },
  "part_comparison": {
    "uniqueness_score": 0.00035959534579887986,
    "similar_positions": [
      6368,
      88,
      4550,
      1578,
      6544
    ],
    "part_rank": 4,
    "max_other_part_activation": 2429.096435546875,
    "activation_percentile": 99.93942147508709
  }
}