{
  "position_info": {
    "part": 18,
    "rank": 2,
    "global_position": 1177,
    "move_coordinate": "A1",
    "turn_number": 1,
    "npz_file": "1D638D50844BD930.npz",
    "board_tensor_file": "pos_1177/board.npy",
    "sgf_file": "pos_1177/game.sgf"
  },
  "nmf_analysis": {
    "activation_strength": 0.051063697785139084,
    "rank_in_component": 2,
    "activation_in_other_components": [
      0.14524023234844208,
      0.0,
      0.0,
      0.016947515308856964,
      0.021002454683184624,
      0.0,
      0.0,
      0.0,
      0.07345237582921982,
      0.0,
      0.07338806986808777,
      0.08940699696540833,
      0.0,
      0.0,
      0.03836018219590187,
      0.12378424406051636,
      0.03587593138217926,
      0.00015474724932573736,
      0.051063697785139084,
      0.0,
      0.04464699327945709,
      0.0,
      0.03886512294411659,
      0.04581337794661522,
      0.0,
      0.018805276602506638,
      0.01110123936086893,
      0.0014478419907391071,
      0.0,
      0.14540418982505798,
      0.0,
      0.10220064967870712,
      0.0,
      0.5497286915779114,
      0.3817143738269806,
      0.06840473413467407,
      0.18477368354797363,
      0.057695116847753525,
      0.0,
      0.08532091230154037,
      0.0,
      0.11891661584377289,
      0.13110952079296112,
      0.05006341263651848,
      0.0,
      0.0,
      0.11098974198102951,
      0.02371828258037567,
      0.0,
      0.5572485327720642
    ],
    "channel_activity": [
      49,
      19,
      11,
      1,
      0,
      0,
      0,
      0,
      0,
      0,
      1,
      0,
      1,
      0,
      1,
      1,
      1,
      0,
      29,
      20,
      0,
      0
    ],
    "top_active_channels": [
      [
        0,
        49
      ],
      [
        18,
        29
      ],
      [
        19,
        20
      ],
      [
        1,
        19
      ],
      [
        2,
        11
      ]
    ],
    "total_board_activity": 134
  },
  "go_pattern_analysis": {
    "move_type": "corner",
    "game_phase": "opening",
    "turn_number": 1,
    "policy_entropy": 5.643856189774725,
    "policy_confidence": 0.02,
    "top_policy_moves": [
      {
        "coord": "PASS",
        "percentage": 2.0,
        "count": 1
      },
      {
        "coord": "(1,5)",
        "percentage": 2.0,
        "count": 1
      },
      {
        "coord": "(3,1)",
        "percentage": 2.0,
        "count": 1
      },
      {
        "coord": "(3,0)",
        "percentage": 2.0,
        "count": 1
      },
      {
        "coord": "(2,6)",
        "percentage": 2.0,
        "count": 1
      }
    ],
    "total_policy_counts": 50
  },
  "component_comparison": {
    "uniqueness_score": 0.08394323289394379,
    "similar_positions": [
      776,
      6214,
      1562,
      1663,
      6571
    ],
    "component_rank": 2,
    "max_other_component_activation": 0.5572485327720642,
    "activation_percentile": 99.96971073754354
  }
}