{
  "position_info": {
    "part": 2,
    "rank": 18,
    "global_position": 2209,
    "move_coordinate": "D6",
    "turn_number": 12,
    "npz_file": "76F9EC3EB6A76AA0.npz",
    "board_tensor_file": "pos_2209/board.npy",
    "sgf_file": "pos_2209/game.sgf"
  },
  "nmf_analysis": {
    "activation_strength": 0.0,
    "rank_in_part": 18,
    "activation_in_other_parts": [
      0.05178968608379364,
      0.07525105029344559,
      0.0,
      0.006953887175768614,
      0.008000189438462257,
      0.0257351603358984,
      0.2123342752456665,
      0.02204897627234459,
      0.0,
      0.0,
      0.0,
      0.02040020003914833,
      0.005487119313329458,
      0.013959579169750214,
      0.0,
      0.062258537858724594,
      0.0,
      0.0,
      0.0,
      0.02433014288544655,
      0.0,
      0.015301264822483063,
      0.0,
      0.01726141944527626,
      0.05996308475732803,
      0.0,
      0.0,
      0.013935387134552002,
      0.15847904980182648,
      0.0,
      0.07806970179080963,
      0.021911712363362312,
      0.13795466721057892,
      0.21265102922916412,
      0.017111126333475113,
      0.014793235808610916,
      0.02548106014728546,
      0.2698291838169098,
      0.10771774500608444,
      0.16961495578289032,
      0.16125647723674774,
      0.20812460780143738,
      0.0020644294563680887,
      0.0,
      0.17943355441093445,
      0.09205227345228195,
      0.16444148123264313,
      0.2692697048187256,
      0.18724425137043,
      0.40730276703834534
    ],
    "channel_activity": [
      49,
      7,
      7,
      0,
      0,
      1,
      0,
      0,
      0,
      1,
      1,
      1,
      1,
      1,
      0,
      0,
      0,
      0,
      7,
      7,
      0,
      0
    ],
    "top_active_channels": [
      [
        0,
        49
      ],
      [
        1,
        7
      ],
      [
        2,
        7
      ],
      [
        18,
        7
      ],
      [
        19,
        7
      ]
    ],
    "total_board_activity": 83
  },
  "go_pattern_analysis": {
    "move_type": "side",
    "game_phase": "opening",
    "turn_number": 12,
    "policy_entropy": 0.9929628433588413,
    "policy_confidence": 0.6153846153846154,
    "top_policy_moves": [
      {
        "coord": "(5,3)",
        "percentage": 61.5,
        "count": 312
      },
      {
        "coord": "(1,1)",
        "percentage": 38.1,
        "count": 193
      },
      {
        "coord": "(4,0)",
        "percentage": 0.4,
        "count": 2
      }
    ],
    "total_policy_counts": 507
  },
  "part_comparison": {
    "uniqueness_score": 0.0,
    "similar_positions": [
      6602,
      2204,
      2194,
      2195,
      2196
    ],
    "part_rank": 1,
    "max_other_part_activation": 0.40730276703834534,
    "activation_percentile": 99.98485536877178
  }
}