{
  "position_info": {
    "part": 44,
    "rank": 15,
    "global_position": 274,
    "move_coordinate": "A1",
    "turn_number": 23,
    "npz_file": "1906C337F5CDAFA9.npz",
    "board_tensor_file": "pos_274/board.npy",
    "sgf_file": "pos_274/game.sgf"
  },
  "nmf_analysis": {
    "activation_strength": 0.2895892262458801,
    "rank_in_part": 15,
    "activation_in_other_parts": [
      0.016575265675783157,
      0.010287178680300713,
      0.0,
      0.0,
      0.0016380734741687775,
      0.0,
      0.27498552203178406,
      0.0,
      0.029731018468737602,
      0.006073718424886465,
      0.05272454023361206,
      0.015369107015430927,
      0.01789788343012333,
      0.0,
      0.009297586977481842,
      0.06385166943073273,
      0.0009629313135519624,
      2.4024500817176886e-05,
      0.0008133729570545256,
      0.0,
      0.009453543461859226,
      0.014705320820212364,
      0.010034461505711079,
      0.06249096989631653,
      0.05595589801669121,
      0.0005016167415305972,
      0.003771068761125207,
      0.044696591794490814,
      0.03180085867643356,
      0.13080136477947235,
      0.11835332214832306,
      0.11799478530883789,
      0.030213262885808945,
      0.16108670830726624,
      0.06783758103847504,
      0.037753958255052567,
      0.039902448654174805,
      0.17008504271507263,
      0.16236995160579681,
      0.14599312841892242,
      0.10599981993436813,
      0.12798792123794556,
      0.0,
      0.0,
      0.2895892262458801,
      0.08364178985357285,
      0.13172762095928192,
      0.2882717549800873,
      0.19102182984352112,
      0.3891366720199585
    ],
    "channel_activity": [
      49,
      7,
      7,
      0,
      5,
      1,
      0,
      0,
      0,
      1,
      1,
      1,
      1,
      1,
      1,
      1,
      0,
      1,
      0,
      0,
      0,
      0
    ],
    "top_active_channels": [
      [
        0,
        49
      ],
      [
        1,
        7
      ],
      [
        2,
        7
      ],
      [
        4,
        5
      ],
      [
        5,
        1
      ]
    ],
    "total_board_activity": 77
  },
  "go_pattern_analysis": {
    "move_type": "corner",
    "game_phase": "opening",
    "turn_number": 23,
    "policy_entropy": 5.643856189774725,
    "policy_confidence": 0.02,
    "top_policy_moves": [
      {
        "coord": "PASS",
        "percentage": 2.0,
        "count": 1
      },
      {
        "coord": "(1,5)",
        "percentage": 2.0,
        "count": 1
      },
      {
        "coord": "(3,1)",
        "percentage": 2.0,
        "count": 1
      },
      {
        "coord": "(3,0)",
        "percentage": 2.0,
        "count": 1
      },
      {
        "coord": "(2,6)",
        "percentage": 2.0,
        "count": 1
      }
    ],
    "total_policy_counts": 50
  },
  "part_comparison": {
    "uniqueness_score": 0.42666593194007874,
    "similar_positions": [
      286,
      4869,
      287,
      5778,
      3834
    ],
    "part_rank": 15,
    "max_other_part_activation": 0.3891366720199585,
    "activation_percentile": 99.77283053157655
  }
}