{
  "position_info": {
    "part": 14,
    "rank": 6,
    "global_position": 2507,
    "move_coordinate": "PASS",
    "turn_number": 1,
    "npz_file": "76F9EC3EB6A76AA0.npz",
    "board_tensor_file": "pos_2507/board.npy",
    "sgf_file": "pos_2507/game.sgf"
  },
  "nmf_analysis": {
    "activation_strength": 1.048608660697937,
    "rank_in_part": 6,
    "activation_in_other_parts": [
      3698.455322265625,
      0.0,
      132.5246124267578,
      75.57640075683594,
      120.77239227294922,
      0.081009641289711,
      0.34732183814048767,
      0.0,
      0.0,
      0.23714205622673035,
      0.0,
      0.39149776101112366,
      0.0,
      0.0,
      1.048608660697937,
      0.5958302021026611,
      0.27139437198638916,
      0.3159949481487274,
      0.0,
      0.09563395380973816,
      0.0,
      0.049908801913261414,
      0.4688637852668762,
      0.0,
      0.0
    ],
    "channel_activity": [
      49,
      11,
      12,
      0,
      4,
      1,
      0,
      0,
      0,
      1,
      0,
      1,
      1,
      1,
      0,
      0,
      0,
      0,
      0,
      0,
      0,
      0
    ],
    "top_active_channels": [
      [
        0,
        49
      ],
      [
        2,
        12
      ],
      [
        1,
        11
      ],
      [
        4,
        4
      ],
      [
        5,
        1
      ]
    ],
    "total_board_activity": 81
  },
  "go_pattern_analysis": {
    "move_type": "pass",
    "game_phase": "opening",
    "turn_number": 1,
    "policy_entropy": 1.5344503169669559,
    "policy_confidence": 0.5076923076923077,
    "top_policy_moves": [
      {
        "coord": "PASS",
        "percentage": 50.8,
        "count": 66
      },
      {
        "coord": "(2,5)",
        "percentage": 27.7,
        "count": 36
      },
      {
        "coord": "(1,6)",
        "percentage": 20.8,
        "count": 27
      },
      {
        "coord": "(2,6)",
        "percentage": 0.8,
        "count": 1
      }
    ],
    "total_policy_counts": 130
  },
  "part_comparison": {
    "uniqueness_score": 0.00028344575548544526,
    "similar_positions": [
      4041,
      4704,
      1824,
      45,
      1825
    ],
    "part_rank": 6,
    "max_other_part_activation": 3698.455322265625,
    "activation_percentile": 99.90913221263062
  }
}