{
  "position_info": {
    "part": 7,
    "rank": 13,
    "global_position": 3173,
    "move_coordinate": "A2",
    "turn_number": 18,
    "npz_file": "76F9EC3EB6A76AA0.npz",
    "board_tensor_file": "pos_3173/board.npy",
    "sgf_file": "pos_3173/game.sgf"
  },
  "nmf_analysis": {
    "activation_strength": 0.6179805994033813,
    "rank_in_part": 13,
    "activation_in_other_parts": [
      0.10415966808795929,
      0.015685629099607468,
      0.18126444518566132,
      0.2433733195066452,
      0.01830412819981575,
      0.019629742950201035,
      0.13045717775821686,
      0.6179805994033813,
      0.266846626996994,
      0.0,
      0.11342541873455048,
      0.16787657141685486,
      0.018631815910339355,
      0.15298962593078613,
      0.15946519374847412,
      0.14092281460762024,
      0.18837255239486694,
      0.181733176112175,
      0.15651389956474304,
      0.01623621955513954,
      0.15038058161735535,
      0.18314841389656067,
      0.01219116523861885,
      0.01129227690398693,
      0.1666533350944519
    ],
    "channel_activity": [
      49,
      13,
      12,
      0,
      8,
      0,
      0,
      0,
      0,
      1,
      1,
      1,
      1,
      1,
      1,
      0,
      0,
      0,
      14,
      12,
      0,
      0
    ],
    "top_active_channels": [
      [
        0,
        49
      ],
      [
        18,
        14
      ],
      [
        1,
        13
      ],
      [
        2,
        12
      ],
      [
        19,
        12
      ]
    ],
    "total_board_activity": 114
  },
  "go_pattern_analysis": {
    "move_type": "corner",
    "game_phase": "opening",
    "turn_number": 18,
    "policy_entropy": 0.01982694610029531,
    "policy_confidence": 0.998109640831758,
    "top_policy_moves": [
      {
        "coord": "(1,0)",
        "percentage": 99.8,
        "count": 528
      },
      {
        "coord": "(0,1)",
        "percentage": 0.2,
        "count": 1
      }
    ],
    "total_policy_counts": 529
  },
  "part_comparison": {
    "uniqueness_score": 0.6984195113182068,
    "similar_positions": [
      1568,
      4835,
      426,
      3175,
      3177
    ],
    "part_rank": 13,
    "max_other_part_activation": 0.266846626996994,
    "activation_percentile": 99.80311979403301
  }
}