{
  "position_info": {
    "part": 21,
    "rank": 19,
    "global_position": 4077,
    "move_coordinate": "F4",
    "turn_number": 12,
    "npz_file": "AAE4EE8DC9A92FFF.npz",
    "board_tensor_file": "pos_4077/board.npy",
    "sgf_file": "pos_4077/game.sgf"
  },
  "nmf_analysis": {
    "activation_strength": 0.4256836771965027,
    "rank_in_part": 19,
    "activation_in_other_parts": [
      1202.12548828125,
      345.22857666015625,
      57.94279479980469,
      0.0,
      4.450727462768555,
      0.0,
      0.0,
      0.0,
      0.35941457748413086,
      0.0,
      98.66426849365234,
      0.0,
      0.09136410057544708,
      0.15760421752929688,
      40.97947311401367,
      0.0,
      0.0,
      0.0,
      0.0,
      0.0,
      0.0,
      0.4256836771965027,
      0.0,
      0.0,
      0.0
    ],
    "channel_activity": [
      49,
      3,
      4,
      0,
      1,
      1,
      0,
      0,
      0,
      1,
      1,
      1,
      1,
      1,
      1,
      0,
      0,
      0,
      0,
      0,
      0,
      0
    ],
    "top_active_channels": [
      [
        0,
        49
      ],
      [
        2,
        4
      ],
      [
        1,
        3
      ],
      [
        4,
        1
      ],
      [
        5,
        1
      ]
    ],
    "total_board_activity": 64
  },
  "go_pattern_analysis": {
    "move_type": "side",
    "game_phase": "opening",
    "turn_number": 12,
    "policy_entropy": 1.652394934222822,
    "policy_confidence": 0.4295774647887324,
    "top_policy_moves": [
      {
        "coord": "(3,5)",
        "percentage": 43.0,
        "count": 244
      },
      {
        "coord": "(2,1)",
        "percentage": 34.9,
        "count": 198
      },
      {
        "coord": "(2,5)",
        "percentage": 19.5,
        "count": 111
      },
      {
        "coord": "(4,5)",
        "percentage": 2.6,
        "count": 15
      }
    ],
    "total_policy_counts": 568
  },
  "part_comparison": {
    "uniqueness_score": 0.00035398383624851704,
    "similar_positions": [
      2298,
      5535,
      776,
      5533,
      5534
    ],
    "part_rank": 19,
    "max_other_part_activation": 1202.12548828125,
    "activation_percentile": 99.71225200666363
  }
}