{
  "position_info": {
    "part": 0,
    "rank": 5,
    "global_position": 4896,
    "move_coordinate": "C3",
    "turn_number": 5,
    "npz_file": "B330F9C802154800.npz",
    "board_tensor_file": "pos_4896/board.npy",
    "sgf_file": "pos_4896/game.sgf"
  },
  "nmf_analysis": {
    "activation_strength": 3822.3876953125,
    "rank_in_part": 5,
    "activation_in_other_parts": [
      3822.3876953125,
      2.5979676246643066,
      49.06828308105469,
      0.0,
      35.70861053466797,
      0.0,
      0.6653837561607361,
      34.50908279418945,
      0.3393478989601135,
      0.0,
      5.416553974151611,
      0.06959995627403259,
      0.0,
      0.0,
      41.617591857910156,
      0.0,
      0.0,
      0.36327579617500305,
      0.09040148556232452,
      0.0668054148554802,
      0.27477580308914185,
      0.0,
      0.0,
      0.0012036710977554321,
      0.49955084919929504
    ],
    "channel_activity": [
      49,
      13,
      15,
      3,
      11,
      3,
      0,
      0,
      0,
      1,
      1,
      1,
      1,
      1,
      4,
      9,
      4,
      0,
      2,
      4,
      1,
      2
    ],
    "top_active_channels": [
      [
        0,
        49
      ],
      [
        2,
        15
      ],
      [
        1,
        13
      ],
      [
        4,
        11
      ],
      [
        15,
        9
      ]
    ],
    "total_board_activity": 125
  },
  "go_pattern_analysis": {
    "move_type": "corner",
    "game_phase": "opening",
    "turn_number": 5,
    "policy_entropy": -0.0,
    "policy_confidence": 1.0,
    "top_policy_moves": [
      {
        "coord": "(2,2)",
        "percentage": 100.0,
        "count": 208
      }
    ],
    "total_policy_counts": 208
  },
  "part_comparison": {
    "uniqueness_score": 0.9873256087303162,
    "similar_positions": [
      6523,
      3673,
      4462,
      2806,
      6525
    ],
    "part_rank": 5,
    "max_other_part_activation": 49.06828308105469,
    "activation_percentile": 99.92427684385885
  }
}