{
  "position_info": {
    "part": 4,
    "rank": 15,
    "global_position": 293,
    "move_coordinate": "E4",
    "turn_number": 1,
    "npz_file": "1906C337F5CDAFA9.npz",
    "board_tensor_file": "pos_293/board.npy",
    "sgf_file": "pos_293/game.sgf"
  },
  "nmf_analysis": {
    "activation_strength": 345.33502197265625,
    "rank_in_part": 15,
    "activation_in_other_parts": [
      506.9903259277344,
      282.5515441894531,
      63.20183181762695,
      46.33446502685547,
      345.33502197265625,
      0.9612513184547424,
      0.0,
      0.0,
      0.19684380292892456,
      0.0,
      0.4631137251853943,
      0.0,
      0.0,
      0.0,
      0.1880173683166504,
      0.0,
      0.0,
      0.0,
      0.0,
      0.0,
      0.04252172261476517,
      0.0,
      0.011215806007385254,
      0.0,
      0.0
    ],
    "channel_activity": [
      49,
      0,
      1,
      0,
      0,
      0,
      0,
      0,
      0,
      1,
      0,
      0,
      0,
      0,
      0,
      0,
      0,
      0,
      0,
      49,
      0,
      0
    ],
    "top_active_channels": [
      [
        0,
        49
      ],
      [
        19,
        49
      ],
      [
        2,
        1
      ],
      [
        9,
        1
      ],
      [
        1,
        0
      ]
    ],
    "total_board_activity": 100
  },
  "go_pattern_analysis": {
    "move_type": "side",
    "game_phase": "opening",
    "turn_number": 1,
    "policy_entropy": 1.90085299643992,
    "policy_confidence": 0.3503184713375796,
    "top_policy_moves": [
      {
        "coord": "(3,4)",
        "percentage": 35.0,
        "count": 55
      },
      {
        "coord": "(3,2)",
        "percentage": 33.1,
        "count": 52
      },
      {
        "coord": "(2,4)",
        "percentage": 17.2,
        "count": 27
      },
      {
        "coord": "(2,2)",
        "percentage": 14.6,
        "count": 23
      }
    ],
    "total_policy_counts": 157
  },
  "part_comparison": {
    "uniqueness_score": 0.4051680862903595,
    "similar_positions": [
      4683,
      89,
      4109,
      4684,
      5036
    ],
    "part_rank": 13,
    "max_other_part_activation": 506.9903259277344,
    "activation_percentile": 99.80311979403301
  }
}