{
  "position_info": {
    "part": 9,
    "rank": 17,
    "global_position": 5070,
    "move_coordinate": "C4",
    "turn_number": 6,
    "npz_file": "B330F9C802154800.npz",
    "board_tensor_file": "pos_5070/board.npy",
    "sgf_file": "pos_5070/game.sgf"
  },
  "nmf_analysis": {
    "activation_strength": 0.5149254202842712,
    "rank_in_part": 17,
    "activation_in_other_parts": [
      0.23963971436023712,
      0.17760980129241943,
      0.19639575481414795,
      0.1507236510515213,
      0.5124751329421997,
      0.0,
      0.17374949157238007,
      0.0015874016098678112,
      0.059652868658304214,
      0.5149254202842712,
      0.0,
      0.1404452919960022,
      0.0,
      0.0,
      0.07290651649236679,
      0.04779021441936493,
      0.7038445472717285,
      0.0,
      0.0,
      0.17295995354652405,
      0.0,
      0.015390838496387005,
      0.0,
      0.0,
      0.05064111575484276
    ],
    "channel_activity": [
      49,
      1,
      2,
      0,
      1,
      2,
      0,
      0,
      0,
      1,
      1,
      1,
      0,
      0,
      0,
      0,
      0,
      0,
      1,
      2,
      0,
      0
    ],
    "top_active_channels": [
      [
        0,
        49
      ],
      [
        2,
        2
      ],
      [
        5,
        2
      ],
      [
        19,
        2
      ],
      [
        1,
        1
      ]
    ],
    "total_board_activity": 61
  },
  "go_pattern_analysis": {
    "move_type": "side",
    "game_phase": "opening",
    "turn_number": 6,
    "policy_entropy": -0.0,
    "policy_confidence": 1.0,
    "top_policy_moves": [
      {
        "coord": "(3,2)",
        "percentage": 100.0,
        "count": 533
      }
    ],
    "total_policy_counts": 533
  },
  "part_comparison": {
    "uniqueness_score": 0.42249596118927,
    "similar_positions": [
      988,
      1663,
      3429,
      1802,
      6427
    ],
    "part_rank": 17,
    "max_other_part_activation": 0.7038445472717285,
    "activation_percentile": 99.7425412691201
  }
}