{
  "position_info": {
    "part": 30,
    "rank": 17,
    "global_position": 6062,
    "move_coordinate": "E5",
    "turn_number": 1,
    "npz_file": "E3CD9898B9AFF870.npz",
    "board_tensor_file": "pos_6062/board.npy",
    "sgf_file": "pos_6062/game.sgf"
  },
  "nmf_analysis": {
    "activation_strength": 0.5441403388977051,
    "rank_in_component": 17,
    "activation_in_other_components": [
      0.11802981048822403,
      0.04394062981009483,
      0.0,
      0.012636148370802402,
      0.004986036568880081,
      0.014825783669948578,
      0.021372878924012184,
      0.017707278952002525,
      0.04116039723157883,
      0.0,
      0.05221341922879219,
      0.0614900104701519,
      0.0,
      0.007788899354636669,
      0.02644813433289528,
      0.11045476049184799,
      0.010524677112698555,
      0.0003782862622756511,
      0.009736567735671997,
      0.0038043204694986343,
      0.03211605176329613,
      0.0,
      0.029064862057566643,
      0.008828997611999512,
      0.0,
      0.004776660352945328,
      0.007239384111016989,
      0.0,
      0.2854371964931488,
      0.07751655578613281,
      0.5441403388977051,
      0.08196230977773666,
      0.1444217413663864,
      0.0,
      0.0032620744314044714,
      0.017429981380701065,
      0.01215303223580122,
      0.04033929109573364,
      0.18298040330410004,
      0.0027546139899641275,
      0.20072460174560547,
      0.2248886078596115,
      0.285858154296875,
      0.022211669012904167,
      0.0,
      0.0,
      0.14861524105072021,
      0.0,
      0.28899410367012024,
      0.26782938838005066
    ],
    "channel_activity": [
      49,
      6,
      7,
      0,
      1,
      1,
      0,
      0,
      0,
      1,
      1,
      1,
      1,
      1,
      1,
      1,
      0,
      0,
      0,
      0,
      0,
      0
    ],
    "top_active_channels": [
      [
        0,
        49
      ],
      [
        2,
        7
      ],
      [
        1,
        6
      ],
      [
        4,
        1
      ],
      [
        5,
        1
      ]
    ],
    "total_board_activity": 71
  },
  "go_pattern_analysis": {
    "move_type": "corner",
    "game_phase": "opening",
    "turn_number": 1,
    "policy_entropy": -0.0,
    "policy_confidence": 1.0,
    "top_policy_moves": [
      {
        "coord": "(4,4)",
        "percentage": 100.0,
        "count": 531
      }
    ],
    "total_policy_counts": 531
  },
  "component_comparison": {
    "uniqueness_score": 0.6531243324279785,
    "similar_positions": [
      4526,
      1588,
      74,
      1050,
      3124
    ],
    "component_rank": 17,
    "max_other_component_activation": 0.28899410367012024,
    "activation_percentile": 99.7425412691201
  }
}