{
  "position_info": {
    "part": 24,
    "rank": 15,
    "global_position": 1298,
    "move_coordinate": "G3",
    "turn_number": 20,
    "npz_file": "1D638D50844BD930.npz",
    "board_tensor_file": "pos_1298/board.npy",
    "sgf_file": "pos_1298/game.sgf"
  },
  "nmf_analysis": {
    "activation_strength": 0.9280321002006531,
    "rank_in_part": 15,
    "activation_in_other_parts": [
      860.0763549804688,
      253.13568115234375,
      152.93931579589844,
      288.7687072753906,
      30.6290283203125,
      0.0,
      0.0,
      0.0,
      0.9788845181465149,
      0.5037398934364319,
      0.02044805884361267,
      0.0,
      0.09052453935146332,
      0.0,
      0.0,
      0.0,
      0.0,
      0.0,
      0.09946423768997192,
      0.0,
      0.1399146020412445,
      0.0,
      0.6471467018127441,
      0.0,
      0.9280321002006531
    ],
    "channel_activity": [
      49,
      13,
      14,
      1,
      4,
      12,
      0,
      0,
      0,
      1,
      1,
      1,
      1,
      1,
      2,
      2,
      1,
      0,
      17,
      14,
      0,
      0
    ],
    "top_active_channels": [
      [
        0,
        49
      ],
      [
        18,
        17
      ],
      [
        2,
        14
      ],
      [
        19,
        14
      ],
      [
        1,
        13
      ]
    ],
    "total_board_activity": 134
  },
  "go_pattern_analysis": {
    "move_type": "corner",
    "game_phase": "opening",
    "turn_number": 20,
    "policy_entropy": 0.058029797724520785,
    "policy_confidence": 0.9940476190476191,
    "top_policy_moves": [
      {
        "coord": "(2,6)",
        "percentage": 99.4,
        "count": 501
      },
      {
        "coord": "(2,0)",
        "percentage": 0.4,
        "count": 2
      },
      {
        "coord": "(4,0)",
        "percentage": 0.2,
        "count": 1
      }
    ],
    "total_policy_counts": 504
  },
  "part_comparison": {
    "uniqueness_score": 0.0010778482537716627,
    "similar_positions": [
      4553,
      88,
      1578,
      4715,
      4714
    ],
    "part_rank": 15,
    "max_other_part_activation": 860.0763549804688,
    "activation_percentile": 99.77283053157655
  }
}