{
  "position_info": {
    "part": 18,
    "rank": 20,
    "global_position": 2998,
    "move_coordinate": "E2",
    "turn_number": 17,
    "npz_file": "76F9EC3EB6A76AA0.npz",
    "board_tensor_file": "pos_2998/board.npy",
    "sgf_file": "pos_2998/game.sgf"
  },
  "nmf_analysis": {
    "activation_strength": 0.038917820900678635,
    "rank_in_part": 20,
    "activation_in_other_parts": [
      0.10893957316875458,
      0.0,
      0.0,
      0.022934935986995697,
      0.025577839463949203,
      0.0018330884631723166,
      0.0,
      0.0,
      0.07157352566719055,
      0.0,
      0.04226548224687576,
      0.0,
      0.012632811442017555,
      0.0,
      0.04038442298769951,
      0.0,
      0.022996697574853897,
      2.411083869446884e-06,
      0.038917820900678635,
      0.0,
      0.04714822769165039,
      0.004666052758693695,
      0.03977114334702492,
      0.05687373876571655,
      0.0021359522361308336,
      0.011901838704943657,
      0.010172000154852867,
      0.0,
      0.038234859704971313,
      0.19082067906856537,
      0.0,
      0.0885317325592041,
      0.0,
      0.592897891998291,
      0.4205293357372284,
      0.0,
      0.08745960891246796,
      0.08667202293872833,
      0.0,
      0.08438657224178314,
      0.0,
      0.1250731348991394,
      0.13678286969661713,
      0.07259298115968704,
      0.0,
      0.0,
      0.03652127832174301,
      0.07224134355783463,
      0.034250445663928986,
      0.5234827399253845
    ],
    "channel_activity": [
      49,
      19,
      11,
      0,
      0,
      0,
      0,
      0,
      0,
      0,
      1,
      0,
      1,
      0,
      0,
      0,
      0,
      0,
      29,
      20,
      0,
      0
    ],
    "top_active_channels": [
      [
        0,
        49
      ],
      [
        18,
        29
      ],
      [
        19,
        20
      ],
      [
        1,
        19
      ],
      [
        2,
        11
      ]
    ],
    "total_board_activity": 130
  },
  "go_pattern_analysis": {
    "move_type": "corner",
    "game_phase": "opening",
    "turn_number": 17,
    "policy_entropy": 1.7677045824790127,
    "policy_confidence": 0.37168141592920356,
    "top_policy_moves": [
      {
        "coord": "(1,4)",
        "percentage": 37.2,
        "count": 42
      },
      {
        "coord": "(0,3)",
        "percentage": 31.9,
        "count": 36
      },
      {
        "coord": "(0,5)",
        "percentage": 27.4,
        "count": 31
      },
      {
        "coord": "(0,2)",
        "percentage": 2.7,
        "count": 3
      },
      {
        "coord": "(0,1)",
        "percentage": 0.9,
        "count": 1
      }
    ],
    "total_policy_counts": 113
  },
  "part_comparison": {
    "uniqueness_score": 0.061596788465976715,
    "similar_positions": [
      776,
      1177,
      6214,
      1562,
      1663
    ],
    "part_rank": 20,
    "max_other_part_activation": 0.592897891998291,
    "activation_percentile": 99.69710737543541
  }
}