{
  "position_info": {
    "part": 2,
    "rank": 13,
    "global_position": 1883,
    "move_coordinate": "B3",
    "turn_number": 16,
    "npz_file": "1D638D50844BD930.npz",
    "board_tensor_file": "pos_1883/board.npy",
    "sgf_file": "pos_1883/game.sgf"
  },
  "nmf_analysis": {
    "activation_strength": 506.88458251953125,
    "rank_in_part": 13,
    "activation_in_other_parts": [
      610.4218139648438,
      164.6104278564453,
      506.88458251953125,
      126.4557113647461,
      0.0,
      0.9285719990730286,
      0.06697838008403778,
      0.0,
      0.0,
      0.0,
      0.0,
      0.0,
      0.4017908275127411,
      0.0,
      0.1431560218334198,
      0.0,
      0.7093163728713989,
      0.0,
      0.0,
      0.0,
      0.09268932789564133,
      0.21179476380348206,
      0.11812799423933029,
      0.0,
      0.011467816308140755
    ],
    "channel_activity": [
      49,
      9,
      16,
      0,
      0,
      0,
      0,
      0,
      0,
      1,
      0,
      1,
      0,
      1,
      0,
      0,
      0,
      0,
      20,
      29,
      11,
      12
    ],
    "top_active_channels": [
      [
        0,
        49
      ],
      [
        19,
        29
      ],
      [
        18,
        20
      ],
      [
        2,
        16
      ],
      [
        21,
        12
      ]
    ],
    "total_board_activity": 149
  },
  "go_pattern_analysis": {
    "move_type": "corner",
    "game_phase": "opening",
    "turn_number": 16,
    "policy_entropy": 1.1924521148203346,
    "policy_confidence": 0.7302631578947368,
    "top_policy_moves": [
      {
        "coord": "(2,1)",
        "percentage": 73.0,
        "count": 111
      },
      {
        "coord": "PASS",
        "percentage": 13.2,
        "count": 20
      },
      {
        "coord": "(6,6)",
        "percentage": 11.8,
        "count": 18
      },
      {
        "coord": "(1,1)",
        "percentage": 2.0,
        "count": 3
      }
    ],
    "total_policy_counts": 152
  },
  "part_comparison": {
    "uniqueness_score": 0.4536665976047516,
    "similar_positions": [
      623,
      5101,
      2776,
      571,
      2700
    ],
    "part_rank": 12,
    "max_other_part_activation": 610.4218139648438,
    "activation_percentile": 99.81826442526125
  }
}