{
  "position_info": {
    "part": 12,
    "rank": 13,
    "global_position": 1481,
    "move_coordinate": "PASS",
    "turn_number": 1,
    "npz_file": "1D638D50844BD930.npz",
    "board_tensor_file": "pos_1481/board.npy",
    "sgf_file": "pos_1481/game.sgf"
  },
  "nmf_analysis": {
    "activation_strength": 0.6230905055999756,
    "rank_in_part": 13,
    "activation_in_other_parts": [
      806.2730712890625,
      13.67431354522705,
      20.482162475585938,
      89.16059875488281,
      30.347177505493164,
      2.6235241889953613,
      0.0,
      71.58091735839844,
      0.0,
      0.099821075797081,
      9.83756160736084,
      0.039341557770967484,
      0.6230905055999756,
      0.0,
      0.0,
      0.0,
      0.0,
      0.0,
      0.05778729170560837,
      0.06853935867547989,
      0.4173566699028015,
      0.0,
      0.0,
      0.0,
      0.06579948216676712
    ],
    "channel_activity": [
      49,
      13,
      11,
      0,
      3,
      7,
      0,
      0,
      0,
      0,
      1,
      0,
      0,
      0,
      3,
      3,
      3,
      2,
      12,
      23,
      12,
      11
    ],
    "top_active_channels": [
      [
        0,
        49
      ],
      [
        19,
        23
      ],
      [
        1,
        13
      ],
      [
        18,
        12
      ],
      [
        20,
        12
      ]
    ],
    "total_board_activity": 153
  },
  "go_pattern_analysis": {
    "move_type": "pass",
    "game_phase": "opening",
    "turn_number": 1,
    "policy_entropy": 1.0286084635084818,
    "policy_confidence": 0.6567164179104478,
    "top_policy_moves": [
      {
        "coord": "PASS",
        "percentage": 65.7,
        "count": 176
      },
      {
        "coord": "(4,5)",
        "percentage": 32.8,
        "count": 88
      },
      {
        "coord": "(4,6)",
        "percentage": 1.1,
        "count": 3
      },
      {
        "coord": "(5,6)",
        "percentage": 0.4,
        "count": 1
      }
    ],
    "total_policy_counts": 268
  },
  "part_comparison": {
    "uniqueness_score": 0.0007722065201960504,
    "similar_positions": [
      1056,
      2968,
      6123,
      5504,
      1356
    ],
    "part_rank": 13,
    "max_other_part_activation": 806.2730712890625,
    "activation_percentile": 99.80311979403301
  }
}