{
  "position_info": {
    "part": 12,
    "rank": 16,
    "global_position": 3087,
    "move_coordinate": "C2",
    "turn_number": 23,
    "npz_file": "76F9EC3EB6A76AA0.npz",
    "board_tensor_file": "pos_3087/board.npy",
    "sgf_file": "pos_3087/game.sgf"
  },
  "nmf_analysis": {
    "activation_strength": 0.9706690311431885,
    "rank_in_part": 16,
    "activation_in_other_parts": [
      0.0,
      174.4183349609375,
      305.9151306152344,
      50.082763671875,
      283.34405517578125,
      0.0,
      0.13498127460479736,
      0.3856261670589447,
      0.0,
      0.2664262652397156,
      0.0,
      0.0,
      0.9706690311431885,
      0.0,
      0.0,
      0.0,
      0.6522324085235596,
      0.0,
      0.12316858768463135,
      0.0,
      0.0,
      0.03551100939512253,
      0.13745853304862976,
      0.0,
      0.0
    ],
    "channel_activity": [
      49,
      3,
      4,
      0,
      0,
      1,
      0,
      0,
      0,
      1,
      1,
      1,
      1,
      1,
      0,
      0,
      0,
      0,
      3,
      4,
      0,
      0
    ],
    "top_active_channels": [
      [
        0,
        49
      ],
      [
        2,
        4
      ],
      [
        19,
        4
      ],
      [
        1,
        3
      ],
      [
        18,
        3
      ]
    ],
    "total_board_activity": 69
  },
  "go_pattern_analysis": {
    "move_type": "corner",
    "game_phase": "opening",
    "turn_number": 23,
    "policy_entropy": 1.562367800742006,
    "policy_confidence": 0.5640194489465153,
    "top_policy_moves": [
      {
        "coord": "(1,2)",
        "percentage": 56.4,
        "count": 348
      },
      {
        "coord": "(1,3)",
        "percentage": 20.4,
        "count": 126
      },
      {
        "coord": "(5,3)",
        "percentage": 19.8,
        "count": 122
      },
      {
        "coord": "(1,4)",
        "percentage": 3.4,
        "count": 21
      }
    ],
    "total_policy_counts": 617
  },
  "part_comparison": {
    "uniqueness_score": 0.0031629649456590414,
    "similar_positions": [
      3055,
      6398,
      1894,
      2360,
      6351
    ],
    "part_rank": 16,
    "max_other_part_activation": 305.9151306152344,
    "activation_percentile": 99.75768590034832
  }
}