{
  "position_info": {
    "part": 30,
    "rank": 1,
    "global_position": 4526,
    "move_coordinate": "E3",
    "turn_number": 1,
    "npz_file": "B330F9C802154800.npz",
    "board_tensor_file": "pos_4526/board.npy",
    "sgf_file": "pos_4526/game.sgf"
  },
  "nmf_analysis": {
    "activation_strength": 0.5623857378959656,
    "rank_in_part": 1,
    "activation_in_other_parts": [
      0.16725336015224457,
      0.02912059985101223,
      0.0,
      0.021988676860928535,
      0.013463884592056274,
      0.023316115140914917,
      0.002910408191382885,
      0.02042466402053833,
      0.038663335144519806,
      0.005407307762652636,
      0.04907986894249916,
      0.0,
      0.0,
      0.009106282144784927,
      0.026914983987808228,
      0.0097288703545928,
      0.006433602422475815,
      0.00031692470656707883,
      0.010930544696748257,
      0.013564606197178364,
      0.03335706517100334,
      0.0,
      0.02998671680688858,
      0.004715675488114357,
      0.0,
      0.003569643711671233,
      0.007611206267029047,
      0.0,
      0.2604198157787323,
      0.04112781211733818,
      0.5623857378959656,
      0.10499299317598343,
      0.1198308914899826,
      0.0,
      0.007122750394046307,
      0.02396119013428688,
      0.0,
      0.029590655118227005,
      0.1950119435787201,
      0.0,
      0.22828976809978485,
      0.23685480654239655,
      0.26893141865730286,
      0.007681357674300671,
      0.0,
      0.0,
      0.15971146523952484,
      0.0,
      0.3077660799026489,
      0.2672761380672455
    ],
    "channel_activity": [
      49,
      6,
      7,
      0,
      1,
      1,
      0,
      0,
      0,
      1,
      1,
      1,
      1,
      1,
      1,
      1,
      0,
      0,
      0,
      0,
      0,
      0
    ],
    "top_active_channels": [
      [
        0,
        49
      ],
      [
        2,
        7
      ],
      [
        1,
        6
      ],
      [
        4,
        1
      ],
      [
        5,
        1
      ]
    ],
    "total_board_activity": 71
  },
  "go_pattern_analysis": {
    "move_type": "corner",
    "game_phase": "opening",
    "turn_number": 1,
    "policy_entropy": 0.03586800868715982,
    "policy_confidence": 0.996219281663516,
    "top_policy_moves": [
      {
        "coord": "(2,4)",
        "percentage": 99.6,
        "count": 527
      },
      {
        "coord": "(4,5)",
        "percentage": 0.4,
        "count": 2
      }
    ],
    "total_policy_counts": 529
  },
  "part_comparison": {
    "uniqueness_score": 0.6463075876235962,
    "similar_positions": [
      1588,
      74,
      1050,
      3124,
      6115
    ],
    "part_rank": 1,
    "max_other_part_activation": 0.3077660799026489,
    "activation_percentile": 99.98485536877178
  }
}