{
  "position_info": {
    "part": 47,
    "rank": 13,
    "global_position": 3805,
    "move_coordinate": "G2",
    "turn_number": 1,
    "npz_file": "AAE4EE8DC9A92FFF.npz",
    "board_tensor_file": "pos_3805/board.npy",
    "sgf_file": "pos_3805/game.sgf"
  },
  "nmf_analysis": {
    "activation_strength": 0.33371204137802124,
    "rank_in_component": 13,
    "activation_in_other_components": [
      0.013134845532476902,
      0.03684323653578758,
      0.0,
      0.002974838251248002,
      0.008761141449213028,
      0.0,
      0.09997692704200745,
      0.005706191062927246,
      0.04046674817800522,
      0.010661744512617588,
      0.048348814249038696,
      0.008801991119980812,
      0.027297377586364746,
      0.0032846119720488787,
      0.023271966725587845,
      0.013937337324023247,
      0.012186656706035137,
      0.00038098101504147053,
      0.019240839406847954,
      0.0,
      0.02383562922477722,
      0.013538733124732971,
      0.021538909524679184,
      0.02712809108197689,
      0.020792150869965553,
      0.00609384011477232,
      0.009158340282738209,
      0.006223712116479874,
      0.037654776126146317,
      0.18230727314949036,
      0.12735967338085175,
      0.10834304243326187,
      0.01346595585346222,
      0.24152915179729462,
      0.050880592316389084,
      0.08355395495891571,
      0.020644277334213257,
      0.23552659153938293,
      0.16815704107284546,
      0.1954398900270462,
      0.16126984357833862,
      0.003970867954194546,
      0.05882013961672783,
      0.13064439594745636,
      0.20670565962791443,
      0.08502986282110214,
      0.12138509005308151,
      0.33371204137802124,
      0.16748104989528656,
      0.3780505359172821
    ],
    "channel_activity": [
      49,
      8,
      7,
      0,
      2,
      2,
      0,
      0,
      0,
      1,
      1,
      1,
      1,
      1,
      1,
      0,
      0,
      0,
      0,
      0,
      0,
      0
    ],
    "top_active_channels": [
      [
        0,
        49
      ],
      [
        1,
        8
      ],
      [
        2,
        7
      ],
      [
        4,
        2
      ],
      [
        5,
        2
      ]
    ],
    "total_board_activity": 74
  },
  "go_pattern_analysis": {
    "move_type": "corner",
    "game_phase": "opening",
    "turn_number": 1,
    "policy_entropy": -0.0,
    "policy_confidence": 1.0,
    "top_policy_moves": [
      {
        "coord": "(1,6)",
        "percentage": 100.0,
        "count": 121
      }
    ],
    "total_policy_counts": 121
  },
  "component_comparison": {
    "uniqueness_score": 0.46885305643081665,
    "similar_positions": [
      4663,
      6024,
      550,
      5873,
      3849
    ],
    "component_rank": 13,
    "max_other_component_activation": 0.3780505359172821,
    "activation_percentile": 99.80311979403301
  }
}