{
  "position_info": {
    "part": 19,
    "rank": 7,
    "global_position": 779,
    "move_coordinate": "D3",
    "turn_number": 13,
    "npz_file": "1906C337F5CDAFA9.npz",
    "board_tensor_file": "pos_779/board.npy",
    "sgf_file": "pos_779/game.sgf"
  },
  "nmf_analysis": {
    "activation_strength": 0.08520776033401489,
    "rank_in_component": 7,
    "activation_in_other_components": [
      0.33077505230903625,
      0.06411188095808029,
      0.0,
      0.031385619193315506,
      0.019027508795261383,
      0.04908597469329834,
      0.0,
      0.08602800220251083,
      0.0,
      0.229549378156662,
      0.0,
      0.05986132100224495,
      0.053645677864551544,
      0.027482284232974052,
      0.0,
      0.0930153951048851,
      0.01703554391860962,
      0.0,
      0.024864977225661278,
      0.08520776033401489,
      0.0,
      0.09872008115053177,
      0.0,
      0.0,
      0.1256685107946396,
      0.009181249886751175,
      0.0,
      0.0,
      0.2624909579753876,
      0.0,
      0.03113778680562973,
      0.9416826963424683,
      0.10276608914136887,
      0.0,
      0.0,
      0.0,
      0.0,
      0.0,
      0.3828444182872772,
      0.0,
      0.10688385367393494,
      0.023320216685533524,
      0.09248818457126617,
      0.007290521636605263,
      0.0,
      0.002213688101619482,
      0.0,
      0.0,
      0.20465657114982605,
      0.0
    ],
    "channel_activity": [
      49,
      0,
      1,
      0,
      0,
      0,
      0,
      0,
      0,
      1,
      0,
      0,
      0,
      0,
      0,
      0,
      0,
      0,
      0,
      49,
      0,
      0
    ],
    "top_active_channels": [
      [
        0,
        49
      ],
      [
        19,
        49
      ],
      [
        2,
        1
      ],
      [
        9,
        1
      ],
      [
        1,
        0
      ]
    ],
    "total_board_activity": 100
  },
  "go_pattern_analysis": {
    "move_type": "side",
    "game_phase": "opening",
    "turn_number": 13,
    "policy_entropy": 1.937386490667772,
    "policy_confidence": 0.35987748851454826,
    "top_policy_moves": [
      {
        "coord": "(2,3)",
        "percentage": 36.0,
        "count": 235
      },
      {
        "coord": "(2,2)",
        "percentage": 27.3,
        "count": 178
      },
      {
        "coord": "(4,3)",
        "percentage": 20.2,
        "count": 132
      },
      {
        "coord": "(4,2)",
        "percentage": 16.5,
        "count": 108
      }
    ],
    "total_policy_counts": 653
  },
  "component_comparison": {
    "uniqueness_score": 0.08297648280858994,
    "similar_positions": [
      6366,
      4410,
      1821,
      786,
      6372
    ],
    "component_rank": 7,
    "max_other_component_activation": 0.9416826963424683,
    "activation_percentile": 99.89398758140238
  }
}