{
  "position_info": {
    "part": 0,
    "rank": 6,
    "global_position": 779,
    "move_coordinate": "D3",
    "turn_number": 13,
    "npz_file": "1906C337F5CDAFA9.npz",
    "board_tensor_file": "pos_779/board.npy",
    "sgf_file": "pos_779/game.sgf"
  },
  "nmf_analysis": {
    "activation_strength": 0.469914048910141,
    "rank_in_part": 6,
    "activation_in_other_parts": [
      0.469914048910141,
      0.3983246386051178,
      0.0,
      0.032010216265916824,
      0.8120068907737732,
      0.0,
      0.0,
      0.0,
      0.02260430157184601,
      0.28806382417678833,
      0.0,
      0.0,
      0.007766283582895994,
      0.0,
      0.0,
      0.0,
      0.5102068185806274,
      0.0,
      0.0,
      0.006690673995763063,
      0.003012724220752716,
      0.005165443755686283,
      0.03684833645820618,
      0.0,
      0.13442009687423706
    ],
    "channel_activity": [
      49,
      0,
      1,
      0,
      0,
      0,
      0,
      0,
      0,
      1,
      0,
      0,
      0,
      0,
      0,
      0,
      0,
      0,
      0,
      49,
      0,
      0
    ],
    "top_active_channels": [
      [
        0,
        49
      ],
      [
        19,
        49
      ],
      [
        2,
        1
      ],
      [
        9,
        1
      ],
      [
        1,
        0
      ]
    ],
    "total_board_activity": 100
  },
  "go_pattern_analysis": {
    "move_type": "side",
    "game_phase": "opening",
    "turn_number": 13,
    "policy_entropy": 1.937386490667772,
    "policy_confidence": 0.35987748851454826,
    "top_policy_moves": [
      {
        "coord": "(2,3)",
        "percentage": 36.0,
        "count": 235
      },
      {
        "coord": "(2,2)",
        "percentage": 27.3,
        "count": 178
      },
      {
        "coord": "(4,3)",
        "percentage": 20.2,
        "count": 132
      },
      {
        "coord": "(4,2)",
        "percentage": 16.5,
        "count": 108
      }
    ],
    "total_policy_counts": 653
  },
  "part_comparison": {
    "uniqueness_score": 0.36657023429870605,
    "similar_positions": [
      786,
      3821,
      6323,
      3536,
      6366
    ],
    "part_rank": 6,
    "max_other_part_activation": 0.8120068907737732,
    "activation_percentile": 99.90913221263062
  }
}