{
  "position_info": {
    "part": 10,
    "rank": 1,
    "global_position": 779,
    "move_coordinate": "D3",
    "turn_number": 13,
    "npz_file": "1906C337F5CDAFA9.npz",
    "board_tensor_file": "pos_779/board.npy",
    "sgf_file": "pos_779/game.sgf"
  },
  "nmf_analysis": {
    "activation_strength": 267.6856384277344,
    "rank_in_part": 1,
    "activation_in_other_parts": [
      0.0,
      90.50990295410156,
      0.0,
      0.0,
      7.487462997436523,
      21.2607479095459,
      0.0,
      4.157102584838867,
      0.42867690324783325,
      0.0,
      267.6856384277344,
      0.042114391922950745,
      0.0,
      0.16204732656478882,
      0.0,
      0.24883243441581726,
      0.0,
      0.0,
      0.0,
      0.10630770027637482,
      0.07660439610481262,
      0.0,
      0.06376801431179047,
      0.0,
      0.0
    ],
    "channel_activity": [
      49,
      0,
      1,
      0,
      0,
      0,
      0,
      0,
      0,
      1,
      0,
      0,
      0,
      0,
      0,
      0,
      0,
      0,
      0,
      49,
      0,
      0
    ],
    "top_active_channels": [
      [
        0,
        49
      ],
      [
        19,
        49
      ],
      [
        2,
        1
      ],
      [
        9,
        1
      ],
      [
        1,
        0
      ]
    ],
    "total_board_activity": 100
  },
  "go_pattern_analysis": {
    "move_type": "side",
    "game_phase": "opening",
    "turn_number": 13,
    "policy_entropy": 1.937386490667772,
    "policy_confidence": 0.35987748851454826,
    "top_policy_moves": [
      {
        "coord": "(2,3)",
        "percentage": 36.0,
        "count": 235
      },
      {
        "coord": "(2,2)",
        "percentage": 27.3,
        "count": 178
      },
      {
        "coord": "(4,3)",
        "percentage": 20.2,
        "count": 132
      },
      {
        "coord": "(4,2)",
        "percentage": 16.5,
        "count": 108
      }
    ],
    "total_policy_counts": 653
  },
  "part_comparison": {
    "uniqueness_score": 0.7473170161247253,
    "similar_positions": [
      3536,
      1724,
      3835,
      6323,
      3821
    ],
    "part_rank": 1,
    "max_other_part_activation": 90.50990295410156,
    "activation_percentile": 99.98485536877178
  }
}