{
  "position_info": {
    "part": 23,
    "rank": 20,
    "global_position": 2821,
    "move_coordinate": "D5",
    "turn_number": 4,
    "npz_file": "76F9EC3EB6A76AA0.npz",
    "board_tensor_file": "pos_2821/board.npy",
    "sgf_file": "pos_2821/game.sgf"
  },
  "nmf_analysis": {
    "activation_strength": 0.46164608001708984,
    "rank_in_part": 20,
    "activation_in_other_parts": [
      254.27818298339844,
      412.1484680175781,
      19.713699340820312,
      78.71062469482422,
      31.081113815307617,
      40.44292068481445,
      0.0,
      6.326628684997559,
      0.0,
      0.0,
      0.0,
      0.2225782871246338,
      0.0,
      0.0,
      4.803549289703369,
      0.0,
      0.0,
      0.5799776315689087,
      0.0,
      0.0,
      0.0,
      0.0,
      0.0,
      0.46164608001708984,
      0.0
    ],
    "channel_activity": [
      49,
      5,
      5,
      0,
      1,
      3,
      0,
      0,
      0,
      1,
      1,
      1,
      1,
      1,
      1,
      0,
      0,
      0,
      5,
      5,
      0,
      0
    ],
    "top_active_channels": [
      [
        0,
        49
      ],
      [
        1,
        5
      ],
      [
        2,
        5
      ],
      [
        18,
        5
      ],
      [
        19,
        5
      ]
    ],
    "total_board_activity": 79
  },
  "go_pattern_analysis": {
    "move_type": "side",
    "game_phase": "opening",
    "turn_number": 4,
    "policy_entropy": 0.4148980626796073,
    "policy_confidence": 0.9222614840989399,
    "top_policy_moves": [
      {
        "coord": "(4,3)",
        "percentage": 92.2,
        "count": 261
      },
      {
        "coord": "(3,5)",
        "percentage": 7.4,
        "count": 21
      },
      {
        "coord": "(5,3)",
        "percentage": 0.4,
        "count": 1
      }
    ],
    "total_policy_counts": 283
  },
  "part_comparison": {
    "uniqueness_score": 0.0011188433272764087,
    "similar_positions": [
      4033,
      2723,
      6194,
      3399,
      4973
    ],
    "part_rank": 20,
    "max_other_part_activation": 412.1484680175781,
    "activation_percentile": 99.69710737543541
  }
}