{
  "position_info": {
    "part": 12,
    "rank": 12,
    "global_position": 4493,
    "move_coordinate": "E2",
    "turn_number": 10,
    "npz_file": "B330F9C802154800.npz",
    "board_tensor_file": "pos_4493/board.npy",
    "sgf_file": "pos_4493/game.sgf"
  },
  "nmf_analysis": {
    "activation_strength": 0.9806712865829468,
    "rank_in_part": 12,
    "activation_in_other_parts": [
      0.0,
      131.19363403320312,
      388.44122314453125,
      70.75186157226562,
      229.3137969970703,
      0.0,
      0.1803824007511139,
      0.5870714783668518,
      0.0,
      0.38883376121520996,
      0.0,
      0.0,
      0.9806712865829468,
      0.07511532306671143,
      0.1544482409954071,
      0.17759959399700165,
      0.3926767110824585,
      0.0,
      0.03747109696269035,
      0.0,
      0.0,
      0.03364810347557068,
      0.0,
      0.0,
      0.03390821814537048
    ],
    "channel_activity": [
      49,
      5,
      6,
      0,
      1,
      5,
      0,
      0,
      0,
      1,
      1,
      1,
      1,
      1,
      1,
      2,
      1,
      1,
      0,
      0,
      0,
      0
    ],
    "top_active_channels": [
      [
        0,
        49
      ],
      [
        2,
        6
      ],
      [
        1,
        5
      ],
      [
        5,
        5
      ],
      [
        15,
        2
      ]
    ],
    "total_board_activity": 76
  },
  "go_pattern_analysis": {
    "move_type": "corner",
    "game_phase": "opening",
    "turn_number": 10,
    "policy_entropy": -0.0,
    "policy_confidence": 1.0,
    "top_policy_moves": [
      {
        "coord": "(1,4)",
        "percentage": 100.0,
        "count": 361
      }
    ],
    "total_policy_counts": 361
  },
  "part_comparison": {
    "uniqueness_score": 0.002518274588510394,
    "similar_positions": [
      3055,
      6398,
      1894,
      2360,
      6351
    ],
    "part_rank": 12,
    "max_other_part_activation": 388.44122314453125,
    "activation_percentile": 99.81826442526125
  }
}