{
  "position_info": {
    "part": 35,
    "rank": 11,
    "global_position": 4540,
    "move_coordinate": "B6",
    "turn_number": 1,
    "npz_file": "B330F9C802154800.npz",
    "board_tensor_file": "pos_4540/board.npy",
    "sgf_file": "pos_4540/game.sgf"
  },
  "nmf_analysis": {
    "activation_strength": 0.45959582924842834,
    "rank_in_part": 11,
    "activation_in_other_parts": [
      0.004317583981901407,
      0.02963409386575222,
      0.0,
      0.004213366191834211,
      0.010461647063493729,
      0.0034010466188192368,
      0.017036443576216698,
      0.007628319784998894,
      0.0,
      0.009900880046188831,
      0.004258578177541494,
      0.002341817133128643,
      0.0,
      0.010011929087340832,
      0.0,
      0.0,
      0.003920440562069416,
      0.0004012720310129225,
      0.00922827236354351,
      0.008503361605107784,
      0.0,
      0.004263943061232567,
      0.0,
      0.0,
      0.0,
      0.0032940974924713373,
      0.0,
      0.03355015441775322,
      0.0,
      0.3115385174751282,
      0.011930094100534916,
      0.04792152717709541,
      0.1481061577796936,
      0.006973728537559509,
      0.0019441910553723574,
      0.45959582924842834,
      0.0,
      0.044678330421447754,
      0.43546953797340393,
      0.0,
      0.3713405728340149,
      0.0020161783322691917,
      0.13348940014839172,
      0.19630877673625946,
      0.0,
      0.0,
      0.07271889597177505,
      0.027503199875354767,
      0.26145532727241516,
      0.3841272294521332
    ],
    "channel_activity": [
      49,
      4,
      4,
      0,
      1,
      1,
      0,
      0,
      0,
      1,
      1,
      1,
      1,
      1,
      1,
      0,
      0,
      0,
      4,
      4,
      0,
      0
    ],
    "top_active_channels": [
      [
        0,
        49
      ],
      [
        1,
        4
      ],
      [
        2,
        4
      ],
      [
        18,
        4
      ],
      [
        19,
        4
      ]
    ],
    "total_board_activity": 73
  },
  "go_pattern_analysis": {
    "move_type": "corner",
    "game_phase": "opening",
    "turn_number": 1,
    "policy_entropy": 1.4567151478933562,
    "policy_confidence": 0.5208333333333334,
    "top_policy_moves": [
      {
        "coord": "(5,1)",
        "percentage": 52.1,
        "count": 75
      },
      {
        "coord": "(5,3)",
        "percentage": 29.9,
        "count": 43
      },
      {
        "coord": "(1,3)",
        "percentage": 18.1,
        "count": 26
      }
    ],
    "total_policy_counts": 144
  },
  "part_comparison": {
    "uniqueness_score": 0.5134773850440979,
    "similar_positions": [
      4516,
      582,
      2431,
      4515,
      1408
    ],
    "part_rank": 11,
    "max_other_part_activation": 0.43546953797340393,
    "activation_percentile": 99.83340905648947
  }
}