{
  "position_info": {
    "part": 15,
    "rank": 4,
    "global_position": 1947,
    "move_coordinate": "E7",
    "turn_number": 32,
    "npz_file": "1D638D50844BD930.npz",
    "board_tensor_file": "pos_1947/board.npy",
    "sgf_file": "pos_1947/game.sgf"
  },
  "nmf_analysis": {
    "activation_strength": 1.0496327877044678,
    "rank_in_part": 4,
    "activation_in_other_parts": [
      1667.344970703125,
      139.90216064453125,
      392.3840026855469,
      27.09677505493164,
      129.58843994140625,
      0.0,
      0.45449864864349365,
      0.0,
      0.12580424547195435,
      0.09190618991851807,
      0.0,
      0.0,
      0.0,
      0.0,
      0.0,
      1.0496327877044678,
      0.0,
      0.19264335930347443,
      0.4938722848892212,
      0.0,
      0.0,
      0.0,
      0.10639309883117676,
      0.8481732606887817,
      0.06654578447341919
    ],
    "channel_activity": [
      49,
      10,
      10,
      0,
      10,
      0,
      0,
      0,
      0,
      1,
      1,
      1,
      1,
      1,
      7,
      3,
      1,
      3,
      10,
      10,
      0,
      0
    ],
    "top_active_channels": [
      [
        0,
        49
      ],
      [
        1,
        10
      ],
      [
        2,
        10
      ],
      [
        4,
        10
      ],
      [
        18,
        10
      ]
    ],
    "total_board_activity": 118
  },
  "go_pattern_analysis": {
    "move_type": "corner",
    "game_phase": "middle_game",
    "turn_number": 32,
    "policy_entropy": -0.0,
    "policy_confidence": 1.0,
    "top_policy_moves": [
      {
        "coord": "(6,4)",
        "percentage": 100.0,
        "count": 532
      }
    ],
    "total_policy_counts": 532
  },
  "part_comparison": {
    "uniqueness_score": 0.0006291273748502135,
    "similar_positions": [
      3,
      3982,
      3983,
      1616,
      2913
    ],
    "part_rank": 4,
    "max_other_part_activation": 1667.344970703125,
    "activation_percentile": 99.93942147508709
  }
}