{
  "position_info": {
    "part": 23,
    "rank": 6,
    "global_position": 5328,
    "move_coordinate": "B6",
    "turn_number": 11,
    "npz_file": "BADFFB51627F24FD.npz",
    "board_tensor_file": "pos_5328/board.npy",
    "sgf_file": "pos_5328/game.sgf"
  },
  "nmf_analysis": {
    "activation_strength": 1.0644351243972778,
    "rank_in_part": 6,
    "activation_in_other_parts": [
      2583.13818359375,
      438.0850830078125,
      0.0,
      219.80328369140625,
      0.0,
      0.0,
      0.6079133749008179,
      0.0,
      0.0,
      0.0,
      0.0,
      0.0,
      0.0,
      0.4194793999195099,
      0.04673240706324577,
      0.016096245497465134,
      0.0,
      0.0,
      0.0,
      0.449542760848999,
      0.0,
      0.0,
      0.0,
      1.0644351243972778,
      0.0
    ],
    "channel_activity": [
      49,
      8,
      8,
      1,
      5,
      1,
      0,
      0,
      0,
      1,
      1,
      1,
      1,
      1,
      1,
      1,
      1,
      0,
      0,
      0,
      0,
      0
    ],
    "top_active_channels": [
      [
        0,
        49
      ],
      [
        1,
        8
      ],
      [
        2,
        8
      ],
      [
        4,
        5
      ],
      [
        3,
        1
      ]
    ],
    "total_board_activity": 80
  },
  "go_pattern_analysis": {
    "move_type": "corner",
    "game_phase": "opening",
    "turn_number": 11,
    "policy_entropy": 0.8484881930081266,
    "policy_confidence": 0.8105726872246696,
    "top_policy_moves": [
      {
        "coord": "(5,1)",
        "percentage": 81.1,
        "count": 184
      },
      {
        "coord": "(4,1)",
        "percentage": 14.5,
        "count": 33
      },
      {
        "coord": "(6,5)",
        "percentage": 4.4,
        "count": 10
      }
    ],
    "total_policy_counts": 227
  },
  "part_comparison": {
    "uniqueness_score": 0.0004119008081033826,
    "similar_positions": [
      5900,
      2498,
      431,
      3632,
      120
    ],
    "part_rank": 5,
    "max_other_part_activation": 2583.13818359375,
    "activation_percentile": 99.92427684385885
  }
}