{
  "position_info": {
    "part": 13,
    "rank": 10,
    "global_position": 1406,
    "move_coordinate": "B2",
    "turn_number": 22,
    "npz_file": "1D638D50844BD930.npz",
    "board_tensor_file": "pos_1406/board.npy",
    "sgf_file": "pos_1406/game.sgf"
  },
  "nmf_analysis": {
    "activation_strength": 0.5465658903121948,
    "rank_in_part": 10,
    "activation_in_other_parts": [
      0.0,
      381.4033508300781,
      0.0,
      47.99741744995117,
      0.0,
      91.93375396728516,
      0.2917692959308624,
      8.661999702453613,
      0.0,
      0.0,
      0.0,
      0.0680762529373169,
      0.0,
      0.5465658903121948,
      60.6485481262207,
      0.0,
      0.0,
      0.0,
      0.03359943628311157,
      0.0,
      0.0,
      0.0,
      0.0,
      0.0,
      0.0
    ],
    "channel_activity": [
      49,
      3,
      3,
      0,
      0,
      0,
      0,
      0,
      0,
      1,
      1,
      1,
      1,
      1,
      0,
      0,
      0,
      0,
      3,
      3,
      0,
      0
    ],
    "top_active_channels": [
      [
        0,
        49
      ],
      [
        1,
        3
      ],
      [
        2,
        3
      ],
      [
        18,
        3
      ],
      [
        19,
        3
      ]
    ],
    "total_board_activity": 66
  },
  "go_pattern_analysis": {
    "move_type": "corner",
    "game_phase": "opening",
    "turn_number": 22,
    "policy_entropy": 0.8652254972177149,
    "policy_confidence": 0.7126865671641791,
    "top_policy_moves": [
      {
        "coord": "(1,1)",
        "percentage": 71.3,
        "count": 191
      },
      {
        "coord": "(5,3)",
        "percentage": 28.7,
        "count": 77
      }
    ],
    "total_policy_counts": 268
  },
  "part_comparison": {
    "uniqueness_score": 0.0014309883117675781,
    "similar_positions": [
      5524,
      3359,
      3435,
      3436,
      1569
    ],
    "part_rank": 10,
    "max_other_part_activation": 381.4033508300781,
    "activation_percentile": 99.8485536877177
  }
}