{
  "position_info": {
    "part": 35,
    "rank": 15,
    "global_position": 1406,
    "move_coordinate": "B2",
    "turn_number": 22,
    "npz_file": "1D638D50844BD930.npz",
    "board_tensor_file": "pos_1406/board.npy",
    "sgf_file": "pos_1406/game.sgf"
  },
  "nmf_analysis": {
    "activation_strength": 0.4499610364437103,
    "rank_in_part": 15,
    "activation_in_other_parts": [
      0.0,
      0.03207322955131531,
      0.0,
      0.002359912032261491,
      0.009170296601951122,
      0.0,
      0.04972963407635689,
      0.007606987841427326,
      0.0,
      0.0017937053926289082,
      0.0,
      0.0,
      0.0,
      0.0053657041862607,
      0.0,
      0.0,
      0.0004870820266660303,
      0.00021852157078683376,
      0.004758341237902641,
      0.0028192459139972925,
      0.0,
      0.004239687696099281,
      0.0,
      0.00842868909239769,
      0.0,
      0.0015851828502491117,
      0.0,
      0.040888309478759766,
      0.01592428795993328,
      0.26759812235832214,
      0.0,
      0.062342189252376556,
      0.16915768384933472,
      0.0,
      0.02967306226491928,
      0.4499610364437103,
      0.0,
      0.06435224413871765,
      0.45547088980674744,
      0.0,
      0.3306824862957001,
      0.0,
      0.13626140356063843,
      0.19623330235481262,
      0.0,
      0.011126698926091194,
      0.07233648002147675,
      0.0,
      0.2406957447528839,
      0.3900212347507477
    ],
    "channel_activity": [
      49,
      3,
      3,
      0,
      0,
      0,
      0,
      0,
      0,
      1,
      1,
      1,
      1,
      1,
      0,
      0,
      0,
      0,
      3,
      3,
      0,
      0
    ],
    "top_active_channels": [
      [
        0,
        49
      ],
      [
        1,
        3
      ],
      [
        2,
        3
      ],
      [
        18,
        3
      ],
      [
        19,
        3
      ]
    ],
    "total_board_activity": 66
  },
  "go_pattern_analysis": {
    "move_type": "corner",
    "game_phase": "opening",
    "turn_number": 22,
    "policy_entropy": 0.8652254972177149,
    "policy_confidence": 0.7126865671641791,
    "top_policy_moves": [
      {
        "coord": "(1,1)",
        "percentage": 71.3,
        "count": 191
      },
      {
        "coord": "(5,3)",
        "percentage": 28.7,
        "count": 77
      }
    ],
    "total_policy_counts": 268
  },
  "part_comparison": {
    "uniqueness_score": 0.49695733189582825,
    "similar_positions": [
      4516,
      582,
      2431,
      4515,
      1408
    ],
    "part_rank": 15,
    "max_other_part_activation": 0.45547088980674744,
    "activation_percentile": 99.77283053157655
  }
}