{
  "position_info": {
    "part": 17,
    "rank": 16,
    "global_position": 5469,
    "move_coordinate": "PASS",
    "turn_number": 1,
    "npz_file": "BADFFB51627F24FD.npz",
    "board_tensor_file": "pos_5469/board.npy",
    "sgf_file": "pos_5469/game.sgf"
  },
  "nmf_analysis": {
    "activation_strength": 0.0014375130413100123,
    "rank_in_component": 16,
    "activation_in_other_components": [
      0.02438812516629696,
      0.18894296884536743,
      0.0,
      0.0,
      0.0,
      0.028421897441148758,
      0.023311864584684372,
      0.06840384006500244,
      0.008883586153388023,
      0.08113962411880493,
      0.026856685057282448,
      0.07871933281421661,
      0.010396135970950127,
      0.04397418349981308,
      0.0005310894921422005,
      0.13544075191020966,
      0.0047286381013691425,
      0.0014375130413100123,
      0.0,
      0.04747198894619942,
      0.0034433885011821985,
      0.005156013648957014,
      0.0036927093751728535,
      0.0,
      0.0,
      0.0013116892660036683,
      0.002618841826915741,
      0.0015173726715147495,
      0.10341949015855789,
      0.06988858431577682,
      0.12742221355438232,
      0.08599738776683807,
      0.07572959363460541,
      0.19267848134040833,
      0.09225200861692429,
      0.10401712357997894,
      0.3616488575935364,
      0.013622455298900604,
      0.0764322504401207,
      0.2860599756240845,
      0.04645833373069763,
      0.22668607532978058,
      0.0,
      0.02671009674668312,
      0.12090468406677246,
      0.05413297563791275,
      0.08389555662870407,
      0.24304428696632385,
      0.15087664127349854,
      0.3672885000705719
    ],
    "channel_activity": [
      49,
      11,
      11,
      0,
      6,
      10,
      0,
      0,
      0,
      1,
      1,
      1,
      1,
      1,
      0,
      0,
      0,
      0,
      11,
      23,
      0,
      0
    ],
    "top_active_channels": [
      [
        0,
        49
      ],
      [
        19,
        23
      ],
      [
        1,
        11
      ],
      [
        2,
        11
      ],
      [
        18,
        11
      ]
    ],
    "total_board_activity": 126
  },
  "go_pattern_analysis": {
    "move_type": "pass",
    "game_phase": "opening",
    "turn_number": 1,
    "policy_entropy": 1.7252820802219226,
    "policy_confidence": 0.6990291262135923,
    "top_policy_moves": [
      {
        "coord": "PASS",
        "percentage": 69.9,
        "count": 72
      },
      {
        "coord": "(5,5)",
        "percentage": 6.8,
        "count": 7
      },
      {
        "coord": "(0,3)",
        "percentage": 5.8,
        "count": 6
      },
      {
        "coord": "(1,4)",
        "percentage": 4.9,
        "count": 5
      },
      {
        "coord": "(4,6)",
        "percentage": 3.9,
        "count": 4
      }
    ],
    "total_policy_counts": 103
  },
  "component_comparison": {
    "uniqueness_score": 0.0038985940627753735,
    "similar_positions": [
      536,
      1054,
      262,
      6120,
      6121
    ],
    "component_rank": 16,
    "max_other_component_activation": 0.3672885000705719,
    "activation_percentile": 99.75768590034832
  }
}