{
  "position_info": {
    "part": 40,
    "rank": 1,
    "global_position": 1757,
    "move_coordinate": "B4",
    "turn_number": 1,
    "npz_file": "1D638D50844BD930.npz",
    "board_tensor_file": "pos_1757/board.npy",
    "sgf_file": "pos_1757/game.sgf"
  },
  "nmf_analysis": {
    "activation_strength": 0.4900258481502533,
    "rank_in_part": 1,
    "activation_in_other_parts": [
      0.0,
      0.03940018266439438,
      0.0,
      0.004687288776040077,
      0.009942730888724327,
      0.002768496749922633,
      0.0,
      0.010345624759793282,
      0.019912557676434517,
      0.0,
      0.026179693639278412,
      0.0,
      0.0,
      0.009029357694089413,
      0.010666383430361748,
      0.00671031977981329,
      0.007492858916521072,
      0.0006119707832112908,
      0.014637858606874943,
      0.0011857396457344294,
      0.016914688050746918,
      0.0,
      0.01389285922050476,
      0.008464441634714603,
      0.0,
      0.003939271438866854,
      0.006499884184449911,
      0.024155844002962112,
      0.0,
      0.33043402433395386,
      0.11422812193632126,
      0.10688182711601257,
      0.0,
      0.0067984252236783504,
      0.0,
      0.3366873562335968,
      0.0,
      0.11245725303888321,
      0.438080370426178,
      0.026886750012636185,
      0.4900258481502533,
      0.01616998389363289,
      0.14909635484218597,
      0.17564676702022552,
      0.0,
      0.0,
      0.0,
      0.0988217368721962,
      0.20513494312763214,
      0.32663777470588684
    ],
    "channel_activity": [
      49,
      5,
      5,
      0,
      2,
      5,
      0,
      0,
      0,
      1,
      1,
      1,
      1,
      1,
      2,
      1,
      1,
      0,
      0,
      0,
      0,
      0
    ],
    "top_active_channels": [
      [
        0,
        49
      ],
      [
        1,
        5
      ],
      [
        2,
        5
      ],
      [
        5,
        5
      ],
      [
        4,
        2
      ]
    ],
    "total_board_activity": 75
  },
  "go_pattern_analysis": {
    "move_type": "side",
    "game_phase": "opening",
    "turn_number": 1,
    "policy_entropy": -0.0,
    "policy_confidence": 1.0,
    "top_policy_moves": [
      {
        "coord": "(3,1)",
        "percentage": 100.0,
        "count": 246
      }
    ],
    "total_policy_counts": 246
  },
  "part_comparison": {
    "uniqueness_score": 0.5279846787452698,
    "similar_positions": [
      4189,
      3451,
      747,
      6471,
      1657
    ],
    "part_rank": 1,
    "max_other_part_activation": 0.438080370426178,
    "activation_percentile": 99.98485536877178
  }
}