{
  "position_info": {
    "part": 3,
    "rank": 16,
    "global_position": 4631,
    "move_coordinate": "F4",
    "turn_number": 12,
    "npz_file": "B330F9C802154800.npz",
    "board_tensor_file": "pos_4631/board.npy",
    "sgf_file": "pos_4631/game.sgf"
  },
  "nmf_analysis": {
    "activation_strength": 0.03838790953159332,
    "rank_in_component": 16,
    "activation_in_other_components": [
      0.23150572180747986,
      0.0,
      0.0,
      0.03838790953159332,
      0.035464052110910416,
      0.04101868346333504,
      0.039307281374931335,
      0.020810965448617935,
      0.009390351362526417,
      0.13149206340312958,
      0.0,
      0.0,
      0.03388195484876633,
      0.005911173764616251,
      0.012461023405194283,
      0.0,
      0.007943475618958473,
      0.0,
      0.01973891258239746,
      0.04215706139802933,
      0.015458873473107815,
      0.07174702733755112,
      0.012075916863977909,
      0.016970373690128326,
      0.0823015421628952,
      0.004542940761893988,
      0.002813104074448347,
      0.00486757792532444,
      0.171688511967659,
      0.0,
      0.34161704778671265,
      0.17581938207149506,
      0.07116448134183884,
      0.049136240035295486,
      0.02642354927957058,
      0.028712527826428413,
      0.001452855532988906,
      0.0651748925447464,
      0.16472218930721283,
      0.013130764476954937,
      0.25326433777809143,
      0.09877564013004303,
      0.17227916419506073,
      0.09149392694234848,
      0.0,
      0.08340171724557877,
      0.09787238389253616,
      0.027427352964878082,
      0.4834250211715698,
      0.22018744051456451
    ],
    "channel_activity": [
      49,
      4,
      5,
      0,
      0,
      3,
      0,
      0,
      0,
      1,
      1,
      1,
      1,
      1,
      0,
      0,
      0,
      0,
      4,
      5,
      0,
      0
    ],
    "top_active_channels": [
      [
        0,
        49
      ],
      [
        2,
        5
      ],
      [
        19,
        5
      ],
      [
        1,
        4
      ],
      [
        18,
        4
      ]
    ],
    "total_board_activity": 75
  },
  "go_pattern_analysis": {
    "move_type": "side",
    "game_phase": "opening",
    "turn_number": 12,
    "policy_entropy": -0.0,
    "policy_confidence": 1.0,
    "top_policy_moves": [
      {
        "coord": "(3,5)",
        "percentage": 100.0,
        "count": 294
      }
    ],
    "total_policy_counts": 294
  },
  "component_comparison": {
    "uniqueness_score": 0.07356642186641693,
    "similar_positions": [
      426,
      4798,
      1704,
      5385,
      5609
    ],
    "component_rank": 16,
    "max_other_component_activation": 0.4834250211715698,
    "activation_percentile": 99.75768590034832
  }
}