{
  "position_info": {
    "part": 24,
    "rank": 19,
    "global_position": 4631,
    "move_coordinate": "F4",
    "turn_number": 12,
    "npz_file": "B330F9C802154800.npz",
    "board_tensor_file": "pos_4631/board.npy",
    "sgf_file": "pos_4631/game.sgf"
  },
  "nmf_analysis": {
    "activation_strength": 0.5310143232345581,
    "rank_in_part": 19,
    "activation_in_other_parts": [
      0.21791893243789673,
      0.35821011662483215,
      0.1144346371293068,
      0.10975489765405655,
      0.1742239147424698,
      0.00779475225135684,
      0.011925525963306427,
      0.09512351453304291,
      0.19584250450134277,
      0.0963795930147171,
      0.011508681811392307,
      0.03155240789055824,
      0.12248685956001282,
      0.02456951141357422,
      0.1228756383061409,
      0.2222605049610138,
      0.26439833641052246,
      0.0,
      0.07862354815006256,
      0.0,
      0.0863434299826622,
      0.040521569550037384,
      0.0009834051597863436,
      0.17402279376983643,
      0.5310143232345581
    ],
    "channel_activity": [
      49,
      4,
      5,
      0,
      0,
      3,
      0,
      0,
      0,
      1,
      1,
      1,
      1,
      1,
      0,
      0,
      0,
      0,
      4,
      5,
      0,
      0
    ],
    "top_active_channels": [
      [
        0,
        49
      ],
      [
        2,
        5
      ],
      [
        19,
        5
      ],
      [
        1,
        4
      ],
      [
        18,
        4
      ]
    ],
    "total_board_activity": 75
  },
  "go_pattern_analysis": {
    "move_type": "side",
    "game_phase": "opening",
    "turn_number": 12,
    "policy_entropy": -0.0,
    "policy_confidence": 1.0,
    "top_policy_moves": [
      {
        "coord": "(3,5)",
        "percentage": 100.0,
        "count": 294
      }
    ],
    "total_policy_counts": 294
  },
  "part_comparison": {
    "uniqueness_score": 0.5971657037734985,
    "similar_positions": [
      3326,
      6265,
      2925,
      6312,
      1641
    ],
    "part_rank": 19,
    "max_other_part_activation": 0.35821011662483215,
    "activation_percentile": 99.71225200666363
  }
}