{
  "position_info": {
    "part": 9,
    "rank": 1,
    "global_position": 421,
    "move_coordinate": "F3",
    "turn_number": 1,
    "npz_file": "1906C337F5CDAFA9.npz",
    "board_tensor_file": "pos_421/board.npy",
    "sgf_file": "pos_421/game.sgf"
  },
  "nmf_analysis": {
    "activation_strength": 1.086120843887329,
    "rank_in_part": 1,
    "activation_in_other_parts": [
      1771.1517333984375,
      316.583740234375,
      202.39895629882812,
      124.00399017333984,
      60.26209259033203,
      0.0,
      0.0,
      0.0,
      1.1248400211334229,
      1.086120843887329,
      0.0,
      0.0,
      0.005842119455337524,
      0.0,
      0.0,
      0.0,
      0.0,
      0.0,
      0.2250794619321823,
      0.0,
      0.062082648277282715,
      0.0,
      0.0,
      0.0,
      0.0
    ],
    "channel_activity": [
      49,
      11,
      11,
      0,
      4,
      10,
      0,
      0,
      0,
      1,
      1,
      1,
      1,
      1,
      1,
      1,
      1,
      1,
      11,
      11,
      0,
      0
    ],
    "top_active_channels": [
      [
        0,
        49
      ],
      [
        1,
        11
      ],
      [
        2,
        11
      ],
      [
        18,
        11
      ],
      [
        19,
        11
      ]
    ],
    "total_board_activity": 116
  },
  "go_pattern_analysis": {
    "move_type": "corner",
    "game_phase": "opening",
    "turn_number": 1,
    "policy_entropy": 0.957617767200017,
    "policy_confidence": 0.7875243664717348,
    "top_policy_moves": [
      {
        "coord": "(2,5)",
        "percentage": 78.8,
        "count": 404
      },
      {
        "coord": "(0,1)",
        "percentage": 11.5,
        "count": 59
      },
      {
        "coord": "(1,3)",
        "percentage": 9.7,
        "count": 50
      }
    ],
    "total_policy_counts": 513
  },
  "part_comparison": {
    "uniqueness_score": 0.0006128527456894517,
    "similar_positions": [
      145,
      3783,
      4943,
      3685,
      1142
    ],
    "part_rank": 1,
    "max_other_part_activation": 1771.1517333984375,
    "activation_percentile": 99.98485536877178
  }
}