{
  "position_info": {
    "part": 4,
    "rank": 8,
    "global_position": 421,
    "move_coordinate": "F3",
    "turn_number": 1,
    "npz_file": "1906C337F5CDAFA9.npz",
    "board_tensor_file": "pos_421/board.npy",
    "sgf_file": "pos_421/game.sgf"
  },
  "nmf_analysis": {
    "activation_strength": 147.82640075683594,
    "rank_in_part": 8,
    "activation_in_other_parts": [
      1366.0977783203125,
      35.64997482299805,
      10.837665557861328,
      62.527610778808594,
      147.82640075683594,
      14.39300537109375,
      0.2098735272884369,
      5.140230655670166,
      0.062397830188274384,
      0.0,
      11.769076347351074,
      0.04516124725341797,
      0.0,
      0.0,
      9.06900691986084,
      0.0,
      0.08291769027709961,
      0.0,
      0.18681450188159943,
      0.0,
      0.0,
      0.13215915858745575,
      0.0,
      0.18828946352005005,
      0.06274448335170746
    ],
    "channel_activity": [
      49,
      11,
      11,
      0,
      4,
      10,
      0,
      0,
      0,
      1,
      1,
      1,
      1,
      1,
      1,
      1,
      1,
      1,
      11,
      11,
      0,
      0
    ],
    "top_active_channels": [
      [
        0,
        49
      ],
      [
        1,
        11
      ],
      [
        2,
        11
      ],
      [
        18,
        11
      ],
      [
        19,
        11
      ]
    ],
    "total_board_activity": 116
  },
  "go_pattern_analysis": {
    "move_type": "corner",
    "game_phase": "opening",
    "turn_number": 1,
    "policy_entropy": 0.957617767200017,
    "policy_confidence": 0.7875243664717348,
    "top_policy_moves": [
      {
        "coord": "(2,5)",
        "percentage": 78.8,
        "count": 404
      },
      {
        "coord": "(0,1)",
        "percentage": 11.5,
        "count": 59
      },
      {
        "coord": "(1,3)",
        "percentage": 9.7,
        "count": 50
      }
    ],
    "total_policy_counts": 513
  },
  "part_comparison": {
    "uniqueness_score": 0.09764452278614044,
    "similar_positions": [
      3783,
      1885,
      145,
      4387,
      2411
    ],
    "part_rank": 8,
    "max_other_part_activation": 1366.0977783203125,
    "activation_percentile": 99.87884295017416
  }
}