{
  "position_info": {
    "part": 37,
    "rank": 3,
    "global_position": 4370,
    "move_coordinate": "A1",
    "turn_number": 24,
    "npz_file": "B330F9C802154800.npz",
    "board_tensor_file": "pos_4370/board.npy",
    "sgf_file": "pos_4370/game.sgf"
  },
  "nmf_analysis": {
    "activation_strength": 0.35411807894706726,
    "rank_in_part": 3,
    "activation_in_other_parts": [
      0.019496535882353783,
      0.0,
      0.0,
      0.009878994897007942,
      0.016106491908431053,
      0.0,
      0.09508271515369415,
      0.0,
      0.014709831215441227,
      0.0,
      0.006523955147713423,
      0.0,
      0.0,
      0.0,
      0.01990436390042305,
      0.019589338451623917,
      0.012960204854607582,
      0.0,
      0.025057995691895485,
      0.0,
      0.01605444960296154,
      0.0,
      0.013089662417769432,
      0.029023298993706703,
      0.0,
      0.007418068591505289,
      0.0044340211898088455,
      0.016690554097294807,
      0.20167838037014008,
      0.025743067264556885,
      0.0,
      0.05760457366704941,
      0.0,
      0.28791970014572144,
      0.17559604346752167,
      0.08407268673181534,
      0.11184559762477875,
      0.35411807894706726,
      0.06861971318721771,
      0.24068596959114075,
      0.08230035752058029,
      0.01078653521835804,
      0.08156165480613708,
      0.042540840804576874,
      0.056819770485162735,
      0.06572574377059937,
      0.28585880994796753,
      0.17199218273162842,
      0.07411739975214005,
      0.45339131355285645
    ],
    "channel_activity": [
      49,
      9,
      9,
      0,
      1,
      0,
      0,
      0,
      0,
      1,
      1,
      1,
      1,
      1,
      0,
      0,
      0,
      0,
      0,
      0,
      0,
      0
    ],
    "top_active_channels": [
      [
        0,
        49
      ],
      [
        1,
        9
      ],
      [
        2,
        9
      ],
      [
        4,
        1
      ],
      [
        9,
        1
      ]
    ],
    "total_board_activity": 73
  },
  "go_pattern_analysis": {
    "move_type": "corner",
    "game_phase": "opening",
    "turn_number": 24,
    "policy_entropy": 5.643856189774725,
    "policy_confidence": 0.02,
    "top_policy_moves": [
      {
        "coord": "PASS",
        "percentage": 2.0,
        "count": 1
      },
      {
        "coord": "(1,5)",
        "percentage": 2.0,
        "count": 1
      },
      {
        "coord": "(3,1)",
        "percentage": 2.0,
        "count": 1
      },
      {
        "coord": "(3,0)",
        "percentage": 2.0,
        "count": 1
      },
      {
        "coord": "(2,6)",
        "percentage": 2.0,
        "count": 1
      }
    ],
    "total_policy_counts": 50
  },
  "part_comparison": {
    "uniqueness_score": 0.43853119015693665,
    "similar_positions": [
      6255,
      4369,
      4709,
      2517,
      5870
    ],
    "part_rank": 3,
    "max_other_part_activation": 0.45339131355285645,
    "activation_percentile": 99.95456610631531
  }
}