{
  "position_info": {
    "part": 29,
    "rank": 8,
    "global_position": 778,
    "move_coordinate": "A1",
    "turn_number": 1,
    "npz_file": "1906C337F5CDAFA9.npz",
    "board_tensor_file": "pos_778/board.npy",
    "sgf_file": "pos_778/game.sgf"
  },
  "nmf_analysis": {
    "activation_strength": 0.43308261036872864,
    "rank_in_component": 8,
    "activation_in_other_components": [
      0.08249050378799438,
      0.0,
      0.0,
      0.033972252160310745,
      0.04313352704048157,
      0.020538125187158585,
      0.044645149260759354,
      0.0,
      0.019001001492142677,
      0.043745603412389755,
      0.0031775874085724354,
      0.02430565655231476,
      0.056091055274009705,
      0.0,
      0.018893538042902946,
      0.01656007021665573,
      0.0009221475338563323,
      0.0,
      0.00824766792356968,
      0.0,
      0.020472560077905655,
      0.06455632299184799,
      0.015317810699343681,
      0.0018834947841241956,
      0.11111383885145187,
      0.00027560058515518904,
      0.0012548317899927497,
      0.0,
      0.3533276617527008,
      0.43308261036872864,
      0.0,
      0.0004437722382135689,
      0.0,
      0.23066963255405426,
      0.6322025656700134,
      0.0,
      0.20671522617340088,
      0.02306254953145981,
      0.009784411638975143,
      0.0,
      0.0,
      0.16288748383522034,
      0.0,
      0.012123611755669117,
      0.0,
      0.06697793304920197,
      0.0,
      0.08633480966091156,
      0.15151648223400116,
      0.3053669333457947
    ],
    "channel_activity": [
      49,
      13,
      23,
      0,
      0,
      0,
      0,
      0,
      0,
      1,
      0,
      1,
      0,
      1,
      0,
      0,
      0,
      0,
      20,
      29,
      0,
      0
    ],
    "top_active_channels": [
      [
        0,
        49
      ],
      [
        19,
        29
      ],
      [
        2,
        23
      ],
      [
        18,
        20
      ],
      [
        1,
        13
      ]
    ],
    "total_board_activity": 137
  },
  "go_pattern_analysis": {
    "move_type": "corner",
    "game_phase": "opening",
    "turn_number": 1,
    "policy_entropy": 5.643856189774725,
    "policy_confidence": 0.02,
    "top_policy_moves": [
      {
        "coord": "PASS",
        "percentage": 2.0,
        "count": 1
      },
      {
        "coord": "(1,5)",
        "percentage": 2.0,
        "count": 1
      },
      {
        "coord": "(3,1)",
        "percentage": 2.0,
        "count": 1
      },
      {
        "coord": "(3,0)",
        "percentage": 2.0,
        "count": 1
      },
      {
        "coord": "(2,6)",
        "percentage": 2.0,
        "count": 1
      }
    ],
    "total_policy_counts": 50
  },
  "component_comparison": {
    "uniqueness_score": 0.40654146671295166,
    "similar_positions": [
      4462,
      3673,
      1704,
      3178,
      3180
    ],
    "component_rank": 8,
    "max_other_component_activation": 0.6322025656700134,
    "activation_percentile": 99.87884295017416
  }
}