{
  "position_info": {
    "part": 15,
    "rank": 14,
    "global_position": 4296,
    "move_coordinate": "C3",
    "turn_number": 30,
    "npz_file": "B330F9C802154800.npz",
    "board_tensor_file": "pos_4296/board.npy",
    "sgf_file": "pos_4296/game.sgf"
  },
  "nmf_analysis": {
    "activation_strength": 0.18753191828727722,
    "rank_in_part": 14,
    "activation_in_other_parts": [
      0.0,
      0.03305291011929512,
      0.0,
      0.0,
      0.0,
      0.0,
      0.1192149966955185,
      0.015274670906364918,
      0.012333011254668236,
      0.10413141548633575,
      0.03239760547876358,
      0.0908379852771759,
      0.06324928253889084,
      0.0,
      0.0017461903626099229,
      0.18753191828727722,
      0.005147820804268122,
      0.0002523177827242762,
      0.002033095108345151,
      0.0,
      0.0029837642796337605,
      0.0637020394206047,
      0.005499023944139481,
      0.0,
      0.10410882532596588,
      0.001575450412929058,
      0.005281189456582069,
      0.0,
      0.0,
      0.004824393428862095,
      0.03437883406877518,
      0.2637121081352234,
      0.025708040222525597,
      0.0,
      0.0,
      0.04962414503097534,
      0.0,
      0.0,
      0.8120800852775574,
      0.0,
      0.08481218665838242,
      0.0,
      0.098975270986557,
      0.019215941429138184,
      0.0,
      0.2438153475522995,
      0.0,
      0.0,
      0.06618939340114594,
      0.4728090167045593
    ],
    "channel_activity": [
      49,
      1,
      1,
      0,
      0,
      2,
      0,
      0,
      0,
      1,
      1,
      0,
      0,
      0,
      0,
      0,
      0,
      0,
      1,
      1,
      0,
      0
    ],
    "top_active_channels": [
      [
        0,
        49
      ],
      [
        5,
        2
      ],
      [
        1,
        1
      ],
      [
        2,
        1
      ],
      [
        9,
        1
      ]
    ],
    "total_board_activity": 57
  },
  "go_pattern_analysis": {
    "move_type": "corner",
    "game_phase": "middle_game",
    "turn_number": 30,
    "policy_entropy": 0.3648675159563073,
    "policy_confidence": 0.9389312977099237,
    "top_policy_moves": [
      {
        "coord": "(2,2)",
        "percentage": 93.9,
        "count": 123
      },
      {
        "coord": "(3,2)",
        "percentage": 5.3,
        "count": 7
      },
      {
        "coord": "(3,1)",
        "percentage": 0.8,
        "count": 1
      }
    ],
    "total_policy_counts": 131
  },
  "part_comparison": {
    "uniqueness_score": 0.18760471045970917,
    "similar_positions": [
      3351,
      5466,
      4811,
      1034,
      2335
    ],
    "part_rank": 14,
    "max_other_part_activation": 0.8120800852775574,
    "activation_percentile": 99.78797516280478
  }
}