{
  "position_info": {
    "part": 11,
    "rank": 12,
    "global_position": 965,
    "move_coordinate": "A1",
    "turn_number": 1,
    "npz_file": "1906C337F5CDAFA9.npz",
    "board_tensor_file": "pos_965/board.npy",
    "sgf_file": "pos_965/game.sgf"
  },
  "nmf_analysis": {
    "activation_strength": 0.12051882594823837,
    "rank_in_component": 12,
    "activation_in_other_components": [
      0.0669071301817894,
      0.0410073883831501,
      0.0,
      0.011025268584489822,
      0.011309468187391758,
      0.017051680013537407,
      0.0,
      0.0,
      0.023532496765255928,
      0.014636140316724777,
      0.026176778599619865,
      0.12051882594823837,
      0.03921693190932274,
      0.004908901639282703,
      0.012621680274605751,
      0.1531686633825302,
      0.013206545263528824,
      0.0005765887326560915,
      0.011819520965218544,
      0.0,
      0.011690020561218262,
      0.033398743718862534,
      0.011477556079626083,
      0.0,
      0.07367733120918274,
      0.0052889008074998856,
      0.00316564179956913,
      0.0,
      0.2686273753643036,
      0.2909763753414154,
      0.0,
      0.044119056314229965,
      0.0,
      0.3414653241634369,
      0.5914678573608398,
      0.0,
      0.2013758271932602,
      0.07248713076114655,
      0.0,
      0.0,
      0.0,
      0.04133261740207672,
      0.0,
      0.0895678773522377,
      0.0003723161353264004,
      0.08836833387613297,
      0.036145783960819244,
      0.0409802608191967,
      0.21702398359775543,
      0.3430163860321045
    ],
    "channel_activity": [
      49,
      13,
      15,
      0,
      0,
      1,
      0,
      0,
      0,
      1,
      0,
      1,
      1,
      1,
      0,
      0,
      0,
      0,
      20,
      29,
      12,
      12
    ],
    "top_active_channels": [
      [
        0,
        49
      ],
      [
        19,
        29
      ],
      [
        18,
        20
      ],
      [
        2,
        15
      ],
      [
        1,
        13
      ]
    ],
    "total_board_activity": 155
  },
  "go_pattern_analysis": {
    "move_type": "corner",
    "game_phase": "opening",
    "turn_number": 1,
    "policy_entropy": 5.643856189774725,
    "policy_confidence": 0.02,
    "top_policy_moves": [
      {
        "coord": "PASS",
        "percentage": 2.0,
        "count": 1
      },
      {
        "coord": "(1,5)",
        "percentage": 2.0,
        "count": 1
      },
      {
        "coord": "(3,1)",
        "percentage": 2.0,
        "count": 1
      },
      {
        "coord": "(3,0)",
        "percentage": 2.0,
        "count": 1
      },
      {
        "coord": "(2,6)",
        "percentage": 2.0,
        "count": 1
      }
    ],
    "total_policy_counts": 50
  },
  "component_comparison": {
    "uniqueness_score": 0.16927118599414825,
    "similar_positions": [
      1536,
      6524,
      623,
      6523,
      1729
    ],
    "component_rank": 12,
    "max_other_component_activation": 0.5914678573608398,
    "activation_percentile": 99.81826442526125
  }
}