{
  "position_info": {
    "part": 4,
    "rank": 18,
    "global_position": 1135,
    "move_coordinate": "PASS",
    "turn_number": 1,
    "npz_file": "1D638D50844BD930.npz",
    "board_tensor_file": "pos_1135/board.npy",
    "sgf_file": "pos_1135/game.sgf"
  },
  "nmf_analysis": {
    "activation_strength": 0.04522470012307167,
    "rank_in_component": 18,
    "activation_in_other_components": [
      0.11192972213029861,
      0.0,
      0.0,
      0.03813153877854347,
      0.04522470012307167,
      0.025091946125030518,
      0.0,
      0.0,
      0.025725362822413445,
      0.06853318959474564,
      0.0026421048678457737,
      0.02076208032667637,
      0.05789715424180031,
      0.0,
      0.01938212476670742,
      0.0,
      0.0079329339787364,
      0.0,
      0.01904376782476902,
      0.0,
      0.025109633803367615,
      0.07481154799461365,
      0.019046802073717117,
      0.0006818230613134801,
      0.11341917514801025,
      0.003911151085048914,
      0.0034689311869442463,
      0.0,
      0.2412833720445633,
      0.2774203419685364,
      0.0,
      0.046370718628168106,
      0.0035658511333167553,
      0.3939896523952484,
      0.5787622332572937,
      0.0,
      0.11051496118307114,
      0.0021747425198554993,
      0.0,
      0.0,
      0.0,
      0.12090381234884262,
      0.022873908281326294,
      0.09652075916528702,
      0.0,
      0.07730038464069366,
      0.0,
      0.13124138116836548,
      0.17674720287322998,
      0.4084496796131134
    ],
    "channel_activity": [
      49,
      11,
      19,
      0,
      0,
      0,
      0,
      0,
      0,
      1,
      0,
      1,
      0,
      1,
      0,
      0,
      0,
      0,
      20,
      29,
      0,
      0
    ],
    "top_active_channels": [
      [
        0,
        49
      ],
      [
        19,
        29
      ],
      [
        18,
        20
      ],
      [
        2,
        19
      ],
      [
        1,
        11
      ]
    ],
    "total_board_activity": 131
  },
  "go_pattern_analysis": {
    "move_type": "pass",
    "game_phase": "opening",
    "turn_number": 1,
    "policy_entropy": 1.7506112460070908,
    "policy_confidence": 0.6721461187214612,
    "top_policy_moves": [
      {
        "coord": "PASS",
        "percentage": 67.2,
        "count": 736
      },
      {
        "coord": "(0,0)",
        "percentage": 16.2,
        "count": 177
      },
      {
        "coord": "(1,6)",
        "percentage": 3.8,
        "count": 42
      },
      {
        "coord": "(1,3)",
        "percentage": 2.7,
        "count": 30
      },
      {
        "coord": "(0,6)",
        "percentage": 2.3,
        "count": 25
      }
    ],
    "total_policy_counts": 1095
  },
  "component_comparison": {
    "uniqueness_score": 0.07247699797153473,
    "similar_positions": [
      1704,
      1703,
      1705,
      426,
      1706
    ],
    "component_rank": 18,
    "max_other_component_activation": 0.5787622332572937,
    "activation_percentile": 99.72739663789186
  }
}