{
  "position_info": {
    "part": 23,
    "rank": 12,
    "global_position": 23,
    "move_coordinate": "D3",
    "turn_number": 6,
    "npz_file": "1906C337F5CDAFA9.npz",
    "board_tensor_file": "pos_23/board.npy",
    "sgf_file": "pos_23/game.sgf"
  },
  "nmf_analysis": {
    "activation_strength": 0.4857138991355896,
    "rank_in_part": 12,
    "activation_in_other_parts": [
      592.1146240234375,
      407.2586669921875,
      9.168030738830566,
      83.65473937988281,
      26.490930557250977,
      31.801862716674805,
      0.0,
      0.14436882734298706,
      0.0,
      0.0,
      0.0,
      0.0,
      0.0,
      0.0,
      24.855430603027344,
      0.05499323830008507,
      0.0,
      0.12331396341323853,
      0.0,
      0.32975420355796814,
      0.0,
      0.1822054088115692,
      0.19721505045890808,
      0.4857138991355896,
      0.0
    ],
    "channel_activity": [
      49,
      5,
      5,
      0,
      1,
      3,
      0,
      0,
      0,
      1,
      1,
      1,
      1,
      1,
      1,
      0,
      0,
      0,
      0,
      0,
      0,
      0
    ],
    "top_active_channels": [
      [
        0,
        49
      ],
      [
        1,
        5
      ],
      [
        2,
        5
      ],
      [
        5,
        3
      ],
      [
        4,
        1
      ]
    ],
    "total_board_activity": 69
  },
  "go_pattern_analysis": {
    "move_type": "side",
    "game_phase": "opening",
    "turn_number": 6,
    "policy_entropy": -0.0,
    "policy_confidence": 1.0,
    "top_policy_moves": [
      {
        "coord": "(2,3)",
        "percentage": 100.0,
        "count": 525
      }
    ],
    "total_policy_counts": 525
  },
  "part_comparison": {
    "uniqueness_score": 0.0008196315029636025,
    "similar_positions": [
      4033,
      2723,
      6194,
      3399,
      4973
    ],
    "part_rank": 12,
    "max_other_part_activation": 592.1146240234375,
    "activation_percentile": 99.81826442526125
  }
}