{
  "position_info": {
    "part": 48,
    "rank": 10,
    "global_position": 415,
    "move_coordinate": "F5",
    "turn_number": 1,
    "npz_file": "1906C337F5CDAFA9.npz",
    "board_tensor_file": "pos_415/board.npy",
    "sgf_file": "pos_415/game.sgf"
  },
  "nmf_analysis": {
    "activation_strength": 0.5857851505279541,
    "rank_in_part": 10,
    "activation_in_other_parts": [
      0.22453761100769043,
      0.0,
      0.0,
      0.027127396315336227,
      0.018623365089297295,
      0.04107295349240303,
      0.057853132486343384,
      0.0,
      0.08383450657129288,
      0.08546821773052216,
      0.10219047963619232,
      0.0686827227473259,
      0.04438043758273125,
      0.0021868112962692976,
      0.040840696543455124,
      0.0957077220082283,
      0.02595038339495659,
      0.00043739573447965086,
      0.03627767041325569,
      0.007209055125713348,
      0.05299684777855873,
      0.054365046322345734,
      0.04940057545900345,
      0.05502333492040634,
      0.08076097816228867,
      0.0122972521930933,
      0.0175231471657753,
      0.009748738259077072,
      0.10453042387962341,
      0.05718883499503136,
      0.007333449088037014,
      0.49941393733024597,
      0.21345186233520508,
      0.012675127014517784,
      0.023608118295669556,
      0.0,
      0.05278230458498001,
      0.0,
      0.3044885993003845,
      0.019238345324993134,
      0.14544104039669037,
      0.1082315519452095,
      0.08376004546880722,
      0.07016729563474655,
      0.006322506349533796,
      0.0,
      0.002406264189630747,
      0.0,
      0.5857851505279541,
      0.08937308192253113
    ],
    "channel_activity": [
      49,
      2,
      3,
      0,
      1,
      2,
      0,
      0,
      0,
      1,
      1,
      1,
      1,
      1,
      0,
      0,
      0,
      0,
      2,
      3,
      0,
      0
    ],
    "top_active_channels": [
      [
        0,
        49
      ],
      [
        2,
        3
      ],
      [
        19,
        3
      ],
      [
        1,
        2
      ],
      [
        5,
        2
      ]
    ],
    "total_board_activity": 67
  },
  "go_pattern_analysis": {
    "move_type": "corner",
    "game_phase": "opening",
    "turn_number": 1,
    "policy_entropy": -0.0,
    "policy_confidence": 1.0,
    "top_policy_moves": [
      {
        "coord": "(4,5)",
        "percentage": 100.0,
        "count": 249
      }
    ],
    "total_policy_counts": 249
  },
  "part_comparison": {
    "uniqueness_score": 0.5397951006889343,
    "similar_positions": [
      1564,
      1569,
      6497,
      1350,
      4809
    ],
    "part_rank": 10,
    "max_other_part_activation": 0.49941393733024597,
    "activation_percentile": 99.8485536877177
  }
}