{
  "position_info": {
    "part": 12,
    "rank": 20,
    "global_position": 5127,
    "move_coordinate": "E3",
    "turn_number": 5,
    "npz_file": "B330F9C802154800.npz",
    "board_tensor_file": "pos_5127/board.npy",
    "sgf_file": "pos_5127/game.sgf"
  },
  "nmf_analysis": {
    "activation_strength": 0.07387018203735352,
    "rank_in_part": 20,
    "activation_in_other_parts": [
      0.0,
      0.011665052734315395,
      0.0,
      0.0,
      0.0,
      0.002794694621115923,
      0.1793307065963745,
      0.0030591702088713646,
      0.048029545694589615,
      0.09480654448270798,
      0.07711291313171387,
      0.040523890405893326,
      0.07387018203735352,
      0.0,
      0.011824955232441425,
      0.05653961002826691,
      0.0002859483065549284,
      0.00021162845951039344,
      0.0,
      0.0,
      0.017637478187680244,
      0.0709381103515625,
      0.02031913958489895,
      0.01877070590853691,
      0.12444130331277847,
      0.0,
      0.010687533766031265,
      0.0,
      0.0,
      0.0031045633368194103,
      0.06740912795066833,
      0.2112145870923996,
      0.10495620965957642,
      0.0,
      0.0,
      0.07407046854496002,
      0.0,
      0.0,
      0.6289003491401672,
      0.0,
      0.10301031917333603,
      0.0,
      0.0,
      0.04808211699128151,
      0.1280968189239502,
      0.1853693425655365,
      0.0,
      0.06873947381973267,
      0.1934715360403061,
      0.47758740186691284
    ],
    "channel_activity": [
      49,
      2,
      2,
      0,
      2,
      2,
      0,
      0,
      0,
      1,
      1,
      1,
      1,
      0,
      0,
      0,
      0,
      0,
      2,
      2,
      0,
      0
    ],
    "top_active_channels": [
      [
        0,
        49
      ],
      [
        1,
        2
      ],
      [
        2,
        2
      ],
      [
        4,
        2
      ],
      [
        5,
        2
      ]
    ],
    "total_board_activity": 65
  },
  "go_pattern_analysis": {
    "move_type": "corner",
    "game_phase": "opening",
    "turn_number": 5,
    "policy_entropy": -0.0,
    "policy_confidence": 1.0,
    "top_policy_moves": [
      {
        "coord": "(2,4)",
        "percentage": 100.0,
        "count": 546
      }
    ],
    "total_policy_counts": 546
  },
  "part_comparison": {
    "uniqueness_score": 0.10511280596256256,
    "similar_positions": [
      3178,
      1081,
      2963,
      480,
      4798
    ],
    "part_rank": 20,
    "max_other_part_activation": 0.6289003491401672,
    "activation_percentile": 99.69710737543541
  }
}