{
  "position_info": {
    "part": 1,
    "rank": 10,
    "global_position": 2794,
    "move_coordinate": "E3",
    "turn_number": 41,
    "npz_file": "76F9EC3EB6A76AA0.npz",
    "board_tensor_file": "pos_2794/board.npy",
    "sgf_file": "pos_2794/game.sgf"
  },
  "nmf_analysis": {
    "activation_strength": 952.4664306640625,
    "rank_in_part": 10,
    "activation_in_other_parts": [
      554.3770141601562,
      952.4664306640625,
      42.94979476928711,
      105.49748992919922,
      0.0,
      0.611853837966919,
      0.0,
      0.0,
      0.017894163727760315,
      0.07696168124675751,
      0.0,
      0.18441630899906158,
      0.0,
      0.14766129851341248,
      0.0,
      0.0,
      0.0,
      0.0,
      0.0,
      0.23503273725509644,
      0.0,
      0.0,
      0.0,
      0.0,
      0.0
    ],
    "channel_activity": [
      49,
      1,
      1,
      0,
      0,
      2,
      0,
      0,
      0,
      1,
      1,
      0,
      0,
      0,
      0,
      0,
      0,
      0,
      0,
      0,
      0,
      0
    ],
    "top_active_channels": [
      [
        0,
        49
      ],
      [
        5,
        2
      ],
      [
        1,
        1
      ],
      [
        2,
        1
      ],
      [
        9,
        1
      ]
    ],
    "total_board_activity": 55
  },
  "go_pattern_analysis": {
    "move_type": "corner",
    "game_phase": "middle_game",
    "turn_number": 41,
    "policy_entropy": -0.0,
    "policy_confidence": 1.0,
    "top_policy_moves": [
      {
        "coord": "(2,4)",
        "percentage": 100.0,
        "count": 158
      }
    ],
    "total_policy_counts": 158
  },
  "part_comparison": {
    "uniqueness_score": 0.6320937871932983,
    "similar_positions": [
      3841,
      1424,
      5462,
      5625,
      5626
    ],
    "part_rank": 10,
    "max_other_part_activation": 554.3770141601562,
    "activation_percentile": 99.8485536877177
  }
}