{
  "position_info": {
    "part": 23,
    "rank": 10,
    "global_position": 2425,
    "move_coordinate": "C1",
    "turn_number": 20,
    "npz_file": "76F9EC3EB6A76AA0.npz",
    "board_tensor_file": "pos_2425/board.npy",
    "sgf_file": "pos_2425/game.sgf"
  },
  "nmf_analysis": {
    "activation_strength": 0.3912026286125183,
    "rank_in_part": 10,
    "activation_in_other_parts": [
      0.3168346881866455,
      0.19057655334472656,
      0.26214107871055603,
      0.0,
      0.09602037072181702,
      0.15661221742630005,
      0.014562053605914116,
      0.19304409623146057,
      0.12610909342765808,
      0.08127398788928986,
      0.1202353984117508,
      0.0,
      0.07882535457611084,
      0.07829415053129196,
      0.16631177067756653,
      0.30778515338897705,
      0.10270372033119202,
      0.08253820985555649,
      0.0074385651387274265,
      0.14726676046848297,
      0.13358242809772491,
      0.13604335486888885,
      0.103580541908741,
      0.3912026286125183,
      0.17911994457244873
    ],
    "channel_activity": [
      49,
      7,
      8,
      0,
      0,
      1,
      0,
      0,
      0,
      1,
      1,
      1,
      1,
      1,
      0,
      1,
      0,
      0,
      0,
      0,
      0,
      0
    ],
    "top_active_channels": [
      [
        0,
        49
      ],
      [
        2,
        8
      ],
      [
        1,
        7
      ],
      [
        5,
        1
      ],
      [
        9,
        1
      ]
    ],
    "total_board_activity": 71
  },
  "go_pattern_analysis": {
    "move_type": "corner",
    "game_phase": "opening",
    "turn_number": 20,
    "policy_entropy": -0.0,
    "policy_confidence": 1.0,
    "top_policy_moves": [
      {
        "coord": "(0,2)",
        "percentage": 100.0,
        "count": 382
      }
    ],
    "total_policy_counts": 382
  },
  "part_comparison": {
    "uniqueness_score": 0.5525169372558594,
    "similar_positions": [
      2718,
      6240,
      5833,
      5834,
      2473
    ],
    "part_rank": 10,
    "max_other_part_activation": 0.3168346881866455,
    "activation_percentile": 99.8485536877177
  }
}