{
  "position_info": {
    "part": 10,
    "rank": 13,
    "global_position": 2425,
    "move_coordinate": "C1",
    "turn_number": 20,
    "npz_file": "76F9EC3EB6A76AA0.npz",
    "board_tensor_file": "pos_2425/board.npy",
    "sgf_file": "pos_2425/game.sgf"
  },
  "nmf_analysis": {
    "activation_strength": 0.8835060596466064,
    "rank_in_part": 13,
    "activation_in_other_parts": [
      0.0,
      362.7022399902344,
      395.717529296875,
      161.50550842285156,
      0.0,
      0.24348296225070953,
      0.4543486535549164,
      0.12937141954898834,
      0.0,
      0.0,
      0.8835060596466064,
      0.0,
      0.2672424912452698,
      0.1925538033246994,
      0.0,
      0.0,
      0.0,
      0.6319313049316406,
      0.0,
      0.06236620247364044,
      0.17825205624103546,
      0.0,
      0.6940948367118835,
      0.1892937570810318,
      0.03705838695168495
    ],
    "channel_activity": [
      49,
      7,
      8,
      0,
      0,
      1,
      0,
      0,
      0,
      1,
      1,
      1,
      1,
      1,
      0,
      1,
      0,
      0,
      0,
      0,
      0,
      0
    ],
    "top_active_channels": [
      [
        0,
        49
      ],
      [
        2,
        8
      ],
      [
        1,
        7
      ],
      [
        5,
        1
      ],
      [
        9,
        1
      ]
    ],
    "total_board_activity": 71
  },
  "go_pattern_analysis": {
    "move_type": "corner",
    "game_phase": "opening",
    "turn_number": 20,
    "policy_entropy": -0.0,
    "policy_confidence": 1.0,
    "top_policy_moves": [
      {
        "coord": "(0,2)",
        "percentage": 100.0,
        "count": 382
      }
    ],
    "total_policy_counts": 382
  },
  "part_comparison": {
    "uniqueness_score": 0.0022276947274804115,
    "similar_positions": [
      4604,
      5867,
      2170,
      4183,
      4084
    ],
    "part_rank": 13,
    "max_other_part_activation": 395.717529296875,
    "activation_percentile": 99.80311979403301
  }
}