{
  "position_info": {
    "part": 17,
    "rank": 19,
    "global_position": 1113,
    "move_coordinate": "A1",
    "turn_number": 1,
    "npz_file": "1D638D50844BD930.npz",
    "board_tensor_file": "pos_1113/board.npy",
    "sgf_file": "pos_1113/game.sgf"
  },
  "nmf_analysis": {
    "activation_strength": 0.0014283607015386224,
    "rank_in_part": 19,
    "activation_in_other_parts": [
      0.0,
      0.15624962747097015,
      0.0,
      0.0,
      0.0,
      0.009763836860656738,
      0.026813700795173645,
      0.04051264375448227,
      0.0179307721555233,
      0.08671354502439499,
      0.0429898202419281,
      0.030944494530558586,
      0.04196075350046158,
      0.028164440765976906,
      0.0,
      0.021743401885032654,
      0.0,
      0.0014283607015386224,
      0.0,
      0.01333313062787056,
      0.0,
      0.033034030348062515,
      0.0023735607974231243,
      0.0023472756147384644,
      0.041045114398002625,
      0.0,
      0.00320149352774024,
      0.004814713262021542,
      0.29722756147384644,
      0.21940994262695312,
      0.07285261899232864,
      0.06679107248783112,
      0.06557796150445938,
      0.1519421637058258,
      0.26604893803596497,
      0.03867422416806221,
      0.2053918093442917,
      0.11671257764101028,
      0.0,
      0.13378679752349854,
      0.0,
      0.012513278052210808,
      0.0,
      0.13292177021503448,
      0.18557749688625336,
      0.2196309119462967,
      0.05177946388721466,
      0.15280599892139435,
      0.38412541151046753,
      0.2567453682422638
    ],
    "channel_activity": [
      49,
      8,
      10,
      0,
      1,
      3,
      0,
      0,
      0,
      1,
      0,
      1,
      1,
      1,
      0,
      0,
      0,
      0,
      0,
      0,
      0,
      0
    ],
    "top_active_channels": [
      [
        0,
        49
      ],
      [
        2,
        10
      ],
      [
        1,
        8
      ],
      [
        5,
        3
      ],
      [
        4,
        1
      ]
    ],
    "total_board_activity": 75
  },
  "go_pattern_analysis": {
    "move_type": "corner",
    "game_phase": "opening",
    "turn_number": 1,
    "policy_entropy": 5.643856189774725,
    "policy_confidence": 0.02,
    "top_policy_moves": [
      {
        "coord": "PASS",
        "percentage": 2.0,
        "count": 1
      },
      {
        "coord": "(1,5)",
        "percentage": 2.0,
        "count": 1
      },
      {
        "coord": "(3,1)",
        "percentage": 2.0,
        "count": 1
      },
      {
        "coord": "(3,0)",
        "percentage": 2.0,
        "count": 1
      },
      {
        "coord": "(2,6)",
        "percentage": 2.0,
        "count": 1
      }
    ],
    "total_policy_counts": 50
  },
  "part_comparison": {
    "uniqueness_score": 0.0037046989891678095,
    "similar_positions": [
      536,
      1054,
      262,
      6120,
      6121
    ],
    "part_rank": 19,
    "max_other_part_activation": 0.38412541151046753,
    "activation_percentile": 99.71225200666363
  }
}