{
  "position_info": {
    "part": 4,
    "rank": 17,
    "global_position": 3992,
    "move_coordinate": "D3",
    "turn_number": 3,
    "npz_file": "AAE4EE8DC9A92FFF.npz",
    "board_tensor_file": "pos_3992/board.npy",
    "sgf_file": "pos_3992/game.sgf"
  },
  "nmf_analysis": {
    "activation_strength": 0.8214582800865173,
    "rank_in_part": 17,
    "activation_in_other_parts": [
      0.454764723777771,
      0.37536075711250305,
      0.0,
      0.04933782294392586,
      0.8214582800865173,
      0.015260099433362484,
      0.0,
      0.0,
      0.033063411712646484,
      0.28056609630584717,
      0.02144380286335945,
      0.005704252980649471,
      0.0026229608338326216,
      0.0,
      0.0,
      0.0,
      0.5007474422454834,
      0.0,
      0.006253999657928944,
      0.0,
      0.0,
      0.014107832685112953,
      0.06005343422293663,
      0.0,
      0.13115978240966797
    ],
    "channel_activity": [
      49,
      0,
      1,
      0,
      0,
      0,
      0,
      0,
      0,
      1,
      0,
      0,
      0,
      0,
      0,
      0,
      0,
      0,
      0,
      49,
      0,
      0
    ],
    "top_active_channels": [
      [
        0,
        49
      ],
      [
        19,
        49
      ],
      [
        2,
        1
      ],
      [
        9,
        1
      ],
      [
        1,
        0
      ]
    ],
    "total_board_activity": 100
  },
  "go_pattern_analysis": {
    "move_type": "side",
    "game_phase": "opening",
    "turn_number": 3,
    "policy_entropy": 1.9409875082615389,
    "policy_confidence": 0.37748344370860926,
    "top_policy_moves": [
      {
        "coord": "(2,3)",
        "percentage": 37.7,
        "count": 57
      },
      {
        "coord": "(4,3)",
        "percentage": 22.5,
        "count": 34
      },
      {
        "coord": "(4,4)",
        "percentage": 20.5,
        "count": 31
      },
      {
        "coord": "(2,4)",
        "percentage": 19.2,
        "count": 29
      }
    ],
    "total_policy_counts": 151
  },
  "part_comparison": {
    "uniqueness_score": 0.621278703212738,
    "similar_positions": [
      6366,
      4410,
      2582,
      1821,
      4993
    ],
    "part_rank": 17,
    "max_other_part_activation": 0.5007474422454834,
    "activation_percentile": 99.7425412691201
  }
}