{
  "position_info": {
    "part": 1,
    "rank": 5,
    "global_position": 1823,
    "move_coordinate": "D6",
    "turn_number": 1,
    "npz_file": "1D638D50844BD930.npz",
    "board_tensor_file": "pos_1823/board.npy",
    "sgf_file": "pos_1823/game.sgf"
  },
  "nmf_analysis": {
    "activation_strength": 0.5323297381401062,
    "rank_in_part": 5,
    "activation_in_other_parts": [
      0.12123648822307587,
      0.5323297381401062,
      0.0,
      0.027463531121611595,
      0.26112329959869385,
      0.060917872935533524,
      0.1255100965499878,
      0.017879612743854523,
      0.19011732935905457,
      0.17636902630329132,
      0.04868970438838005,
      0.0,
      0.03414059430360794,
      0.012112013064324856,
      0.084355428814888,
      0.22748418152332306,
      0.34580737352371216,
      0.0,
      0.03176886588335037,
      0.07846308499574661,
      0.06045898050069809,
      0.022548191249370575,
      0.03672425076365471,
      0.18211890757083893,
      0.4183039367198944
    ],
    "channel_activity": [
      49,
      3,
      4,
      0,
      0,
      1,
      0,
      0,
      0,
      1,
      1,
      1,
      1,
      1,
      0,
      0,
      0,
      0,
      0,
      0,
      0,
      0
    ],
    "top_active_channels": [
      [
        0,
        49
      ],
      [
        2,
        4
      ],
      [
        1,
        3
      ],
      [
        5,
        1
      ],
      [
        9,
        1
      ]
    ],
    "total_board_activity": 62
  },
  "go_pattern_analysis": {
    "move_type": "side",
    "game_phase": "opening",
    "turn_number": 1,
    "policy_entropy": 1.5650238207743432,
    "policy_confidence": 0.5898617511520737,
    "top_policy_moves": [
      {
        "coord": "(5,3)",
        "percentage": 59.0,
        "count": 128
      },
      {
        "coord": "(1,4)",
        "percentage": 18.4,
        "count": 40
      },
      {
        "coord": "(1,3)",
        "percentage": 17.1,
        "count": 37
      },
      {
        "coord": "(1,2)",
        "percentage": 5.5,
        "count": 12
      }
    ],
    "total_policy_counts": 217
  },
  "part_comparison": {
    "uniqueness_score": 0.5599735975265503,
    "similar_positions": [
      88,
      6367,
      1822,
      2979,
      2984
    ],
    "part_rank": 5,
    "max_other_part_activation": 0.4183039367198944,
    "activation_percentile": 99.92427684385885
  }
}