{
  "position_info": {
    "part": 17,
    "rank": 20,
    "global_position": 1206,
    "move_coordinate": "F7",
    "turn_number": 10,
    "npz_file": "1D638D50844BD930.npz",
    "board_tensor_file": "pos_1206/board.npy",
    "sgf_file": "pos_1206/game.sgf"
  },
  "nmf_analysis": {
    "activation_strength": 0.9213575720787048,
    "rank_in_part": 20,
    "activation_in_other_parts": [
      1188.486328125,
      0.0,
      456.7840881347656,
      89.06531524658203,
      111.902587890625,
      0.3203619420528412,
      0.6474871039390564,
      0.0,
      0.0,
      0.0,
      0.0,
      0.0,
      0.0,
      0.0,
      0.0,
      0.0,
      0.0,
      0.9213575720787048,
      0.4554080367088318,
      0.0,
      0.0,
      0.0,
      0.07524894177913666,
      0.0,
      0.23189730942249298
    ],
    "channel_activity": [
      49,
      11,
      11,
      0,
      4,
      0,
      0,
      0,
      0,
      0,
      0,
      0,
      0,
      0,
      0,
      0,
      0,
      0,
      0,
      0,
      0,
      0
    ],
    "top_active_channels": [
      [
        0,
        49
      ],
      [
        1,
        11
      ],
      [
        2,
        11
      ],
      [
        4,
        4
      ],
      [
        3,
        0
      ]
    ],
    "total_board_activity": 75
  },
  "go_pattern_analysis": {
    "move_type": "corner",
    "game_phase": "opening",
    "turn_number": 10,
    "policy_entropy": 1.6442064930873488,
    "policy_confidence": 0.45081967213114754,
    "top_policy_moves": [
      {
        "coord": "(6,5)",
        "percentage": 45.1,
        "count": 55
      },
      {
        "coord": "(4,6)",
        "percentage": 32.0,
        "count": 39
      },
      {
        "coord": "(4,5)",
        "percentage": 20.5,
        "count": 25
      },
      {
        "coord": "(5,6)",
        "percentage": 2.5,
        "count": 3
      }
    ],
    "total_policy_counts": 122
  },
  "part_comparison": {
    "uniqueness_score": 0.0007746355840936303,
    "similar_positions": [
      6569,
      5335,
      5336,
      3768,
      6568
    ],
    "part_rank": 17,
    "max_other_part_activation": 1188.486328125,
    "activation_percentile": 99.7425412691201
  }
}