{
  "position_info": {
    "part": 9,
    "rank": 7,
    "global_position": 4938,
    "move_coordinate": "A2",
    "turn_number": 1,
    "npz_file": "B330F9C802154800.npz",
    "board_tensor_file": "pos_4938/board.npy",
    "sgf_file": "pos_4938/game.sgf"
  },
  "nmf_analysis": {
    "activation_strength": 0.9301539659500122,
    "rank_in_part": 7,
    "activation_in_other_parts": [
      888.874267578125,
      403.2342224121094,
      82.13514709472656,
      245.1343231201172,
      75.30764770507812,
      0.0,
      0.0,
      0.0,
      0.6205992102622986,
      0.9301539659500122,
      0.0,
      0.0,
      0.0,
      0.0,
      0.0,
      0.0,
      0.2919433116912842,
      0.0,
      0.0,
      0.013792634010314941,
      0.17632296681404114,
      0.0,
      0.3019275367259979,
      0.0,
      0.11698412895202637
    ],
    "channel_activity": [
      49,
      8,
      8,
      0,
      0,
      6,
      0,
      0,
      0,
      1,
      1,
      1,
      1,
      1,
      0,
      0,
      0,
      0,
      0,
      0,
      0,
      0
    ],
    "top_active_channels": [
      [
        0,
        49
      ],
      [
        1,
        8
      ],
      [
        2,
        8
      ],
      [
        5,
        6
      ],
      [
        9,
        1
      ]
    ],
    "total_board_activity": 76
  },
  "go_pattern_analysis": {
    "move_type": "corner",
    "game_phase": "opening",
    "turn_number": 1,
    "policy_entropy": 0.1717334708093139,
    "policy_confidence": 0.9800443458980045,
    "top_policy_moves": [
      {
        "coord": "(1,0)",
        "percentage": 98.0,
        "count": 442
      },
      {
        "coord": "(2,5)",
        "percentage": 0.9,
        "count": 4
      },
      {
        "coord": "(2,0)",
        "percentage": 0.7,
        "count": 3
      },
      {
        "coord": "(5,4)",
        "percentage": 0.4,
        "count": 2
      }
    ],
    "total_policy_counts": 451
  },
  "part_comparison": {
    "uniqueness_score": 0.0010453464929014444,
    "similar_positions": [
      421,
      145,
      3783,
      4943,
      3685
    ],
    "part_rank": 7,
    "max_other_part_activation": 888.874267578125,
    "activation_percentile": 99.89398758140238
  }
}