{
  "position_info": {
    "part": 16,
    "rank": 1,
    "global_position": 2058,
    "move_coordinate": "G6",
    "turn_number": 38,
    "npz_file": "565285905A9A0C14.npz",
    "board_tensor_file": "pos_2058/board.npy",
    "sgf_file": "pos_2058/game.sgf"
  },
  "nmf_analysis": {
    "activation_strength": 1.108394980430603,
    "rank_in_part": 1,
    "activation_in_other_parts": [
      784.1897583007812,
      129.85922241210938,
      248.8824462890625,
      222.4281463623047,
      117.54418182373047,
      0.0,
      0.04229956120252609,
      0.6225584149360657,
      0.4502437114715576,
      0.11933761090040207,
      0.0,
      0.7142146229743958,
      0.018998004496097565,
      0.2352537363767624,
      0.003443613648414612,
      0.6211867332458496,
      1.108394980430603,
      0.0,
      0.0,
      0.0,
      0.0,
      0.1148713082075119,
      0.0,
      0.5805649161338806,
      0.0
    ],
    "channel_activity": [
      49,
      13,
      14,
      5,
      9,
      8,
      0,
      0,
      0,
      1,
      1,
      1,
      1,
      1,
      1,
      2,
      2,
      1,
      13,
      14,
      0,
      0
    ],
    "top_active_channels": [
      [
        0,
        49
      ],
      [
        2,
        14
      ],
      [
        19,
        14
      ],
      [
        1,
        13
      ],
      [
        18,
        13
      ]
    ],
    "total_board_activity": 136
  },
  "go_pattern_analysis": {
    "move_type": "corner",
    "game_phase": "middle_game",
    "turn_number": 38,
    "policy_entropy": -0.0,
    "policy_confidence": 1.0,
    "top_policy_moves": [
      {
        "coord": "(5,6)",
        "percentage": 100.0,
        "count": 99
      }
    ],
    "total_policy_counts": 99
  },
  "part_comparison": {
    "uniqueness_score": 0.0014114320510998368,
    "similar_positions": [
      3672,
      5605,
      1988,
      3180,
      900
    ],
    "part_rank": 1,
    "max_other_part_activation": 784.1897583007812,
    "activation_percentile": 99.98485536877178
  }
}