{
  "position_info": {
    "part": 6,
    "rank": 3,
    "global_position": 2058,
    "move_coordinate": "G6",
    "turn_number": 38,
    "npz_file": "565285905A9A0C14.npz",
    "board_tensor_file": "pos_2058/board.npy",
    "sgf_file": "pos_2058/game.sgf"
  },
  "nmf_analysis": {
    "activation_strength": 0.9633399248123169,
    "rank_in_part": 3,
    "activation_in_other_parts": [
      3483.218017578125,
      0.0,
      0.0,
      46.214210510253906,
      65.97357177734375,
      31.42963218688965,
      0.9633399248123169,
      10.636614799499512,
      0.18636329472064972,
      0.11048651486635208,
      0.0,
      0.0,
      0.0,
      0.0,
      47.835121154785156,
      0.05203007534146309,
      0.09196968376636505,
      0.0,
      0.0,
      0.07808850705623627,
      0.19610464572906494,
      0.015814289450645447,
      0.0,
      0.011498566716909409,
      0.0
    ],
    "channel_activity": [
      49,
      13,
      14,
      5,
      9,
      8,
      0,
      0,
      0,
      1,
      1,
      1,
      1,
      1,
      1,
      2,
      2,
      1,
      13,
      14,
      0,
      0
    ],
    "top_active_channels": [
      [
        0,
        49
      ],
      [
        2,
        14
      ],
      [
        19,
        14
      ],
      [
        1,
        13
      ],
      [
        18,
        13
      ]
    ],
    "total_board_activity": 136
  },
  "go_pattern_analysis": {
    "move_type": "corner",
    "game_phase": "middle_game",
    "turn_number": 38,
    "policy_entropy": -0.0,
    "policy_confidence": 1.0,
    "top_policy_moves": [
      {
        "coord": "(5,6)",
        "percentage": 100.0,
        "count": 99
      }
    ],
    "total_policy_counts": 99
  },
  "part_comparison": {
    "uniqueness_score": 0.0002764895907603204,
    "similar_positions": [
      4952,
      4246,
      2499,
      2498,
      3180
    ],
    "part_rank": 3,
    "max_other_part_activation": 3483.218017578125,
    "activation_percentile": 99.95456610631531
  }
}