{
  "position_info": {
    "part": 44,
    "rank": 7,
    "global_position": 2058,
    "move_coordinate": "G6",
    "turn_number": 38,
    "npz_file": "565285905A9A0C14.npz",
    "board_tensor_file": "pos_2058/board.npy",
    "sgf_file": "pos_2058/game.sgf"
  },
  "nmf_analysis": {
    "activation_strength": 0.30358296632766724,
    "rank_in_part": 7,
    "activation_in_other_parts": [
      0.049280378967523575,
      0.00905001163482666,
      0.0,
      0.008056089282035828,
      0.011924468912184238,
      0.017614012584090233,
      0.17673692107200623,
      0.004486204124987125,
      0.037631187587976456,
      0.08800141513347626,
      0.05004914849996567,
      0.04859170317649841,
      0.05477764457464218,
      0.008346408605575562,
      0.0048570516519248486,
      0.03903232514858246,
      0.003830687142908573,
      0.00018527139036450535,
      0.006102577783167362,
      0.013388074934482574,
      0.014809591695666313,
      0.05555879324674606,
      0.012934084981679916,
      0.04303116723895073,
      0.1020381897687912,
      0.0028069859836250544,
      0.0028585486579686403,
      0.018116554245352745,
      0.03180485963821411,
      0.3913649916648865,
      0.13828153908252716,
      0.03723769634962082,
      0.29548656940460205,
      0.2532728612422943,
      0.08315859735012054,
      0.10262159258127213,
      0.1650010496377945,
      0.0,
      0.082977294921875,
      0.11728658527135849,
      0.0,
      0.3217114210128784,
      0.0,
      0.010575572028756142,
      0.30358296632766724,
      0.043501246720552444,
      0.0,
      0.3180885910987854,
      0.034873832017183304,
      0.3583432734012604
    ],
    "channel_activity": [
      49,
      13,
      14,
      5,
      9,
      8,
      0,
      0,
      0,
      1,
      1,
      1,
      1,
      1,
      1,
      2,
      2,
      1,
      13,
      14,
      0,
      0
    ],
    "top_active_channels": [
      [
        0,
        49
      ],
      [
        2,
        14
      ],
      [
        19,
        14
      ],
      [
        1,
        13
      ],
      [
        18,
        13
      ]
    ],
    "total_board_activity": 136
  },
  "go_pattern_analysis": {
    "move_type": "corner",
    "game_phase": "middle_game",
    "turn_number": 38,
    "policy_entropy": -0.0,
    "policy_confidence": 1.0,
    "top_policy_moves": [
      {
        "coord": "(5,6)",
        "percentage": 100.0,
        "count": 99
      }
    ],
    "total_policy_counts": 99
  },
  "part_comparison": {
    "uniqueness_score": 0.43684273958206177,
    "similar_positions": [
      286,
      4869,
      287,
      5778,
      3834
    ],
    "part_rank": 7,
    "max_other_part_activation": 0.3913649916648865,
    "activation_percentile": 99.89398758140238
  }
}