{
  "position_info": {
    "part": 5,
    "rank": 2,
    "global_position": 5446,
    "move_coordinate": "D5",
    "turn_number": 5,
    "npz_file": "BADFFB51627F24FD.npz",
    "board_tensor_file": "pos_5446/board.npy",
    "sgf_file": "pos_5446/game.sgf"
  },
  "nmf_analysis": {
    "activation_strength": 257.9459533691406,
    "rank_in_part": 2,
    "activation_in_other_parts": [
      0.0,
      11.243731498718262,
      10.401766777038574,
      3.0156497955322266,
      0.8105618953704834,
      257.9459533691406,
      0.0,
      4.465719699859619,
      0.0,
      0.0,
      50.50128173828125,
      0.0,
      0.0001310780644416809,
      0.0,
      0.0,
      0.0,
      0.0,
      0.0,
      0.0,
      0.0,
      0.0,
      0.0,
      0.0,
      0.017625506967306137,
      0.06997878104448318
    ],
    "channel_activity": [
      49,
      0,
      0,
      0,
      0,
      0,
      0,
      0,
      0,
      0,
      0,
      0,
      0,
      0,
      0,
      0,
      0,
      0,
      0,
      0,
      0,
      0
    ],
    "top_active_channels": [
      [
        0,
        49
      ],
      [
        1,
        0
      ],
      [
        2,
        0
      ],
      [
        3,
        0
      ],
      [
        4,
        0
      ]
    ],
    "total_board_activity": 49
  },
  "go_pattern_analysis": {
    "move_type": "side",
    "game_phase": "opening",
    "turn_number": 5,
    "policy_entropy": 1.8462346073348388,
    "policy_confidence": 0.4593103448275862,
    "top_policy_moves": [
      {
        "coord": "(4,3)",
        "percentage": 45.9,
        "count": 333
      },
      {
        "coord": "(3,4)",
        "percentage": 20.3,
        "count": 147
      },
      {
        "coord": "(3,2)",
        "percentage": 18.8,
        "count": 136
      },
      {
        "coord": "(2,3)",
        "percentage": 15.0,
        "count": 109
      }
    ],
    "total_policy_counts": 725
  },
  "part_comparison": {
    "uniqueness_score": 0.8362725377082825,
    "similar_positions": [
      3921,
      11,
      2529,
      2530,
      3789
    ],
    "part_rank": 2,
    "max_other_part_activation": 50.50128173828125,
    "activation_percentile": 99.96971073754354
  }
}