{
  "position_info": {
    "part": 24,
    "rank": 15,
    "global_position": 5739,
    "move_coordinate": "B2",
    "turn_number": 1,
    "npz_file": "E3CD9898B9AFF870.npz",
    "board_tensor_file": "pos_5739/board.npy",
    "sgf_file": "pos_5739/game.sgf"
  },
  "nmf_analysis": {
    "activation_strength": 0.634199857711792,
    "rank_in_part": 15,
    "activation_in_other_parts": [
      3434.4326171875,
      159.59762573242188,
      53.024837493896484,
      0.5895939469337463,
      9.244566917419434,
      16.14869499206543,
      0.0972791388630867,
      16.337020874023438,
      0.642011284828186,
      0.1118641197681427,
      50.42936706542969,
      0.007265947759151459,
      0.12843982875347137,
      0.030505768954753876,
      15.484046936035156,
      0.14522475004196167,
      0.0,
      0.032152481377124786,
      0.19849517941474915,
      0.0,
      0.35249024629592896,
      0.0,
      0.0,
      0.0,
      0.634199857711792
    ],
    "channel_activity": [
      49,
      8,
      8,
      1,
      5,
      1,
      0,
      0,
      0,
      1,
      0,
      0,
      0,
      0,
      1,
      1,
      1,
      0,
      10,
      27,
      8,
      7
    ],
    "top_active_channels": [
      [
        0,
        49
      ],
      [
        19,
        27
      ],
      [
        18,
        10
      ],
      [
        1,
        8
      ],
      [
        2,
        8
      ]
    ],
    "total_board_activity": 128
  },
  "go_pattern_analysis": {
    "move_type": "corner",
    "game_phase": "opening",
    "turn_number": 1,
    "policy_entropy": 0.8789788663966673,
    "policy_confidence": 0.8044943820224719,
    "top_policy_moves": [
      {
        "coord": "(1,1)",
        "percentage": 80.4,
        "count": 358
      },
      {
        "coord": "(1,2)",
        "percentage": 14.2,
        "count": 63
      },
      {
        "coord": "(5,0)",
        "percentage": 5.4,
        "count": 24
      }
    ],
    "total_policy_counts": 445
  },
  "part_comparison": {
    "uniqueness_score": 0.00018462518346495926,
    "similar_positions": [
      4796,
      4794,
      1953,
      1952,
      4893
    ],
    "part_rank": 15,
    "max_other_part_activation": 3434.4326171875,
    "activation_percentile": 99.77283053157655
  }
}