{
  "position_info": {
    "part": 2,
    "rank": 9,
    "global_position": 5972,
    "move_coordinate": "D7",
    "turn_number": 19,
    "npz_file": "E3CD9898B9AFF870.npz",
    "board_tensor_file": "pos_5972/board.npy",
    "sgf_file": "pos_5972/game.sgf"
  },
  "nmf_analysis": {
    "activation_strength": 511.39398193359375,
    "rank_in_part": 9,
    "activation_in_other_parts": [
      1141.316162109375,
      104.15576171875,
      511.39398193359375,
      73.64786529541016,
      26.69054412841797,
      0.08807533234357834,
      0.31986382603645325,
      1.129318118095398,
      0.0,
      0.0,
      0.0,
      0.11275322735309601,
      0.0,
      0.0,
      0.415010005235672,
      0.0,
      0.0,
      0.0,
      0.0,
      0.0,
      0.012284263968467712,
      0.0,
      0.0,
      0.0,
      0.1513301134109497
    ],
    "channel_activity": [
      49,
      11,
      11,
      0,
      6,
      0,
      0,
      0,
      0,
      0,
      1,
      1,
      1,
      1,
      0,
      0,
      1,
      0,
      11,
      11,
      0,
      0
    ],
    "top_active_channels": [
      [
        0,
        49
      ],
      [
        1,
        11
      ],
      [
        2,
        11
      ],
      [
        18,
        11
      ],
      [
        19,
        11
      ]
    ],
    "total_board_activity": 104
  },
  "go_pattern_analysis": {
    "move_type": "side",
    "game_phase": "opening",
    "turn_number": 19,
    "policy_entropy": 1.1775459898935368,
    "policy_confidence": 0.6377952755905512,
    "top_policy_moves": [
      {
        "coord": "(6,3)",
        "percentage": 63.8,
        "count": 81
      },
      {
        "coord": "(1,6)",
        "percentage": 31.5,
        "count": 40
      },
      {
        "coord": "(0,6)",
        "percentage": 3.9,
        "count": 5
      },
      {
        "coord": "(0,4)",
        "percentage": 0.8,
        "count": 1
      }
    ],
    "total_policy_counts": 127
  },
  "part_comparison": {
    "uniqueness_score": 0.30942749977111816,
    "similar_positions": [
      2567,
      4547,
      5101,
      571,
      1405
    ],
    "part_rank": 9,
    "max_other_part_activation": 1141.316162109375,
    "activation_percentile": 99.86369831894594
  }
}