{
  "position_info": {
    "part": 17,
    "rank": 3,
    "global_position": 260,
    "move_coordinate": "B4",
    "turn_number": 1,
    "npz_file": "1906C337F5CDAFA9.npz",
    "board_tensor_file": "pos_260/board.npy",
    "sgf_file": "pos_260/game.sgf"
  },
  "nmf_analysis": {
    "activation_strength": 1.0074079036712646,
    "rank_in_part": 3,
    "activation_in_other_parts": [
      132.4882049560547,
      455.4627990722656,
      392.5506591796875,
      77.18507385253906,
      56.90291976928711,
      0.0,
      0.3620844781398773,
      0.3949459195137024,
      0.15721175074577332,
      0.0,
      0.36762088537216187,
      0.0,
      0.0,
      0.0,
      0.510792076587677,
      0.0,
      0.3823675513267517,
      1.0074079036712646,
      0.22760458290576935,
      0.0,
      0.10683868080377579,
      0.0,
      0.0,
      0.0,
      0.039710305631160736
    ],
    "channel_activity": [
      49,
      6,
      6,
      0,
      1,
      1,
      0,
      0,
      0,
      1,
      1,
      1,
      1,
      1,
      1,
      0,
      1,
      1,
      6,
      6,
      0,
      0
    ],
    "top_active_channels": [
      [
        0,
        49
      ],
      [
        1,
        6
      ],
      [
        2,
        6
      ],
      [
        18,
        6
      ],
      [
        19,
        6
      ]
    ],
    "total_board_activity": 83
  },
  "go_pattern_analysis": {
    "move_type": "side",
    "game_phase": "opening",
    "turn_number": 1,
    "policy_entropy": 0.035414463293880996,
    "policy_confidence": 0.9962756052141527,
    "top_policy_moves": [
      {
        "coord": "(3,1)",
        "percentage": 99.6,
        "count": 535
      },
      {
        "coord": "(2,2)",
        "percentage": 0.4,
        "count": 2
      }
    ],
    "total_policy_counts": 537
  },
  "part_comparison": {
    "uniqueness_score": 0.002206952078267932,
    "similar_positions": [
      1944,
      1943,
      259,
      2940,
      2587
    ],
    "part_rank": 3,
    "max_other_part_activation": 455.4627990722656,
    "activation_percentile": 99.95456610631531
  }
}