{
  "position_info": {
    "part": 9,
    "rank": 20,
    "global_position": 3319,
    "move_coordinate": "D5",
    "turn_number": 5,
    "npz_file": "AAE4EE8DC9A92FFF.npz",
    "board_tensor_file": "pos_3319/board.npy",
    "sgf_file": "pos_3319/game.sgf"
  },
  "nmf_analysis": {
    "activation_strength": 0.510181725025177,
    "rank_in_part": 20,
    "activation_in_other_parts": [
      0.22923441231250763,
      0.15736939013004303,
      0.1764305830001831,
      0.12846334278583527,
      0.5492711663246155,
      0.0002683746861293912,
      0.17315703630447388,
      0.005351911764591932,
      0.0701780766248703,
      0.510181725025177,
      0.0,
      0.15438154339790344,
      0.0,
      0.0017784588271752,
      0.06491228193044662,
      0.06488586962223053,
      0.6710189580917358,
      0.0,
      0.032485734671354294,
      0.14781564474105835,
      0.0,
      0.02494458109140396,
      0.0,
      0.0,
      0.06987070292234421
    ],
    "channel_activity": [
      49,
      1,
      2,
      0,
      1,
      2,
      0,
      0,
      0,
      1,
      1,
      1,
      0,
      0,
      0,
      0,
      0,
      0,
      1,
      2,
      0,
      0
    ],
    "top_active_channels": [
      [
        0,
        49
      ],
      [
        2,
        2
      ],
      [
        5,
        2
      ],
      [
        19,
        2
      ],
      [
        1,
        1
      ]
    ],
    "total_board_activity": 61
  },
  "go_pattern_analysis": {
    "move_type": "side",
    "game_phase": "opening",
    "turn_number": 5,
    "policy_entropy": -0.0,
    "policy_confidence": 1.0,
    "top_policy_moves": [
      {
        "coord": "(4,3)",
        "percentage": 100.0,
        "count": 541
      }
    ],
    "total_policy_counts": 541
  },
  "part_comparison": {
    "uniqueness_score": 0.43191787600517273,
    "similar_positions": [
      988,
      1663,
      3429,
      1802,
      6427
    ],
    "part_rank": 20,
    "max_other_part_activation": 0.6710189580917358,
    "activation_percentile": 99.69710737543541
  }
}