{
  "position_info": {
    "part": 19,
    "rank": 13,
    "global_position": 1575,
    "move_coordinate": "E5",
    "turn_number": 4,
    "npz_file": "1D638D50844BD930.npz",
    "board_tensor_file": "pos_1575/board.npy",
    "sgf_file": "pos_1575/game.sgf"
  },
  "nmf_analysis": {
    "activation_strength": 1.173771858215332,
    "rank_in_part": 13,
    "activation_in_other_parts": [
      111.59190368652344,
      18.934864044189453,
      384.3543395996094,
      234.41041564941406,
      110.44750213623047,
      0.5655783414840698,
      0.29806089401245117,
      0.0,
      0.0,
      0.0,
      0.0,
      0.0,
      0.016355574131011963,
      0.3241038918495178,
      0.0,
      0.0,
      0.0,
      0.0,
      0.013660721480846405,
      1.173771858215332,
      0.0,
      0.0,
      0.12651437520980835,
      0.3759450912475586,
      0.4363399147987366
    ],
    "channel_activity": [
      49,
      10,
      11,
      0,
      0,
      0,
      0,
      0,
      0,
      0,
      0,
      0,
      0,
      0,
      0,
      0,
      0,
      0,
      20,
      29,
      10,
      11
    ],
    "top_active_channels": [
      [
        0,
        49
      ],
      [
        19,
        29
      ],
      [
        18,
        20
      ],
      [
        2,
        11
      ],
      [
        21,
        11
      ]
    ],
    "total_board_activity": 140
  },
  "go_pattern_analysis": {
    "move_type": "corner",
    "game_phase": "opening",
    "turn_number": 4,
    "policy_entropy": 0.5323356893101521,
    "policy_confidence": 0.8789625360230547,
    "top_policy_moves": [
      {
        "coord": "(4,4)",
        "percentage": 87.9,
        "count": 305
      },
      {
        "coord": "PASS",
        "percentage": 12.1,
        "count": 42
      }
    ],
    "total_policy_counts": 347
  },
  "part_comparison": {
    "uniqueness_score": 0.003044581739231944,
    "similar_positions": [
      3678,
      3842,
      2398,
      2399,
      2141
    ],
    "part_rank": 13,
    "max_other_part_activation": 384.3543395996094,
    "activation_percentile": 99.80311979403301
  }
}