{
  "position_info": {
    "part": 12,
    "rank": 3,
    "global_position": 2963,
    "move_coordinate": "C5",
    "turn_number": 4,
    "npz_file": "76F9EC3EB6A76AA0.npz",
    "board_tensor_file": "pos_2963/board.npy",
    "sgf_file": "pos_2963/game.sgf"
  },
  "nmf_analysis": {
    "activation_strength": 0.0763331949710846,
    "rank_in_component": 3,
    "activation_in_other_components": [
      0.20512953400611877,
      0.0,
      0.0,
      0.027672791853547096,
      0.021636975929141045,
      0.03985244035720825,
      0.13968507945537567,
      0.025958063080906868,
      0.019511213526129723,
      0.19425532221794128,
      0.029693836346268654,
      0.011846041306853294,
      0.0763331949710846,
      0.004829899407923222,
      0.006044256966561079,
      0.044513098895549774,
      0.005303394515067339,
      0.0,
      0.010729383677244186,
      0.033110082149505615,
      0.010880496352910995,
      0.11183802783489227,
      0.01042951550334692,
      0.01462398748844862,
      0.16810931265354156,
      0.0026907899882644415,
      0.00507818628102541,
      0.00532005587592721,
      0.044379349797964096,
      0.0,
      0.11276304721832275,
      0.5793353319168091,
      0.05478290840983391,
      0.017072025686502457,
      0.04282708838582039,
      0.0,
      0.0,
      0.0,
      0.42880263924598694,
      0.001589238760061562,
      0.05472579598426819,
      0.08310705423355103,
      0.08502183854579926,
      0.0,
      0.0,
      0.15308153629302979,
      0.0,
      0.0,
      0.3893769085407257,
      0.18253913521766663
    ],
    "channel_activity": [
      49,
      1,
      2,
      0,
      1,
      2,
      0,
      0,
      0,
      1,
      1,
      1,
      0,
      0,
      0,
      0,
      0,
      0,
      1,
      2,
      0,
      0
    ],
    "top_active_channels": [
      [
        0,
        49
      ],
      [
        2,
        2
      ],
      [
        5,
        2
      ],
      [
        19,
        2
      ],
      [
        1,
        1
      ]
    ],
    "total_board_activity": 61
  },
  "go_pattern_analysis": {
    "move_type": "corner",
    "game_phase": "opening",
    "turn_number": 4,
    "policy_entropy": 1.4499435991444964,
    "policy_confidence": 0.4915254237288136,
    "top_policy_moves": [
      {
        "coord": "(4,2)",
        "percentage": 49.2,
        "count": 116
      },
      {
        "coord": "(2,4)",
        "percentage": 38.6,
        "count": 91
      },
      {
        "coord": "(4,3)",
        "percentage": 11.4,
        "count": 27
      },
      {
        "coord": "(2,2)",
        "percentage": 0.8,
        "count": 2
      }
    ],
    "total_policy_counts": 236
  },
  "component_comparison": {
    "uniqueness_score": 0.11642041057348251,
    "similar_positions": [
      3178,
      1081,
      480,
      4798,
      3180
    ],
    "component_rank": 3,
    "max_other_component_activation": 0.5793353319168091,
    "activation_percentile": 99.95456610631531
  }
}