{
  "position_info": {
    "part": 14,
    "rank": 16,
    "global_position": 3607,
    "move_coordinate": "C4",
    "turn_number": 9,
    "npz_file": "AAE4EE8DC9A92FFF.npz",
    "board_tensor_file": "pos_3607/board.npy",
    "sgf_file": "pos_3607/game.sgf"
  },
  "nmf_analysis": {
    "activation_strength": 0.05892633646726608,
    "rank_in_part": 16,
    "activation_in_other_parts": [
      0.026614230126142502,
      0.029615025967359543,
      0.0,
      0.0,
      0.0,
      0.011622359976172447,
      0.0940910130739212,
      0.0,
      0.12145563215017319,
      0.0,
      0.13021594285964966,
      0.005522461142390966,
      0.0,
      0.0005879487143829465,
      0.05892633646726608,
      0.001989135518670082,
      0.009036168456077576,
      0.0006993570132181048,
      0.003587262937799096,
      0.0,
      0.06860332190990448,
      0.0,
      0.06499099731445312,
      0.08897389471530914,
      0.0,
      0.0024800689425319433,
      0.0201412420719862,
      0.0008305152878165245,
      0.28051167726516724,
      0.20934893190860748,
      0.0,
      0.7125563621520996,
      0.45678243041038513,
      0.014551644213497639,
      0.02595997229218483,
      0.0,
      0.0,
      0.0,
      0.3557407557964325,
      0.03870126232504845,
      0.0,
      0.03693334758281708,
      0.2417249232530594,
      0.0,
      0.0014690766111016273,
      0.0,
      0.0,
      0.0,
      0.3686442971229553,
      0.0
    ],
    "channel_activity": [
      49,
      1,
      2,
      0,
      1,
      2,
      0,
      0,
      0,
      1,
      1,
      1,
      0,
      0,
      0,
      0,
      0,
      0,
      1,
      2,
      0,
      0
    ],
    "top_active_channels": [
      [
        0,
        49
      ],
      [
        2,
        2
      ],
      [
        5,
        2
      ],
      [
        19,
        2
      ],
      [
        1,
        1
      ]
    ],
    "total_board_activity": 61
  },
  "go_pattern_analysis": {
    "move_type": "side",
    "game_phase": "opening",
    "turn_number": 9,
    "policy_entropy": 0.30422164369442756,
    "policy_confidence": 0.9616788321167883,
    "top_policy_moves": [
      {
        "coord": "(3,2)",
        "percentage": 96.2,
        "count": 527
      },
      {
        "coord": "(4,4)",
        "percentage": 2.0,
        "count": 11
      },
      {
        "coord": "(3,5)",
        "percentage": 0.7,
        "count": 4
      },
      {
        "coord": "(4,2)",
        "percentage": 0.7,
        "count": 4
      },
      {
        "coord": "(2,3)",
        "percentage": 0.2,
        "count": 1
      }
    ],
    "total_policy_counts": 548
  },
  "part_comparison": {
    "uniqueness_score": 0.07638063281774521,
    "similar_positions": [
      988,
      1663,
      2891,
      696,
      1941
    ],
    "part_rank": 16,
    "max_other_part_activation": 0.7125563621520996,
    "activation_percentile": 99.75768590034832
  }
}