{
  "position_info": {
    "part": 21,
    "rank": 1,
    "global_position": 773,
    "move_coordinate": "F3",
    "turn_number": 8,
    "npz_file": "1906C337F5CDAFA9.npz",
    "board_tensor_file": "pos_773/board.npy",
    "sgf_file": "pos_773/game.sgf"
  },
  "nmf_analysis": {
    "activation_strength": 1.595721960067749,
    "rank_in_part": 1,
    "activation_in_other_parts": [
      902.0191040039062,
      0.0,
      249.5235595703125,
      191.16481018066406,
      196.22573852539062,
      0.0,
      0.0,
      0.0,
      0.6333117485046387,
      0.0,
      0.0,
      0.4724104702472687,
      0.0,
      0.0,
      0.0,
      0.0,
      0.2036135345697403,
      0.2394510954618454,
      0.0,
      0.0,
      0.10737403482198715,
      1.595721960067749,
      0.0,
      0.0,
      0.0
    ],
    "channel_activity": [
      49,
      11,
      12,
      6,
      3,
      5,
      0,
      0,
      0,
      1,
      1,
      1,
      1,
      1,
      1,
      1,
      3,
      0,
      11,
      12,
      0,
      0
    ],
    "top_active_channels": [
      [
        0,
        49
      ],
      [
        2,
        12
      ],
      [
        19,
        12
      ],
      [
        1,
        11
      ],
      [
        18,
        11
      ]
    ],
    "total_board_activity": 119
  },
  "go_pattern_analysis": {
    "move_type": "corner",
    "game_phase": "opening",
    "turn_number": 8,
    "policy_entropy": 0.10842330398815425,
    "policy_confidence": 0.9875,
    "top_policy_moves": [
      {
        "coord": "(2,5)",
        "percentage": 98.8,
        "count": 237
      },
      {
        "coord": "(0,1)",
        "percentage": 0.8,
        "count": 2
      },
      {
        "coord": "(2,0)",
        "percentage": 0.4,
        "count": 1
      }
    ],
    "total_policy_counts": 240
  },
  "part_comparison": {
    "uniqueness_score": 0.0017659316072240472,
    "similar_positions": [
      774,
      1372,
      4796,
      772,
      1370
    ],
    "part_rank": 1,
    "max_other_part_activation": 902.0191040039062,
    "activation_percentile": 99.98485536877178
  }
}