{
  "position_info": {
    "part": 14,
    "rank": 16,
    "global_position": 4706,
    "move_coordinate": "G7",
    "turn_number": 1,
    "npz_file": "B330F9C802154800.npz",
    "board_tensor_file": "pos_4706/board.npy",
    "sgf_file": "pos_4706/game.sgf"
  },
  "nmf_analysis": {
    "activation_strength": 0.985058605670929,
    "rank_in_part": 16,
    "activation_in_other_parts": [
      3793.962890625,
      0.0,
      123.19071960449219,
      70.67124938964844,
      124.43732452392578,
      0.0,
      0.36258694529533386,
      0.0,
      0.0,
      0.34759682416915894,
      0.0,
      0.34300321340560913,
      0.0,
      0.0,
      0.985058605670929,
      0.2730003297328949,
      0.0015576034784317017,
      0.5096945762634277,
      0.0,
      0.3874574303627014,
      0.0,
      0.0,
      0.0,
      0.0,
      0.0
    ],
    "channel_activity": [
      49,
      10,
      11,
      0,
      0,
      2,
      0,
      0,
      0,
      1,
      1,
      1,
      1,
      1,
      0,
      0,
      0,
      0,
      0,
      0,
      0,
      0
    ],
    "top_active_channels": [
      [
        0,
        49
      ],
      [
        2,
        11
      ],
      [
        1,
        10
      ],
      [
        5,
        2
      ],
      [
        9,
        1
      ]
    ],
    "total_board_activity": 77
  },
  "go_pattern_analysis": {
    "move_type": "corner",
    "game_phase": "opening",
    "turn_number": 1,
    "policy_entropy": 0.6778128257081604,
    "policy_confidence": 0.8391608391608392,
    "top_policy_moves": [
      {
        "coord": "(6,6)",
        "percentage": 83.9,
        "count": 120
      },
      {
        "coord": "PASS",
        "percentage": 15.4,
        "count": 22
      },
      {
        "coord": "(3,6)",
        "percentage": 0.7,
        "count": 1
      }
    ],
    "total_policy_counts": 143
  },
  "part_comparison": {
    "uniqueness_score": 0.00025957103935070336,
    "similar_positions": [
      4041,
      4704,
      1824,
      45,
      1825
    ],
    "part_rank": 16,
    "max_other_part_activation": 3793.962890625,
    "activation_percentile": 99.75768590034832
  }
}