{
  "position_info": {
    "part": 41,
    "rank": 3,
    "global_position": 4387,
    "move_coordinate": "G2",
    "turn_number": 19,
    "npz_file": "B330F9C802154800.npz",
    "board_tensor_file": "pos_4387/board.npy",
    "sgf_file": "pos_4387/game.sgf"
  },
  "nmf_analysis": {
    "activation_strength": 0.570580244064331,
    "rank_in_component": 3,
    "activation_in_other_components": [
      0.13972222805023193,
      0.0784865990281105,
      0.0,
      0.016247663646936417,
      0.013010689057409763,
      0.04076002165675163,
      0.1102844700217247,
      0.029048027470707893,
      0.022002888843417168,
      0.014614776708185673,
      0.027469607070088387,
      0.07498156279325485,
      0.006899619475007057,
      0.025585271418094635,
      0.008564925752580166,
      0.12420254200696945,
      0.007346872240304947,
      0.0004293706442695111,
      0.008314628154039383,
      0.030435245484113693,
      0.01549118384718895,
      0.0055962782353162766,
      0.012144909240305424,
      0.028577901422977448,
      0.04053288698196411,
      0.0037078720051795244,
      0.0010060304775834084,
      0.00638194615021348,
      0.17793773114681244,
      0.04359139874577522,
      0.30047592520713806,
      0.014775220304727554,
      0.3205139935016632,
      0.10022023320198059,
      0.019003920257091522,
      0.0,
      0.1368686705827713,
      0.0,
      0.09034011512994766,
      0.14288140833377838,
      0.10949195176362991,
      0.570580244064331,
      0.0,
      0.0,
      0.17296168208122253,
      0.0,
      3.0618157325079665e-05,
      0.22510547935962677,
      0.0,
      0.4504738748073578
    ],
    "channel_activity": [
      49,
      11,
      11,
      0,
      4,
      1,
      0,
      0,
      0,
      1,
      1,
      1,
      1,
      1,
      1,
      1,
      3,
      2,
      11,
      11,
      0,
      0
    ],
    "top_active_channels": [
      [
        0,
        49
      ],
      [
        1,
        11
      ],
      [
        2,
        11
      ],
      [
        18,
        11
      ],
      [
        19,
        11
      ]
    ],
    "total_board_activity": 110
  },
  "go_pattern_analysis": {
    "move_type": "corner",
    "game_phase": "opening",
    "turn_number": 19,
    "policy_entropy": 2.722519318049584,
    "policy_confidence": 0.34470377019748655,
    "top_policy_moves": [
      {
        "coord": "(1,6)",
        "percentage": 34.5,
        "count": 192
      },
      {
        "coord": "(0,1)",
        "percentage": 21.5,
        "count": 120
      },
      {
        "coord": "(0,4)",
        "percentage": 12.2,
        "count": 68
      },
      {
        "coord": "(2,6)",
        "percentage": 10.1,
        "count": 56
      },
      {
        "coord": "(6,4)",
        "percentage": 7.5,
        "count": 42
      }
    ],
    "total_policy_counts": 557
  },
  "component_comparison": {
    "uniqueness_score": 0.5588148832321167,
    "similar_positions": [
      426,
      2498,
      2499,
      4388,
      3786
    ],
    "component_rank": 3,
    "max_other_component_activation": 0.4504738748073578,
    "activation_percentile": 99.95456610631531
  }
}