{
  "position_info": {
    "part": 18,
    "rank": 7,
    "global_position": 776,
    "move_coordinate": "A6",
    "turn_number": 19,
    "npz_file": "1906C337F5CDAFA9.npz",
    "board_tensor_file": "pos_776/board.npy",
    "sgf_file": "pos_776/game.sgf"
  },
  "nmf_analysis": {
    "activation_strength": 0.5710264444351196,
    "rank_in_part": 7,
    "activation_in_other_parts": [
      0.0,
      0.0,
      0.0,
      66.308837890625,
      45.479286193847656,
      0.0,
      0.45580369234085083,
      105.27792358398438,
      0.0,
      0.10859076678752899,
      0.0,
      0.0,
      0.0,
      0.0,
      14.973006248474121,
      0.0,
      0.0,
      0.15200874209403992,
      0.5710264444351196,
      0.0,
      0.0,
      0.508576512336731,
      0.0,
      0.0,
      0.19706091284751892
    ],
    "channel_activity": [
      49,
      25,
      13,
      0,
      0,
      0,
      0,
      0,
      0,
      0,
      1,
      0,
      1,
      0,
      0,
      0,
      0,
      0,
      29,
      20,
      0,
      0
    ],
    "top_active_channels": [
      [
        0,
        49
      ],
      [
        18,
        29
      ],
      [
        1,
        25
      ],
      [
        19,
        20
      ],
      [
        2,
        13
      ]
    ],
    "total_board_activity": 138
  },
  "go_pattern_analysis": {
    "move_type": "corner",
    "game_phase": "opening",
    "turn_number": 19,
    "policy_entropy": 1.5939643719787475,
    "policy_confidence": 0.4387755102040816,
    "top_policy_moves": [
      {
        "coord": "(5,0)",
        "percentage": 43.9,
        "count": 43
      },
      {
        "coord": "(6,1)",
        "percentage": 33.7,
        "count": 33
      },
      {
        "coord": "(5,2)",
        "percentage": 21.4,
        "count": 21
      },
      {
        "coord": "(6,2)",
        "percentage": 1.0,
        "count": 1
      }
    ],
    "total_policy_counts": 98
  },
  "part_comparison": {
    "uniqueness_score": 0.005394729319959879,
    "similar_positions": [
      6546,
      1939,
      122,
      5176,
      6545
    ],
    "part_rank": 7,
    "max_other_part_activation": 105.27792358398438,
    "activation_percentile": 99.89398758140238
  }
}