{
  "position_info": {
    "part": 3,
    "rank": 2,
    "global_position": 776,
    "move_coordinate": "A6",
    "turn_number": 19,
    "npz_file": "1906C337F5CDAFA9.npz",
    "board_tensor_file": "pos_776/board.npy",
    "sgf_file": "pos_776/game.sgf"
  },
  "nmf_analysis": {
    "activation_strength": 0.4977846145629883,
    "rank_in_part": 2,
    "activation_in_other_parts": [
      0.09495150297880173,
      0.12618786096572876,
      0.0,
      0.4977846145629883,
      0.0017920911777764559,
      0.269563764333725,
      0.1131288930773735,
      0.16876593232154846,
      0.11061317473649979,
      0.1055307611823082,
      0.4599250853061676,
      0.04497132822871208,
      0.0,
      0.39744412899017334,
      0.35744860768318176,
      0.02778484672307968,
      0.004535959102213383,
      0.1457318365573883,
      0.0,
      0.0,
      0.1242205873131752,
      0.21560721099376678,
      0.0,
      0.11486061662435532,
      0.0
    ],
    "channel_activity": [
      49,
      25,
      13,
      0,
      0,
      0,
      0,
      0,
      0,
      0,
      1,
      0,
      1,
      0,
      0,
      0,
      0,
      0,
      29,
      20,
      0,
      0
    ],
    "top_active_channels": [
      [
        0,
        49
      ],
      [
        18,
        29
      ],
      [
        1,
        25
      ],
      [
        19,
        20
      ],
      [
        2,
        13
      ]
    ],
    "total_board_activity": 138
  },
  "go_pattern_analysis": {
    "move_type": "corner",
    "game_phase": "opening",
    "turn_number": 19,
    "policy_entropy": 1.5939643719787475,
    "policy_confidence": 0.4387755102040816,
    "top_policy_moves": [
      {
        "coord": "(5,0)",
        "percentage": 43.9,
        "count": 43
      },
      {
        "coord": "(6,1)",
        "percentage": 33.7,
        "count": 33
      },
      {
        "coord": "(5,2)",
        "percentage": 21.4,
        "count": 21
      },
      {
        "coord": "(6,2)",
        "percentage": 1.0,
        "count": 1
      }
    ],
    "total_policy_counts": 98
  },
  "part_comparison": {
    "uniqueness_score": 0.5197656750679016,
    "similar_positions": [
      1384,
      1950,
      6214,
      64,
      4721
    ],
    "part_rank": 2,
    "max_other_part_activation": 0.4599250853061676,
    "activation_percentile": 99.96971073754354
  }
}