{
  "position_info": {
    "part": 6,
    "rank": 2,
    "global_position": 3862,
    "move_coordinate": "D1",
    "turn_number": 1,
    "npz_file": "AAE4EE8DC9A92FFF.npz",
    "board_tensor_file": "pos_3862/board.npy",
    "sgf_file": "pos_3862/game.sgf"
  },
  "nmf_analysis": {
    "activation_strength": 0.8726388216018677,
    "rank_in_part": 2,
    "activation_in_other_parts": [
      0.0,
      474.37408447265625,
      387.8492736816406,
      136.4762725830078,
      10.858647346496582,
      0.0,
      0.8726388216018677,
      0.0,
      0.0,
      0.0,
      0.39118894934654236,
      0.18595187366008759,
      0.0,
      0.388662725687027,
      0.0,
      0.0,
      0.0,
      0.0,
      0.0,
      0.0,
      0.0,
      0.07776455581188202,
      0.19331127405166626,
      0.0,
      0.0
    ],
    "channel_activity": [
      49,
      6,
      6,
      0,
      2,
      2,
      0,
      0,
      0,
      1,
      1,
      1,
      1,
      1,
      2,
      0,
      1,
      0,
      0,
      0,
      0,
      0
    ],
    "top_active_channels": [
      [
        0,
        49
      ],
      [
        1,
        6
      ],
      [
        2,
        6
      ],
      [
        4,
        2
      ],
      [
        5,
        2
      ]
    ],
    "total_board_activity": 73
  },
  "go_pattern_analysis": {
    "move_type": "side",
    "game_phase": "opening",
    "turn_number": 1,
    "policy_entropy": -0.0,
    "policy_confidence": 1.0,
    "top_policy_moves": [
      {
        "coord": "(0,3)",
        "percentage": 100.0,
        "count": 422
      }
    ],
    "total_policy_counts": 422
  },
  "part_comparison": {
    "uniqueness_score": 0.0018361805705353618,
    "similar_positions": [
      4150,
      5833,
      5834,
      4238,
      254
    ],
    "part_rank": 2,
    "max_other_part_activation": 474.37408447265625,
    "activation_percentile": 99.96971073754354
  }
}