{
  "position_info": {
    "part": 6,
    "rank": 4,
    "global_position": 3693,
    "move_coordinate": "A1",
    "turn_number": 1,
    "npz_file": "AAE4EE8DC9A92FFF.npz",
    "board_tensor_file": "pos_3693/board.npy",
    "sgf_file": "pos_3693/game.sgf"
  },
  "nmf_analysis": {
    "activation_strength": 0.42032378911972046,
    "rank_in_component": 4,
    "activation_in_other_components": [
      0.0,
      0.0,
      0.0,
      0.0018198324833065271,
      0.0056480891071259975,
      0.0,
      0.42032378911972046,
      0.0,
      0.041782476007938385,
      0.0,
      0.04971219226717949,
      0.01754307746887207,
      0.010942064225673676,
      0.0,
      0.014933980070054531,
      0.07861755043268204,
      0.0,
      0.0,
      0.0,
      0.0,
      0.018053749576210976,
      0.009141515009105206,
      0.015661299228668213,
      0.11277951300144196,
      0.06154791638255119,
      0.0,
      0.0017347389366477728,
      0.07268641889095306,
      0.21876296401023865,
      0.1786106675863266,
      0.1060979813337326,
      0.06781136244535446,
      0.020282037556171417,
      0.09062346071004868,
      0.15549315512180328,
      0.0,
      0.05291951447725296,
      0.1942627727985382,
      0.12469977140426636,
      0.033823590725660324,
      0.03001139685511589,
      0.09582481533288956,
      0.008920452557504177,
      0.0,
      0.23268841207027435,
      0.14135082066059113,
      0.06244046613574028,
      0.2235913723707199,
      0.2756468951702118,
      0.33179154992103577
    ],
    "channel_activity": [
      49,
      6,
      7,
      1,
      3,
      3,
      0,
      0,
      0,
      1,
      1,
      1,
      1,
      1,
      1,
      1,
      1,
      0,
      6,
      7,
      0,
      0
    ],
    "top_active_channels": [
      [
        0,
        49
      ],
      [
        2,
        7
      ],
      [
        19,
        7
      ],
      [
        1,
        6
      ],
      [
        18,
        6
      ]
    ],
    "total_board_activity": 90
  },
  "go_pattern_analysis": {
    "move_type": "corner",
    "game_phase": "opening",
    "turn_number": 1,
    "policy_entropy": 5.643856189774725,
    "policy_confidence": 0.02,
    "top_policy_moves": [
      {
        "coord": "PASS",
        "percentage": 2.0,
        "count": 1
      },
      {
        "coord": "(1,5)",
        "percentage": 2.0,
        "count": 1
      },
      {
        "coord": "(3,1)",
        "percentage": 2.0,
        "count": 1
      },
      {
        "coord": "(3,0)",
        "percentage": 2.0,
        "count": 1
      },
      {
        "coord": "(2,6)",
        "percentage": 2.0,
        "count": 1
      }
    ],
    "total_policy_counts": 50
  },
  "component_comparison": {
    "uniqueness_score": 0.5588554739952087,
    "similar_positions": [
      1927,
      5958,
      3374,
      3267,
      5518
    ],
    "component_rank": 4,
    "max_other_component_activation": 0.33179154992103577,
    "activation_percentile": 99.93942147508709
  }
}