{
  "position_info": {
    "part": 15,
    "rank": 13,
    "global_position": 1965,
    "move_coordinate": "C4",
    "turn_number": 1,
    "npz_file": "1D638D50844BD930.npz",
    "board_tensor_file": "pos_1965/board.npy",
    "sgf_file": "pos_1965/game.sgf"
  },
  "nmf_analysis": {
    "activation_strength": 0.18753857910633087,
    "rank_in_part": 13,
    "activation_in_other_parts": [
      0.0,
      0.033989787101745605,
      0.0,
      0.0,
      0.0,
      0.0,
      0.11725416779518127,
      0.01558265183120966,
      0.012035071849822998,
      0.10435141623020172,
      0.03200589865446091,
      0.09091252833604813,
      0.06335536390542984,
      0.0,
      0.0016968112904578447,
      0.18753857910633087,
      0.005140642169862986,
      0.00025687829474918544,
      0.002045220462605357,
      0.0,
      0.002909839153289795,
      0.06393933296203613,
      0.005429685115814209,
      0.0,
      0.10438749194145203,
      0.001570847351104021,
      0.005277038086205721,
      0.0,
      0.0,
      0.004946198780089617,
      0.034880250692367554,
      0.26478928327560425,
      0.023584244772791862,
      0.0,
      0.0,
      0.04793623834848404,
      0.0,
      0.0,
      0.8122849464416504,
      0.0,
      0.08574192970991135,
      0.0,
      0.09955108910799026,
      0.018372057005763054,
      0.0,
      0.24381870031356812,
      0.0,
      0.0,
      0.06569038331508636,
      0.4736317992210388
    ],
    "channel_activity": [
      49,
      1,
      1,
      0,
      0,
      2,
      0,
      0,
      0,
      1,
      1,
      0,
      0,
      0,
      0,
      0,
      0,
      0,
      1,
      1,
      0,
      0
    ],
    "top_active_channels": [
      [
        0,
        49
      ],
      [
        5,
        2
      ],
      [
        1,
        1
      ],
      [
        2,
        1
      ],
      [
        9,
        1
      ]
    ],
    "total_board_activity": 57
  },
  "go_pattern_analysis": {
    "move_type": "side",
    "game_phase": "opening",
    "turn_number": 1,
    "policy_entropy": 0.12394986771100759,
    "policy_confidence": 0.9830508474576272,
    "top_policy_moves": [
      {
        "coord": "(3,2)",
        "percentage": 98.3,
        "count": 232
      },
      {
        "coord": "(3,4)",
        "percentage": 1.7,
        "count": 4
      }
    ],
    "total_policy_counts": 236
  },
  "part_comparison": {
    "uniqueness_score": 0.1875716894865036,
    "similar_positions": [
      3351,
      5466,
      4811,
      1034,
      2335
    ],
    "part_rank": 13,
    "max_other_part_activation": 0.8122849464416504,
    "activation_percentile": 99.80311979403301
  }
}