{
  "position_info": {
    "part": 5,
    "rank": 16,
    "global_position": 1071,
    "move_coordinate": "D3",
    "turn_number": 3,
    "npz_file": "1D638D50844BD930.npz",
    "board_tensor_file": "pos_1071/board.npy",
    "sgf_file": "pos_1071/game.sgf"
  },
  "nmf_analysis": {
    "activation_strength": 0.576450526714325,
    "rank_in_part": 16,
    "activation_in_other_parts": [
      0.0,
      0.07101187109947205,
      0.09496582299470901,
      0.07050680369138718,
      0.5383333563804626,
      0.576450526714325,
      0.09703784435987473,
      0.020992256700992584,
      0.04637103155255318,
      0.31954824924468994,
      0.01345549151301384,
      0.38469481468200684,
      0.33136099576950073,
      0.0,
      0.09009071439504623,
      0.006173057947307825,
      0.026290124282240868,
      0.0,
      0.2293567806482315,
      0.0,
      0.027657844126224518,
      0.0053086839616298676,
      0.0,
      0.0,
      0.2929964065551758
    ],
    "channel_activity": [
      49,
      1,
      1,
      0,
      0,
      2,
      0,
      0,
      0,
      1,
      1,
      0,
      0,
      0,
      0,
      0,
      0,
      0,
      1,
      1,
      0,
      0
    ],
    "top_active_channels": [
      [
        0,
        49
      ],
      [
        5,
        2
      ],
      [
        1,
        1
      ],
      [
        2,
        1
      ],
      [
        9,
        1
      ]
    ],
    "total_board_activity": 57
  },
  "go_pattern_analysis": {
    "move_type": "side",
    "game_phase": "opening",
    "turn_number": 3,
    "policy_entropy": -0.0,
    "policy_confidence": 1.0,
    "top_policy_moves": [
      {
        "coord": "(2,3)",
        "percentage": 100.0,
        "count": 165
      }
    ],
    "total_policy_counts": 165
  },
  "part_comparison": {
    "uniqueness_score": 0.517096221446991,
    "similar_positions": [
      4832,
      5421,
      3295,
      3297,
      1316
    ],
    "part_rank": 16,
    "max_other_part_activation": 0.5383333563804626,
    "activation_percentile": 99.75768590034832
  }
}