{
  "position_info": {
    "part": 6,
    "rank": 8,
    "global_position": 2496,
    "move_coordinate": "E3",
    "turn_number": 5,
    "npz_file": "76F9EC3EB6A76AA0.npz",
    "board_tensor_file": "pos_2496/board.npy",
    "sgf_file": "pos_2496/game.sgf"
  },
  "nmf_analysis": {
    "activation_strength": 0.8075903654098511,
    "rank_in_part": 8,
    "activation_in_other_parts": [
      3086.536865234375,
      0.0,
      0.0,
      54.9174919128418,
      97.98982238769531,
      12.316837310791016,
      0.8075903654098511,
      11.383736610412598,
      0.20758846402168274,
      0.0,
      0.0,
      0.0,
      0.0,
      0.0,
      30.145719528198242,
      0.0,
      0.0,
      0.0,
      0.0,
      0.0,
      0.20746436715126038,
      0.0,
      0.10340343415737152,
      0.0,
      0.0
    ],
    "channel_activity": [
      49,
      14,
      15,
      1,
      11,
      6,
      0,
      0,
      0,
      1,
      1,
      1,
      1,
      1,
      2,
      2,
      3,
      2,
      14,
      15,
      0,
      0
    ],
    "top_active_channels": [
      [
        0,
        49
      ],
      [
        2,
        15
      ],
      [
        19,
        15
      ],
      [
        1,
        14
      ],
      [
        18,
        14
      ]
    ],
    "total_board_activity": 139
  },
  "go_pattern_analysis": {
    "move_type": "corner",
    "game_phase": "opening",
    "turn_number": 5,
    "policy_entropy": 0.6567674866498485,
    "policy_confidence": 0.8304093567251462,
    "top_policy_moves": [
      {
        "coord": "(2,4)",
        "percentage": 83.0,
        "count": 142
      },
      {
        "coord": "(2,6)",
        "percentage": 17.0,
        "count": 29
      }
    ],
    "total_policy_counts": 171
  },
  "part_comparison": {
    "uniqueness_score": 0.0002615808916743845,
    "similar_positions": [
      4952,
      4246,
      2058,
      2499,
      2498
    ],
    "part_rank": 8,
    "max_other_part_activation": 3086.536865234375,
    "activation_percentile": 99.87884295017416
  }
}