{
  "position_info": {
    "part": 17,
    "rank": 5,
    "global_position": 2496,
    "move_coordinate": "E3",
    "turn_number": 5,
    "npz_file": "76F9EC3EB6A76AA0.npz",
    "board_tensor_file": "pos_2496/board.npy",
    "sgf_file": "pos_2496/game.sgf"
  },
  "nmf_analysis": {
    "activation_strength": 0.48261353373527527,
    "rank_in_part": 5,
    "activation_in_other_parts": [
      0.11994063854217529,
      0.08393862843513489,
      0.025533709675073624,
      0.32681208848953247,
      0.06213922053575516,
      0.12227652221918106,
      0.22366030514240265,
      0.39492127299308777,
      0.15924982726573944,
      0.05079802870750427,
      0.09174074977636337,
      0.32642337679862976,
      0.0,
      0.28520554304122925,
      0.060446444898843765,
      0.0,
      0.013307307846844196,
      0.48261353373527527,
      0.19900257885456085,
      0.07943972945213318,
      0.0,
      0.265785813331604,
      0.06627223640680313,
      0.027666425332427025,
      0.16349364817142487
    ],
    "channel_activity": [
      49,
      14,
      15,
      1,
      11,
      6,
      0,
      0,
      0,
      1,
      1,
      1,
      1,
      1,
      2,
      2,
      3,
      2,
      14,
      15,
      0,
      0
    ],
    "top_active_channels": [
      [
        0,
        49
      ],
      [
        2,
        15
      ],
      [
        19,
        15
      ],
      [
        1,
        14
      ],
      [
        18,
        14
      ]
    ],
    "total_board_activity": 139
  },
  "go_pattern_analysis": {
    "move_type": "corner",
    "game_phase": "opening",
    "turn_number": 5,
    "policy_entropy": 0.6567674866498485,
    "policy_confidence": 0.8304093567251462,
    "top_policy_moves": [
      {
        "coord": "(2,4)",
        "percentage": 83.0,
        "count": 142
      },
      {
        "coord": "(2,6)",
        "percentage": 17.0,
        "count": 29
      }
    ],
    "total_policy_counts": 171
  },
  "part_comparison": {
    "uniqueness_score": 0.5499651432037354,
    "similar_positions": [
      2498,
      2499,
      1298,
      1956,
      2912
    ],
    "part_rank": 5,
    "max_other_part_activation": 0.39492127299308777,
    "activation_percentile": 99.92427684385885
  }
}