{
  "position_info": {
    "part": 23,
    "rank": 11,
    "global_position": 2496,
    "move_coordinate": "E3",
    "turn_number": 5,
    "npz_file": "76F9EC3EB6A76AA0.npz",
    "board_tensor_file": "pos_2496/board.npy",
    "sgf_file": "pos_2496/game.sgf"
  },
  "nmf_analysis": {
    "activation_strength": 0.9951263666152954,
    "rank_in_part": 11,
    "activation_in_other_parts": [
      2083.3623046875,
      141.9722900390625,
      338.5744934082031,
      73.47016143798828,
      78.345458984375,
      0.0,
      0.0,
      0.0,
      0.4605937600135803,
      0.5235481262207031,
      0.0,
      0.0,
      0.21635702252388,
      0.0,
      0.3022466003894806,
      0.9295089840888977,
      0.0,
      0.0,
      0.25900813937187195,
      0.0,
      0.4450150430202484,
      0.0,
      0.48737388849258423,
      0.9951263666152954,
      0.2346043437719345
    ],
    "channel_activity": [
      49,
      14,
      15,
      1,
      11,
      6,
      0,
      0,
      0,
      1,
      1,
      1,
      1,
      1,
      2,
      2,
      3,
      2,
      14,
      15,
      0,
      0
    ],
    "top_active_channels": [
      [
        0,
        49
      ],
      [
        2,
        15
      ],
      [
        19,
        15
      ],
      [
        1,
        14
      ],
      [
        18,
        14
      ]
    ],
    "total_board_activity": 139
  },
  "go_pattern_analysis": {
    "move_type": "corner",
    "game_phase": "opening",
    "turn_number": 5,
    "policy_entropy": 0.6567674866498485,
    "policy_confidence": 0.8304093567251462,
    "top_policy_moves": [
      {
        "coord": "(2,4)",
        "percentage": 83.0,
        "count": 142
      },
      {
        "coord": "(2,6)",
        "percentage": 17.0,
        "count": 29
      }
    ],
    "total_policy_counts": 171
  },
  "part_comparison": {
    "uniqueness_score": 0.0004774259577970952,
    "similar_positions": [
      5900,
      2498,
      431,
      3632,
      120
    ],
    "part_rank": 11,
    "max_other_part_activation": 2083.3623046875,
    "activation_percentile": 99.83340905648947
  }
}