{
  "position_info": {
    "part": 24,
    "rank": 18,
    "global_position": 2496,
    "move_coordinate": "E3",
    "turn_number": 5,
    "npz_file": "76F9EC3EB6A76AA0.npz",
    "board_tensor_file": "pos_2496/board.npy",
    "sgf_file": "pos_2496/game.sgf"
  },
  "nmf_analysis": {
    "activation_strength": 0.920274019241333,
    "rank_in_part": 18,
    "activation_in_other_parts": [
      1735.8804931640625,
      281.4515380859375,
      371.1680908203125,
      76.2278823852539,
      2.5427839756011963,
      0.0,
      0.0,
      0.13868647813796997,
      0.8289333581924438,
      0.0,
      0.011330120265483856,
      0.0,
      0.05833747982978821,
      0.0,
      0.0,
      0.16882771253585815,
      0.11017964035272598,
      0.08813349902629852,
      0.0,
      0.2042386531829834,
      0.45494386553764343,
      0.49027013778686523,
      0.7472111582756042,
      0.3612353503704071,
      0.920274019241333
    ],
    "channel_activity": [
      49,
      14,
      15,
      1,
      11,
      6,
      0,
      0,
      0,
      1,
      1,
      1,
      1,
      1,
      2,
      2,
      3,
      2,
      14,
      15,
      0,
      0
    ],
    "top_active_channels": [
      [
        0,
        49
      ],
      [
        2,
        15
      ],
      [
        19,
        15
      ],
      [
        1,
        14
      ],
      [
        18,
        14
      ]
    ],
    "total_board_activity": 139
  },
  "go_pattern_analysis": {
    "move_type": "corner",
    "game_phase": "opening",
    "turn_number": 5,
    "policy_entropy": 0.6567674866498485,
    "policy_confidence": 0.8304093567251462,
    "top_policy_moves": [
      {
        "coord": "(2,4)",
        "percentage": 83.0,
        "count": 142
      },
      {
        "coord": "(2,6)",
        "percentage": 17.0,
        "count": 29
      }
    ],
    "total_policy_counts": 171
  },
  "part_comparison": {
    "uniqueness_score": 0.0005298673640936613,
    "similar_positions": [
      4553,
      88,
      1578,
      4715,
      4714
    ],
    "part_rank": 18,
    "max_other_part_activation": 1735.8804931640625,
    "activation_percentile": 99.72739663789186
  }
}