{
  "position_info": {
    "part": 35,
    "rank": 5,
    "global_position": 1408,
    "move_coordinate": "D2",
    "turn_number": 15,
    "npz_file": "1D638D50844BD930.npz",
    "board_tensor_file": "pos_1408/board.npy",
    "sgf_file": "pos_1408/game.sgf"
  },
  "nmf_analysis": {
    "activation_strength": 0.4743867814540863,
    "rank_in_part": 5,
    "activation_in_other_parts": [
      0.0,
      0.04986783489584923,
      0.0,
      0.0,
      0.0021840864792466164,
      0.0,
      0.03306148573756218,
      0.012199941091239452,
      0.0016304568853229284,
      0.0,
      0.015969008207321167,
      0.010198991745710373,
      0.0,
      0.010580603964626789,
      0.0,
      0.011900024488568306,
      0.0036089385394006968,
      0.0005358140333555639,
      0.006286000367254019,
      0.005781034007668495,
      0.0,
      0.0,
      0.0,
      0.01586606726050377,
      0.0,
      0.0029998228419572115,
      0.0,
      0.03883419185876846,
      0.0,
      0.3748107850551605,
      0.06169856712222099,
      0.024380039423704147,
      0.17360681295394897,
      0.03406350314617157,
      0.0,
      0.4743867814540863,
      0.0,
      0.031037144362926483,
      0.4003346860408783,
      0.0,
      0.32607167959213257,
      0.02126028761267662,
      0.14928501844406128,
      0.1966555416584015,
      0.011956646107137203,
      0.0,
      0.043185193091630936,
      0.05350401997566223,
      0.2366030067205429,
      0.3647288680076599
    ],
    "channel_activity": [
      49,
      5,
      5,
      0,
      2,
      5,
      0,
      0,
      0,
      1,
      1,
      1,
      1,
      1,
      2,
      1,
      1,
      0,
      5,
      5,
      0,
      0
    ],
    "top_active_channels": [
      [
        0,
        49
      ],
      [
        1,
        5
      ],
      [
        2,
        5
      ],
      [
        5,
        5
      ],
      [
        18,
        5
      ]
    ],
    "total_board_activity": 85
  },
  "go_pattern_analysis": {
    "move_type": "side",
    "game_phase": "opening",
    "turn_number": 15,
    "policy_entropy": -0.0,
    "policy_confidence": 1.0,
    "top_policy_moves": [
      {
        "coord": "(1,3)",
        "percentage": 100.0,
        "count": 270
      }
    ],
    "total_policy_counts": 270
  },
  "part_comparison": {
    "uniqueness_score": 0.542328953742981,
    "similar_positions": [
      4516,
      582,
      2431,
      4515,
      1209
    ],
    "part_rank": 5,
    "max_other_part_activation": 0.4003346860408783,
    "activation_percentile": 99.92427684385885
  }
}