{
  "position_info": {
    "part": 5,
    "rank": 10,
    "global_position": 232,
    "move_coordinate": "C3",
    "turn_number": 16,
    "npz_file": "1906C337F5CDAFA9.npz",
    "board_tensor_file": "pos_232/board.npy",
    "sgf_file": "pos_232/game.sgf"
  },
  "nmf_analysis": {
    "activation_strength": 1.0738682746887207,
    "rank_in_part": 10,
    "activation_in_other_parts": [
      490.18438720703125,
      370.7578430175781,
      73.05944061279297,
      37.320777893066406,
      297.4469299316406,
      1.0738682746887207,
      0.0,
      0.0,
      0.11038124561309814,
      0.0,
      0.6079055666923523,
      0.0,
      0.0,
      0.0,
      0.1653614044189453,
      0.0,
      0.0,
      0.0,
      0.0,
      0.28676512837409973,
      0.0,
      0.0,
      0.0,
      0.0,
      0.04556546360254288
    ],
    "channel_activity": [
      49,
      0,
      1,
      0,
      0,
      0,
      0,
      0,
      0,
      1,
      0,
      0,
      0,
      0,
      0,
      0,
      0,
      0,
      0,
      49,
      0,
      0
    ],
    "top_active_channels": [
      [
        0,
        49
      ],
      [
        19,
        49
      ],
      [
        2,
        1
      ],
      [
        9,
        1
      ],
      [
        1,
        0
      ]
    ],
    "total_board_activity": 100
  },
  "go_pattern_analysis": {
    "move_type": "corner",
    "game_phase": "opening",
    "turn_number": 16,
    "policy_entropy": 1.8947800463092546,
    "policy_confidence": 0.42229199372056514,
    "top_policy_moves": [
      {
        "coord": "(2,2)",
        "percentage": 42.2,
        "count": 269
      },
      {
        "coord": "(4,2)",
        "percentage": 21.7,
        "count": 138
      },
      {
        "coord": "(2,3)",
        "percentage": 18.5,
        "count": 118
      },
      {
        "coord": "(4,3)",
        "percentage": 17.6,
        "count": 112
      }
    ],
    "total_policy_counts": 637
  },
  "part_comparison": {
    "uniqueness_score": 0.002185954712331295,
    "similar_positions": [
      726,
      725,
      786,
      3821,
      2582
    ],
    "part_rank": 10,
    "max_other_part_activation": 490.18438720703125,
    "activation_percentile": 99.8485536877177
  }
}