{
  "position_info": {
    "part": 5,
    "rank": 6,
    "global_position": 232,
    "move_coordinate": "C3",
    "turn_number": 16,
    "npz_file": "1906C337F5CDAFA9.npz",
    "board_tensor_file": "pos_232/board.npy",
    "sgf_file": "pos_232/game.sgf"
  },
  "nmf_analysis": {
    "activation_strength": 1.0217883586883545,
    "rank_in_part": 6,
    "activation_in_other_parts": [
      483.0650634765625,
      833.4888916015625,
      46.189178466796875,
      29.412357330322266,
      86.52212524414062,
      1.0217883586883545,
      0.0,
      0.0,
      0.0,
      0.17878571152687073,
      0.0,
      0.47682225704193115,
      0.0,
      0.0,
      0.0,
      0.0,
      0.0,
      0.0,
      0.0,
      0.1655314564704895,
      0.0,
      0.1090657189488411,
      0.0,
      0.0,
      0.2822993993759155
    ],
    "channel_activity": [
      49,
      0,
      1,
      0,
      0,
      0,
      0,
      0,
      0,
      1,
      0,
      0,
      0,
      0,
      0,
      0,
      0,
      0,
      0,
      49,
      0,
      0
    ],
    "top_active_channels": [
      [
        0,
        49
      ],
      [
        19,
        49
      ],
      [
        2,
        1
      ],
      [
        9,
        1
      ],
      [
        1,
        0
      ]
    ],
    "total_board_activity": 100
  },
  "go_pattern_analysis": {
    "move_type": "corner",
    "game_phase": "opening",
    "turn_number": 16,
    "policy_entropy": 1.8947800463092546,
    "policy_confidence": 0.42229199372056514,
    "top_policy_moves": [
      {
        "coord": "(2,2)",
        "percentage": 42.2,
        "count": 269
      },
      {
        "coord": "(4,2)",
        "percentage": 21.7,
        "count": 138
      },
      {
        "coord": "(2,3)",
        "percentage": 18.5,
        "count": 118
      },
      {
        "coord": "(4,3)",
        "percentage": 17.6,
        "count": 112
      }
    ],
    "total_policy_counts": 637
  },
  "part_comparison": {
    "uniqueness_score": 0.00122441619168967,
    "similar_positions": [
      912,
      5561,
      5780,
      2809,
      231
    ],
    "part_rank": 2,
    "max_other_part_activation": 833.4888916015625,
    "activation_percentile": 99.96971073754354
  }
}