{
  "position_info": {
    "part": 5,
    "rank": 1,
    "global_position": 1954,
    "move_coordinate": "D7",
    "turn_number": 30,
    "npz_file": "1D638D50844BD930.npz",
    "board_tensor_file": "pos_1954/board.npy",
    "sgf_file": "pos_1954/game.sgf"
  },
  "nmf_analysis": {
    "activation_strength": 0.060073334723711014,
    "rank_in_part": 1,
    "activation_in_other_parts": [
      0.1862073838710785,
      0.027659032493829727,
      0.0,
      0.02723054401576519,
      0.01627754420042038,
      0.060073334723711014,
      0.16086439788341522,
      0.01497278269380331,
      0.05728400498628616,
      0.11674708127975464,
      0.06168772280216217,
      0.030363891273736954,
      0.03898332640528679,
      0.01918797194957733,
      0.025186816230416298,
      0.05245456472039223,
      0.002097682561725378,
      0.00047068047570064664,
      0.005282585974782705,
      0.027921084314584732,
      0.04185369238257408,
      0.06305411458015442,
      0.035418551415205,
      0.0680341124534607,
      0.11126631498336792,
      0.0008118047844618559,
      0.007296362426131964,
      0.02773130312561989,
      0.33581629395484924,
      0.0,
      0.395455002784729,
      0.06669341027736664,
      0.18644915521144867,
      0.0,
      0.1052979826927185,
      0.0,
      0.12268100678920746,
      0.0,
      0.045186758041381836,
      0.0529632568359375,
      0.08844196051359177,
      0.48745083808898926,
      0.0,
      0.0,
      0.12242086976766586,
      0.03994368389248848,
      0.0,
      0.13196520507335663,
      0.15464496612548828,
      0.34534183144569397
    ],
    "channel_activity": [
      49,
      9,
      10,
      1,
      2,
      2,
      0,
      0,
      0,
      1,
      1,
      1,
      1,
      1,
      1,
      1,
      1,
      0,
      2,
      2,
      2,
      2
    ],
    "top_active_channels": [
      [
        0,
        49
      ],
      [
        2,
        10
      ],
      [
        1,
        9
      ],
      [
        4,
        2
      ],
      [
        5,
        2
      ]
    ],
    "total_board_activity": 89
  },
  "go_pattern_analysis": {
    "move_type": "side",
    "game_phase": "middle_game",
    "turn_number": 30,
    "policy_entropy": 0.4930747268414805,
    "policy_confidence": 0.9267676767676768,
    "top_policy_moves": [
      {
        "coord": "(6,3)",
        "percentage": 92.7,
        "count": 367
      },
      {
        "coord": "(4,0)",
        "percentage": 4.0,
        "count": 16
      },
      {
        "coord": "(6,2)",
        "percentage": 1.8,
        "count": 7
      },
      {
        "coord": "(5,0)",
        "percentage": 1.3,
        "count": 5
      },
      {
        "coord": "(5,4)",
        "percentage": 0.3,
        "count": 1
      }
    ],
    "total_policy_counts": 396
  },
  "part_comparison": {
    "uniqueness_score": 0.10971814393997192,
    "similar_positions": [
      2742,
      6368,
      1227,
      1973,
      4438
    ],
    "part_rank": 1,
    "max_other_part_activation": 0.48745083808898926,
    "activation_percentile": 99.98485536877178
  }
}