{
  "position_info": {
    "part": 1,
    "rank": 20,
    "global_position": 748,
    "move_coordinate": "B5",
    "turn_number": 10,
    "npz_file": "1906C337F5CDAFA9.npz",
    "board_tensor_file": "pos_748/board.npy",
    "sgf_file": "pos_748/game.sgf"
  },
  "nmf_analysis": {
    "activation_strength": 0.4830588400363922,
    "rank_in_part": 20,
    "activation_in_other_parts": [
      0.09186405688524246,
      0.4830588400363922,
      0.0,
      0.057950738817453384,
      0.25685375928878784,
      0.03249546140432358,
      0.17901603877544403,
      0.0,
      0.19758999347686768,
      0.1543966829776764,
      0.0,
      0.015749264508485794,
      0.07254879176616669,
      0.01026342622935772,
      0.1569925993680954,
      0.2484797239303589,
      0.3842073976993561,
      0.0,
      0.0,
      0.1005043163895607,
      0.09698736667633057,
      0.02646423503756523,
      0.05064953863620758,
      0.1360464245080948,
      0.4054414629936218
    ],
    "channel_activity": [
      49,
      3,
      4,
      0,
      0,
      1,
      0,
      0,
      0,
      1,
      1,
      1,
      1,
      1,
      0,
      0,
      0,
      0,
      3,
      4,
      0,
      0
    ],
    "top_active_channels": [
      [
        0,
        49
      ],
      [
        2,
        4
      ],
      [
        19,
        4
      ],
      [
        1,
        3
      ],
      [
        18,
        3
      ]
    ],
    "total_board_activity": 69
  },
  "go_pattern_analysis": {
    "move_type": "corner",
    "game_phase": "opening",
    "turn_number": 10,
    "policy_entropy": 0.11467550533614673,
    "policy_confidence": 0.9846153846153847,
    "top_policy_moves": [
      {
        "coord": "(4,1)",
        "percentage": 98.5,
        "count": 128
      },
      {
        "coord": "(1,1)",
        "percentage": 1.5,
        "count": 2
      }
    ],
    "total_policy_counts": 130
  },
  "part_comparison": {
    "uniqueness_score": 0.543678879737854,
    "similar_positions": [
      88,
      6367,
      1822,
      2979,
      1823
    ],
    "part_rank": 20,
    "max_other_part_activation": 0.4054414629936218,
    "activation_percentile": 99.69710737543541
  }
}