{
  "position_info": {
    "part": 18,
    "rank": 5,
    "global_position": 1384,
    "move_coordinate": "PASS",
    "turn_number": 1,
    "npz_file": "1D638D50844BD930.npz",
    "board_tensor_file": "pos_1384/board.npy",
    "sgf_file": "pos_1384/game.sgf"
  },
  "nmf_analysis": {
    "activation_strength": 0.9615356922149658,
    "rank_in_part": 5,
    "activation_in_other_parts": [
      3699.142333984375,
      0.0,
      205.09730529785156,
      84.49755859375,
      96.78326416015625,
      0.3204955458641052,
      0.0,
      0.4357154369354248,
      0.0,
      0.35081303119659424,
      0.0,
      0.3658616542816162,
      0.4708278477191925,
      0.0,
      0.07495951652526855,
      0.1450970470905304,
      0.0,
      0.050431594252586365,
      0.9615356922149658,
      0.0,
      0.0,
      0.006727840751409531,
      0.04458540678024292,
      0.0,
      0.0
    ],
    "channel_activity": [
      49,
      18,
      13,
      1,
      20,
      2,
      0,
      0,
      0,
      0,
      1,
      0,
      1,
      1,
      1,
      1,
      1,
      0,
      18,
      13,
      0,
      0
    ],
    "top_active_channels": [
      [
        0,
        49
      ],
      [
        4,
        20
      ],
      [
        1,
        18
      ],
      [
        18,
        18
      ],
      [
        2,
        13
      ]
    ],
    "total_board_activity": 140
  },
  "go_pattern_analysis": {
    "move_type": "pass",
    "game_phase": "opening",
    "turn_number": 1,
    "policy_entropy": -0.0,
    "policy_confidence": 1.0,
    "top_policy_moves": [
      {
        "coord": "PASS",
        "percentage": 100.0,
        "count": 404
      }
    ],
    "total_policy_counts": 404
  },
  "part_comparison": {
    "uniqueness_score": 0.00025986722903326154,
    "similar_positions": [
      1267,
      4433,
      6016,
      4584,
      6000
    ],
    "part_rank": 5,
    "max_other_part_activation": 3699.142333984375,
    "activation_percentile": 99.92427684385885
  }
}