{
  "position_info": {
    "part": 49,
    "rank": 10,
    "global_position": 1384,
    "move_coordinate": "PASS",
    "turn_number": 1,
    "npz_file": "1D638D50844BD930.npz",
    "board_tensor_file": "pos_1384/board.npy",
    "sgf_file": "pos_1384/game.sgf"
  },
  "nmf_analysis": {
    "activation_strength": 0.571902871131897,
    "rank_in_component": 10,
    "activation_in_other_components": [
      0.05166305601596832,
      0.0,
      0.0,
      0.0171027984470129,
      0.02703225612640381,
      0.0,
      0.06390578299760818,
      0.0,
      0.05210999771952629,
      0.0,
      0.02135026827454567,
      0.0,
      0.0,
      0.0,
      0.036259107291698456,
      0.0,
      0.021238405257463455,
      0.0,
      0.041698165237903595,
      0.0,
      0.04513348639011383,
      0.0,
      0.03459751978516579,
      0.07167398929595947,
      0.0,
      0.012844602577388287,
      0.006016805302351713,
      0.025752956047654152,
      0.0,
      0.10793118178844452,
      0.0,
      0.010784929618239403,
      0.0,
      0.6183316707611084,
      0.14282329380512238,
      0.23763707280158997,
      0.18479399383068085,
      0.0,
      0.046685777604579926,
      0.1833142191171646,
      0.0,
      0.24965013563632965,
      0.09721358865499496,
      0.0,
      0.0,
      0.0,
      0.02064417116343975,
      0.15085354447364807,
      0.0,
      0.571902871131897
    ],
    "channel_activity": [
      49,
      18,
      13,
      1,
      20,
      2,
      0,
      0,
      0,
      0,
      1,
      0,
      1,
      1,
      1,
      1,
      1,
      0,
      18,
      13,
      0,
      0
    ],
    "top_active_channels": [
      [
        0,
        49
      ],
      [
        4,
        20
      ],
      [
        1,
        18
      ],
      [
        18,
        18
      ],
      [
        2,
        13
      ]
    ],
    "total_board_activity": 140
  },
  "go_pattern_analysis": {
    "move_type": "pass",
    "game_phase": "opening",
    "turn_number": 1,
    "policy_entropy": -0.0,
    "policy_confidence": 1.0,
    "top_policy_moves": [
      {
        "coord": "PASS",
        "percentage": 100.0,
        "count": 404
      }
    ],
    "total_policy_counts": 404
  },
  "component_comparison": {
    "uniqueness_score": 0.48049595952033997,
    "similar_positions": [
      1950,
      4857,
      2565,
      2566,
      3711
    ],
    "component_rank": 10,
    "max_other_component_activation": 0.6183316707611084,
    "activation_percentile": 99.8485536877177
  }
}