{
  "position_info": {
    "part": 20,
    "rank": 18,
    "global_position": 318,
    "move_coordinate": "B1",
    "turn_number": 1,
    "npz_file": "1906C337F5CDAFA9.npz",
    "board_tensor_file": "pos_318/board.npy",
    "sgf_file": "pos_318/game.sgf"
  },
  "nmf_analysis": {
    "activation_strength": 0.8802405595779419,
    "rank_in_part": 18,
    "activation_in_other_parts": [
      3749.58203125,
      436.46771240234375,
      36.81583023071289,
      63.474708557128906,
      6.07241153717041,
      0.0,
      0.4411652088165283,
      0.0,
      0.0,
      0.0,
      0.0,
      0.0,
      0.43480831384658813,
      0.0,
      0.14493389427661896,
      0.0,
      0.0,
      0.0,
      0.0,
      0.0,
      0.8802405595779419,
      0.0,
      0.0,
      0.1385364830493927,
      0.0
    ],
    "channel_activity": [
      49,
      7,
      7,
      0,
      1,
      1,
      0,
      0,
      0,
      1,
      1,
      1,
      1,
      1,
      1,
      0,
      0,
      0,
      0,
      0,
      0,
      0
    ],
    "top_active_channels": [
      [
        0,
        49
      ],
      [
        1,
        7
      ],
      [
        2,
        7
      ],
      [
        4,
        1
      ],
      [
        5,
        1
      ]
    ],
    "total_board_activity": 71
  },
  "go_pattern_analysis": {
    "move_type": "corner",
    "game_phase": "opening",
    "turn_number": 1,
    "policy_entropy": -0.0,
    "policy_confidence": 1.0,
    "top_policy_moves": [
      {
        "coord": "(0,1)",
        "percentage": 100.0,
        "count": 355
      }
    ],
    "total_policy_counts": 355
  },
  "part_comparison": {
    "uniqueness_score": 0.00023470188898500055,
    "similar_positions": [
      6482,
      560,
      5115,
      3119,
      4930
    ],
    "part_rank": 18,
    "max_other_part_activation": 3749.58203125,
    "activation_percentile": 99.72739663789186
  }
}