{
  "position_info": {
    "part": 7,
    "rank": 6,
    "global_position": 5970,
    "move_coordinate": "E3",
    "turn_number": 1,
    "npz_file": "E3CD9898B9AFF870.npz",
    "board_tensor_file": "pos_5970/board.npy",
    "sgf_file": "pos_5970/game.sgf"
  },
  "nmf_analysis": {
    "activation_strength": 1.1279914379119873,
    "rank_in_part": 6,
    "activation_in_other_parts": [
      1196.9505615234375,
      138.70947265625,
      502.5709228515625,
      50.90515899658203,
      42.37531280517578,
      0.0,
      0.20207101106643677,
      1.1279914379119873,
      0.0,
      0.006129264831542969,
      0.0,
      0.19958961009979248,
      0.0,
      0.0,
      0.49151480197906494,
      0.0,
      0.0,
      0.0,
      0.0,
      0.0,
      0.265902578830719,
      0.0,
      0.09501464664936066,
      0.0,
      0.1744271069765091
    ],
    "channel_activity": [
      49,
      9,
      10,
      0,
      1,
      5,
      0,
      0,
      0,
      1,
      1,
      1,
      1,
      1,
      0,
      0,
      0,
      0,
      9,
      10,
      0,
      0
    ],
    "top_active_channels": [
      [
        0,
        49
      ],
      [
        2,
        10
      ],
      [
        19,
        10
      ],
      [
        1,
        9
      ],
      [
        18,
        9
      ]
    ],
    "total_board_activity": 98
  },
  "go_pattern_analysis": {
    "move_type": "corner",
    "game_phase": "opening",
    "turn_number": 1,
    "policy_entropy": 0.039519934969276804,
    "policy_confidence": 0.9962335216572504,
    "top_policy_moves": [
      {
        "coord": "(2,4)",
        "percentage": 99.6,
        "count": 529
      },
      {
        "coord": "(4,0)",
        "percentage": 0.2,
        "count": 1
      },
      {
        "coord": "(0,6)",
        "percentage": 0.2,
        "count": 1
      }
    ],
    "total_policy_counts": 531
  },
  "part_comparison": {
    "uniqueness_score": 0.000941500358749181,
    "similar_positions": [
      267,
      6252,
      823,
      2985,
      5972
    ],
    "part_rank": 6,
    "max_other_part_activation": 1196.9505615234375,
    "activation_percentile": 99.90913221263062
  }
}