{
  "position_info": {
    "part": 10,
    "rank": 7,
    "global_position": 403,
    "move_coordinate": "D6",
    "turn_number": 15,
    "npz_file": "1906C337F5CDAFA9.npz",
    "board_tensor_file": "pos_403/board.npy",
    "sgf_file": "pos_403/game.sgf"
  },
  "nmf_analysis": {
    "activation_strength": 0.8501914739608765,
    "rank_in_part": 7,
    "activation_in_other_parts": [
      3312.7626953125,
      205.76829528808594,
      319.3819274902344,
      0.0,
      0.0,
      0.0,
      0.0,
      0.0,
      0.0,
      0.48568031191825867,
      0.8501914739608765,
      0.0,
      0.0,
      0.5671429634094238,
      0.0,
      0.0,
      0.15526419878005981,
      0.0,
      0.0,
      0.2193855196237564,
      0.0,
      0.17135778069496155,
      0.0,
      0.0,
      0.0
    ],
    "channel_activity": [
      49,
      12,
      11,
      0,
      9,
      8,
      0,
      0,
      0,
      0,
      0,
      0,
      0,
      0,
      3,
      3,
      3,
      2,
      0,
      0,
      0,
      0
    ],
    "top_active_channels": [
      [
        0,
        49
      ],
      [
        1,
        12
      ],
      [
        2,
        11
      ],
      [
        4,
        9
      ],
      [
        5,
        8
      ]
    ],
    "total_board_activity": 100
  },
  "go_pattern_analysis": {
    "move_type": "side",
    "game_phase": "opening",
    "turn_number": 15,
    "policy_entropy": 0.9335869855323569,
    "policy_confidence": 0.6505376344086021,
    "top_policy_moves": [
      {
        "coord": "(5,3)",
        "percentage": 65.1,
        "count": 121
      },
      {
        "coord": "(6,4)",
        "percentage": 34.9,
        "count": 65
      }
    ],
    "total_policy_counts": 186
  },
  "part_comparison": {
    "uniqueness_score": 0.00025657538208179176,
    "similar_positions": [
      1384,
      3640,
      3639,
      1128,
      25
    ],
    "part_rank": 6,
    "max_other_part_activation": 3312.7626953125,
    "activation_percentile": 99.90913221263062
  }
}