{
  "position_info": {
    "part": 22,
    "rank": 2,
    "global_position": 4890,
    "move_coordinate": "F2",
    "turn_number": 1,
    "npz_file": "B330F9C802154800.npz",
    "board_tensor_file": "pos_4890/board.npy",
    "sgf_file": "pos_4890/game.sgf"
  },
  "nmf_analysis": {
    "activation_strength": 0.9961874485015869,
    "rank_in_part": 2,
    "activation_in_other_parts": [
      673.1226806640625,
      646.5488891601562,
      365.2655944824219,
      21.14667320251465,
      3.54687762260437,
      0.0,
      0.1743253767490387,
      0.23069052398204803,
      0.0,
      0.0,
      0.12159143388271332,
      0.25734943151474,
      0.0,
      0.0,
      0.4628095328807831,
      0.10563382506370544,
      0.4027082026004791,
      0.3033734858036041,
      0.0,
      0.0,
      0.0,
      0.3811681568622589,
      0.9961874485015869,
      0.14496688544750214,
      0.3537863790988922
    ],
    "channel_activity": [
      49,
      3,
      3,
      0,
      0,
      1,
      0,
      0,
      0,
      1,
      1,
      1,
      0,
      0,
      0,
      0,
      0,
      0,
      2,
      1,
      2,
      1
    ],
    "top_active_channels": [
      [
        0,
        49
      ],
      [
        1,
        3
      ],
      [
        2,
        3
      ],
      [
        18,
        2
      ],
      [
        20,
        2
      ]
    ],
    "total_board_activity": 65
  },
  "go_pattern_analysis": {
    "move_type": "corner",
    "game_phase": "opening",
    "turn_number": 1,
    "policy_entropy": 0.9522084856646497,
    "policy_confidence": 0.6279826464208242,
    "top_policy_moves": [
      {
        "coord": "(1,5)",
        "percentage": 62.8,
        "count": 579
      },
      {
        "coord": "(2,4)",
        "percentage": 37.2,
        "count": 343
      }
    ],
    "total_policy_counts": 922
  },
  "part_comparison": {
    "uniqueness_score": 0.0014777622418478131,
    "similar_positions": [
      4023,
      6484,
      584,
      3874,
      970
    ],
    "part_rank": 2,
    "max_other_part_activation": 673.1226806640625,
    "activation_percentile": 99.96971073754354
  }
}