{
  "position_info": {
    "part": 20,
    "rank": 8,
    "global_position": 4895,
    "move_coordinate": "B6",
    "turn_number": 9,
    "npz_file": "B330F9C802154800.npz",
    "board_tensor_file": "pos_4895/board.npy",
    "sgf_file": "pos_4895/game.sgf"
  },
  "nmf_analysis": {
    "activation_strength": 0.9353560209274292,
    "rank_in_part": 8,
    "activation_in_other_parts": [
      2188.025146484375,
      250.77005004882812,
      401.2777404785156,
      22.285818099975586,
      0.0,
      0.0,
      0.0,
      0.4682145118713379,
      0.3193981647491455,
      0.05391763523221016,
      0.18184702098369598,
      0.1480298489332199,
      0.0,
      0.0,
      0.0,
      0.1660010814666748,
      0.0,
      0.0,
      0.2737260162830353,
      0.0,
      0.9353560209274292,
      0.10080090165138245,
      0.7501785755157471,
      0.0,
      0.48410138487815857
    ],
    "channel_activity": [
      49,
      14,
      13,
      0,
      13,
      3,
      0,
      0,
      0,
      1,
      1,
      1,
      1,
      1,
      9,
      4,
      4,
      3,
      4,
      2,
      2,
      1
    ],
    "top_active_channels": [
      [
        0,
        49
      ],
      [
        1,
        14
      ],
      [
        2,
        13
      ],
      [
        4,
        13
      ],
      [
        14,
        9
      ]
    ],
    "total_board_activity": 126
  },
  "go_pattern_analysis": {
    "move_type": "corner",
    "game_phase": "opening",
    "turn_number": 9,
    "policy_entropy": 0.9927744539878083,
    "policy_confidence": 0.55,
    "top_policy_moves": [
      {
        "coord": "(5,1)",
        "percentage": 55.0,
        "count": 209
      },
      {
        "coord": "(6,2)",
        "percentage": 45.0,
        "count": 171
      }
    ],
    "total_policy_counts": 380
  },
  "part_comparison": {
    "uniqueness_score": 0.00042730604764074087,
    "similar_positions": [
      6482,
      560,
      5115,
      3119,
      4930
    ],
    "part_rank": 8,
    "max_other_part_activation": 2188.025146484375,
    "activation_percentile": 99.87884295017416
  }
}