{
  "position_info": {
    "part": 24,
    "rank": 11,
    "global_position": 4895,
    "move_coordinate": "B6",
    "turn_number": 9,
    "npz_file": "B330F9C802154800.npz",
    "board_tensor_file": "pos_4895/board.npy",
    "sgf_file": "pos_4895/game.sgf"
  },
  "nmf_analysis": {
    "activation_strength": 0.6604337692260742,
    "rank_in_part": 11,
    "activation_in_other_parts": [
      2420.37353515625,
      3.066105365753174,
      0.0,
      72.7224349975586,
      48.97860336303711,
      15.591605186462402,
      0.6453766822814941,
      34.02848434448242,
      0.018931668251752853,
      0.24187657237052917,
      0.0,
      0.0,
      0.0,
      0.01787540316581726,
      35.51304244995117,
      0.0,
      0.0,
      0.15105147659778595,
      0.07641403377056122,
      0.09694972634315491,
      0.027788959443569183,
      0.1791212111711502,
      0.08438015729188919,
      0.006475072354078293,
      0.6604337692260742
    ],
    "channel_activity": [
      49,
      14,
      13,
      0,
      13,
      3,
      0,
      0,
      0,
      1,
      1,
      1,
      1,
      1,
      9,
      4,
      4,
      3,
      4,
      2,
      2,
      1
    ],
    "top_active_channels": [
      [
        0,
        49
      ],
      [
        1,
        14
      ],
      [
        2,
        13
      ],
      [
        4,
        13
      ],
      [
        14,
        9
      ]
    ],
    "total_board_activity": 126
  },
  "go_pattern_analysis": {
    "move_type": "corner",
    "game_phase": "opening",
    "turn_number": 9,
    "policy_entropy": 0.9927744539878083,
    "policy_confidence": 0.55,
    "top_policy_moves": [
      {
        "coord": "(5,1)",
        "percentage": 55.0,
        "count": 209
      },
      {
        "coord": "(6,2)",
        "percentage": 45.0,
        "count": 171
      }
    ],
    "total_policy_counts": 380
  },
  "part_comparison": {
    "uniqueness_score": 0.00027278997004032135,
    "similar_positions": [
      4796,
      4794,
      1953,
      1952,
      4893
    ],
    "part_rank": 11,
    "max_other_part_activation": 2420.37353515625,
    "activation_percentile": 99.83340905648947
  }
}