{
  "position_info": {
    "part": 15,
    "rank": 7,
    "global_position": 4895,
    "move_coordinate": "B6",
    "turn_number": 9,
    "npz_file": "B330F9C802154800.npz",
    "board_tensor_file": "pos_4895/board.npy",
    "sgf_file": "pos_4895/game.sgf"
  },
  "nmf_analysis": {
    "activation_strength": 1.014865756034851,
    "rank_in_part": 7,
    "activation_in_other_parts": [
      2830.484130859375,
      60.43394088745117,
      366.9447326660156,
      8.812886238098145,
      110.22403717041016,
      0.0,
      0.0,
      0.0,
      0.0170527845621109,
      0.3328758478164673,
      0.0,
      0.0,
      0.002810932230204344,
      0.0,
      0.29625582695007324,
      1.014865756034851,
      0.13322031497955322,
      0.28481918573379517,
      0.0,
      0.524275541305542,
      0.11214706301689148,
      0.0,
      0.0,
      0.9913480877876282,
      0.16551531851291656
    ],
    "channel_activity": [
      49,
      14,
      13,
      0,
      13,
      3,
      0,
      0,
      0,
      1,
      1,
      1,
      1,
      1,
      9,
      4,
      4,
      3,
      4,
      2,
      2,
      1
    ],
    "top_active_channels": [
      [
        0,
        49
      ],
      [
        1,
        14
      ],
      [
        2,
        13
      ],
      [
        4,
        13
      ],
      [
        14,
        9
      ]
    ],
    "total_board_activity": 126
  },
  "go_pattern_analysis": {
    "move_type": "corner",
    "game_phase": "opening",
    "turn_number": 9,
    "policy_entropy": 0.9927744539878083,
    "policy_confidence": 0.55,
    "top_policy_moves": [
      {
        "coord": "(5,1)",
        "percentage": 55.0,
        "count": 209
      },
      {
        "coord": "(6,2)",
        "percentage": 45.0,
        "count": 171
      }
    ],
    "total_policy_counts": 380
  },
  "part_comparison": {
    "uniqueness_score": 0.0003584199585020542,
    "similar_positions": [
      3,
      3982,
      3983,
      1947,
      1616
    ],
    "part_rank": 7,
    "max_other_part_activation": 2830.484130859375,
    "activation_percentile": 99.89398758140238
  }
}